xFormers not available
/unav/venv/lib/python3.10/site-packages/timm/models/layers/__init__.py:48: FutureWarning: Importing from timm.models.layers is deprecated, please import via timm.layers
  warnings.warn(f"Importing from {__name__} is deprecated, please import via timm.layers", FutureWarning)
xFormers not available
/home/nattachart.tak/PhD/Trial_New_UNav/UNav/unav/core/third_party/LightGlue/lightglue/lightglue.py:15: FutureWarning: `torch.cuda.amp.custom_fwd(args...)` is deprecated. Please use `torch.amp.custom_fwd(args..., device_type='cuda')` instead.
  @torch.cuda.amp.custom_fwd(cast_inputs=torch.float32)
/home/nattachart.tak/PhD/Trial_New_UNav/UNav/unav/core/third_party/SuperPoint_SuperGlue/extractors/SuperGluePretrainedNetwork/models/superpoint.py:138: FutureWarning: You are using `torch.load` with `weights_only=False` (the current default value), which uses the default pickle module implicitly. It is possible to construct malicious pickle data which will execute arbitrary code during unpickling (See https://github.com/pytorch/pytorch/blob/main/SECURITY.md#untrusted-models for more details). In a future release, the default value for `weights_only` will be flipped to `True`. This limits the functions that could be executed during unpickling. Arbitrary objects will no longer be allowed to be loaded via this mode unless they are explicitly allowlisted by the user via `torch.serialization.add_safe_globals`. We recommend you start setting `weights_only=True` for any use case where you don't have full control of the loaded file. Please open an issue on GitHub for any issues related to this experimental feature.
  self.load_state_dict(torch.load(str(path)))
Using cache found in /home/nattachart.tak/.cache/torch/hub/facebookresearch_dinov2_main
/home/nattachart.tak/.cache/torch/hub/facebookresearch_dinov2_main/dinov2/layers/swiglu_ffn.py:51: UserWarning: xFormers is not available (SwiGLU)
  warnings.warn("xFormers is not available (SwiGLU)")
/home/nattachart.tak/.cache/torch/hub/facebookresearch_dinov2_main/dinov2/layers/attention.py:33: UserWarning: xFormers is not available (Attention)
  warnings.warn("xFormers is not available (Attention)")
/home/nattachart.tak/.cache/torch/hub/facebookresearch_dinov2_main/dinov2/layers/block.py:40: UserWarning: xFormers is not available (Block)
  warnings.warn("xFormers is not available (Block)")
INFO:dinov2:using SwiGLU layer as FFN
/home/nattachart.tak/PhD/Trial_New_UNav/UNav/unav/core/third_party/AnyLoc/feature_extract.py:40: FutureWarning: You are using `torch.load` with `weights_only=False` (the current default value), which uses the default pickle module implicitly. It is possible to construct malicious pickle data which will execute arbitrary code during unpickling (See https://github.com/pytorch/pytorch/blob/main/SECURITY.md#untrusted-models for more details). In a future release, the default value for `weights_only` will be flipped to `True`. This limits the functions that could be executed during unpickling. Arbitrary objects will no longer be allowed to be loaded via this mode unless they are explicitly allowlisted by the user via `torch.serialization.add_safe_globals`. We recommend you start setting `weights_only=True` for any use case where you don't have full control of the loaded file. Please open an issue on GitHub for any issues related to this experimental feature.
  c_centers = torch.load(c_centers_file)
/home/nattachart.tak/PhD/Trial_New_UNav/UNav/unav/core/third_party/AnyLoc/utilities.py:781: FutureWarning: You are using `torch.load` with `weights_only=False` (the current default value), which uses the default pickle module implicitly. It is possible to construct malicious pickle data which will execute arbitrary code during unpickling (See https://github.com/pytorch/pytorch/blob/main/SECURITY.md#untrusted-models for more details). In a future release, the default value for `weights_only` will be flipped to `True`. This limits the functions that could be executed during unpickling. Arbitrary objects will no longer be allowed to be loaded via this mode unless they are explicitly allowlisted by the user via `torch.serialization.add_safe_globals`. We recommend you start setting `weights_only=True` for any use case where you don't have full control of the loaded file. Please open an issue on GitHub for any issues related to this experimental feature.
  self.c_centers = torch.load(
/unav/venv/lib/python3.10/site-packages/torch/nested/__init__.py:107: UserWarning: The PyTorch API of nested tensors is in prototype stage and will change in the near future. (Triggered internally at ../aten/src/ATen/NestedTensorImpl.cpp:178.)
  return torch._nested_tensor_from_tensor_list(ts, dtype, None, device, None)
Seed set to: 42 (type: <class 'int'>)
[INFO] Initializing models: Local -> superpoint+lightglue | Global -> AnyLoc
Loaded SuperPoint model
AnyLoc extractor ignores pipeline option (=False) because ckpt_path is None
Warning: Cache directory already exists: /home/nattachart.tak/Data/experiments/Mapping/data/unav2-data/parameters/AnyLoc/demo/cache/vocabulary/dinov2_vitg14/l31_value_c32/indoor
Using cached cluster centers
Desc dim set to 1536
[✓] Loaded COLMAP model for ('Mahidol_University', 'ICT', '1.1_AnyLoc'): 6030 frames
[✓] Loaded global features for ('Mahidol_University', 'ICT', '1.1_AnyLoc'): 6030 images
[✓] Loaded transform matrix for ('Mahidol_University', 'ICT', '1.1_AnyLoc'): shape=(2, 4)
[INFO] All map and feature loading complete.
Best map key: ('Mahidol_University', 'ICT', '1.1_AnyLoc')
Number of candidates after local matching: 50
PnP pairs 2D shape: (7098, 2) 3D shape: (7098, 3)
Multiframe time (ms): 625
Floorplan Pose (x, y, angle): {'xy': array([2019.48918043, 1249.09629535]), 'ang': 21.64097882583232}
Best map key: None
Number of candidates after local matching: 0
PnP pairs 2D shape: (0, 2) 3D shape: (0, 3)
Multiframe time (ms): 0
Not enough 2D-3D correspondences for pose estimation.
Best map key: ('Mahidol_University', 'ICT', '1.1_AnyLoc')
Number of candidates after local matching: 41
PnP pairs 2D shape: (4518, 2) 3D shape: (4518, 3)
Multiframe time (ms): 485
Floorplan Pose (x, y, angle): {'xy': array([1905.3288555 , 1339.83658476]), 'ang': 190.85033970209824}
Best map key: ('Mahidol_University', 'ICT', '1.1_AnyLoc')
Number of candidates after local matching: 50
PnP pairs 2D shape: (7203, 2) 3D shape: (7203, 3)
Multiframe time (ms): 364
Floorplan Pose (x, y, angle): {'xy': array([2077.36400943, 1026.55174672]), 'ang': 22.538867053677958}
Best map key: ('Mahidol_University', 'ICT', '1.1_AnyLoc')
Number of candidates after local matching: 50
PnP pairs 2D shape: (9925, 2) 3D shape: (9925, 3)
Multiframe time (ms): 775
Floorplan Pose (x, y, angle): {'xy': array([2496.74962416, 1803.51353047]), 'ang': 140.35649371866904}
Best map key: ('Mahidol_University', 'ICT', '1.1_AnyLoc')
Number of candidates after local matching: 49
PnP pairs 2D shape: (7246, 2) 3D shape: (7246, 3)
Multiframe time (ms): 576
Floorplan Pose (x, y, angle): {'xy': array([1647.96944268, 1864.83294773]), 'ang': 153.24158626634437}
Best map key: ('Mahidol_University', 'ICT', '1.1_AnyLoc')
Number of candidates after local matching: 49
PnP pairs 2D shape: (6960, 2) 3D shape: (6960, 3)
Multiframe time (ms): 468
Floorplan Pose (x, y, angle): {'xy': array([1199.00762453, 1343.47444172]), 'ang': 49.39656670627445}
Best map key: ('Mahidol_University', 'ICT', '1.1_AnyLoc')
Number of candidates after local matching: 50
PnP pairs 2D shape: (9803, 2) 3D shape: (9803, 3)
Multiframe time (ms): 779
Floorplan Pose (x, y, angle): {'xy': array([2029.15015276, 1181.70873113]), 'ang': 90.81091301858828}
Best map key: ('Mahidol_University', 'ICT', '1.1_AnyLoc')
Number of candidates after local matching: 45
PnP pairs 2D shape: (3324, 2) 3D shape: (3324, 3)
Multiframe time (ms): 145
Floorplan Pose (x, y, angle): {'xy': array([1132.0740374 , 1354.13637179]), 'ang': 105.48526047301333}
Best map key: ('Mahidol_University', 'ICT', '1.1_AnyLoc')
Number of candidates after local matching: 50
PnP pairs 2D shape: (4955, 2) 3D shape: (4955, 3)
Multiframe time (ms): 311
Floorplan Pose (x, y, angle): {'xy': array([2082.65060825,  689.2116247 ]), 'ang': 165.12717150681726}
Best map key: ('Mahidol_University', 'ICT', '1.1_AnyLoc')
Number of candidates after local matching: 38
PnP pairs 2D shape: (4197, 2) 3D shape: (4197, 3)
Multiframe time (ms): 271
Floorplan Pose (x, y, angle): {'xy': array([1227.10969529, 1342.37333523]), 'ang': 109.50269970268855}
Best map key: ('Mahidol_University', 'ICT', '1.1_AnyLoc')
Number of candidates after local matching: 46
PnP pairs 2D shape: (4060, 2) 3D shape: (4060, 3)
Multiframe time (ms): 319
Floorplan Pose (x, y, angle): {'xy': array([1097.54231753, 1358.36180757]), 'ang': 333.400566561721}
Best map key: ('Mahidol_University', 'ICT', '1.1_AnyLoc')
Number of candidates after local matching: 43
PnP pairs 2D shape: (5031, 2) 3D shape: (5031, 3)
Multiframe time (ms): 374
Floorplan Pose (x, y, angle): {'xy': array([2053.53455573,  639.78869826]), 'ang': 192.29721212340795}
Best map key: ('Mahidol_University', 'ICT', '1.1_AnyLoc')
Number of candidates after local matching: 50
PnP pairs 2D shape: (10607, 2) 3D shape: (10607, 3)
Multiframe time (ms): 1036
Floorplan Pose (x, y, angle): {'xy': array([1328.90872969, 1412.54731954]), 'ang': 15.847827859879228}
Best map key: ('Mahidol_University', 'ICT', '1.1_AnyLoc')
Number of candidates after local matching: 50
PnP pairs 2D shape: (6719, 2) 3D shape: (6719, 3)
Multiframe time (ms): 543
Floorplan Pose (x, y, angle): {'xy': array([ 772.65726786, 1280.28197563]), 'ang': 291.03236726589967}
Best map key: ('Mahidol_University', 'ICT', '1.1_AnyLoc')
Number of candidates after local matching: 47
PnP pairs 2D shape: (7136, 2) 3D shape: (7136, 3)
Multiframe time (ms): 430
Floorplan Pose (x, y, angle): {'xy': array([1821.61362974, 1332.91116775]), 'ang': 130.91096081765068}
Best map key: ('Mahidol_University', 'ICT', '1.1_AnyLoc')
Number of candidates after local matching: 9
PnP pairs 2D shape: (811, 2) 3D shape: (811, 3)
Multiframe time (ms): 64
Floorplan Pose (x, y, angle): {'xy': array([1901.90912812, 1335.04964746]), 'ang': 288.0591464012584}
Best map key: ('Mahidol_University', 'ICT', '1.1_AnyLoc')
Number of candidates after local matching: 39
PnP pairs 2D shape: (4078, 2) 3D shape: (4078, 3)
Multiframe time (ms): 225
Floorplan Pose (x, y, angle): {'xy': array([1331.58873592, 1385.58162904]), 'ang': 130.65488130090378}
Best map key: ('Mahidol_University', 'ICT', '1.1_AnyLoc')
Number of candidates after local matching: 50
PnP pairs 2D shape: (9859, 2) 3D shape: (9859, 3)
Multiframe time (ms): 655
Floorplan Pose (x, y, angle): {'xy': array([2013.38993459,  953.72477069]), 'ang': 43.63467963987017}
Best map key: ('Mahidol_University', 'ICT', '1.1_AnyLoc')
Number of candidates after local matching: 50
PnP pairs 2D shape: (12286, 2) 3D shape: (12286, 3)
Multiframe time (ms): 1032
Floorplan Pose (x, y, angle): {'xy': array([1814.8179552 , 1754.29587592]), 'ang': 242.1364034771571}
Best map key: ('Mahidol_University', 'ICT', '1.1_AnyLoc')
Number of candidates after local matching: 50
PnP pairs 2D shape: (6246, 2) 3D shape: (6246, 3)
Multiframe time (ms): 387
Floorplan Pose (x, y, angle): {'xy': array([2140.3844935 , 1701.25350298]), 'ang': 86.72600444117164}
Best map key: ('Mahidol_University', 'ICT', '1.1_AnyLoc')
Number of candidates after local matching: 50
PnP pairs 2D shape: (12819, 2) 3D shape: (12819, 3)
Multiframe time (ms): 939
Floorplan Pose (x, y, angle): {'xy': array([1815.00760914, 1760.09327957]), 'ang': 171.90975669865782}
Best map key: ('Mahidol_University', 'ICT', '1.1_AnyLoc')
Number of candidates after local matching: 50
PnP pairs 2D shape: (11409, 2) 3D shape: (11409, 3)
Multiframe time (ms): 829
Floorplan Pose (x, y, angle): {'xy': array([2232.50054481, 1692.29469735]), 'ang': 215.2819918857108}
Best map key: ('Mahidol_University', 'ICT', '1.1_AnyLoc')
Number of candidates after local matching: 50
PnP pairs 2D shape: (7692, 2) 3D shape: (7692, 3)
Multiframe time (ms): 384
Floorplan Pose (x, y, angle): {'xy': array([2080.32431129, 1050.06655123]), 'ang': 2.0357346591953425}
Best map key: ('Mahidol_University', 'ICT', '1.1_AnyLoc')
Number of candidates after local matching: 50
PnP pairs 2D shape: (11595, 2) 3D shape: (11595, 3)
Multiframe time (ms): 973
Floorplan Pose (x, y, angle): {'xy': array([2310.63762784, 1704.97453847]), 'ang': 336.73397541885265}
Best map key: ('Mahidol_University', 'ICT', '1.1_AnyLoc')
Number of candidates after local matching: 50
PnP pairs 2D shape: (7098, 2) 3D shape: (7098, 3)
Multiframe time (ms): 544
Floorplan Pose (x, y, angle): {'xy': array([1057.57410658, 1354.73769339]), 'ang': 105.80811831158128}
Best map key: ('Mahidol_University', 'ICT', '1.1_AnyLoc')
Number of candidates after local matching: 50
PnP pairs 2D shape: (4998, 2) 3D shape: (4998, 3)
Multiframe time (ms): 306
Floorplan Pose (x, y, angle): {'xy': array([2066.65443014,  692.20441316]), 'ang': 137.15460485161142}
Best map key: None
Number of candidates after local matching: 0
PnP pairs 2D shape: (0, 2) 3D shape: (0, 3)
Multiframe time (ms): 0
Not enough 2D-3D correspondences for pose estimation.
Best map key: ('Mahidol_University', 'ICT', '1.1_AnyLoc')
Number of candidates after local matching: 41
PnP pairs 2D shape: (3050, 2) 3D shape: (3050, 3)
Multiframe time (ms): 204
Floorplan Pose (x, y, angle): {'xy': array([2091.07242245,  734.91163253]), 'ang': 23.881472794028323}
Best map key: ('Mahidol_University', 'ICT', '1.1_AnyLoc')
Number of candidates after local matching: 50
PnP pairs 2D shape: (6608, 2) 3D shape: (6608, 3)
Multiframe time (ms): 467
Floorplan Pose (x, y, angle): {'xy': array([2095.04384283, 1298.03666015]), 'ang': 282.32048695414966}
Best map key: ('Mahidol_University', 'ICT', '1.1_AnyLoc')
Number of candidates after local matching: 50
PnP pairs 2D shape: (9852, 2) 3D shape: (9852, 3)
Multiframe time (ms): 707
Floorplan Pose (x, y, angle): {'xy': array([2101.42009697, 1246.55768929]), 'ang': 122.26437209115767}
Best map key: ('Mahidol_University', 'ICT', '1.1_AnyLoc')
Number of candidates after local matching: 31
PnP pairs 2D shape: (2675, 2) 3D shape: (2675, 3)
Multiframe time (ms): 164
Floorplan Pose (x, y, angle): {'xy': array([1902.83949675, 1335.86469665]), 'ang': 212.46313378850738}
Best map key: ('Mahidol_University', 'ICT', '1.1_AnyLoc')
Number of candidates after local matching: 50
PnP pairs 2D shape: (9775, 2) 3D shape: (9775, 3)
Multiframe time (ms): 699
Floorplan Pose (x, y, angle): {'xy': array([1959.60097916, 1334.74638108]), 'ang': 333.72766622092246}
Best map key: ('Mahidol_University', 'ICT', '1.1_AnyLoc')
Number of candidates after local matching: 28
PnP pairs 2D shape: (1811, 2) 3D shape: (1811, 3)
Multiframe time (ms): 280
Floorplan Pose (x, y, angle): {'xy': array([ 781.79901773, 1242.44902768]), 'ang': 116.95987731217241}
Best map key: ('Mahidol_University', 'ICT', '1.1_AnyLoc')
Number of candidates after local matching: 50
PnP pairs 2D shape: (16738, 2) 3D shape: (16738, 3)
Multiframe time (ms): 1460
Floorplan Pose (x, y, angle): {'xy': array([1487.39138836, 1794.66036549]), 'ang': 348.9024986247632}
Best map key: ('Mahidol_University', 'ICT', '1.1_AnyLoc')
Number of candidates after local matching: 50
PnP pairs 2D shape: (8285, 2) 3D shape: (8285, 3)
Multiframe time (ms): 669
Floorplan Pose (x, y, angle): {'xy': array([1698.03884189, 1335.2281045 ]), 'ang': 68.00606980995661}
Best map key: ('Mahidol_University', 'ICT', '1.1_AnyLoc')
Number of candidates after local matching: 49
PnP pairs 2D shape: (5690, 2) 3D shape: (5690, 3)
Multiframe time (ms): 480
Floorplan Pose (x, y, angle): {'xy': array([2630.55749659, 1681.11090883]), 'ang': 61.709222549721595}
Best map key: ('Mahidol_University', 'ICT', '1.1_AnyLoc')
Number of candidates after local matching: 50
PnP pairs 2D shape: (9931, 2) 3D shape: (9931, 3)
Multiframe time (ms): 606
Floorplan Pose (x, y, angle): {'xy': array([1966.4910657 , 1710.70422374]), 'ang': 246.4469972796369}
Best map key: ('Mahidol_University', 'ICT', '1.1_AnyLoc')
Number of candidates after local matching: 50
PnP pairs 2D shape: (9689, 2) 3D shape: (9689, 3)
Multiframe time (ms): 740
Floorplan Pose (x, y, angle): {'xy': array([2361.00153809, 1689.22229456]), 'ang': 317.13941375133606}
Best map key: ('Mahidol_University', 'ICT', '1.1_AnyLoc')
Number of candidates after local matching: 41
PnP pairs 2D shape: (5534, 2) 3D shape: (5534, 3)
Multiframe time (ms): 583
Floorplan Pose (x, y, angle): {'xy': array([ 856.76129057, 1356.4209057 ]), 'ang': 6.438777342222998}
Best map key: ('Mahidol_University', 'ICT', '1.1_AnyLoc')
Number of candidates after local matching: 50
PnP pairs 2D shape: (4714, 2) 3D shape: (4714, 3)
Multiframe time (ms): 327
Floorplan Pose (x, y, angle): {'xy': array([2037.21792453,  708.95975563]), 'ang': 141.01484847129325}
Best map key: ('Mahidol_University', 'ICT', '1.1_AnyLoc')
Number of candidates after local matching: 49
PnP pairs 2D shape: (4703, 2) 3D shape: (4703, 3)
Multiframe time (ms): 306
Floorplan Pose (x, y, angle): {'xy': array([2081.78593833,  688.9846462 ]), 'ang': 46.56966082710065}
Best map key: ('Mahidol_University', 'ICT', '1.1_AnyLoc')
Number of candidates after local matching: 50
PnP pairs 2D shape: (8713, 2) 3D shape: (8713, 3)
Multiframe time (ms): 686
Floorplan Pose (x, y, angle): {'xy': array([2193.10604037, 1479.47180697]), 'ang': 328.67254617149536}
Best map key: ('Mahidol_University', 'ICT', '1.1_AnyLoc')
Number of candidates after local matching: 40
PnP pairs 2D shape: (5016, 2) 3D shape: (5016, 3)
Multiframe time (ms): 461
Floorplan Pose (x, y, angle): {'xy': array([1698.53387911, 1335.49434937]), 'ang': 353.52990546094657}
Best map key: ('Mahidol_University', 'ICT', '1.1_AnyLoc')
Number of candidates after local matching: 39
PnP pairs 2D shape: (3127, 2) 3D shape: (3127, 3)
Multiframe time (ms): 256
Floorplan Pose (x, y, angle): {'xy': array([ 802.92461807, 1163.31307211]), 'ang': 196.20728459369073}
Best map key: ('Mahidol_University', 'ICT', '1.1_AnyLoc')
Number of candidates after local matching: 49
PnP pairs 2D shape: (5202, 2) 3D shape: (5202, 3)
Multiframe time (ms): 354
Floorplan Pose (x, y, angle): {'xy': array([1776.0140675, 1336.8879867]), 'ang': 173.05415434409105}
Best map key: ('Mahidol_University', 'ICT', '1.1_AnyLoc')
Number of candidates after local matching: 50
PnP pairs 2D shape: (5692, 2) 3D shape: (5692, 3)
Multiframe time (ms): 743
Floorplan Pose (x, y, angle): {'xy': array([2073.63175121,  831.35467574]), 'ang': 226.53794430773655}
Best map key: ('Mahidol_University', 'ICT', '1.1_AnyLoc')
Number of candidates after local matching: 46
PnP pairs 2D shape: (6232, 2) 3D shape: (6232, 3)
Multiframe time (ms): 414
Floorplan Pose (x, y, angle): {'xy': array([1622.57284425, 1336.7554372 ]), 'ang': 11.212133719924656}
Best map key: ('Mahidol_University', 'ICT', '1.1_AnyLoc')
Number of candidates after local matching: 50
PnP pairs 2D shape: (12993, 2) 3D shape: (12993, 3)
Multiframe time (ms): 1231
Floorplan Pose (x, y, angle): {'xy': array([2114.02534907, 1384.00439859]), 'ang': 69.37334304382279}
Best map key: None
Number of candidates after local matching: 0
PnP pairs 2D shape: (0, 2) 3D shape: (0, 3)
Multiframe time (ms): 0
Not enough 2D-3D correspondences for pose estimation.
Best map key: ('Mahidol_University', 'ICT', '1.1_AnyLoc')
Number of candidates after local matching: 41
PnP pairs 2D shape: (5120, 2) 3D shape: (5120, 3)
Multiframe time (ms): 486
Floorplan Pose (x, y, angle): {'xy': array([ 984.11724826, 1353.61546663]), 'ang': 5.478446131586214}
Best map key: ('Mahidol_University', 'ICT', '1.1_AnyLoc')
Number of candidates after local matching: 48
PnP pairs 2D shape: (5147, 2) 3D shape: (5147, 3)
Multiframe time (ms): 404
Floorplan Pose (x, y, angle): {'xy': array([1815.61623597, 1332.46416058]), 'ang': 176.50201354104217}
Best map key: ('Mahidol_University', 'ICT', '1.1_AnyLoc')
Number of candidates after local matching: 50
PnP pairs 2D shape: (16680, 2) 3D shape: (16680, 3)
Multiframe time (ms): 1099
Floorplan Pose (x, y, angle): {'xy': array([1482.95128126, 1556.56610467]), 'ang': 55.11210456350629}
Best map key: ('Mahidol_University', 'ICT', '1.1_AnyLoc')
Number of candidates after local matching: 31
PnP pairs 2D shape: (3219, 2) 3D shape: (3219, 3)
Multiframe time (ms): 242
Floorplan Pose (x, y, angle): {'xy': array([2632.29601025, 1806.85178482]), 'ang': 358.2276041014038}
Best map key: ('Mahidol_University', 'ICT', '1.1_AnyLoc')
Number of candidates after local matching: 50
PnP pairs 2D shape: (12505, 2) 3D shape: (12505, 3)
Multiframe time (ms): 992
Floorplan Pose (x, y, angle): {'xy': array([2230.99292031, 1577.66358134]), 'ang': 169.8850716438557}
Best map key: ('Mahidol_University', 'ICT', '1.1_AnyLoc')
Number of candidates after local matching: 50
PnP pairs 2D shape: (7798, 2) 3D shape: (7798, 3)
Multiframe time (ms): 441
Floorplan Pose (x, y, angle): {'xy': array([2017.15190864, 1133.65421867]), 'ang': 358.2689560614739}
Best map key: ('Mahidol_University', 'ICT', '1.1_AnyLoc')
Number of candidates after local matching: 50
PnP pairs 2D shape: (8827, 2) 3D shape: (8827, 3)
Multiframe time (ms): 889
Floorplan Pose (x, y, angle): {'xy': array([2256.63932345, 1600.64902752]), 'ang': 144.45982444343045}
Best map key: ('Mahidol_University', 'ICT', '1.1_AnyLoc')
Number of candidates after local matching: 49
PnP pairs 2D shape: (5063, 2) 3D shape: (5063, 3)
Multiframe time (ms): 351
Floorplan Pose (x, y, angle): {'xy': array([ 780.66473653, 1221.91109889]), 'ang': 271.62938991739765}
Best map key: ('Mahidol_University', 'ICT', '1.1_AnyLoc')
Number of candidates after local matching: 48
PnP pairs 2D shape: (6045, 2) 3D shape: (6045, 3)
Multiframe time (ms): 323
Floorplan Pose (x, y, angle): {'xy': array([2023.14620908, 1319.63446486]), 'ang': 194.0414392675528}
Best map key: ('Mahidol_University', 'ICT', '1.1_AnyLoc')
Number of candidates after local matching: 50
PnP pairs 2D shape: (9645, 2) 3D shape: (9645, 3)
Multiframe time (ms): 737
Floorplan Pose (x, y, angle): {'xy': array([2079.27085377, 1174.10593132]), 'ang': 84.48084007270401}
Best map key: ('Mahidol_University', 'ICT', '1.1_AnyLoc')
Number of candidates after local matching: 50
PnP pairs 2D shape: (6564, 2) 3D shape: (6564, 3)
Multiframe time (ms): 570
Floorplan Pose (x, y, angle): {'xy': array([2080.58910586, 1170.63217085]), 'ang': 163.6819481169446}
Best map key: ('Mahidol_University', 'ICT', '1.1_AnyLoc')
Number of candidates after local matching: 47
PnP pairs 2D shape: (4358, 2) 3D shape: (4358, 3)
Multiframe time (ms): 292
Floorplan Pose (x, y, angle): {'xy': array([ 925.83965894, 1354.48596682]), 'ang': 186.54291383213433}
Best map key: ('Mahidol_University', 'ICT', '1.1_AnyLoc')
Number of candidates after local matching: 50
PnP pairs 2D shape: (4807, 2) 3D shape: (4807, 3)
Multiframe time (ms): 328
Floorplan Pose (x, y, angle): {'xy': array([2083.96071591,  690.29446619]), 'ang': 203.33743662251402}
Best map key: ('Mahidol_University', 'ICT', '1.1_AnyLoc')
Number of candidates after local matching: 50
PnP pairs 2D shape: (6168, 2) 3D shape: (6168, 3)
Multiframe time (ms): 449
Floorplan Pose (x, y, angle): {'xy': array([1057.90442859, 1355.75345845]), 'ang': 62.19098436148398}
Best map key: ('Mahidol_University', 'ICT', '1.1_AnyLoc')
Number of candidates after local matching: 50
PnP pairs 2D shape: (14215, 2) 3D shape: (14215, 3)
Multiframe time (ms): 987
Floorplan Pose (x, y, angle): {'xy': array([2122.58041439, 1433.87551849]), 'ang': 43.461973988471456}
Best map key: ('Mahidol_University', 'ICT', '1.1_AnyLoc')
Number of candidates after local matching: 50
PnP pairs 2D shape: (7908, 2) 3D shape: (7908, 3)
Multiframe time (ms): 586
Floorplan Pose (x, y, angle): {'xy': array([1977.0059323 , 1332.44312064]), 'ang': 286.14730453250274}
Best map key: ('Mahidol_University', 'ICT', '1.1_AnyLoc')
Number of candidates after local matching: 50
PnP pairs 2D shape: (7928, 2) 3D shape: (7928, 3)
Multiframe time (ms): 584
Floorplan Pose (x, y, angle): {'xy': array([2106.30029551, 1380.12005678]), 'ang': 274.8055728419166}
Best map key: ('Mahidol_University', 'ICT', '1.1_AnyLoc')
Number of candidates after local matching: 11
PnP pairs 2D shape: (772, 2) 3D shape: (772, 3)
Multiframe time (ms): 48
Floorplan Pose (x, y, angle): {'xy': array([1215.75868983, 1343.44963586]), 'ang': 312.07014514843183}
Best map key: ('Mahidol_University', 'ICT', '1.1_AnyLoc')
Number of candidates after local matching: 50
PnP pairs 2D shape: (4677, 2) 3D shape: (4677, 3)
Multiframe time (ms): 315
Floorplan Pose (x, y, angle): {'xy': array([2045.47191195,  682.95431332]), 'ang': 138.65111578774145}
Best map key: ('Mahidol_University', 'ICT', '1.1_AnyLoc')
Number of candidates after local matching: 42
PnP pairs 2D shape: (3832, 2) 3D shape: (3832, 3)
Multiframe time (ms): 307
Floorplan Pose (x, y, angle): {'xy': array([2037.63205352,  657.87470188]), 'ang': 231.6231050234175}
Best map key: ('Mahidol_University', 'ICT', '1.1_AnyLoc')
Number of candidates after local matching: 47
PnP pairs 2D shape: (6328, 2) 3D shape: (6328, 3)
Multiframe time (ms): 522
Floorplan Pose (x, y, angle): {'xy': array([1796.72769147, 1333.41526043]), 'ang': 351.9811519524262}
Best map key: ('Mahidol_University', 'ICT', '1.1_AnyLoc')
Number of candidates after local matching: 50
PnP pairs 2D shape: (7593, 2) 3D shape: (7593, 3)
Multiframe time (ms): 692
Floorplan Pose (x, y, angle): {'xy': array([2634.30875212, 1800.7222544 ]), 'ang': 280.3143502109641}
Best map key: ('Mahidol_University', 'ICT', '1.1_AnyLoc')
Number of candidates after local matching: 50
PnP pairs 2D shape: (5016, 2) 3D shape: (5016, 3)
Multiframe time (ms): 334
Floorplan Pose (x, y, angle): {'xy': array([2053.43698984,  850.81896207]), 'ang': 322.29974297857325}
Best map key: ('Mahidol_University', 'ICT', '1.1_AnyLoc')
Number of candidates after local matching: 50
PnP pairs 2D shape: (7008, 2) 3D shape: (7008, 3)
Multiframe time (ms): 592
Floorplan Pose (x, y, angle): {'xy': array([2024.941391  , 1121.94163473]), 'ang': 219.17370605656222}
Best map key: ('Mahidol_University', 'ICT', '1.1_AnyLoc')
Number of candidates after local matching: 50
PnP pairs 2D shape: (12853, 2) 3D shape: (12853, 3)
Multiframe time (ms): 1248
Floorplan Pose (x, y, angle): {'xy': array([1783.60291512, 1858.95571106]), 'ang': 195.01236915258906}
Best map key: ('Mahidol_University', 'ICT', '1.1_AnyLoc')
Number of candidates after local matching: 50
PnP pairs 2D shape: (9755, 2) 3D shape: (9755, 3)
Multiframe time (ms): 827
Floorplan Pose (x, y, angle): {'xy': array([2106.11061055, 1696.56104538]), 'ang': 26.6741228424658}
Best map key: ('Mahidol_University', 'ICT', '1.1_AnyLoc')
Number of candidates after local matching: 50
PnP pairs 2D shape: (6962, 2) 3D shape: (6962, 3)
Multiframe time (ms): 471
Floorplan Pose (x, y, angle): {'xy': array([2227.02213161, 1681.50139343]), 'ang': 119.22334053371836}
Best map key: ('Mahidol_University', 'ICT', '1.1_AnyLoc')
Number of candidates after local matching: 49
PnP pairs 2D shape: (5239, 2) 3D shape: (5239, 3)
Multiframe time (ms): 355
Floorplan Pose (x, y, angle): {'xy': array([1503.58003161, 1763.03296546]), 'ang': 121.9039598930693}
Best map key: ('Mahidol_University', 'ICT', '1.1_AnyLoc')
Number of candidates after local matching: 2
PnP pairs 2D shape: (135, 2) 3D shape: (135, 3)
Multiframe time (ms): 13
Floorplan Pose (x, y, angle): {'xy': array([1613.61188437, 1332.32536206]), 'ang': 311.5505866803966}
Best map key: ('Mahidol_University', 'ICT', '1.1_AnyLoc')
Number of candidates after local matching: 50
PnP pairs 2D shape: (10442, 2) 3D shape: (10442, 3)
Multiframe time (ms): 849
Floorplan Pose (x, y, angle): {'xy': array([1996.89937137, 1706.37484302]), 'ang': 126.62838316576655}
Best map key: ('Mahidol_University', 'ICT', '1.1_AnyLoc')
Number of candidates after local matching: 43
PnP pairs 2D shape: (4794, 2) 3D shape: (4794, 3)
Multiframe time (ms): 626
Floorplan Pose (x, y, angle): {'xy': array([ 844.12552692, 1351.1807225 ]), 'ang': 206.7061681537971}
Best map key: ('Mahidol_University', 'ICT', '1.1_AnyLoc')
Number of candidates after local matching: 50
PnP pairs 2D shape: (5987, 2) 3D shape: (5987, 3)
Multiframe time (ms): 461
Floorplan Pose (x, y, angle): {'xy': array([2050.28688112,  645.37142172]), 'ang': 172.15623076454733}
Best map key: ('Mahidol_University', 'ICT', '1.1_AnyLoc')
Number of candidates after local matching: 50
PnP pairs 2D shape: (13378, 2) 3D shape: (13378, 3)
Multiframe time (ms): 1099
Floorplan Pose (x, y, angle): {'xy': array([2109.48850631, 1700.2550946 ]), 'ang': 354.3390775456581}
Best map key: ('Mahidol_University', 'ICT', '1.1_AnyLoc')
Number of candidates after local matching: 50
PnP pairs 2D shape: (12363, 2) 3D shape: (12363, 3)
Multiframe time (ms): 925
Floorplan Pose (x, y, angle): {'xy': array([2187.99260183, 1481.50957094]), 'ang': 194.0385568617588}
Best map key: ('Mahidol_University', 'ICT', '1.1_AnyLoc')
Number of candidates after local matching: 46
PnP pairs 2D shape: (4764, 2) 3D shape: (4764, 3)
Multiframe time (ms): 390
Floorplan Pose (x, y, angle): {'xy': array([1722.18873453, 1332.03049453]), 'ang': 183.09754921929115}
Best map key: ('Mahidol_University', 'ICT', '1.1_AnyLoc')
Number of candidates after local matching: 50
PnP pairs 2D shape: (4910, 2) 3D shape: (4910, 3)
Multiframe time (ms): 495
Floorplan Pose (x, y, angle): {'xy': array([2046.91756682,  781.77581131]), 'ang': 234.70914713372392}
Best map key: ('Mahidol_University', 'ICT', '1.1_AnyLoc')
Number of candidates after local matching: 45
PnP pairs 2D shape: (4095, 2) 3D shape: (4095, 3)
Multiframe time (ms): 274
Floorplan Pose (x, y, angle): {'xy': array([ 816.45235175, 1175.98633368]), 'ang': 201.20381627924138}
Best map key: ('Mahidol_University', 'ICT', '1.1_AnyLoc')
Number of candidates after local matching: 50
PnP pairs 2D shape: (6305, 2) 3D shape: (6305, 3)
Multiframe time (ms): 400
Floorplan Pose (x, y, angle): {'xy': array([2036.84219975,  993.25680491]), 'ang': 274.5110132937621}
Best map key: ('Mahidol_University', 'ICT', '1.1_AnyLoc')
Number of candidates after local matching: 49
PnP pairs 2D shape: (4884, 2) 3D shape: (4884, 3)
Multiframe time (ms): 353
Floorplan Pose (x, y, angle): {'xy': array([1499.95412148, 1792.54560641]), 'ang': 122.05784582327041}
Best map key: ('Mahidol_University', 'ICT', '1.1_AnyLoc')
Number of candidates after local matching: 50
PnP pairs 2D shape: (8184, 2) 3D shape: (8184, 3)
Multiframe time (ms): 453
Floorplan Pose (x, y, angle): {'xy': array([2040.50033472,  904.80293015]), 'ang': 18.267882169366445}
Best map key: ('Mahidol_University', 'ICT', '1.1_AnyLoc')
Number of candidates after local matching: 50
PnP pairs 2D shape: (9259, 2) 3D shape: (9259, 3)
Multiframe time (ms): 654
Floorplan Pose (x, y, angle): {'xy': array([2079.31436998, 1151.24256678]), 'ang': 83.48918419649658}
Best map key: ('Mahidol_University', 'ICT', '1.1_AnyLoc')
Number of candidates after local matching: 50
PnP pairs 2D shape: (5605, 2) 3D shape: (5605, 3)
Multiframe time (ms): 282
Floorplan Pose (x, y, angle): {'xy': array([1797.56448328, 1332.19167314]), 'ang': 110.13860803009896}
Best map key: ('Mahidol_University', 'ICT', '1.1_AnyLoc')
Number of candidates after local matching: 1
PnP pairs 2D shape: (77, 2) 3D shape: (77, 3)
Multiframe time (ms): 17
Floorplan Pose (x, y, angle): {'xy': array([1104.41290282, 1342.47409409]), 'ang': 237.78845297842366}
Best map key: ('Mahidol_University', 'ICT', '1.1_AnyLoc')
Number of candidates after local matching: 47
PnP pairs 2D shape: (5096, 2) 3D shape: (5096, 3)
Multiframe time (ms): 540
Floorplan Pose (x, y, angle): {'xy': array([2067.69736412,  682.65292785]), 'ang': 305.59694702003236}
Best map key: ('Mahidol_University', 'ICT', '1.1_AnyLoc')
Number of candidates after local matching: 50
PnP pairs 2D shape: (9172, 2) 3D shape: (9172, 3)
Multiframe time (ms): 696
Floorplan Pose (x, y, angle): {'xy': array([2030.25373298, 1102.73240186]), 'ang': 93.898462757392}
Best map key: ('Mahidol_University', 'ICT', '1.1_AnyLoc')
Number of candidates after local matching: 50
PnP pairs 2D shape: (13602, 2) 3D shape: (13602, 3)
Multiframe time (ms): 1663
Floorplan Pose (x, y, angle): {'xy': array([2169.03440016, 1457.60630225]), 'ang': 110.52350273367722}
Best map key: ('Mahidol_University', 'ICT', '1.1_AnyLoc')
Number of candidates after local matching: 50
PnP pairs 2D shape: (8163, 2) 3D shape: (8163, 3)
Multiframe time (ms): 792
Floorplan Pose (x, y, angle): {'xy': array([1942.38348747, 1708.728614  ]), 'ang': 109.35069735169175}
Best map key: ('Mahidol_University', 'ICT', '1.1_AnyLoc')
Number of candidates after local matching: 44
PnP pairs 2D shape: (3273, 2) 3D shape: (3273, 3)
Multiframe time (ms): 207
Floorplan Pose (x, y, angle): {'xy': array([ 833.63258343, 1346.8577307 ]), 'ang': 342.59372763012556}
Best map key: ('Mahidol_University', 'ICT', '1.1_AnyLoc')
Number of candidates after local matching: 50
PnP pairs 2D shape: (11001, 2) 3D shape: (11001, 3)
Multiframe time (ms): 697
Floorplan Pose (x, y, angle): {'xy': array([2111.75951771, 1386.14927068]), 'ang': 153.62368284477262}
Best map key: ('Mahidol_University', 'ICT', '1.1_AnyLoc')
Number of candidates after local matching: 50
PnP pairs 2D shape: (12359, 2) 3D shape: (12359, 3)
Multiframe time (ms): 1079
Floorplan Pose (x, y, angle): {'xy': array([2233.30207959, 1687.57222392]), 'ang': 196.54100647501247}
Best map key: ('Mahidol_University', 'ICT', '1.1_AnyLoc')
Number of candidates after local matching: 50
PnP pairs 2D shape: (10220, 2) 3D shape: (10220, 3)
Multiframe time (ms): 897
Floorplan Pose (x, y, angle): {'xy': array([2438.15914908, 1784.66014821]), 'ang': 338.9129584891334}
Best map key: None
Number of candidates after local matching: 0
PnP pairs 2D shape: (0, 2) 3D shape: (0, 3)
Multiframe time (ms): 0
Not enough 2D-3D correspondences for pose estimation.
Best map key: ('Mahidol_University', 'ICT', '1.1_AnyLoc')
Number of candidates after local matching: 48
PnP pairs 2D shape: (4012, 2) 3D shape: (4012, 3)
Multiframe time (ms): 210
Floorplan Pose (x, y, angle): {'xy': array([2008.21817726, 1106.6224876 ]), 'ang': 181.21282172750668}
Best map key: ('Mahidol_University', 'ICT', '1.1_AnyLoc')
Number of candidates after local matching: 50
PnP pairs 2D shape: (9763, 2) 3D shape: (9763, 3)
Multiframe time (ms): 797
Floorplan Pose (x, y, angle): {'xy': array([2344.97932897, 1716.00893228]), 'ang': 307.4579321669006}
Best map key: ('Mahidol_University', 'ICT', '1.1_AnyLoc')
Number of candidates after local matching: 48
PnP pairs 2D shape: (5196, 2) 3D shape: (5196, 3)
Multiframe time (ms): 429
Floorplan Pose (x, y, angle): {'xy': array([2046.26716718,  651.58014245]), 'ang': 248.85818987893236}
Best map key: ('Mahidol_University', 'ICT', '1.1_AnyLoc')
Number of candidates after local matching: 39
PnP pairs 2D shape: (3568, 2) 3D shape: (3568, 3)
Multiframe time (ms): 310
Floorplan Pose (x, y, angle): {'xy': array([2049.44851608,  639.63189665]), 'ang': 230.1520354399583}
Best map key: ('Mahidol_University', 'ICT', '1.1_AnyLoc')
Number of candidates after local matching: 17
PnP pairs 2D shape: (1226, 2) 3D shape: (1226, 3)
Multiframe time (ms): 71
Floorplan Pose (x, y, angle): {'xy': array([1239.63761231, 1351.59540342]), 'ang': 230.5155473978414}
Best map key: ('Mahidol_University', 'ICT', '1.1_AnyLoc')
Number of candidates after local matching: 44
PnP pairs 2D shape: (5171, 2) 3D shape: (5171, 3)
Multiframe time (ms): 447
Floorplan Pose (x, y, angle): {'xy': array([1569.98731769, 1339.48351961]), 'ang': 113.48949668238006}
Best map key: ('Mahidol_University', 'ICT', '1.1_AnyLoc')
Number of candidates after local matching: 50
PnP pairs 2D shape: (8474, 2) 3D shape: (8474, 3)
Multiframe time (ms): 806
Floorplan Pose (x, y, angle): {'xy': array([1721.89256538, 1329.80877128]), 'ang': 71.15079108392644}
Best map key: ('Mahidol_University', 'ICT', '1.1_AnyLoc')
Number of candidates after local matching: 50
PnP pairs 2D shape: (10145, 2) 3D shape: (10145, 3)
Multiframe time (ms): 797
Floorplan Pose (x, y, angle): {'xy': array([2008.63020831, 1310.88820132]), 'ang': 82.54827000623769}
Best map key: ('Mahidol_University', 'ICT', '1.1_AnyLoc')
Number of candidates after local matching: 50
PnP pairs 2D shape: (4837, 2) 3D shape: (4837, 3)
Multiframe time (ms): 365
Floorplan Pose (x, y, angle): {'xy': array([2085.8494418 ,  731.59135363]), 'ang': 205.66180120774217}
Best map key: ('Mahidol_University', 'ICT', '1.1_AnyLoc')
Number of candidates after local matching: 50
PnP pairs 2D shape: (6083, 2) 3D shape: (6083, 3)
Multiframe time (ms): 407
Floorplan Pose (x, y, angle): {'xy': array([2059.37229532,  781.36558528]), 'ang': 118.07871871827948}
Best map key: ('Mahidol_University', 'ICT', '1.1_AnyLoc')
Number of candidates after local matching: 49
PnP pairs 2D shape: (5526, 2) 3D shape: (5526, 3)
Multiframe time (ms): 374
Floorplan Pose (x, y, angle): {'xy': array([2069.01488818,  859.31143833]), 'ang': 241.17021676670572}
Best map key: ('Mahidol_University', 'ICT', '1.1_AnyLoc')
Number of candidates after local matching: 13
PnP pairs 2D shape: (839, 2) 3D shape: (839, 3)
Multiframe time (ms): 82
Floorplan Pose (x, y, angle): {'xy': array([ 789.95122143, 1336.87019226]), 'ang': 192.70699849796435}
Best map key: ('Mahidol_University', 'ICT', '1.1_AnyLoc')
Number of candidates after local matching: 50
PnP pairs 2D shape: (7791, 2) 3D shape: (7791, 3)
Multiframe time (ms): 564
Floorplan Pose (x, y, angle): {'xy': array([1795.25241195, 1829.79211948]), 'ang': 91.75188521934405}
Best map key: ('Mahidol_University', 'ICT', '1.1_AnyLoc')
Number of candidates after local matching: 50
PnP pairs 2D shape: (6812, 2) 3D shape: (6812, 3)
Multiframe time (ms): 641
Floorplan Pose (x, y, angle): {'xy': array([2084.05856491, 1004.87840107]), 'ang': 207.11075631463916}
Best map key: ('Mahidol_University', 'ICT', '1.1_AnyLoc')
Number of candidates after local matching: 50
PnP pairs 2D shape: (11090, 2) 3D shape: (11090, 3)
Multiframe time (ms): 760
Floorplan Pose (x, y, angle): {'xy': array([2113.00220635, 1383.69221817]), 'ang': 33.284099787099606}
Best map key: ('Mahidol_University', 'ICT', '1.1_AnyLoc')
Number of candidates after local matching: 44
PnP pairs 2D shape: (4246, 2) 3D shape: (4246, 3)
Multiframe time (ms): 393
Floorplan Pose (x, y, angle): {'xy': array([2083.96972223,  741.39796218]), 'ang': 281.49148338181334}
Best map key: ('Mahidol_University', 'ICT', '1.1_AnyLoc')
Number of candidates after local matching: 50
PnP pairs 2D shape: (10652, 2) 3D shape: (10652, 3)
Multiframe time (ms): 918
Floorplan Pose (x, y, angle): {'xy': array([2639.352073  , 1788.74006336]), 'ang': 84.36646099031897}
Best map key: ('Mahidol_University', 'ICT', '1.1_AnyLoc')
Number of candidates after local matching: 50
PnP pairs 2D shape: (6847, 2) 3D shape: (6847, 3)
Multiframe time (ms): 651
Floorplan Pose (x, y, angle): {'xy': array([2106.35202543, 1351.28236265]), 'ang': 39.41114528291152}
Best map key: ('Mahidol_University', 'ICT', '1.1_AnyLoc')
Number of candidates after local matching: 50
PnP pairs 2D shape: (9939, 2) 3D shape: (9939, 3)
Multiframe time (ms): 967
Floorplan Pose (x, y, angle): {'xy': array([2080.79731852, 1204.11910791]), 'ang': 80.95791934056162}
Best map key: ('Mahidol_University', 'ICT', '1.1_AnyLoc')
Number of candidates after local matching: 49
PnP pairs 2D shape: (8684, 2) 3D shape: (8684, 3)
Multiframe time (ms): 698
Floorplan Pose (x, y, angle): {'xy': array([1947.42652516, 1335.71506211]), 'ang': 33.082102658722455}
Best map key: ('Mahidol_University', 'ICT', '1.1_AnyLoc')
Number of candidates after local matching: 50
PnP pairs 2D shape: (8458, 2) 3D shape: (8458, 3)
Multiframe time (ms): 575
Floorplan Pose (x, y, angle): {'xy': array([2580.36378338, 1672.46720395]), 'ang': 7.699127368379829}
Best map key: ('Mahidol_University', 'ICT', '1.1_AnyLoc')
Number of candidates after local matching: 50
PnP pairs 2D shape: (15725, 2) 3D shape: (15725, 3)
Multiframe time (ms): 977
Floorplan Pose (x, y, angle): {'xy': array([1489.63463116, 1581.46512167]), 'ang': 60.030814936094195}
Best map key: ('Mahidol_University', 'ICT', '1.1_AnyLoc')
Number of candidates after local matching: 50
PnP pairs 2D shape: (5108, 2) 3D shape: (5108, 3)
Multiframe time (ms): 355
Floorplan Pose (x, y, angle): {'xy': array([2031.56480123,  805.182708  ]), 'ang': 358.3845481578587}
Best map key: ('Mahidol_University', 'ICT', '1.1_AnyLoc')
Number of candidates after local matching: 50
PnP pairs 2D shape: (17079, 2) 3D shape: (17079, 3)
Multiframe time (ms): 1687
Floorplan Pose (x, y, angle): {'xy': array([1505.11410929, 1794.40007204]), 'ang': 8.574384549213661}
Best map key: ('Mahidol_University', 'ICT', '1.1_AnyLoc')
Number of candidates after local matching: 50
PnP pairs 2D shape: (9874, 2) 3D shape: (9874, 3)
Multiframe time (ms): 1185
Floorplan Pose (x, y, angle): {'xy': array([2020.00336318,  937.14640157]), 'ang': 78.18548004976343}
Best map key: ('Mahidol_University', 'ICT', '1.1_AnyLoc')
Number of candidates after local matching: 50
PnP pairs 2D shape: (17845, 2) 3D shape: (17845, 3)
Multiframe time (ms): 1754
Floorplan Pose (x, y, angle): {'xy': array([1632.97568504, 1869.74154728]), 'ang': 334.734734782909}
Best map key: ('Mahidol_University', 'ICT', '1.1_AnyLoc')
Number of candidates after local matching: 46
PnP pairs 2D shape: (4180, 2) 3D shape: (4180, 3)
Multiframe time (ms): 342
Floorplan Pose (x, y, angle): {'xy': array([1392.01415841, 1338.51936502]), 'ang': 182.72553346821178}
Best map key: ('Mahidol_University', 'ICT', '1.1_AnyLoc')
Number of candidates after local matching: 50
PnP pairs 2D shape: (15152, 2) 3D shape: (15152, 3)
Multiframe time (ms): 1317
Floorplan Pose (x, y, angle): {'xy': array([2364.43466855, 1728.91635388]), 'ang': 206.00534232587913}
Best map key: ('Mahidol_University', 'ICT', '1.1_AnyLoc')
Number of candidates after local matching: 45
PnP pairs 2D shape: (9858, 2) 3D shape: (9858, 3)
Multiframe time (ms): 749
Floorplan Pose (x, y, angle): {'xy': array([1878.66502098, 1732.60756306]), 'ang': 309.54854853799475}
Best map key: ('Mahidol_University', 'ICT', '1.1_AnyLoc')
Number of candidates after local matching: 43
PnP pairs 2D shape: (4354, 2) 3D shape: (4354, 3)
Multiframe time (ms): 425
Floorplan Pose (x, y, angle): {'xy': array([ 901.70327028, 1354.60388169]), 'ang': 351.69628087089643}
Best map key: ('Mahidol_University', 'ICT', '1.1_AnyLoc')
Number of candidates after local matching: 49
PnP pairs 2D shape: (7209, 2) 3D shape: (7209, 3)
Multiframe time (ms): 405
Floorplan Pose (x, y, angle): {'xy': array([2092.56026892, 1312.23586034]), 'ang': 200.11744863688548}
Best map key: ('Mahidol_University', 'ICT', '1.1_AnyLoc')
Number of candidates after local matching: 42
PnP pairs 2D shape: (5050, 2) 3D shape: (5050, 3)
Multiframe time (ms): 419
Floorplan Pose (x, y, angle): {'xy': array([2073.10067983,  708.90511313]), 'ang': 302.21346111429}
Best map key: ('Mahidol_University', 'ICT', '1.1_AnyLoc')
Number of candidates after local matching: 50
PnP pairs 2D shape: (5255, 2) 3D shape: (5255, 3)
Multiframe time (ms): 400
Floorplan Pose (x, y, angle): {'xy': array([ 773.35150709, 1251.49645103]), 'ang': 300.20775047725425}
Best map key: ('Mahidol_University', 'ICT', '1.1_AnyLoc')
Number of candidates after local matching: 50
PnP pairs 2D shape: (6390, 2) 3D shape: (6390, 3)
Multiframe time (ms): 594
Floorplan Pose (x, y, angle): {'xy': array([1998.42425773, 1321.91967145]), 'ang': 253.12191554771493}
Best map key: ('Mahidol_University', 'ICT', '1.1_AnyLoc')
Number of candidates after local matching: 42
PnP pairs 2D shape: (4673, 2) 3D shape: (4673, 3)
Multiframe time (ms): 448
Floorplan Pose (x, y, angle): {'xy': array([2088.16164666,  712.88950775]), 'ang': 297.0382867202922}
Best map key: ('Mahidol_University', 'ICT', '1.1_AnyLoc')
Number of candidates after local matching: 50
PnP pairs 2D shape: (8096, 2) 3D shape: (8096, 3)
Multiframe time (ms): 788
Floorplan Pose (x, y, angle): {'xy': array([2229.64587683, 1520.96469217]), 'ang': 242.70354505367163}
Best map key: ('Mahidol_University', 'ICT', '1.1_AnyLoc')
Number of candidates after local matching: 45
PnP pairs 2D shape: (4008, 2) 3D shape: (4008, 3)
Multiframe time (ms): 266
Floorplan Pose (x, y, angle): {'xy': array([ 761.58773759, 1196.49236502]), 'ang': 249.65507328574876}
Best map key: ('Mahidol_University', 'ICT', '1.1_AnyLoc')
Number of candidates after local matching: 31
PnP pairs 2D shape: (2985, 2) 3D shape: (2985, 3)
Multiframe time (ms): 305
Floorplan Pose (x, y, angle): {'xy': array([ 787.84203942, 1176.38639259]), 'ang': 349.4867637485235}
Best map key: ('Mahidol_University', 'ICT', '1.1_AnyLoc')
Number of candidates after local matching: 27
PnP pairs 2D shape: (1881, 2) 3D shape: (1881, 3)
Multiframe time (ms): 185
Floorplan Pose (x, y, angle): {'xy': array([ 783.69869005, 1166.68047785]), 'ang': 304.1024692133455}
Best map key: ('Mahidol_University', 'ICT', '1.1_AnyLoc')
Number of candidates after local matching: 33
PnP pairs 2D shape: (2466, 2) 3D shape: (2466, 3)
Multiframe time (ms): 145
Floorplan Pose (x, y, angle): {'xy': array([ 904.45493149, 1356.09027959]), 'ang': 316.80277481256314}
Best map key: ('Mahidol_University', 'ICT', '1.1_AnyLoc')
Number of candidates after local matching: 40
PnP pairs 2D shape: (4729, 2) 3D shape: (4729, 3)
Multiframe time (ms): 288
Floorplan Pose (x, y, angle): {'xy': array([1544.5701778 , 1338.65344185]), 'ang': 112.19747446102268}
Best map key: ('Mahidol_University', 'ICT', '1.1_AnyLoc')
Number of candidates after local matching: 45
PnP pairs 2D shape: (5864, 2) 3D shape: (5864, 3)
Multiframe time (ms): 328
Floorplan Pose (x, y, angle): {'xy': array([1672.00152139, 1338.29861416]), 'ang': 149.6413380843878}
Best map key: ('Mahidol_University', 'ICT', '1.1_AnyLoc')
Number of candidates after local matching: 39
PnP pairs 2D shape: (2970, 2) 3D shape: (2970, 3)
Multiframe time (ms): 181
Floorplan Pose (x, y, angle): {'xy': array([ 772.99092215, 1249.42176327]), 'ang': 218.00254433150107}
Best map key: ('Mahidol_University', 'ICT', '1.1_AnyLoc')
Number of candidates after local matching: 42
PnP pairs 2D shape: (4277, 2) 3D shape: (4277, 3)
Multiframe time (ms): 309
Floorplan Pose (x, y, angle): {'xy': array([1153.72490165, 1341.03912964]), 'ang': 168.16601233615407}
Best map key: ('Mahidol_University', 'ICT', '1.1_AnyLoc')
Number of candidates after local matching: 44
PnP pairs 2D shape: (4374, 2) 3D shape: (4374, 3)
Multiframe time (ms): 297
Floorplan Pose (x, y, angle): {'xy': array([2073.72945659,  863.71046287]), 'ang': 303.9149116958228}
Best map key: ('Mahidol_University', 'ICT', '1.1_AnyLoc')
Number of candidates after local matching: 50
PnP pairs 2D shape: (16281, 2) 3D shape: (16281, 3)
Multiframe time (ms): 1252
Floorplan Pose (x, y, angle): {'xy': array([2472.25845991, 1685.32700433]), 'ang': 173.68330933407083}
Best map key: ('Mahidol_University', 'ICT', '1.1_AnyLoc')
Number of candidates after local matching: 3
PnP pairs 2D shape: (194, 2) 3D shape: (194, 3)
Multiframe time (ms): 20
Floorplan Pose (x, y, angle): {'xy': array([1695.7842809 , 1331.19359151]), 'ang': 309.13426962502905}
Best map key: ('Mahidol_University', 'ICT', '1.1_AnyLoc')
Number of candidates after local matching: 42
PnP pairs 2D shape: (4844, 2) 3D shape: (4844, 3)
Multiframe time (ms): 366
Floorplan Pose (x, y, angle): {'xy': array([1976.46622431, 1334.34616118]), 'ang': 182.34554150919067}
Best map key: ('Mahidol_University', 'ICT', '1.1_AnyLoc')
Number of candidates after local matching: 47
PnP pairs 2D shape: (4203, 2) 3D shape: (4203, 3)
Multiframe time (ms): 223
Floorplan Pose (x, y, angle): {'xy': array([2052.61762081,  827.14934479]), 'ang': 318.8106087064305}
Best map key: ('Mahidol_University', 'ICT', '1.1_AnyLoc')
Number of candidates after local matching: 32
PnP pairs 2D shape: (2978, 2) 3D shape: (2978, 3)
Multiframe time (ms): 209
Floorplan Pose (x, y, angle): {'xy': array([ 791.43654326, 1167.55293689]), 'ang': 22.51559253779536}
Best map key: ('Mahidol_University', 'ICT', '1.1_AnyLoc')
Number of candidates after local matching: 50
PnP pairs 2D shape: (9645, 2) 3D shape: (9645, 3)
Multiframe time (ms): 783
Floorplan Pose (x, y, angle): {'xy': array([2440.35219338, 1780.82130904]), 'ang': 257.2621501498154}
Best map key: ('Mahidol_University', 'ICT', '1.1_AnyLoc')
Number of candidates after local matching: 50
PnP pairs 2D shape: (9426, 2) 3D shape: (9426, 3)
Multiframe time (ms): 898
Floorplan Pose (x, y, angle): {'xy': array([1299.45424825, 1335.41151256]), 'ang': 63.56650728564085}
Best map key: ('Mahidol_University', 'ICT', '1.1_AnyLoc')
Number of candidates after local matching: 50
PnP pairs 2D shape: (13522, 2) 3D shape: (13522, 3)
Multiframe time (ms): 1321
Floorplan Pose (x, y, angle): {'xy': array([2140.23864255, 1471.96366761]), 'ang': 46.30390675498137}
Best map key: ('Mahidol_University', 'ICT', '1.1_AnyLoc')
Number of candidates after local matching: 50
PnP pairs 2D shape: (12364, 2) 3D shape: (12364, 3)
Multiframe time (ms): 926
Floorplan Pose (x, y, angle): {'xy': array([2104.97864195, 1399.54862042]), 'ang': 123.83310567094529}
Best map key: ('Mahidol_University', 'ICT', '1.1_AnyLoc')
Number of candidates after local matching: 50
PnP pairs 2D shape: (4810, 2) 3D shape: (4810, 3)
Multiframe time (ms): 641
Floorplan Pose (x, y, angle): {'xy': array([2028.67142256,  600.34752955]), 'ang': 243.25636685198776}
Best map key: ('Mahidol_University', 'ICT', '1.1_AnyLoc')
Number of candidates after local matching: 45
PnP pairs 2D shape: (5001, 2) 3D shape: (5001, 3)
Multiframe time (ms): 569
Floorplan Pose (x, y, angle): {'xy': array([1668.12093689, 1330.89922314]), 'ang': 180.2486634322185}
Best map key: ('Mahidol_University', 'ICT', '1.1_AnyLoc')
Number of candidates after local matching: 44
PnP pairs 2D shape: (3738, 2) 3D shape: (3738, 3)
Multiframe time (ms): 408
Floorplan Pose (x, y, angle): {'xy': array([2058.96957827,  718.32665697]), 'ang': 230.2173236367864}
Best map key: ('Mahidol_University', 'ICT', '1.1_AnyLoc')
Number of candidates after local matching: 50
PnP pairs 2D shape: (7833, 2) 3D shape: (7833, 3)
Multiframe time (ms): 672
Floorplan Pose (x, y, angle): {'xy': array([2101.95298051, 1322.78370131]), 'ang': 142.55537404415955}
Best map key: ('Mahidol_University', 'ICT', '1.1_AnyLoc')
Number of candidates after local matching: 50
PnP pairs 2D shape: (13630, 2) 3D shape: (13630, 3)
Multiframe time (ms): 1993
Floorplan Pose (x, y, angle): {'xy': array([1332.67288914, 1456.41163177]), 'ang': 61.60207258622008}
Best map key: ('Mahidol_University', 'ICT', '1.1_AnyLoc')
Number of candidates after local matching: 50
PnP pairs 2D shape: (11166, 2) 3D shape: (11166, 3)
Multiframe time (ms): 940
Floorplan Pose (x, y, angle): {'xy': array([1850.49505669, 1728.49525084]), 'ang': 44.96423217226418}
Best map key: ('Mahidol_University', 'ICT', '1.1_AnyLoc')
Number of candidates after local matching: 42
PnP pairs 2D shape: (3338, 2) 3D shape: (3338, 3)
Multiframe time (ms): 214
Floorplan Pose (x, y, angle): {'xy': array([ 798.83086733, 1193.88263108]), 'ang': 193.88552191582218}
Best map key: ('Mahidol_University', 'ICT', '1.1_AnyLoc')
Number of candidates after local matching: 48
PnP pairs 2D shape: (4642, 2) 3D shape: (4642, 3)
Multiframe time (ms): 397
Floorplan Pose (x, y, angle): {'xy': array([1873.6850441 , 1332.15201472]), 'ang': 190.57851152786014}
Best map key: ('Mahidol_University', 'ICT', '1.1_AnyLoc')
Number of candidates after local matching: 50
PnP pairs 2D shape: (7711, 2) 3D shape: (7711, 3)
Multiframe time (ms): 463
Floorplan Pose (x, y, angle): {'xy': array([2181.14279758, 1532.63708775]), 'ang': 256.68105263801}
Best map key: ('Mahidol_University', 'ICT', '1.1_AnyLoc')
Number of candidates after local matching: 50
PnP pairs 2D shape: (6348, 2) 3D shape: (6348, 3)
Multiframe time (ms): 524
Floorplan Pose (x, y, angle): {'xy': array([2013.8869644 , 1051.88114245]), 'ang': 236.23995943057957}
Best map key: ('Mahidol_University', 'ICT', '1.1_AnyLoc')
Number of candidates after local matching: 41
PnP pairs 2D shape: (3627, 2) 3D shape: (3627, 3)
Multiframe time (ms): 568
Floorplan Pose (x, y, angle): {'xy': array([ 807.30933101, 1350.33353938]), 'ang': 343.04386654257405}
Best map key: ('Mahidol_University', 'ICT', '1.1_AnyLoc')
Number of candidates after local matching: 50
PnP pairs 2D shape: (5652, 2) 3D shape: (5652, 3)
Multiframe time (ms): 344
Floorplan Pose (x, y, angle): {'xy': array([2026.9885623 ,  908.14450729]), 'ang': 140.34965995666894}
Best map key: ('Mahidol_University', 'ICT', '1.1_AnyLoc')
Number of candidates after local matching: 43
PnP pairs 2D shape: (3992, 2) 3D shape: (3992, 3)
Multiframe time (ms): 357
Floorplan Pose (x, y, angle): {'xy': array([2031.42051216,  745.53674444]), 'ang': 240.96898694154464}
Best map key: ('Mahidol_University', 'ICT', '1.1_AnyLoc')
Number of candidates after local matching: 50
PnP pairs 2D shape: (8009, 2) 3D shape: (8009, 3)
Multiframe time (ms): 893
Floorplan Pose (x, y, angle): {'xy': array([2050.11954692,  894.40788515]), 'ang': 107.07694308587678}
Best map key: ('Mahidol_University', 'ICT', '1.1_AnyLoc')
Number of candidates after local matching: 50
PnP pairs 2D shape: (5053, 2) 3D shape: (5053, 3)
Multiframe time (ms): 496
Floorplan Pose (x, y, angle): {'xy': array([2022.07573049,  903.23445341]), 'ang': 237.56194669169173}
Best map key: ('Mahidol_University', 'ICT', '1.1_AnyLoc')
Number of candidates after local matching: 8
PnP pairs 2D shape: (496, 2) 3D shape: (496, 3)
Multiframe time (ms): 54
Floorplan Pose (x, y, angle): {'xy': array([ 771.75572722, 1314.53832155]), 'ang': 122.2801366700639}
Best map key: ('Mahidol_University', 'ICT', '1.1_AnyLoc')
Number of candidates after local matching: 49
PnP pairs 2D shape: (7397, 2) 3D shape: (7397, 3)
Multiframe time (ms): 461
Floorplan Pose (x, y, angle): {'xy': array([2101.85430982, 1348.37500025]), 'ang': 219.85303440181053}
Best map key: ('Mahidol_University', 'ICT', '1.1_AnyLoc')
Number of candidates after local matching: 50
PnP pairs 2D shape: (7978, 2) 3D shape: (7978, 3)
Multiframe time (ms): 513
Floorplan Pose (x, y, angle): {'xy': array([2036.76212819, 1128.52379536]), 'ang': 318.04683790600404}
Best map key: ('Mahidol_University', 'ICT', '1.1_AnyLoc')
Number of candidates after local matching: 50
PnP pairs 2D shape: (9224, 2) 3D shape: (9224, 3)
Multiframe time (ms): 1102
Floorplan Pose (x, y, angle): {'xy': array([1976.31430249, 1338.92129147]), 'ang': 62.87111553774867}
Best map key: ('Mahidol_University', 'ICT', '1.1_AnyLoc')
Number of candidates after local matching: 50
PnP pairs 2D shape: (8287, 2) 3D shape: (8287, 3)
Multiframe time (ms): 413
Floorplan Pose (x, y, angle): {'xy': array([2015.76179211, 1031.316123  ]), 'ang': 317.45129455693154}
Best map key: ('Mahidol_University', 'ICT', '1.1_AnyLoc')
Number of candidates after local matching: 50
PnP pairs 2D shape: (9772, 2) 3D shape: (9772, 3)
Multiframe time (ms): 1219
Floorplan Pose (x, y, angle): {'xy': array([2142.51831879, 1441.60650188]), 'ang': 6.323745088941771}
Best map key: ('Mahidol_University', 'ICT', '1.1_AnyLoc')
Number of candidates after local matching: 40
PnP pairs 2D shape: (4127, 2) 3D shape: (4127, 3)
Multiframe time (ms): 239
Floorplan Pose (x, y, angle): {'xy': array([1057.64730631, 1354.35149234]), 'ang': 230.11166410311964}
Best map key: ('Mahidol_University', 'ICT', '1.1_AnyLoc')
Number of candidates after local matching: 49
PnP pairs 2D shape: (6533, 2) 3D shape: (6533, 3)
Multiframe time (ms): 631
Floorplan Pose (x, y, angle): {'xy': array([1521.51682937, 1854.18267306]), 'ang': 229.0110702523573}
Best map key: ('Mahidol_University', 'ICT', '1.1_AnyLoc')
Number of candidates after local matching: 50
PnP pairs 2D shape: (12930, 2) 3D shape: (12930, 3)
Multiframe time (ms): 1844
Floorplan Pose (x, y, angle): {'xy': array([1497.14204857, 1717.87990422]), 'ang': 320.86724791643684}
Best map key: ('Mahidol_University', 'ICT', '1.1_AnyLoc')
Number of candidates after local matching: 25
PnP pairs 2D shape: (2001, 2) 3D shape: (2001, 3)
Multiframe time (ms): 205
Floorplan Pose (x, y, angle): {'xy': array([1343.46531873, 1483.15910768]), 'ang': 167.3759505588047}
Best map key: ('Mahidol_University', 'ICT', '1.1_AnyLoc')
Number of candidates after local matching: 50
PnP pairs 2D shape: (9498, 2) 3D shape: (9498, 3)
Multiframe time (ms): 1001
Floorplan Pose (x, y, angle): {'xy': array([2232.43389489, 1625.22751709]), 'ang': 61.66562483856242}
Best map key: ('Mahidol_University', 'ICT', '1.1_AnyLoc')
Number of candidates after local matching: 50
PnP pairs 2D shape: (8032, 2) 3D shape: (8032, 3)
Multiframe time (ms): 806
Floorplan Pose (x, y, angle): {'xy': array([2030.20115363,  779.08004727]), 'ang': 60.09889492096933}
Best map key: ('Mahidol_University', 'ICT', '1.1_AnyLoc')
Number of candidates after local matching: 48
PnP pairs 2D shape: (4616, 2) 3D shape: (4616, 3)
Multiframe time (ms): 433
Floorplan Pose (x, y, angle): {'xy': array([2043.88278971,  625.19446573]), 'ang': 65.3505363757373}
Best map key: ('Mahidol_University', 'ICT', '1.1_AnyLoc')
Number of candidates after local matching: 48
PnP pairs 2D shape: (4551, 2) 3D shape: (4551, 3)
Multiframe time (ms): 258
Floorplan Pose (x, y, angle): {'xy': array([2070.81307968,  683.85173136]), 'ang': 36.788834778219716}
Best map key: ('Mahidol_University', 'ICT', '1.1_AnyLoc')
Number of candidates after local matching: 50
PnP pairs 2D shape: (6806, 2) 3D shape: (6806, 3)
Multiframe time (ms): 482
Floorplan Pose (x, y, angle): {'xy': array([2111.23289423, 1695.90831778]), 'ang': 112.24497681475462}
Best map key: ('Mahidol_University', 'ICT', '1.1_AnyLoc')
Number of candidates after local matching: 46
PnP pairs 2D shape: (4961, 2) 3D shape: (4961, 3)
Multiframe time (ms): 416
Floorplan Pose (x, y, angle): {'xy': array([1553.33882272, 1333.85710047]), 'ang': 173.13230133886057}
Best map key: ('Mahidol_University', 'ICT', '1.1_AnyLoc')
Number of candidates after local matching: 50
PnP pairs 2D shape: (7821, 2) 3D shape: (7821, 3)
Multiframe time (ms): 526
Floorplan Pose (x, y, angle): {'xy': array([2233.45581719, 1602.59165745]), 'ang': 283.3726571103811}
Best map key: ('Mahidol_University', 'ICT', '1.1_AnyLoc')
Number of candidates after local matching: 50
PnP pairs 2D shape: (6794, 2) 3D shape: (6794, 3)
Multiframe time (ms): 693
Floorplan Pose (x, y, angle): {'xy': array([2096.2531334 , 1336.68177753]), 'ang': 159.43576697393277}
Best map key: ('Mahidol_University', 'ICT', '1.1_AnyLoc')
Number of candidates after local matching: 50
PnP pairs 2D shape: (5971, 2) 3D shape: (5971, 3)
Multiframe time (ms): 450
Floorplan Pose (x, y, angle): {'xy': array([1499.80248682, 1745.18637842]), 'ang': 243.65544713327228}
Best map key: ('Mahidol_University', 'ICT', '1.1_AnyLoc')
Number of candidates after local matching: 50
PnP pairs 2D shape: (6805, 2) 3D shape: (6805, 3)
Multiframe time (ms): 583
Floorplan Pose (x, y, angle): {'xy': array([2080.33049335, 1105.42018773]), 'ang': 246.72641941185282}
Best map key: ('Mahidol_University', 'ICT', '1.1_AnyLoc')
Number of candidates after local matching: 50
PnP pairs 2D shape: (7973, 2) 3D shape: (7973, 3)
Multiframe time (ms): 855
Floorplan Pose (x, y, angle): {'xy': array([1994.99275956, 1329.75483   ]), 'ang': 157.02904225636772}
Best map key: ('Mahidol_University', 'ICT', '1.1_AnyLoc')
Number of candidates after local matching: 50
PnP pairs 2D shape: (9832, 2) 3D shape: (9832, 3)
Multiframe time (ms): 805
Floorplan Pose (x, y, angle): {'xy': array([2443.20787832, 1686.75588871]), 'ang': 30.124790107270282}
Best map key: ('Mahidol_University', 'ICT', '1.1_AnyLoc')
Number of candidates after local matching: 50
PnP pairs 2D shape: (12881, 2) 3D shape: (12881, 3)
Multiframe time (ms): 1213
Floorplan Pose (x, y, angle): {'xy': array([2108.53881696, 1374.9489967 ]), 'ang': 95.67090317075446}
Best map key: ('Mahidol_University', 'ICT', '1.1_AnyLoc')
Number of candidates after local matching: 45
PnP pairs 2D shape: (3992, 2) 3D shape: (3992, 3)
Multiframe time (ms): 255
Floorplan Pose (x, y, angle): {'xy': array([2043.51427522,  779.74698257]), 'ang': 263.5607110497273}
Best map key: ('Mahidol_University', 'ICT', '1.1_AnyLoc')
Number of candidates after local matching: 50
PnP pairs 2D shape: (10303, 2) 3D shape: (10303, 3)
Multiframe time (ms): 1207
Floorplan Pose (x, y, angle): {'xy': array([2116.87047202, 1435.6039489 ]), 'ang': 187.6689439841348}
Best map key: ('Mahidol_University', 'ICT', '1.1_AnyLoc')
Number of candidates after local matching: 42
PnP pairs 2D shape: (4075, 2) 3D shape: (4075, 3)
Multiframe time (ms): 325
Floorplan Pose (x, y, angle): {'xy': array([2075.0343796 ,  742.32568402]), 'ang': 257.2412024420375}
Best map key: ('Mahidol_University', 'ICT', '1.1_AnyLoc')
Number of candidates after local matching: 50
PnP pairs 2D shape: (8562, 2) 3D shape: (8562, 3)
Multiframe time (ms): 557
Floorplan Pose (x, y, angle): {'xy': array([2025.08831971,  904.03493793]), 'ang': 99.79613465712481}
Best map key: ('Mahidol_University', 'ICT', '1.1_AnyLoc')
Number of candidates after local matching: 45
PnP pairs 2D shape: (4208, 2) 3D shape: (4208, 3)
Multiframe time (ms): 279
Floorplan Pose (x, y, angle): {'xy': array([2057.59506771,  631.07421451]), 'ang': 128.97095445595713}
Best map key: ('Mahidol_University', 'ICT', '1.1_AnyLoc')
Number of candidates after local matching: 49
PnP pairs 2D shape: (9466, 2) 3D shape: (9466, 3)
Multiframe time (ms): 634
Floorplan Pose (x, y, angle): {'xy': array([2639.46120231, 1774.88010892]), 'ang': 263.31552483133464}
Best map key: ('Mahidol_University', 'ICT', '1.1_AnyLoc')
Number of candidates after local matching: 8
PnP pairs 2D shape: (536, 2) 3D shape: (536, 3)
Multiframe time (ms): 52
Floorplan Pose (x, y, angle): {'xy': array([ 867.4307671 , 1346.99393008]), 'ang': 132.16326344134174}
Best map key: ('Mahidol_University', 'ICT', '1.1_AnyLoc')
Number of candidates after local matching: 32
PnP pairs 2D shape: (2464, 2) 3D shape: (2464, 3)
Multiframe time (ms): 170
Floorplan Pose (x, y, angle): {'xy': array([2079.1273863 ,  787.98584835]), 'ang': 326.84335500210585}
Best map key: ('Mahidol_University', 'ICT', '1.1_AnyLoc')
Number of candidates after local matching: 50
PnP pairs 2D shape: (8089, 2) 3D shape: (8089, 3)
Multiframe time (ms): 747
Floorplan Pose (x, y, angle): {'xy': array([2125.35954869, 1438.9824936 ]), 'ang': 278.08374602681886}
Best map key: ('Mahidol_University', 'ICT', '1.1_AnyLoc')
Number of candidates after local matching: 37
PnP pairs 2D shape: (2895, 2) 3D shape: (2895, 3)
Multiframe time (ms): 216
Floorplan Pose (x, y, angle): {'xy': array([ 810.88276922, 1272.24974554]), 'ang': 111.52231321347648}
Best map key: ('Mahidol_University', 'ICT', '1.1_AnyLoc')
Number of candidates after local matching: 40
PnP pairs 2D shape: (4094, 2) 3D shape: (4094, 3)
Multiframe time (ms): 222
Floorplan Pose (x, y, angle): {'xy': array([2052.48562673,  612.46708293]), 'ang': 18.86907074626768}
Best map key: ('Mahidol_University', 'ICT', '1.1_AnyLoc')
Number of candidates after local matching: 50
PnP pairs 2D shape: (8574, 2) 3D shape: (8574, 3)
Multiframe time (ms): 867
Floorplan Pose (x, y, angle): {'xy': array([1950.29350989, 1341.4097416 ]), 'ang': 132.96421207724634}
Best map key: ('Mahidol_University', 'ICT', '1.1_AnyLoc')
Number of candidates after local matching: 31
PnP pairs 2D shape: (2881, 2) 3D shape: (2881, 3)
Multiframe time (ms): 193
Floorplan Pose (x, y, angle): {'xy': array([1330.19648507, 1384.99414054]), 'ang': 212.7984128793069}
Best map key: ('Mahidol_University', 'ICT', '1.1_AnyLoc')
Number of candidates after local matching: 49
PnP pairs 2D shape: (5725, 2) 3D shape: (5725, 3)
Multiframe time (ms): 461
Floorplan Pose (x, y, angle): {'xy': array([2011.44625517, 1031.85639744]), 'ang': 235.49225278192688}
Best map key: ('Mahidol_University', 'ICT', '1.1_AnyLoc')
Number of candidates after local matching: 49
PnP pairs 2D shape: (7479, 2) 3D shape: (7479, 3)
Multiframe time (ms): 590
Floorplan Pose (x, y, angle): {'xy': array([1487.76983259, 1576.97231164]), 'ang': 239.9296050283519}
Best map key: ('Mahidol_University', 'ICT', '1.1_AnyLoc')
Number of candidates after local matching: 49
PnP pairs 2D shape: (4871, 2) 3D shape: (4871, 3)
Multiframe time (ms): 342
Floorplan Pose (x, y, angle): {'xy': array([1499.67516411, 1634.14064855]), 'ang': 140.11299688853168}
Best map key: ('Mahidol_University', 'ICT', '1.1_AnyLoc')
Number of candidates after local matching: 50
PnP pairs 2D shape: (8024, 2) 3D shape: (8024, 3)
Multiframe time (ms): 654
Floorplan Pose (x, y, angle): {'xy': array([2584.40611527, 1679.40625688]), 'ang': 30.759472126295922}
Best map key: ('Mahidol_University', 'ICT', '1.1_AnyLoc')
Number of candidates after local matching: 50
PnP pairs 2D shape: (10276, 2) 3D shape: (10276, 3)
Multiframe time (ms): 1155
Floorplan Pose (x, y, angle): {'xy': array([2253.18805113, 1665.62367349]), 'ang': 314.8930629401599}
Best map key: ('Mahidol_University', 'ICT', '1.1_AnyLoc')
Number of candidates after local matching: 1
PnP pairs 2D shape: (56, 2) 3D shape: (56, 3)
Multiframe time (ms): 12
Floorplan Pose (x, y, angle): {'xy': array([ 763.71566236, 1197.51427864]), 'ang': 188.8806652254096}
Best map key: ('Mahidol_University', 'ICT', '1.1_AnyLoc')
Number of candidates after local matching: 47
PnP pairs 2D shape: (5303, 2) 3D shape: (5303, 3)
Multiframe time (ms): 541
Floorplan Pose (x, y, angle): {'xy': array([1108.10525666, 1355.20247575]), 'ang': 3.7185650778909185}
Best map key: ('Mahidol_University', 'ICT', '1.1_AnyLoc')
Number of candidates after local matching: 50
PnP pairs 2D shape: (7278, 2) 3D shape: (7278, 3)
Multiframe time (ms): 585
Floorplan Pose (x, y, angle): {'xy': array([1651.62627818, 1860.27737842]), 'ang': 134.8667863546551}
Best map key: ('Mahidol_University', 'ICT', '1.1_AnyLoc')
Number of candidates after local matching: 40
PnP pairs 2D shape: (3687, 2) 3D shape: (3687, 3)
Multiframe time (ms): 249
Floorplan Pose (x, y, angle): {'xy': array([ 814.32986688, 1203.06913531]), 'ang': 276.3499482489436}
Best map key: ('Mahidol_University', 'ICT', '1.1_AnyLoc')
Number of candidates after local matching: 50
PnP pairs 2D shape: (9010, 2) 3D shape: (9010, 3)
Multiframe time (ms): 583
Floorplan Pose (x, y, angle): {'xy': array([2076.45682138,  819.4306319 ]), 'ang': 63.57705026112797}
Best map key: ('Mahidol_University', 'ICT', '1.1_AnyLoc')
Number of candidates after local matching: 50
PnP pairs 2D shape: (14672, 2) 3D shape: (14672, 3)
Multiframe time (ms): 1605
Floorplan Pose (x, y, angle): {'xy': array([2373.92777526, 1734.17015642]), 'ang': 220.78861950129004}
Best map key: ('Mahidol_University', 'ICT', '1.1_AnyLoc')
Number of candidates after local matching: 50
PnP pairs 2D shape: (5686, 2) 3D shape: (5686, 3)
Multiframe time (ms): 402
Floorplan Pose (x, y, angle): {'xy': array([2008.95020832, 1208.3430267 ]), 'ang': 200.95846867810909}
Best map key: ('Mahidol_University', 'ICT', '1.1_AnyLoc')
Number of candidates after local matching: 50
PnP pairs 2D shape: (7825, 2) 3D shape: (7825, 3)
Multiframe time (ms): 391
Floorplan Pose (x, y, angle): {'xy': array([2078.69568471, 1099.74637329]), 'ang': 302.93403141947044}
Best map key: ('Mahidol_University', 'ICT', '1.1_AnyLoc')
Number of candidates after local matching: 50
PnP pairs 2D shape: (9994, 2) 3D shape: (9994, 3)
Multiframe time (ms): 695
Floorplan Pose (x, y, angle): {'xy': array([2236.89467322, 1655.52926704]), 'ang': 329.4022391641231}
Best map key: ('Mahidol_University', 'ICT', '1.1_AnyLoc')
Number of candidates after local matching: 42
PnP pairs 2D shape: (3829, 2) 3D shape: (3829, 3)
Multiframe time (ms): 373
Floorplan Pose (x, y, angle): {'xy': array([2038.84178184,  715.0677961 ]), 'ang': 242.90524219261903}
Best map key: ('Mahidol_University', 'ICT', '1.1_AnyLoc')
Number of candidates after local matching: 32
PnP pairs 2D shape: (2840, 2) 3D shape: (2840, 3)
Multiframe time (ms): 292
Floorplan Pose (x, y, angle): {'xy': array([ 784.38196812, 1168.07195487]), 'ang': 67.61401469847512}
Best map key: ('Mahidol_University', 'ICT', '1.1_AnyLoc')
Number of candidates after local matching: 50
PnP pairs 2D shape: (14285, 2) 3D shape: (14285, 3)
Multiframe time (ms): 1401
Floorplan Pose (x, y, angle): {'xy': array([2608.24344915, 1680.43350338]), 'ang': 201.29110656287534}
Best map key: ('Mahidol_University', 'ICT', '1.1_AnyLoc')
Number of candidates after local matching: 31
PnP pairs 2D shape: (2532, 2) 3D shape: (2532, 3)
Multiframe time (ms): 131
Floorplan Pose (x, y, angle): {'xy': array([ 957.47035333, 1355.44417711]), 'ang': 311.9872488286034}
Best map key: ('Mahidol_University', 'ICT', '1.1_AnyLoc')
Number of candidates after local matching: 35
PnP pairs 2D shape: (2848, 2) 3D shape: (2848, 3)
Multiframe time (ms): 179
Floorplan Pose (x, y, angle): {'xy': array([1596.04680157, 1339.361943  ]), 'ang': 209.6969461433319}
Best map key: ('Mahidol_University', 'ICT', '1.1_AnyLoc')
Number of candidates after local matching: 50
PnP pairs 2D shape: (8592, 2) 3D shape: (8592, 3)
Multiframe time (ms): 457
Floorplan Pose (x, y, angle): {'xy': array([2641.77864322, 1701.45779666]), 'ang': 292.43170534517105}
Best map key: ('Mahidol_University', 'ICT', '1.1_AnyLoc')
Number of candidates after local matching: 50
PnP pairs 2D shape: (8002, 2) 3D shape: (8002, 3)
Multiframe time (ms): 506
Floorplan Pose (x, y, angle): {'xy': array([2643.13955163, 1719.31296939]), 'ang': 260.2295413263721}
Best map key: ('Mahidol_University', 'ICT', '1.1_AnyLoc')
Number of candidates after local matching: 50
PnP pairs 2D shape: (7679, 2) 3D shape: (7679, 3)
Multiframe time (ms): 494
Floorplan Pose (x, y, angle): {'xy': array([2081.29258158, 1231.08249831]), 'ang': 279.5859286493331}
Best map key: ('Mahidol_University', 'ICT', '1.1_AnyLoc')
Number of candidates after local matching: 50
PnP pairs 2D shape: (8170, 2) 3D shape: (8170, 3)
Multiframe time (ms): 704
Floorplan Pose (x, y, angle): {'xy': array([2127.1301718 , 1435.98321796]), 'ang': 225.7274634765813}
Best map key: ('Mahidol_University', 'ICT', '1.1_AnyLoc')
Number of candidates after local matching: 50
PnP pairs 2D shape: (10309, 2) 3D shape: (10309, 3)
Multiframe time (ms): 705
Floorplan Pose (x, y, angle): {'xy': array([1644.10693255, 1859.89403046]), 'ang': 227.75934302983526}
Best map key: ('Mahidol_University', 'ICT', '1.1_AnyLoc')
Number of candidates after local matching: 50
PnP pairs 2D shape: (9230, 2) 3D shape: (9230, 3)
Multiframe time (ms): 799
Floorplan Pose (x, y, angle): {'xy': array([2041.43372426,  961.1137962 ]), 'ang': 70.89315072717856}
Best map key: ('Mahidol_University', 'ICT', '1.1_AnyLoc')
Number of candidates after local matching: 50
PnP pairs 2D shape: (8946, 2) 3D shape: (8946, 3)
Multiframe time (ms): 654
Floorplan Pose (x, y, angle): {'xy': array([2086.63354551, 1281.48705458]), 'ang': 63.12641042720885}
Best map key: ('Mahidol_University', 'ICT', '1.1_AnyLoc')
Number of candidates after local matching: 50
PnP pairs 2D shape: (6798, 2) 3D shape: (6798, 3)
Multiframe time (ms): 367
Floorplan Pose (x, y, angle): {'xy': array([2391.27222995, 1745.26474041]), 'ang': 126.08681389473197}
Best map key: ('Mahidol_University', 'ICT', '1.1_AnyLoc')
Number of candidates after local matching: 49
PnP pairs 2D shape: (10327, 2) 3D shape: (10327, 3)
Multiframe time (ms): 636
Floorplan Pose (x, y, angle): {'xy': array([1830.69020849, 1743.07732025]), 'ang': 52.903905885750895}
Best map key: ('Mahidol_University', 'ICT', '1.1_AnyLoc')
Number of candidates after local matching: 50
PnP pairs 2D shape: (9458, 2) 3D shape: (9458, 3)
Multiframe time (ms): 627
Floorplan Pose (x, y, angle): {'xy': array([2342.54362984, 1713.76980563]), 'ang': 19.479725484790993}
Best map key: ('Mahidol_University', 'ICT', '1.1_AnyLoc')
Number of candidates after local matching: 49
PnP pairs 2D shape: (6169, 2) 3D shape: (6169, 3)
Multiframe time (ms): 304
Floorplan Pose (x, y, angle): {'xy': array([1848.59175742, 1333.65377031]), 'ang': 354.1574844883751}
Best map key: ('Mahidol_University', 'ICT', '1.1_AnyLoc')
Number of candidates after local matching: 44
PnP pairs 2D shape: (4400, 2) 3D shape: (4400, 3)
Multiframe time (ms): 468
Floorplan Pose (x, y, angle): {'xy': array([1853.22715043, 1336.82686208]), 'ang': 187.93649744600984}
Best map key: ('Mahidol_University', 'ICT', '1.1_AnyLoc')
Number of candidates after local matching: 46
PnP pairs 2D shape: (4075, 2) 3D shape: (4075, 3)
Multiframe time (ms): 356
Floorplan Pose (x, y, angle): {'xy': array([1076.85970221, 1342.24618108]), 'ang': 200.40984543223553}
Best map key: ('Mahidol_University', 'ICT', '1.1_AnyLoc')
Number of candidates after local matching: 34
PnP pairs 2D shape: (2788, 2) 3D shape: (2788, 3)
Multiframe time (ms): 178
Floorplan Pose (x, y, angle): {'xy': array([1007.30098908, 1354.65648349]), 'ang': 272.91486883703766}
Best map key: ('Mahidol_University', 'ICT', '1.1_AnyLoc')
Number of candidates after local matching: 50
PnP pairs 2D shape: (11865, 2) 3D shape: (11865, 3)
Multiframe time (ms): 1047
Floorplan Pose (x, y, angle): {'xy': array([2227.38885526, 1570.81816151]), 'ang': 29.3164511920433}
Best map key: ('Mahidol_University', 'ICT', '1.1_AnyLoc')
Number of candidates after local matching: 47
PnP pairs 2D shape: (3844, 2) 3D shape: (3844, 3)
Multiframe time (ms): 319
Floorplan Pose (x, y, angle): {'xy': array([ 882.9608656 , 1352.31737757]), 'ang': 151.81111072787266}
Best map key: ('Mahidol_University', 'ICT', '1.1_AnyLoc')
Number of candidates after local matching: 31
PnP pairs 2D shape: (2972, 2) 3D shape: (2972, 3)
Multiframe time (ms): 228
Floorplan Pose (x, y, angle): {'xy': array([ 764.20446768, 1199.90124913]), 'ang': 48.227362433844334}
Best map key: ('Mahidol_University', 'ICT', '1.1_AnyLoc')
Number of candidates after local matching: 50
PnP pairs 2D shape: (8468, 2) 3D shape: (8468, 3)
Multiframe time (ms): 565
Floorplan Pose (x, y, angle): {'xy': array([1827.23645072, 1338.38432357]), 'ang': 44.60616152596675}
Best map key: ('Mahidol_University', 'ICT', '1.1_AnyLoc')
Number of candidates after local matching: 14
PnP pairs 2D shape: (1059, 2) 3D shape: (1059, 3)
Multiframe time (ms): 57
Floorplan Pose (x, y, angle): {'xy': array([1206.81445512, 1354.51949528]), 'ang': 228.51574416805772}
Best map key: ('Mahidol_University', 'ICT', '1.1_AnyLoc')
Number of candidates after local matching: 50
PnP pairs 2D shape: (11787, 2) 3D shape: (11787, 3)
Multiframe time (ms): 986
Floorplan Pose (x, y, angle): {'xy': array([2247.04938078, 1537.31947208]), 'ang': 149.16285346444423}
Best map key: ('Mahidol_University', 'ICT', '1.1_AnyLoc')
Number of candidates after local matching: 50
PnP pairs 2D shape: (7344, 2) 3D shape: (7344, 3)
Multiframe time (ms): 469
Floorplan Pose (x, y, angle): {'xy': array([1999.08886691, 1329.87191815]), 'ang': 51.28726919298095}
Best map key: ('Mahidol_University', 'ICT', '1.1_AnyLoc')
Number of candidates after local matching: 15
PnP pairs 2D shape: (953, 2) 3D shape: (953, 3)
Multiframe time (ms): 92
Floorplan Pose (x, y, angle): {'xy': array([ 803.1400948 , 1163.47761899]), 'ang': 295.5656946072898}
Best map key: ('Mahidol_University', 'ICT', '1.1_AnyLoc')
Number of candidates after local matching: 50
PnP pairs 2D shape: (12419, 2) 3D shape: (12419, 3)
Multiframe time (ms): 982
Floorplan Pose (x, y, angle): {'xy': array([2246.91911968, 1511.91140238]), 'ang': 145.95327847304065}
Best map key: ('Mahidol_University', 'ICT', '1.1_AnyLoc')
Number of candidates after local matching: 50
PnP pairs 2D shape: (8299, 2) 3D shape: (8299, 3)
Multiframe time (ms): 569
Floorplan Pose (x, y, angle): {'xy': array([1695.14560062, 1871.98605365]), 'ang': 74.37072716080091}
Best map key: ('Mahidol_University', 'ICT', '1.1_AnyLoc')
Number of candidates after local matching: 47
PnP pairs 2D shape: (4296, 2) 3D shape: (4296, 3)
Multiframe time (ms): 341
Floorplan Pose (x, y, angle): {'xy': array([2027.53137146,  595.41850884]), 'ang': 239.84027803473867}
Best map key: ('Mahidol_University', 'ICT', '1.1_AnyLoc')
Number of candidates after local matching: 50
PnP pairs 2D shape: (6510, 2) 3D shape: (6510, 3)
Multiframe time (ms): 398
Floorplan Pose (x, y, angle): {'xy': array([2074.84490758,  864.31855191]), 'ang': 204.46562674597516}
Best map key: ('Mahidol_University', 'ICT', '1.1_AnyLoc')
Number of candidates after local matching: 50
PnP pairs 2D shape: (8802, 2) 3D shape: (8802, 3)
Multiframe time (ms): 555
Floorplan Pose (x, y, angle): {'xy': array([2079.56569157, 1123.74941632]), 'ang': 47.86075617441375}
Best map key: ('Mahidol_University', 'ICT', '1.1_AnyLoc')
Number of candidates after local matching: 50
PnP pairs 2D shape: (14593, 2) 3D shape: (14593, 3)
Multiframe time (ms): 922
Floorplan Pose (x, y, angle): {'xy': array([2418.67625663, 1690.11106168]), 'ang': 214.96522162604006}
Best map key: ('Mahidol_University', 'ICT', '1.1_AnyLoc')
Number of candidates after local matching: 50
PnP pairs 2D shape: (9641, 2) 3D shape: (9641, 3)
Multiframe time (ms): 707
Floorplan Pose (x, y, angle): {'xy': array([1300.32788701, 1339.60741544]), 'ang': 56.13153737856927}
Best map key: ('Mahidol_University', 'ICT', '1.1_AnyLoc')
Number of candidates after local matching: 50
PnP pairs 2D shape: (7470, 2) 3D shape: (7470, 3)
Multiframe time (ms): 365
Floorplan Pose (x, y, angle): {'xy': array([2010.93306598, 1183.85392426]), 'ang': 20.74013739386917}
Best map key: ('Mahidol_University', 'ICT', '1.1_AnyLoc')
Number of candidates after local matching: 49
PnP pairs 2D shape: (12211, 2) 3D shape: (12211, 3)
Multiframe time (ms): 759
Floorplan Pose (x, y, angle): {'xy': array([1482.68978696, 1554.84853996]), 'ang': 72.70494800541583}
Best map key: ('Mahidol_University', 'ICT', '1.1_AnyLoc')
Number of candidates after local matching: 22
PnP pairs 2D shape: (1454, 2) 3D shape: (1454, 3)
Multiframe time (ms): 82
Floorplan Pose (x, y, angle): {'xy': array([1180.31273427, 1344.42459416]), 'ang': 219.08171106191028}
Best map key: ('Mahidol_University', 'ICT', '1.1_AnyLoc')
Number of candidates after local matching: 50
PnP pairs 2D shape: (13934, 2) 3D shape: (13934, 3)
Multiframe time (ms): 915
Floorplan Pose (x, y, angle): {'xy': array([1336.86463049, 1475.07617684]), 'ang': 48.685557184312536}
Best map key: ('Mahidol_University', 'ICT', '1.1_AnyLoc')
Number of candidates after local matching: 44
PnP pairs 2D shape: (11226, 2) 3D shape: (11226, 3)
Multiframe time (ms): 707
Floorplan Pose (x, y, angle): {'xy': array([2384.36049503, 1688.97190256]), 'ang': 236.05550489636744}
Best map key: ('Mahidol_University', 'ICT', '1.1_AnyLoc')
Number of candidates after local matching: 50
PnP pairs 2D shape: (6466, 2) 3D shape: (6466, 3)
Multiframe time (ms): 447
Floorplan Pose (x, y, angle): {'xy': array([2071.4749374, 1141.6551236]), 'ang': 188.08836163268265}
Best map key: ('Mahidol_University', 'ICT', '1.1_AnyLoc')
Number of candidates after local matching: 49
PnP pairs 2D shape: (6355, 2) 3D shape: (6355, 3)
Multiframe time (ms): 453
Floorplan Pose (x, y, angle): {'xy': array([ 776.89495956, 1307.13989899]), 'ang': 278.42676747460143}
Best map key: ('Mahidol_University', 'ICT', '1.1_AnyLoc')
Number of candidates after local matching: 41
PnP pairs 2D shape: (4002, 2) 3D shape: (4002, 3)
Multiframe time (ms): 276
Floorplan Pose (x, y, angle): {'xy': array([1598.9681036 , 1328.26292249]), 'ang': 43.59921290190288}
Best map key: ('Mahidol_University', 'ICT', '1.1_AnyLoc')
Number of candidates after local matching: 49
PnP pairs 2D shape: (7890, 2) 3D shape: (7890, 3)
Multiframe time (ms): 561
Floorplan Pose (x, y, angle): {'xy': array([2074.10988654,  815.97156099]), 'ang': 48.94242926609664}
Best map key: ('Mahidol_University', 'ICT', '1.1_AnyLoc')
Number of candidates after local matching: 50
PnP pairs 2D shape: (7479, 2) 3D shape: (7479, 3)
Multiframe time (ms): 400
Floorplan Pose (x, y, angle): {'xy': array([2040.39166228,  945.84433761]), 'ang': 298.74780398451276}
Best map key: ('Mahidol_University', 'ICT', '1.1_AnyLoc')
Number of candidates after local matching: 41
PnP pairs 2D shape: (4746, 2) 3D shape: (4746, 3)
Multiframe time (ms): 236
Floorplan Pose (x, y, angle): {'xy': array([1795.3819739 , 1333.45784787]), 'ang': 311.8329349222787}
Best map key: ('Mahidol_University', 'ICT', '1.1_AnyLoc')
Number of candidates after local matching: 37
PnP pairs 2D shape: (3112, 2) 3D shape: (3112, 3)
Multiframe time (ms): 211
Floorplan Pose (x, y, angle): {'xy': array([1390.34082389, 1337.66055693]), 'ang': 108.9591905481605}
Best map key: ('Mahidol_University', 'ICT', '1.1_AnyLoc')
Number of candidates after local matching: 50
PnP pairs 2D shape: (16496, 2) 3D shape: (16496, 3)
Multiframe time (ms): 1093
Floorplan Pose (x, y, angle): {'xy': array([1501.2361928 , 1636.84443412]), 'ang': 42.98218334777086}
Best map key: ('Mahidol_University', 'ICT', '1.1_AnyLoc')
Number of candidates after local matching: 47
PnP pairs 2D shape: (5082, 2) 3D shape: (5082, 3)
Multiframe time (ms): 374
Floorplan Pose (x, y, angle): {'xy': array([2072.89423909,  678.7737785 ]), 'ang': 295.3070940877835}
Best map key: ('Mahidol_University', 'ICT', '1.1_AnyLoc')
Number of candidates after local matching: 50
PnP pairs 2D shape: (7576, 2) 3D shape: (7576, 3)
Multiframe time (ms): 556
Floorplan Pose (x, y, angle): {'xy': array([2213.11105815, 1484.53841232]), 'ang': 322.2539665753008}
Best map key: ('Mahidol_University', 'ICT', '1.1_AnyLoc')
Number of candidates after local matching: 33
PnP pairs 2D shape: (2585, 2) 3D shape: (2585, 3)
Multiframe time (ms): 146
Floorplan Pose (x, y, angle): {'xy': array([1014.12742264, 1358.62139916]), 'ang': 227.1726442019874}
Best map key: ('Mahidol_University', 'ICT', '1.1_AnyLoc')
Number of candidates after local matching: 41
PnP pairs 2D shape: (3850, 2) 3D shape: (3850, 3)
Multiframe time (ms): 254
Floorplan Pose (x, y, angle): {'xy': array([1596.46942169, 1340.03618053]), 'ang': 89.81371497968648}
Best map key: ('Mahidol_University', 'ICT', '1.1_AnyLoc')
Number of candidates after local matching: 41
PnP pairs 2D shape: (4561, 2) 3D shape: (4561, 3)
Multiframe time (ms): 260
Floorplan Pose (x, y, angle): {'xy': array([1645.70545992, 1338.25798534]), 'ang': 129.5576300726626}
Best map key: ('Mahidol_University', 'ICT', '1.1_AnyLoc')
Number of candidates after local matching: 50
PnP pairs 2D shape: (10719, 2) 3D shape: (10719, 3)
Multiframe time (ms): 1074
Floorplan Pose (x, y, angle): {'xy': array([2016.82578997, 1313.23442177]), 'ang': 132.77551996754377}
Best map key: ('Mahidol_University', 'ICT', '1.1_AnyLoc')
Number of candidates after local matching: 50
PnP pairs 2D shape: (14582, 2) 3D shape: (14582, 3)
Multiframe time (ms): 1029
Floorplan Pose (x, y, angle): {'xy': array([2199.81702598, 1471.3912558 ]), 'ang': 133.65856223709827}
Best map key: ('Mahidol_University', 'ICT', '1.1_AnyLoc')
Number of candidates after local matching: 43
PnP pairs 2D shape: (4453, 2) 3D shape: (4453, 3)
Multiframe time (ms): 481
Floorplan Pose (x, y, angle): {'xy': array([1453.05093883, 1515.39161184]), 'ang': 274.244190304531}
Best map key: ('Mahidol_University', 'ICT', '1.1_AnyLoc')
Number of candidates after local matching: 50
PnP pairs 2D shape: (10371, 2) 3D shape: (10371, 3)
Multiframe time (ms): 933
Floorplan Pose (x, y, angle): {'xy': array([1815.98416   , 1757.85174066]), 'ang': 137.29802159267336}
Best map key: ('Mahidol_University', 'ICT', '1.1_AnyLoc')
Number of candidates after local matching: 50
PnP pairs 2D shape: (7644, 2) 3D shape: (7644, 3)
Multiframe time (ms): 1331
Floorplan Pose (x, y, angle): {'xy': array([2023.00570372,  884.77620891]), 'ang': 1.2321372741392762}
Best map key: ('Mahidol_University', 'ICT', '1.1_AnyLoc')
Number of candidates after local matching: 50
PnP pairs 2D shape: (7834, 2) 3D shape: (7834, 3)
Multiframe time (ms): 695
Floorplan Pose (x, y, angle): {'xy': array([2233.9631543 , 1571.79569763]), 'ang': 302.21101362065133}
Best map key: ('Mahidol_University', 'ICT', '1.1_AnyLoc')
Number of candidates after local matching: 48
PnP pairs 2D shape: (4752, 2) 3D shape: (4752, 3)
Multiframe time (ms): 626
Floorplan Pose (x, y, angle): {'xy': array([2033.68727868,  824.67088733]), 'ang': 231.33393625678227}
Best map key: None
Number of candidates after local matching: 0
PnP pairs 2D shape: (0, 2) 3D shape: (0, 3)
Multiframe time (ms): 0
Not enough 2D-3D correspondences for pose estimation.
Best map key: ('Mahidol_University', 'ICT', '1.1_AnyLoc')
Number of candidates after local matching: 50
PnP pairs 2D shape: (9598, 2) 3D shape: (9598, 3)
Multiframe time (ms): 762
Floorplan Pose (x, y, angle): {'xy': array([2553.11778325, 1814.6951115 ]), 'ang': 67.98293590867023}
Best map key: ('Mahidol_University', 'ICT', '1.1_AnyLoc')
Number of candidates after local matching: 44
PnP pairs 2D shape: (5906, 2) 3D shape: (5906, 3)
Multiframe time (ms): 647
Floorplan Pose (x, y, angle): {'xy': array([ 830.36764657, 1354.731785  ]), 'ang': 29.394989906288444}
Best map key: ('Mahidol_University', 'ICT', '1.1_AnyLoc')
Number of candidates after local matching: 4
PnP pairs 2D shape: (290, 2) 3D shape: (290, 3)
Multiframe time (ms): 37
Floorplan Pose (x, y, angle): {'xy': array([ 858.27346533, 1354.59219864]), 'ang': 134.64010220935486}
Best map key: None
Number of candidates after local matching: 0
PnP pairs 2D shape: (0, 2) 3D shape: (0, 3)
Multiframe time (ms): 0
Not enough 2D-3D correspondences for pose estimation.
Best map key: ('Mahidol_University', 'ICT', '1.1_AnyLoc')
Number of candidates after local matching: 50
PnP pairs 2D shape: (12876, 2) 3D shape: (12876, 3)
Multiframe time (ms): 941
Floorplan Pose (x, y, angle): {'xy': array([1744.088     , 1882.13609158]), 'ang': 288.30045767602445}
Best map key: ('Mahidol_University', 'ICT', '1.1_AnyLoc')
Number of candidates after local matching: 50
PnP pairs 2D shape: (7882, 2) 3D shape: (7882, 3)
Multiframe time (ms): 630
Floorplan Pose (x, y, angle): {'xy': array([2037.85805626, 1047.29955865]), 'ang': 311.6285832908211}
Best map key: ('Mahidol_University', 'ICT', '1.1_AnyLoc')
Number of candidates after local matching: 49
PnP pairs 2D shape: (7172, 2) 3D shape: (7172, 3)
Multiframe time (ms): 367
Floorplan Pose (x, y, angle): {'xy': array([1930.14350024, 1333.5093196 ]), 'ang': 292.35291218209125}
Best map key: ('Mahidol_University', 'ICT', '1.1_AnyLoc')
Number of candidates after local matching: 50
PnP pairs 2D shape: (9072, 2) 3D shape: (9072, 3)
Multiframe time (ms): 694
Floorplan Pose (x, y, angle): {'xy': array([1618.9641318 , 1869.35078585]), 'ang': 70.72506544071639}
Best map key: ('Mahidol_University', 'ICT', '1.1_AnyLoc')
Number of candidates after local matching: 50
PnP pairs 2D shape: (9270, 2) 3D shape: (9270, 3)
Multiframe time (ms): 680
Floorplan Pose (x, y, angle): {'xy': array([1810.89975527, 1784.59825424]), 'ang': 83.60777965387523}
Best map key: ('Mahidol_University', 'ICT', '1.1_AnyLoc')
Number of candidates after local matching: 50
PnP pairs 2D shape: (8967, 2) 3D shape: (8967, 3)
Multiframe time (ms): 694
Floorplan Pose (x, y, angle): {'xy': array([2310.90209972, 1695.22956281]), 'ang': 33.51599157108164}
Best map key: ('Mahidol_University', 'ICT', '1.1_AnyLoc')
Number of candidates after local matching: 50
PnP pairs 2D shape: (7622, 2) 3D shape: (7622, 3)
Multiframe time (ms): 560
Floorplan Pose (x, y, angle): {'xy': array([2051.72791727,  801.12843344]), 'ang': 47.7990328680772}
Best map key: ('Mahidol_University', 'ICT', '1.1_AnyLoc')
Number of candidates after local matching: 46
PnP pairs 2D shape: (4106, 2) 3D shape: (4106, 3)
Multiframe time (ms): 340
Floorplan Pose (x, y, angle): {'xy': array([2041.45259615,  756.77376562]), 'ang': 256.7002542738407}
Best map key: ('Mahidol_University', 'ICT', '1.1_AnyLoc')
Number of candidates after local matching: 33
PnP pairs 2D shape: (2228, 2) 3D shape: (2228, 3)
Multiframe time (ms): 122
Floorplan Pose (x, y, angle): {'xy': array([1324.97492518, 1341.55206141]), 'ang': 330.88479036148317}
Best map key: ('Mahidol_University', 'ICT', '1.1_AnyLoc')
Number of candidates after local matching: 50
PnP pairs 2D shape: (8686, 2) 3D shape: (8686, 3)
Multiframe time (ms): 652
Floorplan Pose (x, y, angle): {'xy': array([2605.99448676, 1835.68768434]), 'ang': 74.11765323851611}
Best map key: ('Mahidol_University', 'ICT', '1.1_AnyLoc')
Number of candidates after local matching: 50
PnP pairs 2D shape: (9150, 2) 3D shape: (9150, 3)
Multiframe time (ms): 790
Floorplan Pose (x, y, angle): {'xy': array([2170.97690053, 1471.46527681]), 'ang': 324.0638544985721}
Best map key: ('Mahidol_University', 'ICT', '1.1_AnyLoc')
Number of candidates after local matching: 50
PnP pairs 2D shape: (7149, 2) 3D shape: (7149, 3)
Multiframe time (ms): 494
Floorplan Pose (x, y, angle): {'xy': array([2208.49300657, 1486.05487301]), 'ang': 248.4845672935814}
Best map key: ('Mahidol_University', 'ICT', '1.1_AnyLoc')
Number of candidates after local matching: 50
PnP pairs 2D shape: (8370, 2) 3D shape: (8370, 3)
Multiframe time (ms): 370
Floorplan Pose (x, y, angle): {'xy': array([1909.04984955, 1723.5590476 ]), 'ang': 68.06402597734917}
Best map key: ('Mahidol_University', 'ICT', '1.1_AnyLoc')
Number of candidates after local matching: 42
PnP pairs 2D shape: (4312, 2) 3D shape: (4312, 3)
Multiframe time (ms): 296
Floorplan Pose (x, y, angle): {'xy': array([1217.17673613, 1342.06389942]), 'ang': 149.84870501890282}
Best map key: ('Mahidol_University', 'ICT', '1.1_AnyLoc')
Number of candidates after local matching: 50
PnP pairs 2D shape: (9056, 2) 3D shape: (9056, 3)
Multiframe time (ms): 633
Floorplan Pose (x, y, angle): {'xy': array([2151.45780487, 1439.95679889]), 'ang': 207.31365479697666}
Best map key: ('Mahidol_University', 'ICT', '1.1_AnyLoc')
Number of candidates after local matching: 50
PnP pairs 2D shape: (7428, 2) 3D shape: (7428, 3)
Multiframe time (ms): 378
Floorplan Pose (x, y, angle): {'xy': array([2034.17264226, 1104.73889946]), 'ang': 135.83681325402617}
Best map key: ('Mahidol_University', 'ICT', '1.1_AnyLoc')
Number of candidates after local matching: 50
PnP pairs 2D shape: (7302, 2) 3D shape: (7302, 3)
Multiframe time (ms): 357
Floorplan Pose (x, y, angle): {'xy': array([1926.93565716, 1337.17706012]), 'ang': 96.06523969556658}
Best map key: ('Mahidol_University', 'ICT', '1.1_AnyLoc')
Number of candidates after local matching: 50
PnP pairs 2D shape: (10492, 2) 3D shape: (10492, 3)
Multiframe time (ms): 694
Floorplan Pose (x, y, angle): {'xy': array([2165.98528114, 1450.07922347]), 'ang': 69.58820274730185}
Best map key: ('Mahidol_University', 'ICT', '1.1_AnyLoc')
Number of candidates after local matching: 20
PnP pairs 2D shape: (2182, 2) 3D shape: (2182, 3)
Multiframe time (ms): 171
Floorplan Pose (x, y, angle): {'xy': array([1331.68499439, 1386.37036409]), 'ang': 254.80664096741452}
Best map key: ('Mahidol_University', 'ICT', '1.1_AnyLoc')
Number of candidates after local matching: 50
PnP pairs 2D shape: (7856, 2) 3D shape: (7856, 3)
Multiframe time (ms): 456
Floorplan Pose (x, y, angle): {'xy': array([2024.59095047, 1704.65203196]), 'ang': 105.07018269234287}
Best map key: ('Mahidol_University', 'ICT', '1.1_AnyLoc')
Number of candidates after local matching: 50
PnP pairs 2D shape: (10413, 2) 3D shape: (10413, 3)
Multiframe time (ms): 765
Floorplan Pose (x, y, angle): {'xy': array([2010.52728518, 1207.0917302 ]), 'ang': 94.53910756528082}
Best map key: ('Mahidol_University', 'ICT', '1.1_AnyLoc')
Number of candidates after local matching: 49
PnP pairs 2D shape: (7250, 2) 3D shape: (7250, 3)
Multiframe time (ms): 537
Floorplan Pose (x, y, angle): {'xy': array([2071.42561012,  948.37285745]), 'ang': 22.48545476596956}
Best map key: ('Mahidol_University', 'ICT', '1.1_AnyLoc')
Number of candidates after local matching: 50
PnP pairs 2D shape: (10203, 2) 3D shape: (10203, 3)
Multiframe time (ms): 858
Floorplan Pose (x, y, angle): {'xy': array([2221.2652561 , 1499.21775284]), 'ang': 353.8152750790697}
Best map key: ('Mahidol_University', 'ICT', '1.1_AnyLoc')
Number of candidates after local matching: 50
PnP pairs 2D shape: (7312, 2) 3D shape: (7312, 3)
Multiframe time (ms): 547
Floorplan Pose (x, y, angle): {'xy': array([2558.46474826, 1681.62539466]), 'ang': 67.08308874514051}
Best map key: ('Mahidol_University', 'ICT', '1.1_AnyLoc')
Number of candidates after local matching: 50
PnP pairs 2D shape: (4561, 2) 3D shape: (4561, 3)
Multiframe time (ms): 295
Floorplan Pose (x, y, angle): {'xy': array([2048.98289352,  670.43876412]), 'ang': 113.6475707148557}
Best map key: ('Mahidol_University', 'ICT', '1.1_AnyLoc')
Number of candidates after local matching: 50
PnP pairs 2D shape: (8056, 2) 3D shape: (8056, 3)
Multiframe time (ms): 506
Floorplan Pose (x, y, angle): {'xy': array([2030.08955552, 1159.64726401]), 'ang': 38.190921210564575}
Best map key: ('Mahidol_University', 'ICT', '1.1_AnyLoc')
Number of candidates after local matching: 18
PnP pairs 2D shape: (1177, 2) 3D shape: (1177, 3)
Multiframe time (ms): 103
Floorplan Pose (x, y, angle): {'xy': array([ 762.73527365, 1198.85196898]), 'ang': 205.82206898078923}
Best map key: ('Mahidol_University', 'ICT', '1.1_AnyLoc')
Number of candidates after local matching: 50
PnP pairs 2D shape: (5834, 2) 3D shape: (5834, 3)
Multiframe time (ms): 456
Floorplan Pose (x, y, angle): {'xy': array([1222.37690533, 1343.61749522]), 'ang': 352.7099677854293}
Best map key: ('Mahidol_University', 'ICT', '1.1_AnyLoc')
Number of candidates after local matching: 45
PnP pairs 2D shape: (4164, 2) 3D shape: (4164, 3)
Multiframe time (ms): 274
Floorplan Pose (x, y, angle): {'xy': array([ 814.79431844, 1200.75516903]), 'ang': 198.8613372119755}
Best map key: ('Mahidol_University', 'ICT', '1.1_AnyLoc')
Number of candidates after local matching: 45
PnP pairs 2D shape: (5571, 2) 3D shape: (5571, 3)
Multiframe time (ms): 456
Floorplan Pose (x, y, angle): {'xy': array([ 984.90663359, 1356.23389729]), 'ang': 355.76997205047417}
Best map key: ('Mahidol_University', 'ICT', '1.1_AnyLoc')
Number of candidates after local matching: 27
PnP pairs 2D shape: (2344, 2) 3D shape: (2344, 3)
Multiframe time (ms): 164
Floorplan Pose (x, y, angle): {'xy': array([1334.44464816, 1462.05646398]), 'ang': 300.3001741376697}
Best map key: ('Mahidol_University', 'ICT', '1.1_AnyLoc')
Number of candidates after local matching: 43
PnP pairs 2D shape: (4544, 2) 3D shape: (4544, 3)
Multiframe time (ms): 484
Floorplan Pose (x, y, angle): {'xy': array([1034.25743261, 1357.31753185]), 'ang': 45.66609578738723}
Best map key: ('Mahidol_University', 'ICT', '1.1_AnyLoc')
Number of candidates after local matching: 50
PnP pairs 2D shape: (8839, 2) 3D shape: (8839, 3)
Multiframe time (ms): 749
Floorplan Pose (x, y, angle): {'xy': array([2033.17669253,  921.6867549 ]), 'ang': 91.56621535120979}
Best map key: ('Mahidol_University', 'ICT', '1.1_AnyLoc')
Number of candidates after local matching: 50
PnP pairs 2D shape: (13469, 2) 3D shape: (13469, 3)
Multiframe time (ms): 1254
Floorplan Pose (x, y, angle): {'xy': array([2211.11538148, 1490.4679221 ]), 'ang': 169.4755934963934}
Best map key: ('Mahidol_University', 'ICT', '1.1_AnyLoc')
Number of candidates after local matching: 50
PnP pairs 2D shape: (9917, 2) 3D shape: (9917, 3)
Multiframe time (ms): 787
Floorplan Pose (x, y, angle): {'xy': array([2492.73373243, 1810.03903788]), 'ang': 340.10262965875114}
Best map key: ('Mahidol_University', 'ICT', '1.1_AnyLoc')
Number of candidates after local matching: 47
PnP pairs 2D shape: (5877, 2) 3D shape: (5877, 3)
Multiframe time (ms): 450
Floorplan Pose (x, y, angle): {'xy': array([ 959.38873351, 1352.77457025]), 'ang': 353.52227356684}
Best map key: ('Mahidol_University', 'ICT', '1.1_AnyLoc')
Number of candidates after local matching: 50
PnP pairs 2D shape: (13294, 2) 3D shape: (13294, 3)
Multiframe time (ms): 1323
Floorplan Pose (x, y, angle): {'xy': array([1332.97721696, 1479.61440918]), 'ang': 12.291768932742848}
Best map key: ('Mahidol_University', 'ICT', '1.1_AnyLoc')
Number of candidates after local matching: 43
PnP pairs 2D shape: (6302, 2) 3D shape: (6302, 3)
Multiframe time (ms): 468
Floorplan Pose (x, y, angle): {'xy': array([1332.70394766, 1486.58002367]), 'ang': 336.4204045769944}
Best map key: ('Mahidol_University', 'ICT', '1.1_AnyLoc')
Number of candidates after local matching: 50
PnP pairs 2D shape: (4756, 2) 3D shape: (4756, 3)
Multiframe time (ms): 397
Floorplan Pose (x, y, angle): {'xy': array([2057.28385297,  688.90114098]), 'ang': 203.9661109220381}
Best map key: ('Mahidol_University', 'ICT', '1.1_AnyLoc')
Number of candidates after local matching: 49
PnP pairs 2D shape: (5973, 2) 3D shape: (5973, 3)
Multiframe time (ms): 476
Floorplan Pose (x, y, angle): {'xy': array([1599.01564067, 1339.07766981]), 'ang': 171.76223305242803}
Best map key: ('Mahidol_University', 'ICT', '1.1_AnyLoc')
Number of candidates after local matching: 48
PnP pairs 2D shape: (4873, 2) 3D shape: (4873, 3)
Multiframe time (ms): 450
Floorplan Pose (x, y, angle): {'xy': array([ 798.24080659, 1192.78592335]), 'ang': 229.05247518291114}
Best map key: ('Mahidol_University', 'ICT', '1.1_AnyLoc')
Number of candidates after local matching: 50
PnP pairs 2D shape: (8779, 2) 3D shape: (8779, 3)
Multiframe time (ms): 471
Floorplan Pose (x, y, angle): {'xy': array([2020.88593759,  984.571882  ]), 'ang': 19.86252665516459}
Best map key: ('Mahidol_University', 'ICT', '1.1_AnyLoc')
Number of candidates after local matching: 50
PnP pairs 2D shape: (11684, 2) 3D shape: (11684, 3)
Multiframe time (ms): 1561
Floorplan Pose (x, y, angle): {'xy': array([2249.38994794, 1562.77503701]), 'ang': 147.63852539137665}
Best map key: ('Mahidol_University', 'ICT', '1.1_AnyLoc')
Number of candidates after local matching: 50
PnP pairs 2D shape: (9692, 2) 3D shape: (9692, 3)
Multiframe time (ms): 863
Floorplan Pose (x, y, angle): {'xy': array([2225.14726899, 1497.21732321]), 'ang': 213.2661926612205}
Best map key: ('Mahidol_University', 'ICT', '1.1_AnyLoc')
Number of candidates after local matching: 48
PnP pairs 2D shape: (10429, 2) 3D shape: (10429, 3)
Multiframe time (ms): 791
Floorplan Pose (x, y, angle): {'xy': array([1932.56025388, 1715.91643283]), 'ang': 22.378536238532508}
Best map key: ('Mahidol_University', 'ICT', '1.1_AnyLoc')
Number of candidates after local matching: 50
PnP pairs 2D shape: (12760, 2) 3D shape: (12760, 3)
Multiframe time (ms): 1302
Floorplan Pose (x, y, angle): {'xy': array([1771.59193049, 1864.56964567]), 'ang': 224.8197727776169}
Best map key: ('Mahidol_University', 'ICT', '1.1_AnyLoc')
Number of candidates after local matching: 50
PnP pairs 2D shape: (7849, 2) 3D shape: (7849, 3)
Multiframe time (ms): 466
Floorplan Pose (x, y, angle): {'xy': array([2014.10566393, 1235.62424044]), 'ang': 296.3541084759925}
Best map key: ('Mahidol_University', 'ICT', '1.1_AnyLoc')
Number of candidates after local matching: 50
PnP pairs 2D shape: (7668, 2) 3D shape: (7668, 3)
Multiframe time (ms): 551
Floorplan Pose (x, y, angle): {'xy': array([2574.69396079, 1815.30309247]), 'ang': 350.529986592582}
Best map key: ('Mahidol_University', 'ICT', '1.1_AnyLoc')
Number of candidates after local matching: 50
PnP pairs 2D shape: (8961, 2) 3D shape: (8961, 3)
Multiframe time (ms): 510
Floorplan Pose (x, y, angle): {'xy': array([2078.94965791, 1050.65303835]), 'ang': 42.22337433074086}
Best map key: ('Mahidol_University', 'ICT', '1.1_AnyLoc')
Number of candidates after local matching: 50
PnP pairs 2D shape: (7614, 2) 3D shape: (7614, 3)
Multiframe time (ms): 526
Floorplan Pose (x, y, angle): {'xy': array([1719.00535555, 1869.99981912]), 'ang': 110.94648524344159}
Best map key: ('Mahidol_University', 'ICT', '1.1_AnyLoc')
Number of candidates after local matching: 47
PnP pairs 2D shape: (4197, 2) 3D shape: (4197, 3)
Multiframe time (ms): 454
Floorplan Pose (x, y, angle): {'xy': array([2025.08940964,  614.46331014]), 'ang': 238.12525776767637}
Best map key: ('Mahidol_University', 'ICT', '1.1_AnyLoc')
Number of candidates after local matching: 42
PnP pairs 2D shape: (4405, 2) 3D shape: (4405, 3)
Multiframe time (ms): 297
Floorplan Pose (x, y, angle): {'xy': array([2643.31104076, 1699.71035043]), 'ang': 29.758240479083064}
Best map key: ('Mahidol_University', 'ICT', '1.1_AnyLoc')
Number of candidates after local matching: 25
PnP pairs 2D shape: (1779, 2) 3D shape: (1779, 3)
Multiframe time (ms): 140
Floorplan Pose (x, y, angle): {'xy': array([ 783.25261689, 1165.9401582 ]), 'ang': 273.76545999537115}
Best map key: ('Mahidol_University', 'ICT', '1.1_AnyLoc')
Number of candidates after local matching: 50
PnP pairs 2D shape: (5217, 2) 3D shape: (5217, 3)
Multiframe time (ms): 357
Floorplan Pose (x, y, angle): {'xy': array([2009.6989717 , 1184.30971447]), 'ang': 181.5756130240017}
Best map key: ('Mahidol_University', 'ICT', '1.1_AnyLoc')
Number of candidates after local matching: 37
PnP pairs 2D shape: (3973, 2) 3D shape: (3973, 3)
Multiframe time (ms): 410
Floorplan Pose (x, y, angle): {'xy': array([1209.55223756, 1350.82140616]), 'ang': 168.29902990922034}
Best map key: ('Mahidol_University', 'ICT', '1.1_AnyLoc')
Number of candidates after local matching: 50
PnP pairs 2D shape: (9325, 2) 3D shape: (9325, 3)
Multiframe time (ms): 1039
Floorplan Pose (x, y, angle): {'xy': array([1336.60384332, 1432.72936626]), 'ang': 97.91763815317086}
Best map key: ('Mahidol_University', 'ICT', '1.1_AnyLoc')
Number of candidates after local matching: 49
PnP pairs 2D shape: (5646, 2) 3D shape: (5646, 3)
Multiframe time (ms): 477
Floorplan Pose (x, y, angle): {'xy': array([2010.27345579, 1258.50285904]), 'ang': 179.64897893310743}
Best map key: ('Mahidol_University', 'ICT', '1.1_AnyLoc')
Number of candidates after local matching: 50
PnP pairs 2D shape: (10421, 2) 3D shape: (10421, 3)
Multiframe time (ms): 666
Floorplan Pose (x, y, angle): {'xy': array([2020.25498096,  931.70196955]), 'ang': 60.67020404990454}
Best map key: ('Mahidol_University', 'ICT', '1.1_AnyLoc')
Number of candidates after local matching: 50
PnP pairs 2D shape: (6968, 2) 3D shape: (6968, 3)
Multiframe time (ms): 566
Floorplan Pose (x, y, angle): {'xy': array([ 881.87475776, 1355.93069278]), 'ang': 93.39708807322661}
Best map key: ('Mahidol_University', 'ICT', '1.1_AnyLoc')
Number of candidates after local matching: 50
PnP pairs 2D shape: (12051, 2) 3D shape: (12051, 3)
Multiframe time (ms): 983
Floorplan Pose (x, y, angle): {'xy': array([2110.20145291, 1429.70953382]), 'ang': 107.62591596360386}
Best map key: ('Mahidol_University', 'ICT', '1.1_AnyLoc')
Number of candidates after local matching: 34
PnP pairs 2D shape: (2829, 2) 3D shape: (2829, 3)
Multiframe time (ms): 244
Floorplan Pose (x, y, angle): {'xy': array([1199.83199012, 1343.63437783]), 'ang': 202.03973676568535}
Best map key: ('Mahidol_University', 'ICT', '1.1_AnyLoc')
Number of candidates after local matching: 50
PnP pairs 2D shape: (5879, 2) 3D shape: (5879, 3)
Multiframe time (ms): 381
Floorplan Pose (x, y, angle): {'xy': array([2057.31673825,  894.82871677]), 'ang': 212.26720018045575}
Best map key: ('Mahidol_University', 'ICT', '1.1_AnyLoc')
Number of candidates after local matching: 41
PnP pairs 2D shape: (4816, 2) 3D shape: (4816, 3)
Multiframe time (ms): 369
Floorplan Pose (x, y, angle): {'xy': array([1905.55540214, 1340.35027364]), 'ang': 191.1533595310143}
Best map key: ('Mahidol_University', 'ICT', '1.1_AnyLoc')
Number of candidates after local matching: 50
PnP pairs 2D shape: (9439, 2) 3D shape: (9439, 3)
Multiframe time (ms): 587
Floorplan Pose (x, y, angle): {'xy': array([2496.26984843, 1803.97756868]), 'ang': 139.87579114851826}
Best map key: ('Mahidol_University', 'ICT', '1.1_AnyLoc')
Number of candidates after local matching: 49
PnP pairs 2D shape: (7387, 2) 3D shape: (7387, 3)
Multiframe time (ms): 478
Floorplan Pose (x, y, angle): {'xy': array([1197.88395978, 1342.13687076]), 'ang': 49.49174605827619}
Best map key: ('Mahidol_University', 'ICT', '1.1_AnyLoc')
Number of candidates after local matching: 50
PnP pairs 2D shape: (9438, 2) 3D shape: (9438, 3)
Multiframe time (ms): 1010
Floorplan Pose (x, y, angle): {'xy': array([2028.31326123, 1182.61808272]), 'ang': 90.87380622220621}
Best map key: ('Mahidol_University', 'ICT', '1.1_AnyLoc')
Number of candidates after local matching: 6
PnP pairs 2D shape: (411, 2) 3D shape: (411, 3)
Multiframe time (ms): 48
Floorplan Pose (x, y, angle): {'xy': array([1196.32301441, 1343.52060648]), 'ang': 312.9355964231151}
Best map key: ('Mahidol_University', 'ICT', '1.1_AnyLoc')
Number of candidates after local matching: 41
PnP pairs 2D shape: (4393, 2) 3D shape: (4393, 3)
Multiframe time (ms): 302
Floorplan Pose (x, y, angle): {'xy': array([1226.87908483, 1342.64070512]), 'ang': 109.7241129414864}
Best map key: ('Mahidol_University', 'ICT', '1.1_AnyLoc')
Number of candidates after local matching: 46
PnP pairs 2D shape: (4057, 2) 3D shape: (4057, 3)
Multiframe time (ms): 219
Floorplan Pose (x, y, angle): {'xy': array([1097.43747792, 1359.48676055]), 'ang': 332.8980330187594}
Best map key: ('Mahidol_University', 'ICT', '1.1_AnyLoc')
Number of candidates after local matching: 43
PnP pairs 2D shape: (4782, 2) 3D shape: (4782, 3)
Multiframe time (ms): 394
Floorplan Pose (x, y, angle): {'xy': array([2053.68135677,  640.56608556]), 'ang': 193.01641793376612}
Best map key: ('Mahidol_University', 'ICT', '1.1_AnyLoc')
Number of candidates after local matching: 50
PnP pairs 2D shape: (7034, 2) 3D shape: (7034, 3)
Multiframe time (ms): 478
Floorplan Pose (x, y, angle): {'xy': array([2011.95166614, 1208.54200038]), 'ang': 218.4759773586614}
Best map key: ('Mahidol_University', 'ICT', '1.1_AnyLoc')
Number of candidates after local matching: 50
PnP pairs 2D shape: (10517, 2) 3D shape: (10517, 3)
Multiframe time (ms): 914
Floorplan Pose (x, y, angle): {'xy': array([1331.37053544, 1412.34691187]), 'ang': 15.981669992397784}
Best map key: ('Mahidol_University', 'ICT', '1.1_AnyLoc')
Number of candidates after local matching: 50
PnP pairs 2D shape: (5731, 2) 3D shape: (5731, 3)
Multiframe time (ms): 395
Floorplan Pose (x, y, angle): {'xy': array([1097.10219673, 1358.78186357]), 'ang': 3.149682489563824}
Best map key: ('Mahidol_University', 'ICT', '1.1_AnyLoc')
Number of candidates after local matching: 45
PnP pairs 2D shape: (6418, 2) 3D shape: (6418, 3)
Multiframe time (ms): 412
Floorplan Pose (x, y, angle): {'xy': array([2113.74004698, 1386.8987853 ]), 'ang': 288.41432301917257}
Best map key: ('Mahidol_University', 'ICT', '1.1_AnyLoc')
Number of candidates after local matching: 50
PnP pairs 2D shape: (6336, 2) 3D shape: (6336, 3)
Multiframe time (ms): 471
Floorplan Pose (x, y, angle): {'xy': array([ 772.50055925, 1278.40808037]), 'ang': 290.5439933407219}
Best map key: ('Mahidol_University', 'ICT', '1.1_AnyLoc')
Number of candidates after local matching: 50
PnP pairs 2D shape: (9544, 2) 3D shape: (9544, 3)
Multiframe time (ms): 756
Floorplan Pose (x, y, angle): {'xy': array([2075.35898176, 1026.37820996]), 'ang': 97.70832033398176}
Best map key: ('Mahidol_University', 'ICT', '1.1_AnyLoc')
Number of candidates after local matching: 10
PnP pairs 2D shape: (845, 2) 3D shape: (845, 3)
Multiframe time (ms): 56
Floorplan Pose (x, y, angle): {'xy': array([1901.9489691 , 1334.84264926]), 'ang': 289.0858646262523}
Best map key: ('Mahidol_University', 'ICT', '1.1_AnyLoc')
Number of candidates after local matching: 50
PnP pairs 2D shape: (9813, 2) 3D shape: (9813, 3)
Multiframe time (ms): 697
Floorplan Pose (x, y, angle): {'xy': array([2014.33480021,  956.2439573 ]), 'ang': 43.19524316636108}
Best map key: ('Mahidol_University', 'ICT', '1.1_AnyLoc')
Number of candidates after local matching: 50
PnP pairs 2D shape: (12032, 2) 3D shape: (12032, 3)
Multiframe time (ms): 808
Floorplan Pose (x, y, angle): {'xy': array([1814.24255452, 1752.7154096 ]), 'ang': 242.12816791680896}
Best map key: ('Mahidol_University', 'ICT', '1.1_AnyLoc')
Number of candidates after local matching: 50
PnP pairs 2D shape: (6849, 2) 3D shape: (6849, 3)
Multiframe time (ms): 503
Floorplan Pose (x, y, angle): {'xy': array([1487.89871746, 1579.07660515]), 'ang': 274.69180692519853}
Best map key: ('Mahidol_University', 'ICT', '1.1_AnyLoc')
Number of candidates after local matching: 45
PnP pairs 2D shape: (11005, 2) 3D shape: (11005, 3)
Multiframe time (ms): 744
Floorplan Pose (x, y, angle): {'xy': array([1493.78827955, 1604.98965959]), 'ang': 77.65450745463937}
Best map key: ('Mahidol_University', 'ICT', '1.1_AnyLoc')
Number of candidates after local matching: 50
PnP pairs 2D shape: (6228, 2) 3D shape: (6228, 3)
Multiframe time (ms): 574
Floorplan Pose (x, y, angle): {'xy': array([2140.35296442, 1700.76922245]), 'ang': 86.70482477791542}
Best map key: ('Mahidol_University', 'ICT', '1.1_AnyLoc')
Number of candidates after local matching: 50
PnP pairs 2D shape: (12780, 2) 3D shape: (12780, 3)
Multiframe time (ms): 1058
Floorplan Pose (x, y, angle): {'xy': array([1814.82841263, 1760.86073877]), 'ang': 172.06030809060692}
Best map key: ('Mahidol_University', 'ICT', '1.1_AnyLoc')
Number of candidates after local matching: 50
PnP pairs 2D shape: (11603, 2) 3D shape: (11603, 3)
Multiframe time (ms): 1715
Floorplan Pose (x, y, angle): {'xy': array([2232.33151931, 1694.7720931 ]), 'ang': 215.27080989648974}
Best map key: ('Mahidol_University', 'ICT', '1.1_AnyLoc')
Number of candidates after local matching: 50
PnP pairs 2D shape: (6854, 2) 3D shape: (6854, 3)
Multiframe time (ms): 404
Floorplan Pose (x, y, angle): {'xy': array([2015.74146845, 1057.51070615]), 'ang': 295.73030509816965}
Best map key: ('Mahidol_University', 'ICT', '1.1_AnyLoc')
Number of candidates after local matching: 50
PnP pairs 2D shape: (11775, 2) 3D shape: (11775, 3)
Multiframe time (ms): 1078
Floorplan Pose (x, y, angle): {'xy': array([2309.99772525, 1705.5849922 ]), 'ang': 336.7802069828871}
Best map key: ('Mahidol_University', 'ICT', '1.1_AnyLoc')
Number of candidates after local matching: 50
PnP pairs 2D shape: (14202, 2) 3D shape: (14202, 3)
Multiframe time (ms): 1413
Floorplan Pose (x, y, angle): {'xy': array([2132.60370377, 1429.89259016]), 'ang': 118.60150726450402}
Best map key: ('Mahidol_University', 'ICT', '1.1_AnyLoc')
Number of candidates after local matching: 50
PnP pairs 2D shape: (5282, 2) 3D shape: (5282, 3)
Multiframe time (ms): 327
Floorplan Pose (x, y, angle): {'xy': array([2066.6156092,  692.1053679]), 'ang': 137.23875083010626}
Best map key: None
Number of candidates after local matching: 0
PnP pairs 2D shape: (0, 2) 3D shape: (0, 3)
Multiframe time (ms): 0
Not enough 2D-3D correspondences for pose estimation.
Best map key: ('Mahidol_University', 'ICT', '1.1_AnyLoc')
Number of candidates after local matching: 39
PnP pairs 2D shape: (2978, 2) 3D shape: (2978, 3)
Multiframe time (ms): 254
Floorplan Pose (x, y, angle): {'xy': array([2089.76060541,  734.83116732]), 'ang': 23.330339043591234}
Best map key: ('Mahidol_University', 'ICT', '1.1_AnyLoc')
Number of candidates after local matching: 50
PnP pairs 2D shape: (6576, 2) 3D shape: (6576, 3)
Multiframe time (ms): 401
Floorplan Pose (x, y, angle): {'xy': array([2102.11724165, 1295.97258566]), 'ang': 282.0090004459169}
Best map key: ('Mahidol_University', 'ICT', '1.1_AnyLoc')
Number of candidates after local matching: 50
PnP pairs 2D shape: (9510, 2) 3D shape: (9510, 3)
Multiframe time (ms): 829
Floorplan Pose (x, y, angle): {'xy': array([2101.80743961, 1246.6861456 ]), 'ang': 122.35021876630698}
Best map key: ('Mahidol_University', 'ICT', '1.1_AnyLoc')
Number of candidates after local matching: 50
PnP pairs 2D shape: (9403, 2) 3D shape: (9403, 3)
Multiframe time (ms): 670
Floorplan Pose (x, y, angle): {'xy': array([1957.73966267, 1336.73978478]), 'ang': 333.52465068229634}
Best map key: ('Mahidol_University', 'ICT', '1.1_AnyLoc')
Number of candidates after local matching: 25
PnP pairs 2D shape: (1647, 2) 3D shape: (1647, 3)
Multiframe time (ms): 151
Floorplan Pose (x, y, angle): {'xy': array([ 784.24704241, 1245.24834562]), 'ang': 119.90353406154873}
Best map key: ('Mahidol_University', 'ICT', '1.1_AnyLoc')
Number of candidates after local matching: 50
PnP pairs 2D shape: (16480, 2) 3D shape: (16480, 3)
Multiframe time (ms): 1756
Floorplan Pose (x, y, angle): {'xy': array([1484.64644134, 1793.93131395]), 'ang': 349.05168763257166}
Best map key: ('Mahidol_University', 'ICT', '1.1_AnyLoc')
Number of candidates after local matching: 50
PnP pairs 2D shape: (8462, 2) 3D shape: (8462, 3)
Multiframe time (ms): 583
Floorplan Pose (x, y, angle): {'xy': array([1698.11787509, 1335.34735071]), 'ang': 67.9897796336094}
Best map key: ('Mahidol_University', 'ICT', '1.1_AnyLoc')
Number of candidates after local matching: 49
PnP pairs 2D shape: (5872, 2) 3D shape: (5872, 3)
Multiframe time (ms): 513
Floorplan Pose (x, y, angle): {'xy': array([2629.54269254, 1680.40369912]), 'ang': 61.92083584921445}
Best map key: ('Mahidol_University', 'ICT', '1.1_AnyLoc')
Number of candidates after local matching: 50
PnP pairs 2D shape: (10374, 2) 3D shape: (10374, 3)
Multiframe time (ms): 536
Floorplan Pose (x, y, angle): {'xy': array([1966.58915839, 1710.57120274]), 'ang': 246.40820042987227}
Best map key: ('Mahidol_University', 'ICT', '1.1_AnyLoc')
Number of candidates after local matching: 50
PnP pairs 2D shape: (9459, 2) 3D shape: (9459, 3)
Multiframe time (ms): 803
Floorplan Pose (x, y, angle): {'xy': array([2360.21572166, 1689.68838598]), 'ang': 317.1723359240607}
Best map key: ('Mahidol_University', 'ICT', '1.1_AnyLoc')
Number of candidates after local matching: 50
PnP pairs 2D shape: (9573, 2) 3D shape: (9573, 3)
Multiframe time (ms): 631
Floorplan Pose (x, y, angle): {'xy': array([1381.2336854 , 1496.80072457]), 'ang': 96.74664221693413}
Best map key: ('Mahidol_University', 'ICT', '1.1_AnyLoc')
Number of candidates after local matching: 41
PnP pairs 2D shape: (5886, 2) 3D shape: (5886, 3)
Multiframe time (ms): 395
Floorplan Pose (x, y, angle): {'xy': array([ 856.51585989, 1356.27157679]), 'ang': 6.649406831037749}
Best map key: ('Mahidol_University', 'ICT', '1.1_AnyLoc')
Number of candidates after local matching: 1
PnP pairs 2D shape: (53, 2) 3D shape: (53, 3)
Multiframe time (ms): 11
Floorplan Pose (x, y, angle): {'xy': array([ 769.14138056, 1330.33750663]), 'ang': 150.02616900008894}
Best map key: ('Mahidol_University', 'ICT', '1.1_AnyLoc')
Number of candidates after local matching: 50
PnP pairs 2D shape: (4686, 2) 3D shape: (4686, 3)
Multiframe time (ms): 361
Floorplan Pose (x, y, angle): {'xy': array([2037.87413629,  708.98396302]), 'ang': 141.33170175494976}
Best map key: ('Mahidol_University', 'ICT', '1.1_AnyLoc')
Number of candidates after local matching: 49
PnP pairs 2D shape: (4790, 2) 3D shape: (4790, 3)
Multiframe time (ms): 455
Floorplan Pose (x, y, angle): {'xy': array([2081.13156143,  688.04061615]), 'ang': 47.15967351228681}
Best map key: ('Mahidol_University', 'ICT', '1.1_AnyLoc')
Number of candidates after local matching: 50
PnP pairs 2D shape: (9935, 2) 3D shape: (9935, 3)
Multiframe time (ms): 893
Floorplan Pose (x, y, angle): {'xy': array([1592.00344204, 1860.22118605]), 'ang': 248.10166678471336}
Best map key: ('Mahidol_University', 'ICT', '1.1_AnyLoc')
Number of candidates after local matching: 50
PnP pairs 2D shape: (8766, 2) 3D shape: (8766, 3)
Multiframe time (ms): 646
Floorplan Pose (x, y, angle): {'xy': array([2194.76319776, 1478.79000737]), 'ang': 328.47453874783446}
Best map key: ('Mahidol_University', 'ICT', '1.1_AnyLoc')
Number of candidates after local matching: 50
PnP pairs 2D shape: (11358, 2) 3D shape: (11358, 3)
Multiframe time (ms): 1271
Floorplan Pose (x, y, angle): {'xy': array([2153.36988392, 1435.73176853]), 'ang': 81.77022263932976}
Best map key: ('Mahidol_University', 'ICT', '1.1_AnyLoc')
Number of candidates after local matching: 40
PnP pairs 2D shape: (4898, 2) 3D shape: (4898, 3)
Multiframe time (ms): 318
Floorplan Pose (x, y, angle): {'xy': array([1696.34581605, 1336.05525075]), 'ang': 353.39086530879644}
Best map key: ('Mahidol_University', 'ICT', '1.1_AnyLoc')
Number of candidates after local matching: 38
PnP pairs 2D shape: (3113, 2) 3D shape: (3113, 3)
Multiframe time (ms): 176
Floorplan Pose (x, y, angle): {'xy': array([ 803.47578582, 1164.10008606]), 'ang': 195.72868459989036}
Best map key: ('Mahidol_University', 'ICT', '1.1_AnyLoc')
Number of candidates after local matching: 49
PnP pairs 2D shape: (5194, 2) 3D shape: (5194, 3)
Multiframe time (ms): 338
Floorplan Pose (x, y, angle): {'xy': array([1776.71483828, 1336.80856075]), 'ang': 173.13756740194938}
Best map key: ('Mahidol_University', 'ICT', '1.1_AnyLoc')
Number of candidates after local matching: 46
PnP pairs 2D shape: (6481, 2) 3D shape: (6481, 3)
Multiframe time (ms): 468
Floorplan Pose (x, y, angle): {'xy': array([1622.89042965, 1337.10334155]), 'ang': 11.040284111407649}
Best map key: ('Mahidol_University', 'ICT', '1.1_AnyLoc')
Number of candidates after local matching: 50
PnP pairs 2D shape: (13362, 2) 3D shape: (13362, 3)
Multiframe time (ms): 1001
Floorplan Pose (x, y, angle): {'xy': array([2114.43322257, 1384.37848776]), 'ang': 69.46913634884366}
Best map key: ('Mahidol_University', 'ICT', '1.1_AnyLoc')
Number of candidates after local matching: 38
PnP pairs 2D shape: (2933, 2) 3D shape: (2933, 3)
Multiframe time (ms): 221
Floorplan Pose (x, y, angle): {'xy': array([ 810.27377768, 1270.15708348]), 'ang': 92.79564777500104}
Best map key: ('Mahidol_University', 'ICT', '1.1_AnyLoc')
Number of candidates after local matching: 41
PnP pairs 2D shape: (5021, 2) 3D shape: (5021, 3)
Multiframe time (ms): 412
Floorplan Pose (x, y, angle): {'xy': array([ 986.72612232, 1353.66761272]), 'ang': 5.663836790560297}
Best map key: ('Mahidol_University', 'ICT', '1.1_AnyLoc')
Number of candidates after local matching: 48
PnP pairs 2D shape: (5160, 2) 3D shape: (5160, 3)
Multiframe time (ms): 435
Floorplan Pose (x, y, angle): {'xy': array([1817.53307996, 1332.20948895]), 'ang': 176.50873819517062}
Best map key: ('Mahidol_University', 'ICT', '1.1_AnyLoc')
Number of candidates after local matching: 13
PnP pairs 2D shape: (842, 2) 3D shape: (842, 3)
Multiframe time (ms): 57
Floorplan Pose (x, y, angle): {'xy': array([1902.90886858, 1338.393366  ]), 'ang': 231.92783998352925}
Best map key: ('Mahidol_University', 'ICT', '1.1_AnyLoc')
Number of candidates after local matching: 50
PnP pairs 2D shape: (16424, 2) 3D shape: (16424, 3)
Multiframe time (ms): 1169
Floorplan Pose (x, y, angle): {'xy': array([1482.35134166, 1555.99397579]), 'ang': 55.12735685805958}
Best map key: ('Mahidol_University', 'ICT', '1.1_AnyLoc')
Number of candidates after local matching: 33
PnP pairs 2D shape: (3321, 2) 3D shape: (3321, 3)
Multiframe time (ms): 235
Floorplan Pose (x, y, angle): {'xy': array([2629.76325706, 1807.27116133]), 'ang': 358.8299355636514}
Best map key: ('Mahidol_University', 'ICT', '1.1_AnyLoc')
Number of candidates after local matching: 46
PnP pairs 2D shape: (6675, 2) 3D shape: (6675, 3)
Multiframe time (ms): 629
Floorplan Pose (x, y, angle): {'xy': array([1365.27076085, 1338.743755  ]), 'ang': 24.636200914755864}
Best map key: ('Mahidol_University', 'ICT', '1.1_AnyLoc')
Number of candidates after local matching: 50
PnP pairs 2D shape: (12472, 2) 3D shape: (12472, 3)
Multiframe time (ms): 1233
Floorplan Pose (x, y, angle): {'xy': array([2230.77757495, 1579.25789122]), 'ang': 170.00529411454426}
Best map key: ('Mahidol_University', 'ICT', '1.1_AnyLoc')
Number of candidates after local matching: 50
PnP pairs 2D shape: (7955, 2) 3D shape: (7955, 3)
Multiframe time (ms): 436
Floorplan Pose (x, y, angle): {'xy': array([2016.36381192, 1133.85387926]), 'ang': 358.92207576066284}
Best map key: ('Mahidol_University', 'ICT', '1.1_AnyLoc')
Number of candidates after local matching: 50
PnP pairs 2D shape: (8800, 2) 3D shape: (8800, 3)
Multiframe time (ms): 874
Floorplan Pose (x, y, angle): {'xy': array([2252.29488182, 1607.3789828 ]), 'ang': 144.63478083133722}
Best map key: ('Mahidol_University', 'ICT', '1.1_AnyLoc')
Number of candidates after local matching: 49
PnP pairs 2D shape: (5210, 2) 3D shape: (5210, 3)
Multiframe time (ms): 284
Floorplan Pose (x, y, angle): {'xy': array([ 780.52432818, 1221.07147666]), 'ang': 271.81015284428906}
Best map key: ('Mahidol_University', 'ICT', '1.1_AnyLoc')
Number of candidates after local matching: 48
PnP pairs 2D shape: (6092, 2) 3D shape: (6092, 3)
Multiframe time (ms): 458
Floorplan Pose (x, y, angle): {'xy': array([2022.68780715, 1319.5310513 ]), 'ang': 194.16622486376625}
Best map key: ('Mahidol_University', 'ICT', '1.1_AnyLoc')
Number of candidates after local matching: 50
PnP pairs 2D shape: (9720, 2) 3D shape: (9720, 3)
Multiframe time (ms): 862
Floorplan Pose (x, y, angle): {'xy': array([2079.77647883, 1176.79457914]), 'ang': 84.50157575847875}
Best map key: ('Mahidol_University', 'ICT', '1.1_AnyLoc')
Number of candidates after local matching: 50
PnP pairs 2D shape: (6644, 2) 3D shape: (6644, 3)
Multiframe time (ms): 425
Floorplan Pose (x, y, angle): {'xy': array([2081.22955493, 1171.42801637]), 'ang': 163.74491319488484}
Best map key: ('Mahidol_University', 'ICT', '1.1_AnyLoc')
Number of candidates after local matching: 45
PnP pairs 2D shape: (4531, 2) 3D shape: (4531, 3)
Multiframe time (ms): 280
Floorplan Pose (x, y, angle): {'xy': array([ 925.64529786, 1354.52326779]), 'ang': 186.4136469020821}
Best map key: ('Mahidol_University', 'ICT', '1.1_AnyLoc')
Number of candidates after local matching: 50
PnP pairs 2D shape: (4849, 2) 3D shape: (4849, 3)
Multiframe time (ms): 449
Floorplan Pose (x, y, angle): {'xy': array([2087.90592926,  690.49656932]), 'ang': 203.44099825099693}
Best map key: ('Mahidol_University', 'ICT', '1.1_AnyLoc')
Number of candidates after local matching: 34
PnP pairs 2D shape: (2561, 2) 3D shape: (2561, 3)
Multiframe time (ms): 201
Floorplan Pose (x, y, angle): {'xy': array([1103.84246277, 1340.6785509 ]), 'ang': 59.33323508358886}
Best map key: ('Mahidol_University', 'ICT', '1.1_AnyLoc')
Number of candidates after local matching: 50
PnP pairs 2D shape: (6067, 2) 3D shape: (6067, 3)
Multiframe time (ms): 556
Floorplan Pose (x, y, angle): {'xy': array([1058.01872009, 1356.02468356]), 'ang': 62.48932344577792}
Best map key: ('Mahidol_University', 'ICT', '1.1_AnyLoc')
Number of candidates after local matching: 50
PnP pairs 2D shape: (13679, 2) 3D shape: (13679, 3)
Multiframe time (ms): 1349
Floorplan Pose (x, y, angle): {'xy': array([2124.57886598, 1434.95196314]), 'ang': 43.691728511794274}
Best map key: ('Mahidol_University', 'ICT', '1.1_AnyLoc')
Number of candidates after local matching: 50
PnP pairs 2D shape: (8185, 2) 3D shape: (8185, 3)
Multiframe time (ms): 581
Floorplan Pose (x, y, angle): {'xy': array([1976.95373508, 1332.17948402]), 'ang': 286.1641204120468}
Best map key: ('Mahidol_University', 'ICT', '1.1_AnyLoc')
Number of candidates after local matching: 50
PnP pairs 2D shape: (7816, 2) 3D shape: (7816, 3)
Multiframe time (ms): 734
Floorplan Pose (x, y, angle): {'xy': array([2106.47767224, 1379.89694665]), 'ang': 275.21358422683716}
Best map key: ('Mahidol_University', 'ICT', '1.1_AnyLoc')
Number of candidates after local matching: 11
PnP pairs 2D shape: (781, 2) 3D shape: (781, 3)
Multiframe time (ms): 45
Floorplan Pose (x, y, angle): {'xy': array([1216.17932548, 1343.18317235]), 'ang': 311.96803928192855}
Best map key: ('Mahidol_University', 'ICT', '1.1_AnyLoc')
Number of candidates after local matching: 50
PnP pairs 2D shape: (4764, 2) 3D shape: (4764, 3)
Multiframe time (ms): 304
Floorplan Pose (x, y, angle): {'xy': array([2041.98463421,  672.05927809]), 'ang': 135.4557926439975}
Best map key: ('Mahidol_University', 'ICT', '1.1_AnyLoc')
Number of candidates after local matching: 41
PnP pairs 2D shape: (3826, 2) 3D shape: (3826, 3)
Multiframe time (ms): 258
Floorplan Pose (x, y, angle): {'xy': array([2035.41749319,  654.66527519]), 'ang': 231.55394009089264}
Best map key: ('Mahidol_University', 'ICT', '1.1_AnyLoc')
Number of candidates after local matching: 47
PnP pairs 2D shape: (5879, 2) 3D shape: (5879, 3)
Multiframe time (ms): 554
Floorplan Pose (x, y, angle): {'xy': array([1796.35908038, 1333.30232005]), 'ang': 352.2764706263645}
Best map key: ('Mahidol_University', 'ICT', '1.1_AnyLoc')
Number of candidates after local matching: 3
PnP pairs 2D shape: (245, 2) 3D shape: (245, 3)
Multiframe time (ms): 32
Floorplan Pose (x, y, angle): {'xy': array([1698.71776034, 1337.11705026]), 'ang': 226.06870707431048}
Best map key: ('Mahidol_University', 'ICT', '1.1_AnyLoc')
Number of candidates after local matching: 50
PnP pairs 2D shape: (7325, 2) 3D shape: (7325, 3)
Multiframe time (ms): 624
Floorplan Pose (x, y, angle): {'xy': array([2634.65916317, 1800.85768626]), 'ang': 280.1352306042008}
Best map key: ('Mahidol_University', 'ICT', '1.1_AnyLoc')
Number of candidates after local matching: 50
PnP pairs 2D shape: (5110, 2) 3D shape: (5110, 3)
Multiframe time (ms): 227
Floorplan Pose (x, y, angle): {'xy': array([2047.0448448,  852.0217548]), 'ang': 317.52252971644344}
Best map key: ('Mahidol_University', 'ICT', '1.1_AnyLoc')
Number of candidates after local matching: 50
PnP pairs 2D shape: (12359, 2) 3D shape: (12359, 3)
Multiframe time (ms): 1181
Floorplan Pose (x, y, angle): {'xy': array([1779.42437378, 1857.64364997]), 'ang': 194.87672518749287}
Best map key: ('Mahidol_University', 'ICT', '1.1_AnyLoc')
Number of candidates after local matching: 50
PnP pairs 2D shape: (9362, 2) 3D shape: (9362, 3)
Multiframe time (ms): 764
Floorplan Pose (x, y, angle): {'xy': array([2105.33810632, 1695.71034283]), 'ang': 26.942510232536698}
Best map key: ('Mahidol_University', 'ICT', '1.1_AnyLoc')
Number of candidates after local matching: 50
PnP pairs 2D shape: (6894, 2) 3D shape: (6894, 3)
Multiframe time (ms): 370
Floorplan Pose (x, y, angle): {'xy': array([2226.52764275, 1682.54044786]), 'ang': 119.21523765214647}
Best map key: ('Mahidol_University', 'ICT', '1.1_AnyLoc')
Number of candidates after local matching: 50
PnP pairs 2D shape: (4918, 2) 3D shape: (4918, 3)
Multiframe time (ms): 354
Floorplan Pose (x, y, angle): {'xy': array([1503.27757652, 1763.57203486]), 'ang': 121.48008764871302}
Best map key: ('Mahidol_University', 'ICT', '1.1_AnyLoc')
Number of candidates after local matching: 50
PnP pairs 2D shape: (10410, 2) 3D shape: (10410, 3)
Multiframe time (ms): 702
Floorplan Pose (x, y, angle): {'xy': array([1997.20555019, 1706.74310789]), 'ang': 126.05783615824862}
Best map key: ('Mahidol_University', 'ICT', '1.1_AnyLoc')
Number of candidates after local matching: 48
PnP pairs 2D shape: (6531, 2) 3D shape: (6531, 3)
Multiframe time (ms): 474
Floorplan Pose (x, y, angle): {'xy': array([2582.68845966, 1677.15961985]), 'ang': 274.8664002404164}
Best map key: ('Mahidol_University', 'ICT', '1.1_AnyLoc')
Number of candidates after local matching: 50
PnP pairs 2D shape: (5797, 2) 3D shape: (5797, 3)
Multiframe time (ms): 409
Floorplan Pose (x, y, angle): {'xy': array([2050.87038705,  645.53785569]), 'ang': 172.52658827579918}
Best map key: ('Mahidol_University', 'ICT', '1.1_AnyLoc')
Number of candidates after local matching: 18
PnP pairs 2D shape: (1519, 2) 3D shape: (1519, 3)
Multiframe time (ms): 123
Floorplan Pose (x, y, angle): {'xy': array([1338.23508296, 1410.70701043]), 'ang': 151.72760104875724}
Best map key: ('Mahidol_University', 'ICT', '1.1_AnyLoc')
Number of candidates after local matching: 50
PnP pairs 2D shape: (11322, 2) 3D shape: (11322, 3)
Multiframe time (ms): 1062
Floorplan Pose (x, y, angle): {'xy': array([2112.53364811, 1414.58696773]), 'ang': 73.61966169672208}
Best map key: ('Mahidol_University', 'ICT', '1.1_AnyLoc')
Number of candidates after local matching: 44
PnP pairs 2D shape: (3945, 2) 3D shape: (3945, 3)
Multiframe time (ms): 296
Floorplan Pose (x, y, angle): {'xy': array([2036.32003603,  687.23801048]), 'ang': 230.2719850088953}
Best map key: ('Mahidol_University', 'ICT', '1.1_AnyLoc')
Number of candidates after local matching: 42
PnP pairs 2D shape: (3486, 2) 3D shape: (3486, 3)
Multiframe time (ms): 299
Floorplan Pose (x, y, angle): {'xy': array([1321.62812478, 1386.02923142]), 'ang': 356.4528050019906}
Best map key: ('Mahidol_University', 'ICT', '1.1_AnyLoc')
Number of candidates after local matching: 50
PnP pairs 2D shape: (6520, 2) 3D shape: (6520, 3)
Multiframe time (ms): 339
Floorplan Pose (x, y, angle): {'xy': array([2036.94090165,  995.13375978]), 'ang': 274.31575015134206}
Best map key: ('Mahidol_University', 'ICT', '1.1_AnyLoc')
Number of candidates after local matching: 49
PnP pairs 2D shape: (4736, 2) 3D shape: (4736, 3)
Multiframe time (ms): 428
Floorplan Pose (x, y, angle): {'xy': array([1501.19336013, 1789.97187081]), 'ang': 120.705852300624}
Best map key: ('Mahidol_University', 'ICT', '1.1_AnyLoc')
Number of candidates after local matching: 50
PnP pairs 2D shape: (8414, 2) 3D shape: (8414, 3)
Multiframe time (ms): 379
Floorplan Pose (x, y, angle): {'xy': array([2040.60708805,  905.19678264]), 'ang': 18.07603246106306}
Best map key: ('Mahidol_University', 'ICT', '1.1_AnyLoc')
Number of candidates after local matching: 50
PnP pairs 2D shape: (9567, 2) 3D shape: (9567, 3)
Multiframe time (ms): 659
Floorplan Pose (x, y, angle): {'xy': array([2079.46117292, 1150.96490628]), 'ang': 83.9296271641774}
Best map key: ('Mahidol_University', 'ICT', '1.1_AnyLoc')
Number of candidates after local matching: 50
PnP pairs 2D shape: (5543, 2) 3D shape: (5543, 3)
Multiframe time (ms): 347
Floorplan Pose (x, y, angle): {'xy': array([1797.49037552, 1332.25710541]), 'ang': 110.74595028763852}
Best map key: ('Mahidol_University', 'ICT', '1.1_AnyLoc')
Number of candidates after local matching: 2
PnP pairs 2D shape: (152, 2) 3D shape: (152, 3)
Multiframe time (ms): 20
Floorplan Pose (x, y, angle): {'xy': array([ 814.93356848, 1241.75790789]), 'ang': 320.5357785745217}
Best map key: ('Mahidol_University', 'ICT', '1.1_AnyLoc')
Number of candidates after local matching: 7
PnP pairs 2D shape: (483, 2) 3D shape: (483, 3)
Multiframe time (ms): 31
Floorplan Pose (x, y, angle): {'xy': array([1206.8166771 , 1356.17659886]), 'ang': 256.34549259442343}
Best map key: ('Mahidol_University', 'ICT', '1.1_AnyLoc')
Number of candidates after local matching: 50
PnP pairs 2D shape: (9185, 2) 3D shape: (9185, 3)
Multiframe time (ms): 852
Floorplan Pose (x, y, angle): {'xy': array([2030.43103587, 1102.80607373]), 'ang': 94.08406763716894}
Best map key: ('Mahidol_University', 'ICT', '1.1_AnyLoc')
Number of candidates after local matching: 50
PnP pairs 2D shape: (13431, 2) 3D shape: (13431, 3)
Multiframe time (ms): 973
Floorplan Pose (x, y, angle): {'xy': array([2168.59520464, 1457.8221542 ]), 'ang': 110.60303263749327}
Best map key: ('Mahidol_University', 'ICT', '1.1_AnyLoc')
Number of candidates after local matching: 37
PnP pairs 2D shape: (4244, 2) 3D shape: (4244, 3)
Multiframe time (ms): 395
Floorplan Pose (x, y, angle): {'xy': array([1543.411763  , 1337.16687579]), 'ang': 94.92321991687514}
Best map key: ('Mahidol_University', 'ICT', '1.1_AnyLoc')
Number of candidates after local matching: 50
PnP pairs 2D shape: (8664, 2) 3D shape: (8664, 3)
Multiframe time (ms): 648
Floorplan Pose (x, y, angle): {'xy': array([1786.64646469, 1860.10129623]), 'ang': 64.44279149254237}
Best map key: ('Mahidol_University', 'ICT', '1.1_AnyLoc')
Number of candidates after local matching: 50
PnP pairs 2D shape: (8864, 2) 3D shape: (8864, 3)
Multiframe time (ms): 669
Floorplan Pose (x, y, angle): {'xy': array([2578.29518255, 1814.14350708]), 'ang': 330.70629236625314}
Best map key: ('Mahidol_University', 'ICT', '1.1_AnyLoc')
Number of candidates after local matching: 50
PnP pairs 2D shape: (12399, 2) 3D shape: (12399, 3)
Multiframe time (ms): 860
Floorplan Pose (x, y, angle): {'xy': array([2235.12671548, 1688.13311731]), 'ang': 196.234522532957}
Best map key: ('Mahidol_University', 'ICT', '1.1_AnyLoc')
Number of candidates after local matching: 50
PnP pairs 2D shape: (10466, 2) 3D shape: (10466, 3)
Multiframe time (ms): 707
Floorplan Pose (x, y, angle): {'xy': array([2437.97134925, 1784.61733731]), 'ang': 338.95229949854183}
Best map key: ('Mahidol_University', 'ICT', '1.1_AnyLoc')
Number of candidates after local matching: 49
PnP pairs 2D shape: (4713, 2) 3D shape: (4713, 3)
Multiframe time (ms): 331
Floorplan Pose (x, y, angle): {'xy': array([1319.14717897, 1365.04324629]), 'ang': 3.2242251521526293}
Best map key: None
Number of candidates after local matching: 0
PnP pairs 2D shape: (0, 2) 3D shape: (0, 3)
Multiframe time (ms): 0
Not enough 2D-3D correspondences for pose estimation.
Best map key: ('Mahidol_University', 'ICT', '1.1_AnyLoc')
Number of candidates after local matching: 42
PnP pairs 2D shape: (3898, 2) 3D shape: (3898, 3)
Multiframe time (ms): 667
Floorplan Pose (x, y, angle): {'xy': array([ 779.51483736, 1219.4833295 ]), 'ang': 309.67037171942775}
Best map key: ('Mahidol_University', 'ICT', '1.1_AnyLoc')
Number of candidates after local matching: 48
PnP pairs 2D shape: (4040, 2) 3D shape: (4040, 3)
Multiframe time (ms): 221
Floorplan Pose (x, y, angle): {'xy': array([2010.42434819, 1106.06887537]), 'ang': 180.99413904155514}
Best map key: ('Mahidol_University', 'ICT', '1.1_AnyLoc')
Number of candidates after local matching: 40
PnP pairs 2D shape: (3640, 2) 3D shape: (3640, 3)
Multiframe time (ms): 431
Floorplan Pose (x, y, angle): {'xy': array([2047.063661  ,  639.16132908]), 'ang': 230.3522301651649}
Best map key: ('Mahidol_University', 'ICT', '1.1_AnyLoc')
Number of candidates after local matching: 43
PnP pairs 2D shape: (5372, 2) 3D shape: (5372, 3)
Multiframe time (ms): 484
Floorplan Pose (x, y, angle): {'xy': array([1570.04325907, 1339.15891721]), 'ang': 113.70870333071271}
Best map key: ('Mahidol_University', 'ICT', '1.1_AnyLoc')
Number of candidates after local matching: 50
PnP pairs 2D shape: (8614, 2) 3D shape: (8614, 3)
Multiframe time (ms): 842
Floorplan Pose (x, y, angle): {'xy': array([1722.26450781, 1330.45960878]), 'ang': 70.62417472224843}
Best map key: ('Mahidol_University', 'ICT', '1.1_AnyLoc')
Number of candidates after local matching: 50
PnP pairs 2D shape: (10104, 2) 3D shape: (10104, 3)
Multiframe time (ms): 670
Floorplan Pose (x, y, angle): {'xy': array([2008.77707097, 1311.11342863]), 'ang': 82.66176971806948}
Best map key: ('Mahidol_University', 'ICT', '1.1_AnyLoc')
Number of candidates after local matching: 50
PnP pairs 2D shape: (4984, 2) 3D shape: (4984, 3)
Multiframe time (ms): 287
Floorplan Pose (x, y, angle): {'xy': array([2086.44343005,  732.11040835]), 'ang': 205.6218339964451}
Best map key: ('Mahidol_University', 'ICT', '1.1_AnyLoc')
Number of candidates after local matching: 50
PnP pairs 2D shape: (5997, 2) 3D shape: (5997, 3)
Multiframe time (ms): 523
Floorplan Pose (x, y, angle): {'xy': array([2060.08848212,  773.78312113]), 'ang': 116.64674597073099}
Best map key: ('Mahidol_University', 'ICT', '1.1_AnyLoc')
Number of candidates after local matching: 50
PnP pairs 2D shape: (5305, 2) 3D shape: (5305, 3)
Multiframe time (ms): 340
Floorplan Pose (x, y, angle): {'xy': array([2016.5583128 , 1020.11242845]), 'ang': 156.59247772894176}
Best map key: ('Mahidol_University', 'ICT', '1.1_AnyLoc')
Number of candidates after local matching: 33
PnP pairs 2D shape: (4128, 2) 3D shape: (4128, 3)
Multiframe time (ms): 423
Floorplan Pose (x, y, angle): {'xy': array([1516.62060381, 1338.66095952]), 'ang': 6.994664816357306}
Best map key: ('Mahidol_University', 'ICT', '1.1_AnyLoc')
Number of candidates after local matching: 49
PnP pairs 2D shape: (5786, 2) 3D shape: (5786, 3)
Multiframe time (ms): 364
Floorplan Pose (x, y, angle): {'xy': array([2069.54132012,  860.94326075]), 'ang': 241.34788477382148}
Best map key: ('Mahidol_University', 'ICT', '1.1_AnyLoc')
Number of candidates after local matching: 50
PnP pairs 2D shape: (11758, 2) 3D shape: (11758, 3)
Multiframe time (ms): 995
Floorplan Pose (x, y, angle): {'xy': array([1591.70902712, 1865.98077031]), 'ang': 269.4887837549994}
Best map key: ('Mahidol_University', 'ICT', '1.1_AnyLoc')
Number of candidates after local matching: 12
PnP pairs 2D shape: (824, 2) 3D shape: (824, 3)
Multiframe time (ms): 86
Floorplan Pose (x, y, angle): {'xy': array([ 790.77279883, 1337.07437522]), 'ang': 193.1047145409274}
Best map key: ('Mahidol_University', 'ICT', '1.1_AnyLoc')
Number of candidates after local matching: 50
PnP pairs 2D shape: (7896, 2) 3D shape: (7896, 3)
Multiframe time (ms): 476
Floorplan Pose (x, y, angle): {'xy': array([1795.06008672, 1829.46885928]), 'ang': 91.6877181156656}
Best map key: ('Mahidol_University', 'ICT', '1.1_AnyLoc')
Number of candidates after local matching: 50
PnP pairs 2D shape: (6751, 2) 3D shape: (6751, 3)
Multiframe time (ms): 635
Floorplan Pose (x, y, angle): {'xy': array([2083.90825199, 1004.73341418]), 'ang': 206.20928909083767}
Best map key: ('Mahidol_University', 'ICT', '1.1_AnyLoc')
Number of candidates after local matching: 50
PnP pairs 2D shape: (11351, 2) 3D shape: (11351, 3)
Multiframe time (ms): 794
Floorplan Pose (x, y, angle): {'xy': array([2113.00765116, 1383.86618278]), 'ang': 33.07864472494799}
Best map key: ('Mahidol_University', 'ICT', '1.1_AnyLoc')
Number of candidates after local matching: 44
PnP pairs 2D shape: (4449, 2) 3D shape: (4449, 3)
Multiframe time (ms): 273
Floorplan Pose (x, y, angle): {'xy': array([2084.77586071,  736.74280966]), 'ang': 281.4839376227439}
Best map key: ('Mahidol_University', 'ICT', '1.1_AnyLoc')
Number of candidates after local matching: 50
PnP pairs 2D shape: (10522, 2) 3D shape: (10522, 3)
Multiframe time (ms): 1466
Floorplan Pose (x, y, angle): {'xy': array([2639.35199681, 1788.48327629]), 'ang': 84.42851274924037}
Best map key: ('Mahidol_University', 'ICT', '1.1_AnyLoc')
Number of candidates after local matching: 50
PnP pairs 2D shape: (6900, 2) 3D shape: (6900, 3)
Multiframe time (ms): 430
Floorplan Pose (x, y, angle): {'xy': array([2106.12708713, 1351.10554805]), 'ang': 39.40052443235299}
Best map key: ('Mahidol_University', 'ICT', '1.1_AnyLoc')
Number of candidates after local matching: 50
PnP pairs 2D shape: (9887, 2) 3D shape: (9887, 3)
Multiframe time (ms): 1210
Floorplan Pose (x, y, angle): {'xy': array([2081.50898222, 1205.94741641]), 'ang': 80.99605576759014}
Best map key: ('Mahidol_University', 'ICT', '1.1_AnyLoc')
Number of candidates after local matching: 50
PnP pairs 2D shape: (8977, 2) 3D shape: (8977, 3)
Multiframe time (ms): 700
Floorplan Pose (x, y, angle): {'xy': array([1948.79666879, 1335.75399338]), 'ang': 33.29297835277096}
Best map key: ('Mahidol_University', 'ICT', '1.1_AnyLoc')
Number of candidates after local matching: 50
PnP pairs 2D shape: (16058, 2) 3D shape: (16058, 3)
Multiframe time (ms): 1357
Floorplan Pose (x, y, angle): {'xy': array([1490.06537448, 1582.35901481]), 'ang': 60.45597479504365}
Best map key: ('Mahidol_University', 'ICT', '1.1_AnyLoc')
Number of candidates after local matching: 50
PnP pairs 2D shape: (17649, 2) 3D shape: (17649, 3)
Multiframe time (ms): 1129
Floorplan Pose (x, y, angle): {'xy': array([1501.00260028, 1797.33758982]), 'ang': 7.336994329432379}
Best map key: ('Mahidol_University', 'ICT', '1.1_AnyLoc')
Number of candidates after local matching: 50
PnP pairs 2D shape: (9986, 2) 3D shape: (9986, 3)
Multiframe time (ms): 916
Floorplan Pose (x, y, angle): {'xy': array([2020.53602034,  936.44089584]), 'ang': 78.90065427213996}
Best map key: ('Mahidol_University', 'ICT', '1.1_AnyLoc')
Number of candidates after local matching: 50
PnP pairs 2D shape: (18327, 2) 3D shape: (18327, 3)
Multiframe time (ms): 1539
Floorplan Pose (x, y, angle): {'xy': array([1634.75307744, 1869.76999256]), 'ang': 334.6842180510543}
Best map key: ('Mahidol_University', 'ICT', '1.1_AnyLoc')
Number of candidates after local matching: 44
PnP pairs 2D shape: (4023, 2) 3D shape: (4023, 3)
Multiframe time (ms): 293
Floorplan Pose (x, y, angle): {'xy': array([1390.94898872, 1338.42285274]), 'ang': 182.78019119671833}
Best map key: ('Mahidol_University', 'ICT', '1.1_AnyLoc')
Number of candidates after local matching: 50
PnP pairs 2D shape: (9153, 2) 3D shape: (9153, 3)
Multiframe time (ms): 1003
Floorplan Pose (x, y, angle): {'xy': array([2124.9809171 , 1410.11957369]), 'ang': 352.48447856464145}
Best map key: ('Mahidol_University', 'ICT', '1.1_AnyLoc')
Number of candidates after local matching: 45
PnP pairs 2D shape: (9809, 2) 3D shape: (9809, 3)
Multiframe time (ms): 648
Floorplan Pose (x, y, angle): {'xy': array([1877.9880681 , 1733.59957514]), 'ang': 309.5895809957347}
Best map key: ('Mahidol_University', 'ICT', '1.1_AnyLoc')
Number of candidates after local matching: 48
PnP pairs 2D shape: (9156, 2) 3D shape: (9156, 3)
Multiframe time (ms): 538
Floorplan Pose (x, y, angle): {'xy': array([2231.8023212 , 1601.08097516]), 'ang': 247.091750224045}
Best map key: ('Mahidol_University', 'ICT', '1.1_AnyLoc')
Number of candidates after local matching: 49
PnP pairs 2D shape: (7320, 2) 3D shape: (7320, 3)
Multiframe time (ms): 404
Floorplan Pose (x, y, angle): {'xy': array([2092.59077477, 1312.30843904]), 'ang': 200.6070714465448}
Best map key: ('Mahidol_University', 'ICT', '1.1_AnyLoc')
Number of candidates after local matching: 10
PnP pairs 2D shape: (819, 2) 3D shape: (819, 3)
Multiframe time (ms): 68
Floorplan Pose (x, y, angle): {'xy': array([1903.90250667, 1334.89082368]), 'ang': 262.00335253258817}
Best map key: ('Mahidol_University', 'ICT', '1.1_AnyLoc')
Number of candidates after local matching: 41
PnP pairs 2D shape: (5036, 2) 3D shape: (5036, 3)
Multiframe time (ms): 347
Floorplan Pose (x, y, angle): {'xy': array([2074.15840637,  708.61615199]), 'ang': 302.26373538939345}
Best map key: ('Mahidol_University', 'ICT', '1.1_AnyLoc')
Number of candidates after local matching: 50
PnP pairs 2D shape: (5070, 2) 3D shape: (5070, 3)
Multiframe time (ms): 318
Floorplan Pose (x, y, angle): {'xy': array([ 773.79708238, 1249.82879542]), 'ang': 299.97221336603104}
Best map key: ('Mahidol_University', 'ICT', '1.1_AnyLoc')
Number of candidates after local matching: 50
PnP pairs 2D shape: (6395, 2) 3D shape: (6395, 3)
Multiframe time (ms): 468
Floorplan Pose (x, y, angle): {'xy': array([2000.27945837, 1323.61972003]), 'ang': 252.89255770450058}
Best map key: ('Mahidol_University', 'ICT', '1.1_AnyLoc')
Number of candidates after local matching: 41
PnP pairs 2D shape: (4440, 2) 3D shape: (4440, 3)
Multiframe time (ms): 318
Floorplan Pose (x, y, angle): {'xy': array([2085.92509108,  712.9532822 ]), 'ang': 296.9082177975463}
Best map key: ('Mahidol_University', 'ICT', '1.1_AnyLoc')
Number of candidates after local matching: 50
PnP pairs 2D shape: (8334, 2) 3D shape: (8334, 3)
Multiframe time (ms): 690
Floorplan Pose (x, y, angle): {'xy': array([2229.61464266, 1521.07646248]), 'ang': 243.12628783354387}
Best map key: ('Mahidol_University', 'ICT', '1.1_AnyLoc')
Number of candidates after local matching: 45
PnP pairs 2D shape: (3836, 2) 3D shape: (3836, 3)
Multiframe time (ms): 212
Floorplan Pose (x, y, angle): {'xy': array([ 761.55351942, 1196.38712104]), 'ang': 249.23765047380056}
Best map key: ('Mahidol_University', 'ICT', '1.1_AnyLoc')
Number of candidates after local matching: 31
PnP pairs 2D shape: (2993, 2) 3D shape: (2993, 3)
Multiframe time (ms): 223
Floorplan Pose (x, y, angle): {'xy': array([ 787.05270244, 1176.20856675]), 'ang': 347.3375798138654}
Best map key: ('Mahidol_University', 'ICT', '1.1_AnyLoc')
Number of candidates after local matching: 26
PnP pairs 2D shape: (1809, 2) 3D shape: (1809, 3)
Multiframe time (ms): 145
Floorplan Pose (x, y, angle): {'xy': array([ 784.72821856, 1164.25455071]), 'ang': 304.65099065064874}
Best map key: ('Mahidol_University', 'ICT', '1.1_AnyLoc')
Number of candidates after local matching: 35
PnP pairs 2D shape: (2564, 2) 3D shape: (2564, 3)
Multiframe time (ms): 166
Floorplan Pose (x, y, angle): {'xy': array([ 904.06682789, 1356.70010575]), 'ang': 316.97576560202765}
Best map key: ('Mahidol_University', 'ICT', '1.1_AnyLoc')
Number of candidates after local matching: 40
PnP pairs 2D shape: (4632, 2) 3D shape: (4632, 3)
Multiframe time (ms): 273
Floorplan Pose (x, y, angle): {'xy': array([1544.57054609, 1338.77144732]), 'ang': 112.27623489173304}
Best map key: ('Mahidol_University', 'ICT', '1.1_AnyLoc')
Number of candidates after local matching: 46
PnP pairs 2D shape: (6194, 2) 3D shape: (6194, 3)
Multiframe time (ms): 346
Floorplan Pose (x, y, angle): {'xy': array([1671.83283437, 1338.49619945]), 'ang': 149.8453675967887}
Best map key: ('Mahidol_University', 'ICT', '1.1_AnyLoc')
Number of candidates after local matching: 37
PnP pairs 2D shape: (2802, 2) 3D shape: (2802, 3)
Multiframe time (ms): 289
Floorplan Pose (x, y, angle): {'xy': array([ 772.87725921, 1249.00636508]), 'ang': 217.17792258524574}
Best map key: ('Mahidol_University', 'ICT', '1.1_AnyLoc')
Number of candidates after local matching: 45
PnP pairs 2D shape: (4501, 2) 3D shape: (4501, 3)
Multiframe time (ms): 199
Floorplan Pose (x, y, angle): {'xy': array([2073.3809346 ,  864.32551517]), 'ang': 303.50597021012555}
Best map key: ('Mahidol_University', 'ICT', '1.1_AnyLoc')
Number of candidates after local matching: 50
PnP pairs 2D shape: (16086, 2) 3D shape: (16086, 3)
Multiframe time (ms): 1424
Floorplan Pose (x, y, angle): {'xy': array([2471.94115204, 1684.49882828]), 'ang': 173.64223845727702}
Best map key: ('Mahidol_University', 'ICT', '1.1_AnyLoc')
Number of candidates after local matching: 4
PnP pairs 2D shape: (258, 2) 3D shape: (258, 3)
Multiframe time (ms): 29
Floorplan Pose (x, y, angle): {'xy': array([1695.59062715, 1331.29534795]), 'ang': 310.2997243773755}
Best map key: ('Mahidol_University', 'ICT', '1.1_AnyLoc')
Number of candidates after local matching: 41
PnP pairs 2D shape: (4977, 2) 3D shape: (4977, 3)
Multiframe time (ms): 299
Floorplan Pose (x, y, angle): {'xy': array([1976.06338345, 1334.52857444]), 'ang': 182.64657499379703}
Best map key: ('Mahidol_University', 'ICT', '1.1_AnyLoc')
Number of candidates after local matching: 47
PnP pairs 2D shape: (4294, 2) 3D shape: (4294, 3)
Multiframe time (ms): 325
Floorplan Pose (x, y, angle): {'xy': array([2052.61806265,  827.02605143]), 'ang': 318.0081486400055}
Best map key: ('Mahidol_University', 'ICT', '1.1_AnyLoc')
Number of candidates after local matching: 32
PnP pairs 2D shape: (2962, 2) 3D shape: (2962, 3)
Multiframe time (ms): 282
Floorplan Pose (x, y, angle): {'xy': array([ 794.9918739 , 1169.04920097]), 'ang': 22.44119653309503}
Best map key: ('Mahidol_University', 'ICT', '1.1_AnyLoc')
Number of candidates after local matching: 50
PnP pairs 2D shape: (9840, 2) 3D shape: (9840, 3)
Multiframe time (ms): 586
Floorplan Pose (x, y, angle): {'xy': array([2440.22974295, 1781.3117764 ]), 'ang': 257.279422420954}
Best map key: ('Mahidol_University', 'ICT', '1.1_AnyLoc')
Number of candidates after local matching: 50
PnP pairs 2D shape: (6025, 2) 3D shape: (6025, 3)
Multiframe time (ms): 431
Floorplan Pose (x, y, angle): {'xy': array([1058.28917518, 1354.15909493]), 'ang': 169.08052001982094}
Best map key: ('Mahidol_University', 'ICT', '1.1_AnyLoc')
Number of candidates after local matching: 50
PnP pairs 2D shape: (12408, 2) 3D shape: (12408, 3)
Multiframe time (ms): 954
Floorplan Pose (x, y, angle): {'xy': array([1766.73588313, 1873.92143846]), 'ang': 281.89695369240303}
Best map key: ('Mahidol_University', 'ICT', '1.1_AnyLoc')
Number of candidates after local matching: 50
PnP pairs 2D shape: (8730, 2) 3D shape: (8730, 3)
Multiframe time (ms): 484
Floorplan Pose (x, y, angle): {'xy': array([2050.03620915,  935.17286227]), 'ang': 28.465803342936944}
Best map key: ('Mahidol_University', 'ICT', '1.1_AnyLoc')
Number of candidates after local matching: 50
PnP pairs 2D shape: (13603, 2) 3D shape: (13603, 3)
Multiframe time (ms): 1150
Floorplan Pose (x, y, angle): {'xy': array([2140.03844796, 1471.92907891]), 'ang': 46.9989294379275}
Best map key: ('Mahidol_University', 'ICT', '1.1_AnyLoc')
Number of candidates after local matching: 50
PnP pairs 2D shape: (12586, 2) 3D shape: (12586, 3)
Multiframe time (ms): 948
Floorplan Pose (x, y, angle): {'xy': array([2104.94618007, 1399.95831306]), 'ang': 123.68709703547444}
Best map key: ('Mahidol_University', 'ICT', '1.1_AnyLoc')
Number of candidates after local matching: 50
PnP pairs 2D shape: (4748, 2) 3D shape: (4748, 3)
Multiframe time (ms): 516
Floorplan Pose (x, y, angle): {'xy': array([2030.19075088,  596.72606254]), 'ang': 242.86200354477728}
Best map key: ('Mahidol_University', 'ICT', '1.1_AnyLoc')
Number of candidates after local matching: 44
PnP pairs 2D shape: (3809, 2) 3D shape: (3809, 3)
Multiframe time (ms): 312
Floorplan Pose (x, y, angle): {'xy': array([2058.24214152,  717.98846443]), 'ang': 230.3371830859455}
Best map key: ('Mahidol_University', 'ICT', '1.1_AnyLoc')
Number of candidates after local matching: 50
PnP pairs 2D shape: (8039, 2) 3D shape: (8039, 3)
Multiframe time (ms): 425
Floorplan Pose (x, y, angle): {'xy': array([2102.27760994, 1322.51772628]), 'ang': 142.6759220974439}
Best map key: ('Mahidol_University', 'ICT', '1.1_AnyLoc')
Number of candidates after local matching: 50
PnP pairs 2D shape: (11180, 2) 3D shape: (11180, 3)
Multiframe time (ms): 818
Floorplan Pose (x, y, angle): {'xy': array([2236.92309287, 1572.95910996]), 'ang': 119.94413920166292}
Best map key: ('Mahidol_University', 'ICT', '1.1_AnyLoc')
Number of candidates after local matching: 47
PnP pairs 2D shape: (3831, 2) 3D shape: (3831, 3)
Multiframe time (ms): 206
Floorplan Pose (x, y, angle): {'xy': array([ 798.93044861, 1193.79251665]), 'ang': 194.1914553998927}
Best map key: ('Mahidol_University', 'ICT', '1.1_AnyLoc')
Number of candidates after local matching: 47
PnP pairs 2D shape: (4748, 2) 3D shape: (4748, 3)
Multiframe time (ms): 297
Floorplan Pose (x, y, angle): {'xy': array([1874.28985215, 1332.91297484]), 'ang': 190.4119798276422}
Best map key: ('Mahidol_University', 'ICT', '1.1_AnyLoc')
Number of candidates after local matching: 50
PnP pairs 2D shape: (8040, 2) 3D shape: (8040, 3)
Multiframe time (ms): 539
Floorplan Pose (x, y, angle): {'xy': array([2181.17874354, 1532.29294214]), 'ang': 256.4581963355537}
Best map key: ('Mahidol_University', 'ICT', '1.1_AnyLoc')
Number of candidates after local matching: 50
PnP pairs 2D shape: (6120, 2) 3D shape: (6120, 3)
Multiframe time (ms): 517
Floorplan Pose (x, y, angle): {'xy': array([2013.76567339, 1052.57329482]), 'ang': 236.3242702316079}
Best map key: ('Mahidol_University', 'ICT', '1.1_AnyLoc')
Number of candidates after local matching: 41
PnP pairs 2D shape: (3719, 2) 3D shape: (3719, 3)
Multiframe time (ms): 256
Floorplan Pose (x, y, angle): {'xy': array([ 808.27748264, 1349.53187892]), 'ang': 342.71260388923776}
Best map key: ('Mahidol_University', 'ICT', '1.1_AnyLoc')
Number of candidates after local matching: 50
PnP pairs 2D shape: (5849, 2) 3D shape: (5849, 3)
Multiframe time (ms): 443
Floorplan Pose (x, y, angle): {'xy': array([2026.73245521,  908.62455611]), 'ang': 140.51416474586077}
Best map key: ('Mahidol_University', 'ICT', '1.1_AnyLoc')
Number of candidates after local matching: 43
PnP pairs 2D shape: (4075, 2) 3D shape: (4075, 3)
Multiframe time (ms): 374
Floorplan Pose (x, y, angle): {'xy': array([2032.04739332,  744.70382683]), 'ang': 240.57212038778323}
Best map key: ('Mahidol_University', 'ICT', '1.1_AnyLoc')
Number of candidates after local matching: 50
PnP pairs 2D shape: (7851, 2) 3D shape: (7851, 3)
Multiframe time (ms): 959
Floorplan Pose (x, y, angle): {'xy': array([2049.62283574,  896.02533734]), 'ang': 107.93737147397272}
Best map key: ('Mahidol_University', 'ICT', '1.1_AnyLoc')
Number of candidates after local matching: 50
PnP pairs 2D shape: (5009, 2) 3D shape: (5009, 3)
Multiframe time (ms): 524
Floorplan Pose (x, y, angle): {'xy': array([2021.37586047,  901.47294108]), 'ang': 237.44356549594477}
Best map key: ('Mahidol_University', 'ICT', '1.1_AnyLoc')
Number of candidates after local matching: 6
PnP pairs 2D shape: (377, 2) 3D shape: (377, 3)
Multiframe time (ms): 41
Floorplan Pose (x, y, angle): {'xy': array([ 771.47064067, 1314.83231247]), 'ang': 122.30837097473899}
Best map key: ('Mahidol_University', 'ICT', '1.1_AnyLoc')
Number of candidates after local matching: 50
PnP pairs 2D shape: (7073, 2) 3D shape: (7073, 3)
Multiframe time (ms): 421
Floorplan Pose (x, y, angle): {'xy': array([2101.28967089, 1347.85063609]), 'ang': 219.84457343433016}
Best map key: ('Mahidol_University', 'ICT', '1.1_AnyLoc')
Number of candidates after local matching: 50
PnP pairs 2D shape: (8715, 2) 3D shape: (8715, 3)
Multiframe time (ms): 555
Floorplan Pose (x, y, angle): {'xy': array([1929.87857398, 1348.29162936]), 'ang': 46.709281571783144}
Best map key: ('Mahidol_University', 'ICT', '1.1_AnyLoc')
Number of candidates after local matching: 50
PnP pairs 2D shape: (8354, 2) 3D shape: (8354, 3)
Multiframe time (ms): 387
Floorplan Pose (x, y, angle): {'xy': array([2037.36086087, 1127.82138068]), 'ang': 317.9929838311219}
Best map key: ('Mahidol_University', 'ICT', '1.1_AnyLoc')
Number of candidates after local matching: 50
PnP pairs 2D shape: (9103, 2) 3D shape: (9103, 3)
Multiframe time (ms): 885
Floorplan Pose (x, y, angle): {'xy': array([1976.30688864, 1338.69739948]), 'ang': 62.96820460570412}
Best map key: ('Mahidol_University', 'ICT', '1.1_AnyLoc')
Number of candidates after local matching: 50
PnP pairs 2D shape: (9458, 2) 3D shape: (9458, 3)
Multiframe time (ms): 649
Floorplan Pose (x, y, angle): {'xy': array([2143.15785686, 1441.64467823]), 'ang': 5.291713508517827}
Best map key: ('Mahidol_University', 'ICT', '1.1_AnyLoc')
Number of candidates after local matching: 41
PnP pairs 2D shape: (3873, 2) 3D shape: (3873, 3)
Multiframe time (ms): 228
Floorplan Pose (x, y, angle): {'xy': array([1057.76845739, 1354.74453668]), 'ang': 229.6432430675182}
Best map key: ('Mahidol_University', 'ICT', '1.1_AnyLoc')
Number of candidates after local matching: 50
PnP pairs 2D shape: (6564, 2) 3D shape: (6564, 3)
Multiframe time (ms): 443
Floorplan Pose (x, y, angle): {'xy': array([1521.77213246, 1854.17801396]), 'ang': 229.06196977194142}
Best map key: ('Mahidol_University', 'ICT', '1.1_AnyLoc')
Number of candidates after local matching: 50
PnP pairs 2D shape: (12738, 2) 3D shape: (12738, 3)
Multiframe time (ms): 1143
Floorplan Pose (x, y, angle): {'xy': array([1495.88691938, 1719.62293228]), 'ang': 320.9358139586908}
Best map key: ('Mahidol_University', 'ICT', '1.1_AnyLoc')
Number of candidates after local matching: 24
PnP pairs 2D shape: (2026, 2) 3D shape: (2026, 3)
Multiframe time (ms): 135
Floorplan Pose (x, y, angle): {'xy': array([1343.82389204, 1483.280834  ]), 'ang': 166.528316418111}
Best map key: ('Mahidol_University', 'ICT', '1.1_AnyLoc')
Number of candidates after local matching: 50
PnP pairs 2D shape: (9438, 2) 3D shape: (9438, 3)
Multiframe time (ms): 596
Floorplan Pose (x, y, angle): {'xy': array([2233.21604635, 1627.04860898]), 'ang': 62.063090772521456}
Best map key: ('Mahidol_University', 'ICT', '1.1_AnyLoc')
Number of candidates after local matching: 50
PnP pairs 2D shape: (7786, 2) 3D shape: (7786, 3)
Multiframe time (ms): 661
Floorplan Pose (x, y, angle): {'xy': array([2028.73374451,  777.36229941]), 'ang': 60.40365579347727}
Best map key: ('Mahidol_University', 'ICT', '1.1_AnyLoc')
Number of candidates after local matching: 49
PnP pairs 2D shape: (4627, 2) 3D shape: (4627, 3)
Multiframe time (ms): 409
Floorplan Pose (x, y, angle): {'xy': array([2043.00475559,  624.83551517]), 'ang': 65.21741272336357}
Best map key: ('Mahidol_University', 'ICT', '1.1_AnyLoc')
Number of candidates after local matching: 48
PnP pairs 2D shape: (4458, 2) 3D shape: (4458, 3)
Multiframe time (ms): 307
Floorplan Pose (x, y, angle): {'xy': array([2070.96447205,  683.92036163]), 'ang': 36.92223041555983}
Best map key: ('Mahidol_University', 'ICT', '1.1_AnyLoc')
Number of candidates after local matching: 50
PnP pairs 2D shape: (6742, 2) 3D shape: (6742, 3)
Multiframe time (ms): 342
Floorplan Pose (x, y, angle): {'xy': array([2111.07473156, 1697.0568234 ]), 'ang': 111.35473103618199}
Best map key: ('Mahidol_University', 'ICT', '1.1_AnyLoc')
Number of candidates after local matching: 45
PnP pairs 2D shape: (4742, 2) 3D shape: (4742, 3)
Multiframe time (ms): 348
Floorplan Pose (x, y, angle): {'xy': array([1554.5855478 , 1333.67953346]), 'ang': 173.02890985166604}
Best map key: ('Mahidol_University', 'ICT', '1.1_AnyLoc')
Number of candidates after local matching: 34
PnP pairs 2D shape: (2998, 2) 3D shape: (2998, 3)
Multiframe time (ms): 201
Floorplan Pose (x, y, angle): {'xy': array([ 788.69174438, 1246.78113464]), 'ang': 334.60139316740043}
Best map key: ('Mahidol_University', 'ICT', '1.1_AnyLoc')
Number of candidates after local matching: 50
PnP pairs 2D shape: (6654, 2) 3D shape: (6654, 3)
Multiframe time (ms): 487
Floorplan Pose (x, y, angle): {'xy': array([2096.05189576, 1336.95725622]), 'ang': 159.52805555223776}
Best map key: ('Mahidol_University', 'ICT', '1.1_AnyLoc')
Number of candidates after local matching: 50
PnP pairs 2D shape: (6366, 2) 3D shape: (6366, 3)
Multiframe time (ms): 559
Floorplan Pose (x, y, angle): {'xy': array([1499.40015156, 1744.62629078]), 'ang': 243.6409378666649}
Best map key: ('Mahidol_University', 'ICT', '1.1_AnyLoc')
Number of candidates after local matching: 50
PnP pairs 2D shape: (7070, 2) 3D shape: (7070, 3)
Multiframe time (ms): 684
Floorplan Pose (x, y, angle): {'xy': array([2080.29807348, 1105.72546349]), 'ang': 246.74367887812778}
Best map key: ('Mahidol_University', 'ICT', '1.1_AnyLoc')
Number of candidates after local matching: 50
PnP pairs 2D shape: (8438, 2) 3D shape: (8438, 3)
Multiframe time (ms): 582
Floorplan Pose (x, y, angle): {'xy': array([1994.2196343 , 1330.68459349]), 'ang': 158.02969479789502}
Best map key: ('Mahidol_University', 'ICT', '1.1_AnyLoc')
Number of candidates after local matching: 50
PnP pairs 2D shape: (9598, 2) 3D shape: (9598, 3)
Multiframe time (ms): 822
Floorplan Pose (x, y, angle): {'xy': array([2443.46324262, 1686.15070566]), 'ang': 30.11915013392754}
Best map key: ('Mahidol_University', 'ICT', '1.1_AnyLoc')
Number of candidates after local matching: 50
PnP pairs 2D shape: (13482, 2) 3D shape: (13482, 3)
Multiframe time (ms): 925
Floorplan Pose (x, y, angle): {'xy': array([2108.51302713, 1375.52901896]), 'ang': 94.76721691508234}
Best map key: ('Mahidol_University', 'ICT', '1.1_AnyLoc')
Number of candidates after local matching: 45
PnP pairs 2D shape: (3822, 2) 3D shape: (3822, 3)
Multiframe time (ms): 426
Floorplan Pose (x, y, angle): {'xy': array([2043.07056224,  780.224676  ]), 'ang': 262.97584234641414}
Best map key: ('Mahidol_University', 'ICT', '1.1_AnyLoc')
Number of candidates after local matching: 50
PnP pairs 2D shape: (10064, 2) 3D shape: (10064, 3)
Multiframe time (ms): 1294
Floorplan Pose (x, y, angle): {'xy': array([2117.42674504, 1435.5810329 ]), 'ang': 187.68736754549306}
Best map key: ('Mahidol_University', 'ICT', '1.1_AnyLoc')
Number of candidates after local matching: 42
PnP pairs 2D shape: (4099, 2) 3D shape: (4099, 3)
Multiframe time (ms): 393
Floorplan Pose (x, y, angle): {'xy': array([2074.14660898,  728.33177864]), 'ang': 256.53903223703105}
Best map key: ('Mahidol_University', 'ICT', '1.1_AnyLoc')
Number of candidates after local matching: 50
PnP pairs 2D shape: (8868, 2) 3D shape: (8868, 3)
Multiframe time (ms): 611
Floorplan Pose (x, y, angle): {'xy': array([2025.59011193,  903.53964807]), 'ang': 99.93067915454058}
Best map key: ('Mahidol_University', 'ICT', '1.1_AnyLoc')
Number of candidates after local matching: 45
PnP pairs 2D shape: (4191, 2) 3D shape: (4191, 3)
Multiframe time (ms): 202
Floorplan Pose (x, y, angle): {'xy': array([2040.14837985,  602.36806536]), 'ang': 126.13175301404684}
Best map key: ('Mahidol_University', 'ICT', '1.1_AnyLoc')
Number of candidates after local matching: 18
PnP pairs 2D shape: (1057, 2) 3D shape: (1057, 3)
Multiframe time (ms): 74
Floorplan Pose (x, y, angle): {'xy': array([ 867.3554392 , 1346.40325323]), 'ang': 132.1973028866427}
Best map key: ('Mahidol_University', 'ICT', '1.1_AnyLoc')
Number of candidates after local matching: 30
PnP pairs 2D shape: (2247, 2) 3D shape: (2247, 3)
Multiframe time (ms): 123
Floorplan Pose (x, y, angle): {'xy': array([2078.42693162,  788.1418055 ]), 'ang': 326.2813577638354}
Best map key: ('Mahidol_University', 'ICT', '1.1_AnyLoc')
Number of candidates after local matching: 50
PnP pairs 2D shape: (12183, 2) 3D shape: (12183, 3)
Multiframe time (ms): 773
Floorplan Pose (x, y, angle): {'xy': array([2111.71859684, 1416.39708707]), 'ang': 53.78105961435488}
Best map key: ('Mahidol_University', 'ICT', '1.1_AnyLoc')
Number of candidates after local matching: 40
PnP pairs 2D shape: (3104, 2) 3D shape: (3104, 3)
Multiframe time (ms): 232
Floorplan Pose (x, y, angle): {'xy': array([ 810.61456935, 1272.39652893]), 'ang': 111.45109314542171}
Best map key: ('Mahidol_University', 'ICT', '1.1_AnyLoc')
Number of candidates after local matching: 41
PnP pairs 2D shape: (3948, 2) 3D shape: (3948, 3)
Multiframe time (ms): 221
Floorplan Pose (x, y, angle): {'xy': array([2051.75729096,  610.99769117]), 'ang': 17.76641178796788}
Best map key: ('Mahidol_University', 'ICT', '1.1_AnyLoc')
Number of candidates after local matching: 1
PnP pairs 2D shape: (52, 2) 3D shape: (52, 3)
Multiframe time (ms): 9
Floorplan Pose (x, y, angle): {'xy': array([1325.54806341, 1341.12940906]), 'ang': 303.5540241659327}
Best map key: ('Mahidol_University', 'ICT', '1.1_AnyLoc')
Number of candidates after local matching: 50
PnP pairs 2D shape: (6367, 2) 3D shape: (6367, 3)
Multiframe time (ms): 623
Floorplan Pose (x, y, angle): {'xy': array([2041.33033289,  993.10410455]), 'ang': 252.26900864229992}
Best map key: ('Mahidol_University', 'ICT', '1.1_AnyLoc')
Number of candidates after local matching: 31
PnP pairs 2D shape: (2882, 2) 3D shape: (2882, 3)
Multiframe time (ms): 150
Floorplan Pose (x, y, angle): {'xy': array([1329.74376888, 1383.37173307]), 'ang': 213.0097928271818}
Best map key: ('Mahidol_University', 'ICT', '1.1_AnyLoc')
Number of candidates after local matching: 50
PnP pairs 2D shape: (5556, 2) 3D shape: (5556, 3)
Multiframe time (ms): 418
Floorplan Pose (x, y, angle): {'xy': array([2012.6710108 , 1029.30877037]), 'ang': 234.68404978700846}
Best map key: ('Mahidol_University', 'ICT', '1.1_AnyLoc')
Number of candidates after local matching: 48
PnP pairs 2D shape: (7755, 2) 3D shape: (7755, 3)
Multiframe time (ms): 541
Floorplan Pose (x, y, angle): {'xy': array([1487.59097705, 1577.50831592]), 'ang': 240.02170242918427}
Best map key: ('Mahidol_University', 'ICT', '1.1_AnyLoc')
Number of candidates after local matching: 49
PnP pairs 2D shape: (4688, 2) 3D shape: (4688, 3)
Multiframe time (ms): 392
Floorplan Pose (x, y, angle): {'xy': array([1499.07280086, 1634.55263306]), 'ang': 140.27650409858705}
Best map key: ('Mahidol_University', 'ICT', '1.1_AnyLoc')
Number of candidates after local matching: 50
PnP pairs 2D shape: (8311, 2) 3D shape: (8311, 3)
Multiframe time (ms): 564
Floorplan Pose (x, y, angle): {'xy': array([2584.06820742, 1679.23882804]), 'ang': 30.85123512343607}
Best map key: ('Mahidol_University', 'ICT', '1.1_AnyLoc')
Number of candidates after local matching: 50
PnP pairs 2D shape: (10583, 2) 3D shape: (10583, 3)
Multiframe time (ms): 819
Floorplan Pose (x, y, angle): {'xy': array([2251.62940292, 1665.34342433]), 'ang': 315.00846431575803}
Best map key: ('Mahidol_University', 'ICT', '1.1_AnyLoc')
Number of candidates after local matching: 50
PnP pairs 2D shape: (7120, 2) 3D shape: (7120, 3)
Multiframe time (ms): 674
Floorplan Pose (x, y, angle): {'xy': array([1651.91626506, 1859.89645706]), 'ang': 134.75984800619477}
Best map key: ('Mahidol_University', 'ICT', '1.1_AnyLoc')
Number of candidates after local matching: 50
PnP pairs 2D shape: (9156, 2) 3D shape: (9156, 3)
Multiframe time (ms): 612
Floorplan Pose (x, y, angle): {'xy': array([1955.0050658, 1333.9136518]), 'ang': 312.5123325792065}
Best map key: ('Mahidol_University', 'ICT', '1.1_AnyLoc')
Number of candidates after local matching: 42
PnP pairs 2D shape: (3684, 2) 3D shape: (3684, 3)
Multiframe time (ms): 296
Floorplan Pose (x, y, angle): {'xy': array([ 814.66514544, 1202.82496452]), 'ang': 276.30915435263375}
Best map key: ('Mahidol_University', 'ICT', '1.1_AnyLoc')
Number of candidates after local matching: 50
PnP pairs 2D shape: (14511, 2) 3D shape: (14511, 3)
Multiframe time (ms): 942
Floorplan Pose (x, y, angle): {'xy': array([2373.4704808 , 1734.39202497]), 'ang': 220.68787185863664}
Best map key: ('Mahidol_University', 'ICT', '1.1_AnyLoc')
Number of candidates after local matching: 50
PnP pairs 2D shape: (5560, 2) 3D shape: (5560, 3)
Multiframe time (ms): 373
Floorplan Pose (x, y, angle): {'xy': array([2008.86607841, 1208.07323963]), 'ang': 200.94605505438443}
Best map key: ('Mahidol_University', 'ICT', '1.1_AnyLoc')
Number of candidates after local matching: 49
PnP pairs 2D shape: (7502, 2) 3D shape: (7502, 3)
Multiframe time (ms): 434
Floorplan Pose (x, y, angle): {'xy': array([2078.39058378, 1100.22133331]), 'ang': 302.8272592142847}
Best map key: ('Mahidol_University', 'ICT', '1.1_AnyLoc')
Number of candidates after local matching: 42
PnP pairs 2D shape: (3766, 2) 3D shape: (3766, 3)
Multiframe time (ms): 360
Floorplan Pose (x, y, angle): {'xy': array([2037.61413069,  714.4476549 ]), 'ang': 242.7598766977689}
Best map key: ('Mahidol_University', 'ICT', '1.1_AnyLoc')
Number of candidates after local matching: 30
PnP pairs 2D shape: (2789, 2) 3D shape: (2789, 3)
Multiframe time (ms): 261
Floorplan Pose (x, y, angle): {'xy': array([ 781.08585744, 1167.03623826]), 'ang': 66.19442391255447}
Best map key: ('Mahidol_University', 'ICT', '1.1_AnyLoc')
Number of candidates after local matching: 34
PnP pairs 2D shape: (2707, 2) 3D shape: (2707, 3)
Multiframe time (ms): 140
Floorplan Pose (x, y, angle): {'xy': array([ 957.11601764, 1355.85553349]), 'ang': 311.0096057548652}
Best map key: ('Mahidol_University', 'ICT', '1.1_AnyLoc')
Number of candidates after local matching: 35
PnP pairs 2D shape: (2904, 2) 3D shape: (2904, 3)
Multiframe time (ms): 226
Floorplan Pose (x, y, angle): {'xy': array([1595.95947814, 1339.53207249]), 'ang': 209.7813461935368}
Best map key: ('Mahidol_University', 'ICT', '1.1_AnyLoc')
Number of candidates after local matching: 50
PnP pairs 2D shape: (8943, 2) 3D shape: (8943, 3)
Multiframe time (ms): 689
Floorplan Pose (x, y, angle): {'xy': array([2641.78706239, 1701.41352447]), 'ang': 292.4311297721951}
Best map key: ('Mahidol_University', 'ICT', '1.1_AnyLoc')
Number of candidates after local matching: 49
PnP pairs 2D shape: (7788, 2) 3D shape: (7788, 3)
Multiframe time (ms): 589
Floorplan Pose (x, y, angle): {'xy': array([2643.20417107, 1719.70862901]), 'ang': 260.3438308443756}
Best map key: ('Mahidol_University', 'ICT', '1.1_AnyLoc')
Number of candidates after local matching: 50
PnP pairs 2D shape: (8582, 2) 3D shape: (8582, 3)
Multiframe time (ms): 544
Floorplan Pose (x, y, angle): {'xy': array([2034.70972834, 1080.56885145]), 'ang': 112.54698193037231}
Best map key: ('Mahidol_University', 'ICT', '1.1_AnyLoc')
Number of candidates after local matching: 50
PnP pairs 2D shape: (7798, 2) 3D shape: (7798, 3)
Multiframe time (ms): 612
Floorplan Pose (x, y, angle): {'xy': array([2127.54281117, 1437.19119685]), 'ang': 225.6762446860836}
Best map key: ('Mahidol_University', 'ICT', '1.1_AnyLoc')
Number of candidates after local matching: 50
PnP pairs 2D shape: (10661, 2) 3D shape: (10661, 3)
Multiframe time (ms): 860
Floorplan Pose (x, y, angle): {'xy': array([1644.7924666, 1860.4838593]), 'ang': 227.7499180047016}
Best map key: ('Mahidol_University', 'ICT', '1.1_AnyLoc')
Number of candidates after local matching: 50
PnP pairs 2D shape: (9896, 2) 3D shape: (9896, 3)
Multiframe time (ms): 998
Floorplan Pose (x, y, angle): {'xy': array([2041.61255436,  962.76038261]), 'ang': 70.50506512318657}
Best map key: ('Mahidol_University', 'ICT', '1.1_AnyLoc')
Number of candidates after local matching: 50
PnP pairs 2D shape: (9336, 2) 3D shape: (9336, 3)
Multiframe time (ms): 935
Floorplan Pose (x, y, angle): {'xy': array([2085.98679661, 1280.24400635]), 'ang': 64.05735597930051}
Best map key: ('Mahidol_University', 'ICT', '1.1_AnyLoc')
Number of candidates after local matching: 50
PnP pairs 2D shape: (6976, 2) 3D shape: (6976, 3)
Multiframe time (ms): 427
Floorplan Pose (x, y, angle): {'xy': array([2391.82438471, 1745.36605617]), 'ang': 125.95219278441691}
Best map key: ('Mahidol_University', 'ICT', '1.1_AnyLoc')
Number of candidates after local matching: 50
PnP pairs 2D shape: (10357, 2) 3D shape: (10357, 3)
Multiframe time (ms): 545
Floorplan Pose (x, y, angle): {'xy': array([1832.30744011, 1744.73906067]), 'ang': 53.16931665819586}
Best map key: ('Mahidol_University', 'ICT', '1.1_AnyLoc')
Number of candidates after local matching: 30
PnP pairs 2D shape: (2512, 2) 3D shape: (2512, 3)
Multiframe time (ms): 151
Floorplan Pose (x, y, angle): {'xy': array([1498.12570027, 1660.15299085]), 'ang': 201.7819995751}
Best map key: ('Mahidol_University', 'ICT', '1.1_AnyLoc')
Number of candidates after local matching: 50
PnP pairs 2D shape: (6683, 2) 3D shape: (6683, 3)
Multiframe time (ms): 446
Floorplan Pose (x, y, angle): {'xy': array([1848.89775853, 1333.44320775]), 'ang': 354.2041378685639}
Best map key: ('Mahidol_University', 'ICT', '1.1_AnyLoc')
Number of candidates after local matching: 50
PnP pairs 2D shape: (12029, 2) 3D shape: (12029, 3)
Multiframe time (ms): 779
Floorplan Pose (x, y, angle): {'xy': array([2545.70750059, 1810.22679744]), 'ang': 231.27856756022288}
Best map key: ('Mahidol_University', 'ICT', '1.1_AnyLoc')
Number of candidates after local matching: 46
PnP pairs 2D shape: (4226, 2) 3D shape: (4226, 3)
Multiframe time (ms): 361
Floorplan Pose (x, y, angle): {'xy': array([1076.69303693, 1342.28276237]), 'ang': 200.21665282004722}
Best map key: ('Mahidol_University', 'ICT', '1.1_AnyLoc')
Number of candidates after local matching: 34
PnP pairs 2D shape: (2955, 2) 3D shape: (2955, 3)
Multiframe time (ms): 207
Floorplan Pose (x, y, angle): {'xy': array([1007.48149491, 1353.95777281]), 'ang': 272.97102555748336}
Best map key: ('Mahidol_University', 'ICT', '1.1_AnyLoc')
Number of candidates after local matching: 47
PnP pairs 2D shape: (3990, 2) 3D shape: (3990, 3)
Multiframe time (ms): 358
Floorplan Pose (x, y, angle): {'xy': array([ 883.03503309, 1352.3059899 ]), 'ang': 151.90809954488785}
Best map key: ('Mahidol_University', 'ICT', '1.1_AnyLoc')
Number of candidates after local matching: 32
PnP pairs 2D shape: (3134, 2) 3D shape: (3134, 3)
Multiframe time (ms): 214
Floorplan Pose (x, y, angle): {'xy': array([ 763.92438856, 1198.89036989]), 'ang': 48.40678096676052}
Best map key: ('Mahidol_University', 'ICT', '1.1_AnyLoc')
Number of candidates after local matching: 50
PnP pairs 2D shape: (8375, 2) 3D shape: (8375, 3)
Multiframe time (ms): 591
Floorplan Pose (x, y, angle): {'xy': array([1827.57615667, 1338.43568551]), 'ang': 44.68033159398236}
Best map key: ('Mahidol_University', 'ICT', '1.1_AnyLoc')
Number of candidates after local matching: 50
PnP pairs 2D shape: (11966, 2) 3D shape: (11966, 3)
Multiframe time (ms): 1425
Floorplan Pose (x, y, angle): {'xy': array([2247.83375144, 1536.39252892]), 'ang': 149.15886885559092}
Best map key: ('Mahidol_University', 'ICT', '1.1_AnyLoc')
Number of candidates after local matching: 50
PnP pairs 2D shape: (7439, 2) 3D shape: (7439, 3)
Multiframe time (ms): 386
Floorplan Pose (x, y, angle): {'xy': array([1999.50528618, 1330.33194012]), 'ang': 51.35748981634553}
Best map key: ('Mahidol_University', 'ICT', '1.1_AnyLoc')
Number of candidates after local matching: 17
PnP pairs 2D shape: (1044, 2) 3D shape: (1044, 3)
Multiframe time (ms): 66
Floorplan Pose (x, y, angle): {'xy': array([ 803.26642067, 1163.15499652]), 'ang': 295.40625976472086}
Best map key: ('Mahidol_University', 'ICT', '1.1_AnyLoc')
Number of candidates after local matching: 50
PnP pairs 2D shape: (12161, 2) 3D shape: (12161, 3)
Multiframe time (ms): 1459
Floorplan Pose (x, y, angle): {'xy': array([2246.722195  , 1512.01329064]), 'ang': 146.10465749831343}
Best map key: ('Mahidol_University', 'ICT', '1.1_AnyLoc')
Number of candidates after local matching: 50
PnP pairs 2D shape: (8261, 2) 3D shape: (8261, 3)
Multiframe time (ms): 479
Floorplan Pose (x, y, angle): {'xy': array([1695.32619532, 1872.23850341]), 'ang': 74.56181773314242}
Best map key: ('Mahidol_University', 'ICT', '1.1_AnyLoc')
Number of candidates after local matching: 49
PnP pairs 2D shape: (4473, 2) 3D shape: (4473, 3)
Multiframe time (ms): 383
Floorplan Pose (x, y, angle): {'xy': array([2026.05011585,  595.40571106]), 'ang': 239.87277083161928}
Best map key: ('Mahidol_University', 'ICT', '1.1_AnyLoc')
Number of candidates after local matching: 38
PnP pairs 2D shape: (3207, 2) 3D shape: (3207, 3)
Multiframe time (ms): 176
Floorplan Pose (x, y, angle): {'xy': array([1133.23560446, 1352.86985076]), 'ang': 122.82081045411059}
Best map key: ('Mahidol_University', 'ICT', '1.1_AnyLoc')
Number of candidates after local matching: 50
PnP pairs 2D shape: (6505, 2) 3D shape: (6505, 3)
Multiframe time (ms): 560
Floorplan Pose (x, y, angle): {'xy': array([2074.49993705,  864.45813996]), 'ang': 204.37578585459084}
Best map key: ('Mahidol_University', 'ICT', '1.1_AnyLoc')
Number of candidates after local matching: 50
PnP pairs 2D shape: (4979, 2) 3D shape: (4979, 3)
Multiframe time (ms): 320
Floorplan Pose (x, y, angle): {'xy': array([1076.25047649, 1341.76040027]), 'ang': 22.173689715201263}
Best map key: ('Mahidol_University', 'ICT', '1.1_AnyLoc')
Number of candidates after local matching: 50
PnP pairs 2D shape: (8854, 2) 3D shape: (8854, 3)
Multiframe time (ms): 823
Floorplan Pose (x, y, angle): {'xy': array([2079.17126031, 1123.1725669 ]), 'ang': 47.85311882334541}
Best map key: ('Mahidol_University', 'ICT', '1.1_AnyLoc')
Number of candidates after local matching: 50
PnP pairs 2D shape: (14211, 2) 3D shape: (14211, 3)
Multiframe time (ms): 1341
Floorplan Pose (x, y, angle): {'xy': array([2418.80965328, 1691.11425614]), 'ang': 214.98850563233714}
Best map key: ('Mahidol_University', 'ICT', '1.1_AnyLoc')
Number of candidates after local matching: 50
PnP pairs 2D shape: (10161, 2) 3D shape: (10161, 3)
Multiframe time (ms): 852
Floorplan Pose (x, y, angle): {'xy': array([1301.2970966 , 1340.49691399]), 'ang': 56.072668683983416}
Best map key: ('Mahidol_University', 'ICT', '1.1_AnyLoc')
Number of candidates after local matching: 50
PnP pairs 2D shape: (7402, 2) 3D shape: (7402, 3)
Multiframe time (ms): 498
Floorplan Pose (x, y, angle): {'xy': array([2010.84842464, 1184.09541676]), 'ang': 20.612525088146242}
Best map key: ('Mahidol_University', 'ICT', '1.1_AnyLoc')
Number of candidates after local matching: 49
PnP pairs 2D shape: (12337, 2) 3D shape: (12337, 3)
Multiframe time (ms): 691
Floorplan Pose (x, y, angle): {'xy': array([1482.43081508, 1554.78831103]), 'ang': 72.50418136900697}
Best map key: None
Number of candidates after local matching: 0
PnP pairs 2D shape: (0, 2) 3D shape: (0, 3)
Multiframe time (ms): 0
Not enough 2D-3D correspondences for pose estimation.
Best map key: ('Mahidol_University', 'ICT', '1.1_AnyLoc')
Number of candidates after local matching: 19
PnP pairs 2D shape: (1241, 2) 3D shape: (1241, 3)
Multiframe time (ms): 68
Floorplan Pose (x, y, angle): {'xy': array([1180.71703066, 1343.25796546]), 'ang': 218.42614397357184}
Best map key: ('Mahidol_University', 'ICT', '1.1_AnyLoc')
Number of candidates after local matching: 50
PnP pairs 2D shape: (14407, 2) 3D shape: (14407, 3)
Multiframe time (ms): 983
Floorplan Pose (x, y, angle): {'xy': array([1336.51184508, 1473.76624447]), 'ang': 48.79175515601201}
Best map key: ('Mahidol_University', 'ICT', '1.1_AnyLoc')
Number of candidates after local matching: 50
PnP pairs 2D shape: (6500, 2) 3D shape: (6500, 3)
Multiframe time (ms): 546
Floorplan Pose (x, y, angle): {'xy': array([2056.73809403, 1147.68578888]), 'ang': 190.61372703517978}
Best map key: ('Mahidol_University', 'ICT', '1.1_AnyLoc')
Number of candidates after local matching: 49
PnP pairs 2D shape: (6563, 2) 3D shape: (6563, 3)
Multiframe time (ms): 529
Floorplan Pose (x, y, angle): {'xy': array([ 776.81526811, 1306.69877312]), 'ang': 278.5073785846823}
Best map key: ('Mahidol_University', 'ICT', '1.1_AnyLoc')
Number of candidates after local matching: 40
PnP pairs 2D shape: (4130, 2) 3D shape: (4130, 3)
Multiframe time (ms): 322
Floorplan Pose (x, y, angle): {'xy': array([1599.37181229, 1328.60963714]), 'ang': 43.551403814961716}
Best map key: ('Mahidol_University', 'ICT', '1.1_AnyLoc')
Number of candidates after local matching: 50
PnP pairs 2D shape: (7378, 2) 3D shape: (7378, 3)
Multiframe time (ms): 414
Floorplan Pose (x, y, angle): {'xy': array([2040.1457137 ,  946.78075713]), 'ang': 297.472110031599}
Best map key: ('Mahidol_University', 'ICT', '1.1_AnyLoc')
Number of candidates after local matching: 41
PnP pairs 2D shape: (4935, 2) 3D shape: (4935, 3)
Multiframe time (ms): 271
Floorplan Pose (x, y, angle): {'xy': array([1795.1931309 , 1333.58926207]), 'ang': 311.5925092630581}
Best map key: ('Mahidol_University', 'ICT', '1.1_AnyLoc')
Number of candidates after local matching: 16
PnP pairs 2D shape: (1082, 2) 3D shape: (1082, 3)
Multiframe time (ms): 97
Floorplan Pose (x, y, angle): {'xy': array([1302.49737286, 1353.82632832]), 'ang': 252.01534961226423}
Best map key: ('Mahidol_University', 'ICT', '1.1_AnyLoc')
Number of candidates after local matching: 50
PnP pairs 2D shape: (16805, 2) 3D shape: (16805, 3)
Multiframe time (ms): 1063
Floorplan Pose (x, y, angle): {'xy': array([1500.14691679, 1636.22427253]), 'ang': 42.923062886906095}
Best map key: ('Mahidol_University', 'ICT', '1.1_AnyLoc')
Number of candidates after local matching: 47
PnP pairs 2D shape: (5082, 2) 3D shape: (5082, 3)
Multiframe time (ms): 295
Floorplan Pose (x, y, angle): {'xy': array([2074.36224528,  676.67995611]), 'ang': 295.63288124579947}
Best map key: ('Mahidol_University', 'ICT', '1.1_AnyLoc')
Number of candidates after local matching: 50
PnP pairs 2D shape: (7417, 2) 3D shape: (7417, 3)
Multiframe time (ms): 484
Floorplan Pose (x, y, angle): {'xy': array([2212.7318831 , 1484.67113813]), 'ang': 322.12177889067357}
Best map key: ('Mahidol_University', 'ICT', '1.1_AnyLoc')
Number of candidates after local matching: 35
PnP pairs 2D shape: (2710, 2) 3D shape: (2710, 3)
Multiframe time (ms): 163
Floorplan Pose (x, y, angle): {'xy': array([1013.65897124, 1357.99153705]), 'ang': 227.5446928442605}
Best map key: ('Mahidol_University', 'ICT', '1.1_AnyLoc')
Number of candidates after local matching: 41
PnP pairs 2D shape: (3910, 2) 3D shape: (3910, 3)
Multiframe time (ms): 225
Floorplan Pose (x, y, angle): {'xy': array([1596.50414386, 1340.01589023]), 'ang': 89.80691587986307}
Best map key: ('Mahidol_University', 'ICT', '1.1_AnyLoc')
Number of candidates after local matching: 50
PnP pairs 2D shape: (12306, 2) 3D shape: (12306, 3)
Multiframe time (ms): 811
Floorplan Pose (x, y, angle): {'xy': array([1694.54642368, 1870.10752941]), 'ang': 210.35710629511465}
Best map key: ('Mahidol_University', 'ICT', '1.1_AnyLoc')
Number of candidates after local matching: 43
PnP pairs 2D shape: (4646, 2) 3D shape: (4646, 3)
Multiframe time (ms): 306
Floorplan Pose (x, y, angle): {'xy': array([1645.73773996, 1338.32470158]), 'ang': 129.46083086122974}
Best map key: ('Mahidol_University', 'ICT', '1.1_AnyLoc')
Number of candidates after local matching: 50
PnP pairs 2D shape: (10139, 2) 3D shape: (10139, 3)
Multiframe time (ms): 746
Floorplan Pose (x, y, angle): {'xy': array([2016.62132914, 1313.20537593]), 'ang': 132.44430043014583}
Best map key: ('Mahidol_University', 'ICT', '1.1_AnyLoc')
Number of candidates after local matching: 50
PnP pairs 2D shape: (14862, 2) 3D shape: (14862, 3)
Multiframe time (ms): 1622
Floorplan Pose (x, y, angle): {'xy': array([2199.95493523, 1471.34493473]), 'ang': 133.7712684295096}
Best map key: ('Mahidol_University', 'ICT', '1.1_AnyLoc')
Number of candidates after local matching: 50
PnP pairs 2D shape: (4470, 2) 3D shape: (4470, 3)
Multiframe time (ms): 354
Floorplan Pose (x, y, angle): {'xy': array([2051.59192466,  706.36507244]), 'ang': 216.8386982341342}
Best map key: ('Mahidol_University', 'ICT', '1.1_AnyLoc')
Number of candidates after local matching: 50
PnP pairs 2D shape: (9960, 2) 3D shape: (9960, 3)
Multiframe time (ms): 621
Floorplan Pose (x, y, angle): {'xy': array([1815.42199226, 1758.07604581]), 'ang': 137.38830849891286}
Best map key: ('Mahidol_University', 'ICT', '1.1_AnyLoc')
Number of candidates after local matching: 50
PnP pairs 2D shape: (7665, 2) 3D shape: (7665, 3)
Multiframe time (ms): 507
Floorplan Pose (x, y, angle): {'xy': array([2024.71422521,  884.59294725]), 'ang': 1.2197523370624144}
Best map key: ('Mahidol_University', 'ICT', '1.1_AnyLoc')
Number of candidates after local matching: 50
PnP pairs 2D shape: (7828, 2) 3D shape: (7828, 3)
Multiframe time (ms): 469
Floorplan Pose (x, y, angle): {'xy': array([2233.27937967, 1574.25811706]), 'ang': 302.21757712605086}
Best map key: ('Mahidol_University', 'ICT', '1.1_AnyLoc')
Number of candidates after local matching: 50
PnP pairs 2D shape: (4764, 2) 3D shape: (4764, 3)
Multiframe time (ms): 494
Floorplan Pose (x, y, angle): {'xy': array([2043.05187993,  728.62037505]), 'ang': 27.434699474530408}
Best map key: ('Mahidol_University', 'ICT', '1.1_AnyLoc')
Number of candidates after local matching: 48
PnP pairs 2D shape: (4856, 2) 3D shape: (4856, 3)
Multiframe time (ms): 713
Floorplan Pose (x, y, angle): {'xy': array([2035.13689826,  828.32811475]), 'ang': 231.95855162026828}
Best map key: None
Number of candidates after local matching: 0
PnP pairs 2D shape: (0, 2) 3D shape: (0, 3)
Multiframe time (ms): 0
Not enough 2D-3D correspondences for pose estimation.
Best map key: ('Mahidol_University', 'ICT', '1.1_AnyLoc')
Number of candidates after local matching: 43
PnP pairs 2D shape: (3417, 2) 3D shape: (3417, 3)
Multiframe time (ms): 223
Floorplan Pose (x, y, angle): {'xy': array([1418.00397235, 1337.37471406]), 'ang': 353.3947327814445}
Best map key: ('Mahidol_University', 'ICT', '1.1_AnyLoc')
Number of candidates after local matching: 44
PnP pairs 2D shape: (5697, 2) 3D shape: (5697, 3)
Multiframe time (ms): 454
Floorplan Pose (x, y, angle): {'xy': array([ 830.13440658, 1354.51779435]), 'ang': 29.08126305182444}
Best map key: ('Mahidol_University', 'ICT', '1.1_AnyLoc')
Number of candidates after local matching: 50
PnP pairs 2D shape: (7240, 2) 3D shape: (7240, 3)
Multiframe time (ms): 530
Floorplan Pose (x, y, angle): {'xy': array([ 899.40730898, 1355.99925274]), 'ang': 65.02130777191869}
Best map key: ('Mahidol_University', 'ICT', '1.1_AnyLoc')
Number of candidates after local matching: 3
PnP pairs 2D shape: (165, 2) 3D shape: (165, 3)
Multiframe time (ms): 22
Floorplan Pose (x, y, angle): {'xy': array([ 857.31981344, 1355.20867091]), 'ang': 133.68286936690717}
Best map key: None
Number of candidates after local matching: 0
PnP pairs 2D shape: (0, 2) 3D shape: (0, 3)
Multiframe time (ms): 0
Not enough 2D-3D correspondences for pose estimation.
Best map key: ('Mahidol_University', 'ICT', '1.1_AnyLoc')
Number of candidates after local matching: 50
PnP pairs 2D shape: (8568, 2) 3D shape: (8568, 3)
Multiframe time (ms): 584
Floorplan Pose (x, y, angle): {'xy': array([2582.6407048 , 1670.29879473]), 'ang': 106.02521336992123}
Best map key: ('Mahidol_University', 'ICT', '1.1_AnyLoc')
Number of candidates after local matching: 50
PnP pairs 2D shape: (12394, 2) 3D shape: (12394, 3)
Multiframe time (ms): 1113
Floorplan Pose (x, y, angle): {'xy': array([1745.227798  , 1878.82627221]), 'ang': 288.31772944165533}
Best map key: ('Mahidol_University', 'ICT', '1.1_AnyLoc')
Number of candidates after local matching: 50
PnP pairs 2D shape: (8169, 2) 3D shape: (8169, 3)
Multiframe time (ms): 614
Floorplan Pose (x, y, angle): {'xy': array([2037.01281478, 1048.79583157]), 'ang': 311.79890092183564}
Best map key: ('Mahidol_University', 'ICT', '1.1_AnyLoc')
Number of candidates after local matching: 49
PnP pairs 2D shape: (7031, 2) 3D shape: (7031, 3)
Multiframe time (ms): 536
Floorplan Pose (x, y, angle): {'xy': array([1929.54884702, 1334.81614415]), 'ang': 292.3442709773727}
Best map key: ('Mahidol_University', 'ICT', '1.1_AnyLoc')
Number of candidates after local matching: 50
PnP pairs 2D shape: (8246, 2) 3D shape: (8246, 3)
Multiframe time (ms): 587
Floorplan Pose (x, y, angle): {'xy': array([1618.13859403, 1868.97684927]), 'ang': 70.67513424179728}
Best map key: ('Mahidol_University', 'ICT', '1.1_AnyLoc')
Number of candidates after local matching: 29
PnP pairs 2D shape: (2232, 2) 3D shape: (2232, 3)
Multiframe time (ms): 228
Floorplan Pose (x, y, angle): {'xy': array([ 811.62096733, 1199.42675416]), 'ang': 179.73599915883833}
Best map key: ('Mahidol_University', 'ICT', '1.1_AnyLoc')
Number of candidates after local matching: 50
PnP pairs 2D shape: (9152, 2) 3D shape: (9152, 3)
Multiframe time (ms): 794
Floorplan Pose (x, y, angle): {'xy': array([2312.76294778, 1696.05960413]), 'ang': 33.40429613151463}
Best map key: ('Mahidol_University', 'ICT', '1.1_AnyLoc')
Number of candidates after local matching: 46
PnP pairs 2D shape: (4168, 2) 3D shape: (4168, 3)
Multiframe time (ms): 459
Floorplan Pose (x, y, angle): {'xy': array([2041.21850972,  756.54784163]), 'ang': 256.9058174643794}
Best map key: ('Mahidol_University', 'ICT', '1.1_AnyLoc')
Number of candidates after local matching: 35
PnP pairs 2D shape: (2308, 2) 3D shape: (2308, 3)
Multiframe time (ms): 128
Floorplan Pose (x, y, angle): {'xy': array([1324.83534554, 1341.65160879]), 'ang': 330.9377767049422}
Best map key: ('Mahidol_University', 'ICT', '1.1_AnyLoc')
Number of candidates after local matching: 50
PnP pairs 2D shape: (8489, 2) 3D shape: (8489, 3)
Multiframe time (ms): 630
Floorplan Pose (x, y, angle): {'xy': array([2606.11755065, 1835.46681613]), 'ang': 74.37761792676427}
Best map key: ('Mahidol_University', 'ICT', '1.1_AnyLoc')
Number of candidates after local matching: 50
PnP pairs 2D shape: (9095, 2) 3D shape: (9095, 3)
Multiframe time (ms): 696
Floorplan Pose (x, y, angle): {'xy': array([2171.05274385, 1471.70866669]), 'ang': 324.0757647548701}
Best map key: ('Mahidol_University', 'ICT', '1.1_AnyLoc')
Number of candidates after local matching: 50
PnP pairs 2D shape: (7388, 2) 3D shape: (7388, 3)
Multiframe time (ms): 540
Floorplan Pose (x, y, angle): {'xy': array([2209.34113765, 1487.06443434]), 'ang': 248.26213476136817}
Best map key: ('Mahidol_University', 'ICT', '1.1_AnyLoc')
Number of candidates after local matching: 42
PnP pairs 2D shape: (4368, 2) 3D shape: (4368, 3)
Multiframe time (ms): 302
Floorplan Pose (x, y, angle): {'xy': array([1216.94403858, 1342.3061685 ]), 'ang': 149.3871335397877}
Best map key: ('Mahidol_University', 'ICT', '1.1_AnyLoc')
Number of candidates after local matching: 50
PnP pairs 2D shape: (9713, 2) 3D shape: (9713, 3)
Multiframe time (ms): 664
Floorplan Pose (x, y, angle): {'xy': array([2151.05771608, 1439.7116895 ]), 'ang': 207.3539919458281}
Best map key: ('Mahidol_University', 'ICT', '1.1_AnyLoc')
Number of candidates after local matching: 50
PnP pairs 2D shape: (10780, 2) 3D shape: (10780, 3)
Multiframe time (ms): 733
Floorplan Pose (x, y, angle): {'xy': array([2165.85885587, 1451.17196497]), 'ang': 69.62090001564714}
Best map key: ('Mahidol_University', 'ICT', '1.1_AnyLoc')
Number of candidates after local matching: 20
PnP pairs 2D shape: (2120, 2) 3D shape: (2120, 3)
Multiframe time (ms): 150
Floorplan Pose (x, y, angle): {'xy': array([1331.1582256, 1386.2166101]), 'ang': 253.92592227800185}
Best map key: ('Mahidol_University', 'ICT', '1.1_AnyLoc')
Number of candidates after local matching: 50
PnP pairs 2D shape: (7453, 2) 3D shape: (7453, 3)
Multiframe time (ms): 456
Floorplan Pose (x, y, angle): {'xy': array([2024.6175547, 1704.7009187]), 'ang': 105.04222184878647}
Best map key: ('Mahidol_University', 'ICT', '1.1_AnyLoc')
Number of candidates after local matching: 50
PnP pairs 2D shape: (10412, 2) 3D shape: (10412, 3)
Multiframe time (ms): 686
Floorplan Pose (x, y, angle): {'xy': array([2009.72545098, 1206.52738579]), 'ang': 94.55534628795832}
Best map key: ('Mahidol_University', 'ICT', '1.1_AnyLoc')
Number of candidates after local matching: 46
PnP pairs 2D shape: (11804, 2) 3D shape: (11804, 3)
Multiframe time (ms): 886
Floorplan Pose (x, y, angle): {'xy': array([2562.82001609, 1815.92799474]), 'ang': 205.50772951477256}
Best map key: ('Mahidol_University', 'ICT', '1.1_AnyLoc')
Number of candidates after local matching: 50
PnP pairs 2D shape: (7838, 2) 3D shape: (7838, 3)
Multiframe time (ms): 531
Floorplan Pose (x, y, angle): {'xy': array([2154.89792521, 1441.91356821]), 'ang': 341.1592494964531}
Best map key: ('Mahidol_University', 'ICT', '1.1_AnyLoc')
Number of candidates after local matching: 50
PnP pairs 2D shape: (12521, 2) 3D shape: (12521, 3)
Multiframe time (ms): 918
Floorplan Pose (x, y, angle): {'xy': array([2372.16927533, 1684.08119113]), 'ang': 159.5437467368554}
Best map key: ('Mahidol_University', 'ICT', '1.1_AnyLoc')
Number of candidates after local matching: 50
PnP pairs 2D shape: (6459, 2) 3D shape: (6459, 3)
Multiframe time (ms): 367
Floorplan Pose (x, y, angle): {'xy': array([2051.29449696,  897.09354487]), 'ang': 147.66046470598934}
Best map key: ('Mahidol_University', 'ICT', '1.1_AnyLoc')
Number of candidates after local matching: 50
PnP pairs 2D shape: (10461, 2) 3D shape: (10461, 3)
Multiframe time (ms): 689
Floorplan Pose (x, y, angle): {'xy': array([2221.78674905, 1499.09617361]), 'ang': 353.786121428807}
Best map key: ('Mahidol_University', 'ICT', '1.1_AnyLoc')
Number of candidates after local matching: 44
PnP pairs 2D shape: (4671, 2) 3D shape: (4671, 3)
Multiframe time (ms): 432
Floorplan Pose (x, y, angle): {'xy': array([1755.13706724, 1336.7873152 ]), 'ang': 184.07717846548346}
Best map key: ('Mahidol_University', 'ICT', '1.1_AnyLoc')
Number of candidates after local matching: 50
PnP pairs 2D shape: (7462, 2) 3D shape: (7462, 3)
Multiframe time (ms): 542
Floorplan Pose (x, y, angle): {'xy': array([2559.32428505, 1682.00218552]), 'ang': 67.17369977041095}
Best map key: ('Mahidol_University', 'ICT', '1.1_AnyLoc')
Number of candidates after local matching: 50
PnP pairs 2D shape: (6297, 2) 3D shape: (6297, 3)
Multiframe time (ms): 358
Floorplan Pose (x, y, angle): {'xy': array([2072.99652554, 1149.53325198]), 'ang': 167.397971412091}
Best map key: ('Mahidol_University', 'ICT', '1.1_AnyLoc')
Number of candidates after local matching: 50
PnP pairs 2D shape: (4591, 2) 3D shape: (4591, 3)
Multiframe time (ms): 255
Floorplan Pose (x, y, angle): {'xy': array([2049.53573442,  666.96181154]), 'ang': 113.12934539897805}
Best map key: ('Mahidol_University', 'ICT', '1.1_AnyLoc')
Number of candidates after local matching: 46
PnP pairs 2D shape: (5344, 2) 3D shape: (5344, 3)
Multiframe time (ms): 471
Floorplan Pose (x, y, angle): {'xy': array([1704.45127579, 1336.16115816]), 'ang': 181.26290131729198}
Best map key: ('Mahidol_University', 'ICT', '1.1_AnyLoc')
Number of candidates after local matching: 50
PnP pairs 2D shape: (7840, 2) 3D shape: (7840, 3)
Multiframe time (ms): 629
Floorplan Pose (x, y, angle): {'xy': array([2030.51668553, 1160.01709408]), 'ang': 38.34338694431678}
Best map key: ('Mahidol_University', 'ICT', '1.1_AnyLoc')
Number of candidates after local matching: 18
PnP pairs 2D shape: (1166, 2) 3D shape: (1166, 3)
Multiframe time (ms): 81
Floorplan Pose (x, y, angle): {'xy': array([ 761.66899497, 1197.38616653]), 'ang': 204.92154030060928}
Best map key: ('Mahidol_University', 'ICT', '1.1_AnyLoc')
Number of candidates after local matching: 50
PnP pairs 2D shape: (6083, 2) 3D shape: (6083, 3)
Multiframe time (ms): 380
Floorplan Pose (x, y, angle): {'xy': array([1223.58752808, 1343.03787494]), 'ang': 352.20959829692856}
Best map key: ('Mahidol_University', 'ICT', '1.1_AnyLoc')
Number of candidates after local matching: 45
PnP pairs 2D shape: (4410, 2) 3D shape: (4410, 3)
Multiframe time (ms): 310
Floorplan Pose (x, y, angle): {'xy': array([ 814.71391166, 1200.65122243]), 'ang': 198.8756919388553}
Best map key: ('Mahidol_University', 'ICT', '1.1_AnyLoc')
Number of candidates after local matching: 44
PnP pairs 2D shape: (6912, 2) 3D shape: (6912, 3)
Multiframe time (ms): 493
Floorplan Pose (x, y, angle): {'xy': array([2629.02974102, 1683.97658334]), 'ang': 264.87099497696227}
Best map key: ('Mahidol_University', 'ICT', '1.1_AnyLoc')
Number of candidates after local matching: 44
PnP pairs 2D shape: (5204, 2) 3D shape: (5204, 3)
Multiframe time (ms): 411
Floorplan Pose (x, y, angle): {'xy': array([ 987.20866331, 1355.51901717]), 'ang': 356.410989913239}
Best map key: ('Mahidol_University', 'ICT', '1.1_AnyLoc')
Number of candidates after local matching: 28
PnP pairs 2D shape: (2471, 2) 3D shape: (2471, 3)
Multiframe time (ms): 145
Floorplan Pose (x, y, angle): {'xy': array([1335.32293391, 1461.55498956]), 'ang': 300.12908848693473}
Best map key: ('Mahidol_University', 'ICT', '1.1_AnyLoc')
Number of candidates after local matching: 45
PnP pairs 2D shape: (4686, 2) 3D shape: (4686, 3)
Multiframe time (ms): 333
Floorplan Pose (x, y, angle): {'xy': array([1034.19850946, 1357.18520419]), 'ang': 45.93528260126392}
Best map key: ('Mahidol_University', 'ICT', '1.1_AnyLoc')
Number of candidates after local matching: 50
PnP pairs 2D shape: (8897, 2) 3D shape: (8897, 3)
Multiframe time (ms): 628
Floorplan Pose (x, y, angle): {'xy': array([2033.08313807,  921.73787178]), 'ang': 91.57934824065174}
Best map key: ('Mahidol_University', 'ICT', '1.1_AnyLoc')
Number of candidates after local matching: 50
PnP pairs 2D shape: (13156, 2) 3D shape: (13156, 3)
Multiframe time (ms): 1400
Floorplan Pose (x, y, angle): {'xy': array([2209.92339578, 1490.80825156]), 'ang': 169.47380952990085}
Best map key: ('Mahidol_University', 'ICT', '1.1_AnyLoc')
Number of candidates after local matching: 50
PnP pairs 2D shape: (9813, 2) 3D shape: (9813, 3)
Multiframe time (ms): 659
Floorplan Pose (x, y, angle): {'xy': array([2491.6185245 , 1809.87791944]), 'ang': 340.24744565431297}
Best map key: ('Mahidol_University', 'ICT', '1.1_AnyLoc')
Number of candidates after local matching: 47
PnP pairs 2D shape: (5732, 2) 3D shape: (5732, 3)
Multiframe time (ms): 378
Floorplan Pose (x, y, angle): {'xy': array([ 959.36765396, 1352.57221589]), 'ang': 353.62313086993436}
Best map key: ('Mahidol_University', 'ICT', '1.1_AnyLoc')
Number of candidates after local matching: 50
PnP pairs 2D shape: (13242, 2) 3D shape: (13242, 3)
Multiframe time (ms): 1027
Floorplan Pose (x, y, angle): {'xy': array([1333.3938287 , 1480.10891231]), 'ang': 12.387127207253812}
Best map key: ('Mahidol_University', 'ICT', '1.1_AnyLoc')
Number of candidates after local matching: 50
PnP pairs 2D shape: (4790, 2) 3D shape: (4790, 3)
Multiframe time (ms): 290
Floorplan Pose (x, y, angle): {'xy': array([2056.31222974,  688.5509925 ]), 'ang': 203.91576681914592}
Best map key: ('Mahidol_University', 'ICT', '1.1_AnyLoc')
Number of candidates after local matching: 48
PnP pairs 2D shape: (5937, 2) 3D shape: (5937, 3)
Multiframe time (ms): 504
Floorplan Pose (x, y, angle): {'xy': array([1598.26977772, 1339.35856271]), 'ang': 172.5688350328779}
Best map key: ('Mahidol_University', 'ICT', '1.1_AnyLoc')
Number of candidates after local matching: 49
PnP pairs 2D shape: (5004, 2) 3D shape: (5004, 3)
Multiframe time (ms): 375
Floorplan Pose (x, y, angle): {'xy': array([ 797.78763428, 1192.45624662]), 'ang': 228.68747611416518}
Best map key: ('Mahidol_University', 'ICT', '1.1_AnyLoc')
Number of candidates after local matching: 50
PnP pairs 2D shape: (7316, 2) 3D shape: (7316, 3)
Multiframe time (ms): 467
Floorplan Pose (x, y, angle): {'xy': array([2022.32872037, 1175.5357786 ]), 'ang': 16.956479994347635}
Best map key: ('Mahidol_University', 'ICT', '1.1_AnyLoc')
Number of candidates after local matching: 50
PnP pairs 2D shape: (8792, 2) 3D shape: (8792, 3)
Multiframe time (ms): 550
Floorplan Pose (x, y, angle): {'xy': array([2021.00476353,  985.28203662]), 'ang': 20.008634471238583}
Best map key: ('Mahidol_University', 'ICT', '1.1_AnyLoc')
Number of candidates after local matching: 32
PnP pairs 2D shape: (2887, 2) 3D shape: (2887, 3)
Multiframe time (ms): 235
Floorplan Pose (x, y, angle): {'xy': array([ 796.6692169 , 1220.62921744]), 'ang': 353.2835443926857}
Best map key: ('Mahidol_University', 'ICT', '1.1_AnyLoc')
Number of candidates after local matching: 50
PnP pairs 2D shape: (9973, 2) 3D shape: (9973, 3)
Multiframe time (ms): 710
Floorplan Pose (x, y, angle): {'xy': array([2225.38441651, 1497.63271249]), 'ang': 213.0623244663613}
Best map key: ('Mahidol_University', 'ICT', '1.1_AnyLoc')
Number of candidates after local matching: 49
PnP pairs 2D shape: (10820, 2) 3D shape: (10820, 3)
Multiframe time (ms): 725
Floorplan Pose (x, y, angle): {'xy': array([1932.84283661, 1715.98690488]), 'ang': 22.484291131263173}
Best map key: ('Mahidol_University', 'ICT', '1.1_AnyLoc')
Number of candidates after local matching: 49
PnP pairs 2D shape: (4737, 2) 3D shape: (4737, 3)
Multiframe time (ms): 289
Floorplan Pose (x, y, angle): {'xy': array([1058.35095833, 1353.40087143]), 'ang': 350.3679099511717}
Best map key: ('Mahidol_University', 'ICT', '1.1_AnyLoc')
Number of candidates after local matching: 50
PnP pairs 2D shape: (12616, 2) 3D shape: (12616, 3)
Multiframe time (ms): 1609
Floorplan Pose (x, y, angle): {'xy': array([1769.96335056, 1876.67786655]), 'ang': 228.09794627241496}
Best map key: ('Mahidol_University', 'ICT', '1.1_AnyLoc')
Number of candidates after local matching: 50
PnP pairs 2D shape: (8023, 2) 3D shape: (8023, 3)
Multiframe time (ms): 419
Floorplan Pose (x, y, angle): {'xy': array([2015.27367672, 1234.68063261]), 'ang': 296.17047774567135}
Best map key: ('Mahidol_University', 'ICT', '1.1_AnyLoc')
Number of candidates after local matching: 50
PnP pairs 2D shape: (7639, 2) 3D shape: (7639, 3)
Multiframe time (ms): 545
Floorplan Pose (x, y, angle): {'xy': array([2574.388018  , 1815.85925078]), 'ang': 350.6593024676948}
Best map key: ('Mahidol_University', 'ICT', '1.1_AnyLoc')
Number of candidates after local matching: 50
PnP pairs 2D shape: (9153, 2) 3D shape: (9153, 3)
Multiframe time (ms): 518
Floorplan Pose (x, y, angle): {'xy': array([2079.0391421 , 1050.54699094]), 'ang': 42.20797739903526}
Best map key: ('Mahidol_University', 'ICT', '1.1_AnyLoc')
Number of candidates after local matching: 50
PnP pairs 2D shape: (8064, 2) 3D shape: (8064, 3)
Multiframe time (ms): 735
Floorplan Pose (x, y, angle): {'xy': array([1719.44254261, 1869.43976441]), 'ang': 111.32898628387187}
Best map key: ('Mahidol_University', 'ICT', '1.1_AnyLoc')
Number of candidates after local matching: 46
PnP pairs 2D shape: (4039, 2) 3D shape: (4039, 3)
Multiframe time (ms): 382
Floorplan Pose (x, y, angle): {'xy': array([2025.4702338,  616.6636122]), 'ang': 238.36343443811242}
Best map key: ('Mahidol_University', 'ICT', '1.1_AnyLoc')
Number of candidates after local matching: 46
PnP pairs 2D shape: (4378, 2) 3D shape: (4378, 3)
Multiframe time (ms): 336
Floorplan Pose (x, y, angle): {'xy': array([2049.65203637,  554.00257984]), 'ang': 261.02561520172696}
Best map key: ('Mahidol_University', 'ICT', '1.1_AnyLoc')
Number of candidates after local matching: 41
PnP pairs 2D shape: (4457, 2) 3D shape: (4457, 3)
Multiframe time (ms): 352
Floorplan Pose (x, y, angle): {'xy': array([2642.91515819, 1699.63200807]), 'ang': 29.968446011145254}
Best map key: ('Mahidol_University', 'ICT', '1.1_AnyLoc')
Number of candidates after local matching: 25
PnP pairs 2D shape: (1809, 2) 3D shape: (1809, 3)
Multiframe time (ms): 167
Floorplan Pose (x, y, angle): {'xy': array([ 783.42686493, 1165.73720224]), 'ang': 277.75172265259823}
Best map key: ('Mahidol_University', 'ICT', '1.1_AnyLoc')
Number of candidates after local matching: 36
PnP pairs 2D shape: (3712, 2) 3D shape: (3712, 3)
Multiframe time (ms): 300
Floorplan Pose (x, y, angle): {'xy': array([1208.84694029, 1351.02951884]), 'ang': 168.20755846122933}
Best map key: ('Mahidol_University', 'ICT', '1.1_AnyLoc')
Number of candidates after local matching: 50
PnP pairs 2D shape: (9566, 2) 3D shape: (9566, 3)
Multiframe time (ms): 869
Floorplan Pose (x, y, angle): {'xy': array([1336.82954867, 1433.16454478]), 'ang': 97.919427203502}
Best map key: ('Mahidol_University', 'ICT', '1.1_AnyLoc')
Number of candidates after local matching: 49
PnP pairs 2D shape: (5556, 2) 3D shape: (5556, 3)
Multiframe time (ms): 388
Floorplan Pose (x, y, angle): {'xy': array([2012.18068895, 1260.83540302]), 'ang': 180.96832205921444}
Best map key: ('Mahidol_University', 'ICT', '1.1_AnyLoc')
Number of candidates after local matching: 50
PnP pairs 2D shape: (10395, 2) 3D shape: (10395, 3)
Multiframe time (ms): 857
Floorplan Pose (x, y, angle): {'xy': array([2021.32498544,  932.68195602]), 'ang': 60.646708932193086}
Best map key: ('Mahidol_University', 'ICT', '1.1_AnyLoc')
Number of candidates after local matching: 50
PnP pairs 2D shape: (6894, 2) 3D shape: (6894, 3)
Multiframe time (ms): 544
Floorplan Pose (x, y, angle): {'xy': array([ 882.03502123, 1355.92884953]), 'ang': 93.29297314114794}
Best map key: ('Mahidol_University', 'ICT', '1.1_AnyLoc')
Number of candidates after local matching: 50
PnP pairs 2D shape: (7788, 2) 3D shape: (7788, 3)
Multiframe time (ms): 529
Floorplan Pose (x, y, angle): {'xy': array([2081.03723899, 1697.62747078]), 'ang': 272.51568298751886}
Best map key: ('Mahidol_University', 'ICT', '1.1_AnyLoc')
Number of candidates after local matching: 50
PnP pairs 2D shape: (12205, 2) 3D shape: (12205, 3)
Multiframe time (ms): 1384
Floorplan Pose (x, y, angle): {'xy': array([2108.02980521, 1430.09969579]), 'ang': 107.46062393611778}
Best map key: ('Mahidol_University', 'ICT', '1.1_AnyLoc')
Number of candidates after local matching: 50
PnP pairs 2D shape: (5962, 2) 3D shape: (5962, 3)
Multiframe time (ms): 521
Floorplan Pose (x, y, angle): {'xy': array([2055.62519382,  894.96583161]), 'ang': 212.66059240810816}
Best map key: ('Mahidol_University', 'ICT', '1.1_AnyLoc')
Number of candidates after local matching: 41
PnP pairs 2D shape: (4540, 2) 3D shape: (4540, 3)
Multiframe time (ms): 267
Floorplan Pose (x, y, angle): {'xy': array([1905.01864054, 1339.75763221]), 'ang': 191.0111611124117}
Best map key: ('Mahidol_University', 'ICT', '1.1_AnyLoc')
Number of candidates after local matching: 50
PnP pairs 2D shape: (9732, 2) 3D shape: (9732, 3)
Multiframe time (ms): 722
Floorplan Pose (x, y, angle): {'xy': array([2028.58593735, 1182.78920153]), 'ang': 91.38197569794383}
Best map key: ('Mahidol_University', 'ICT', '1.1_AnyLoc')
Number of candidates after local matching: 50
PnP pairs 2D shape: (5098, 2) 3D shape: (5098, 3)
Multiframe time (ms): 363
Floorplan Pose (x, y, angle): {'xy': array([2083.14401205,  689.19973237]), 'ang': 165.19503468015498}
Best map key: ('Mahidol_University', 'ICT', '1.1_AnyLoc')
Number of candidates after local matching: 46
PnP pairs 2D shape: (4059, 2) 3D shape: (4059, 3)
Multiframe time (ms): 204
Floorplan Pose (x, y, angle): {'xy': array([1097.23417071, 1358.72880734]), 'ang': 333.4237753513504}
Best map key: ('Mahidol_University', 'ICT', '1.1_AnyLoc')
Number of candidates after local matching: 43
PnP pairs 2D shape: (4813, 2) 3D shape: (4813, 3)
Multiframe time (ms): 336
Floorplan Pose (x, y, angle): {'xy': array([2054.7752486 ,  640.56714642]), 'ang': 192.97974168665425}
Best map key: ('Mahidol_University', 'ICT', '1.1_AnyLoc')
Number of candidates after local matching: 50
PnP pairs 2D shape: (6950, 2) 3D shape: (6950, 3)
Multiframe time (ms): 472
Floorplan Pose (x, y, angle): {'xy': array([2011.04859678, 1208.22158206]), 'ang': 218.59287782251099}
Best map key: ('Mahidol_University', 'ICT', '1.1_AnyLoc')
Number of candidates after local matching: 50
PnP pairs 2D shape: (10553, 2) 3D shape: (10553, 3)
Multiframe time (ms): 965
Floorplan Pose (x, y, angle): {'xy': array([1330.59594151, 1412.27267096]), 'ang': 16.05635404902282}
Best map key: ('Mahidol_University', 'ICT', '1.1_AnyLoc')
Number of candidates after local matching: 48
PnP pairs 2D shape: (5481, 2) 3D shape: (5481, 3)
Multiframe time (ms): 463
Floorplan Pose (x, y, angle): {'xy': array([1049.26339265, 1345.56353763]), 'ang': 124.0228181855574}
Best map key: ('Mahidol_University', 'ICT', '1.1_AnyLoc')
Number of candidates after local matching: 44
PnP pairs 2D shape: (5963, 2) 3D shape: (5963, 3)
Multiframe time (ms): 395
Floorplan Pose (x, y, angle): {'xy': array([2113.8081074 , 1386.39945123]), 'ang': 288.4461476807006}
Best map key: ('Mahidol_University', 'ICT', '1.1_AnyLoc')
Number of candidates after local matching: 45
PnP pairs 2D shape: (3812, 2) 3D shape: (3812, 3)
Multiframe time (ms): 320
Floorplan Pose (x, y, angle): {'xy': array([ 977.86834167, 1348.84663501]), 'ang': 215.9891968646756}
Best map key: ('Mahidol_University', 'ICT', '1.1_AnyLoc')
Number of candidates after local matching: 50
PnP pairs 2D shape: (9580, 2) 3D shape: (9580, 3)
Multiframe time (ms): 597
Floorplan Pose (x, y, angle): {'xy': array([2013.64314357,  954.02824842]), 'ang': 43.58823819943683}
Best map key: ('Mahidol_University', 'ICT', '1.1_AnyLoc')
Number of candidates after local matching: 50
PnP pairs 2D shape: (12419, 2) 3D shape: (12419, 3)
Multiframe time (ms): 989
Floorplan Pose (x, y, angle): {'xy': array([1814.87375884, 1753.83291568]), 'ang': 242.07751030044074}
Best map key: ('Mahidol_University', 'ICT', '1.1_AnyLoc')
Number of candidates after local matching: 50
PnP pairs 2D shape: (11923, 2) 3D shape: (11923, 3)
Multiframe time (ms): 939
Floorplan Pose (x, y, angle): {'xy': array([2169.64237041, 1484.57978468]), 'ang': 43.09293950536089}
Best map key: ('Mahidol_University', 'ICT', '1.1_AnyLoc')
Number of candidates after local matching: 50
PnP pairs 2D shape: (6261, 2) 3D shape: (6261, 3)
Multiframe time (ms): 244
Floorplan Pose (x, y, angle): {'xy': array([2140.11577673, 1700.43113867]), 'ang': 86.71755492768196}
Best map key: ('Mahidol_University', 'ICT', '1.1_AnyLoc')
Number of candidates after local matching: 50
PnP pairs 2D shape: (12902, 2) 3D shape: (12902, 3)
Multiframe time (ms): 1283
Floorplan Pose (x, y, angle): {'xy': array([1813.95594755, 1760.12144967]), 'ang': 171.9422937407764}
Best map key: ('Mahidol_University', 'ICT', '1.1_AnyLoc')
Number of candidates after local matching: 49
PnP pairs 2D shape: (5744, 2) 3D shape: (5744, 3)
Multiframe time (ms): 375
Floorplan Pose (x, y, angle): {'xy': array([2016.87947498,  986.31640199]), 'ang': 140.08690238360776}
Best map key: ('Mahidol_University', 'ICT', '1.1_AnyLoc')
Number of candidates after local matching: 50
PnP pairs 2D shape: (11551, 2) 3D shape: (11551, 3)
Multiframe time (ms): 955
Floorplan Pose (x, y, angle): {'xy': array([2230.36885432, 1691.680113  ]), 'ang': 215.5333085731393}
Best map key: ('Mahidol_University', 'ICT', '1.1_AnyLoc')
Number of candidates after local matching: 50
PnP pairs 2D shape: (6977, 2) 3D shape: (6977, 3)
Multiframe time (ms): 419
Floorplan Pose (x, y, angle): {'xy': array([2015.52252559, 1058.40698577]), 'ang': 295.6680894048558}
Best map key: ('Mahidol_University', 'ICT', '1.1_AnyLoc')
Number of candidates after local matching: 50
PnP pairs 2D shape: (11466, 2) 3D shape: (11466, 3)
Multiframe time (ms): 988
Floorplan Pose (x, y, angle): {'xy': array([2309.46668073, 1705.49502877]), 'ang': 336.78032903763244}
Best map key: ('Mahidol_University', 'ICT', '1.1_AnyLoc')
Number of candidates after local matching: 50
PnP pairs 2D shape: (6941, 2) 3D shape: (6941, 3)
Multiframe time (ms): 700
Floorplan Pose (x, y, angle): {'xy': array([1057.29390973, 1354.62930791]), 'ang': 105.2244239372934}
Best map key: ('Mahidol_University', 'ICT', '1.1_AnyLoc')
Number of candidates after local matching: 50
PnP pairs 2D shape: (5135, 2) 3D shape: (5135, 3)
Multiframe time (ms): 348
Floorplan Pose (x, y, angle): {'xy': array([2066.97793848,  691.46485993]), 'ang': 136.9169709377146}
Best map key: ('Mahidol_University', 'ICT', '1.1_AnyLoc')
Number of candidates after local matching: 39
PnP pairs 2D shape: (2912, 2) 3D shape: (2912, 3)
Multiframe time (ms): 133
Floorplan Pose (x, y, angle): {'xy': array([2089.6593221 ,  734.16333709]), 'ang': 23.479962816146625}
Best map key: ('Mahidol_University', 'ICT', '1.1_AnyLoc')
Number of candidates after local matching: 50
PnP pairs 2D shape: (6751, 2) 3D shape: (6751, 3)
Multiframe time (ms): 449
Floorplan Pose (x, y, angle): {'xy': array([2099.62014671, 1296.7077835 ]), 'ang': 280.68421967206626}
Best map key: ('Mahidol_University', 'ICT', '1.1_AnyLoc')
Number of candidates after local matching: 29
PnP pairs 2D shape: (2611, 2) 3D shape: (2611, 3)
Multiframe time (ms): 209
Floorplan Pose (x, y, angle): {'xy': array([1901.94039153, 1335.38923466]), 'ang': 212.45278043141005}
Best map key: ('Mahidol_University', 'ICT', '1.1_AnyLoc')
Number of candidates after local matching: 28
PnP pairs 2D shape: (1816, 2) 3D shape: (1816, 3)
Multiframe time (ms): 130
Floorplan Pose (x, y, angle): {'xy': array([ 787.35499185, 1243.31303122]), 'ang': 120.42288389464893}
Best map key: ('Mahidol_University', 'ICT', '1.1_AnyLoc')
Number of candidates after local matching: 50
PnP pairs 2D shape: (17092, 2) 3D shape: (17092, 3)
Multiframe time (ms): 1830
Floorplan Pose (x, y, angle): {'xy': array([1489.26100615, 1794.30938101]), 'ang': 348.42479624568085}
Best map key: ('Mahidol_University', 'ICT', '1.1_AnyLoc')
Number of candidates after local matching: 50
PnP pairs 2D shape: (8462, 2) 3D shape: (8462, 3)
Multiframe time (ms): 740
Floorplan Pose (x, y, angle): {'xy': array([1698.17400759, 1335.73503941]), 'ang': 67.40375362328085}
Best map key: ('Mahidol_University', 'ICT', '1.1_AnyLoc')
Number of candidates after local matching: 49
PnP pairs 2D shape: (5820, 2) 3D shape: (5820, 3)
Multiframe time (ms): 711
Floorplan Pose (x, y, angle): {'xy': array([2629.87760126, 1680.58564543]), 'ang': 61.743549829388755}
Best map key: ('Mahidol_University', 'ICT', '1.1_AnyLoc')
Number of candidates after local matching: 50
PnP pairs 2D shape: (10179, 2) 3D shape: (10179, 3)
Multiframe time (ms): 920
Floorplan Pose (x, y, angle): {'xy': array([1966.431604  , 1710.67075098]), 'ang': 246.47402832628455}
Best map key: ('Mahidol_University', 'ICT', '1.1_AnyLoc')
Number of candidates after local matching: 50
PnP pairs 2D shape: (9186, 2) 3D shape: (9186, 3)
Multiframe time (ms): 573
Floorplan Pose (x, y, angle): {'xy': array([2360.73661999, 1689.29753998]), 'ang': 317.2399044646091}
Best map key: ('Mahidol_University', 'ICT', '1.1_AnyLoc')
Number of candidates after local matching: 50
PnP pairs 2D shape: (9515, 2) 3D shape: (9515, 3)
Multiframe time (ms): 825
Floorplan Pose (x, y, angle): {'xy': array([1381.19357308, 1496.79051236]), 'ang': 97.1365745782931}
Best map key: ('Mahidol_University', 'ICT', '1.1_AnyLoc')
Number of candidates after local matching: 41
PnP pairs 2D shape: (5729, 2) 3D shape: (5729, 3)
Multiframe time (ms): 347
Floorplan Pose (x, y, angle): {'xy': array([ 856.64197605, 1356.55896429]), 'ang': 6.241716085203075}
Best map key: ('Mahidol_University', 'ICT', '1.1_AnyLoc')
Number of candidates after local matching: 50
PnP pairs 2D shape: (4551, 2) 3D shape: (4551, 3)
Multiframe time (ms): 343
Floorplan Pose (x, y, angle): {'xy': array([2037.49454206,  710.29313042]), 'ang': 141.4089467988782}
Best map key: ('Mahidol_University', 'ICT', '1.1_AnyLoc')
Number of candidates after local matching: 50
PnP pairs 2D shape: (4795, 2) 3D shape: (4795, 3)
Multiframe time (ms): 328
Floorplan Pose (x, y, angle): {'xy': array([2080.9489782 ,  687.79205958]), 'ang': 47.64886926195306}
Best map key: ('Mahidol_University', 'ICT', '1.1_AnyLoc')
Number of candidates after local matching: 50
PnP pairs 2D shape: (8430, 2) 3D shape: (8430, 3)
Multiframe time (ms): 578
Floorplan Pose (x, y, angle): {'xy': array([2195.14775134, 1478.83161264]), 'ang': 328.45683198970886}
Best map key: ('Mahidol_University', 'ICT', '1.1_AnyLoc')
Number of candidates after local matching: 40
PnP pairs 2D shape: (4950, 2) 3D shape: (4950, 3)
Multiframe time (ms): 347
Floorplan Pose (x, y, angle): {'xy': array([1697.51263175, 1336.04547922]), 'ang': 353.3266571943232}
Best map key: ('Mahidol_University', 'ICT', '1.1_AnyLoc')
Number of candidates after local matching: 37
PnP pairs 2D shape: (3077, 2) 3D shape: (3077, 3)
Multiframe time (ms): 184
Floorplan Pose (x, y, angle): {'xy': array([ 803.8693512 , 1164.55328776]), 'ang': 195.44329832758248}
Best map key: ('Mahidol_University', 'ICT', '1.1_AnyLoc')
Number of candidates after local matching: 49
PnP pairs 2D shape: (5107, 2) 3D shape: (5107, 3)
Multiframe time (ms): 437
Floorplan Pose (x, y, angle): {'xy': array([1777.4966346 , 1336.51342814]), 'ang': 172.97204394738867}
Best map key: ('Mahidol_University', 'ICT', '1.1_AnyLoc')
Number of candidates after local matching: 50
PnP pairs 2D shape: (5770, 2) 3D shape: (5770, 3)
Multiframe time (ms): 623
Floorplan Pose (x, y, angle): {'xy': array([2074.91380917,  840.92884723]), 'ang': 227.5448190057823}
Best map key: ('Mahidol_University', 'ICT', '1.1_AnyLoc')
Number of candidates after local matching: 46
PnP pairs 2D shape: (6252, 2) 3D shape: (6252, 3)
Multiframe time (ms): 470
Floorplan Pose (x, y, angle): {'xy': array([1621.99630222, 1336.90952039]), 'ang': 11.192199576688406}
Best map key: ('Mahidol_University', 'ICT', '1.1_AnyLoc')
Number of candidates after local matching: 50
PnP pairs 2D shape: (12720, 2) 3D shape: (12720, 3)
Multiframe time (ms): 900
Floorplan Pose (x, y, angle): {'xy': array([2114.50837719, 1384.79393219]), 'ang': 69.21603037320611}
Best map key: ('Mahidol_University', 'ICT', '1.1_AnyLoc')
Number of candidates after local matching: 40
PnP pairs 2D shape: (3197, 2) 3D shape: (3197, 3)
Multiframe time (ms): 293
Floorplan Pose (x, y, angle): {'xy': array([ 810.58139591, 1269.34688914]), 'ang': 92.48916498687666}
Best map key: None
Number of candidates after local matching: 0
PnP pairs 2D shape: (0, 2) 3D shape: (0, 3)
Multiframe time (ms): 0
Not enough 2D-3D correspondences for pose estimation.
Best map key: ('Mahidol_University', 'ICT', '1.1_AnyLoc')
Number of candidates after local matching: 41
PnP pairs 2D shape: (5316, 2) 3D shape: (5316, 3)
Multiframe time (ms): 527
Floorplan Pose (x, y, angle): {'xy': array([ 983.51320886, 1353.74409513]), 'ang': 5.410037112540908}
Best map key: ('Mahidol_University', 'ICT', '1.1_AnyLoc')
Number of candidates after local matching: 48
PnP pairs 2D shape: (5185, 2) 3D shape: (5185, 3)
Multiframe time (ms): 367
Floorplan Pose (x, y, angle): {'xy': array([1816.51057086, 1331.8629948 ]), 'ang': 176.0837308926808}
Best map key: ('Mahidol_University', 'ICT', '1.1_AnyLoc')
Number of candidates after local matching: 9
PnP pairs 2D shape: (600, 2) 3D shape: (600, 3)
Multiframe time (ms): 34
Floorplan Pose (x, y, angle): {'xy': array([1903.79365097, 1339.04154997]), 'ang': 232.02973572579015}
Best map key: ('Mahidol_University', 'ICT', '1.1_AnyLoc')
Number of candidates after local matching: 50
PnP pairs 2D shape: (17080, 2) 3D shape: (17080, 3)
Multiframe time (ms): 1137
Floorplan Pose (x, y, angle): {'xy': array([1482.78502772, 1556.09385953]), 'ang': 55.266051695568294}
Best map key: ('Mahidol_University', 'ICT', '1.1_AnyLoc')
Number of candidates after local matching: 32
PnP pairs 2D shape: (3164, 2) 3D shape: (3164, 3)
Multiframe time (ms): 224
Floorplan Pose (x, y, angle): {'xy': array([2630.60936574, 1807.13827256]), 'ang': 358.6690174268914}
Best map key: ('Mahidol_University', 'ICT', '1.1_AnyLoc')
Number of candidates after local matching: 50
PnP pairs 2D shape: (7907, 2) 3D shape: (7907, 3)
Multiframe time (ms): 395
Floorplan Pose (x, y, angle): {'xy': array([2016.17968702, 1133.59871874]), 'ang': 358.62414264678404}
Best map key: ('Mahidol_University', 'ICT', '1.1_AnyLoc')
Number of candidates after local matching: 50
PnP pairs 2D shape: (8995, 2) 3D shape: (8995, 3)
Multiframe time (ms): 999
Floorplan Pose (x, y, angle): {'xy': array([2233.47560773, 1626.56207539]), 'ang': 135.77769846918738}
Best map key: ('Mahidol_University', 'ICT', '1.1_AnyLoc')
Number of candidates after local matching: 50
PnP pairs 2D shape: (9700, 2) 3D shape: (9700, 3)
Multiframe time (ms): 749
Floorplan Pose (x, y, angle): {'xy': array([2079.63817307, 1174.54790521]), 'ang': 84.65511058401998}
Best map key: ('Mahidol_University', 'ICT', '1.1_AnyLoc')
Number of candidates after local matching: 50
PnP pairs 2D shape: (6656, 2) 3D shape: (6656, 3)
Multiframe time (ms): 408
Floorplan Pose (x, y, angle): {'xy': array([2080.59218292, 1172.07169708]), 'ang': 163.75002161089645}
Best map key: ('Mahidol_University', 'ICT', '1.1_AnyLoc')
Number of candidates after local matching: 50
PnP pairs 2D shape: (4868, 2) 3D shape: (4868, 3)
Multiframe time (ms): 354
Floorplan Pose (x, y, angle): {'xy': array([2085.41324397,  691.19072891]), 'ang': 203.3096938640883}
Best map key: ('Mahidol_University', 'ICT', '1.1_AnyLoc')
Number of candidates after local matching: 50
PnP pairs 2D shape: (6048, 2) 3D shape: (6048, 3)
Multiframe time (ms): 480
Floorplan Pose (x, y, angle): {'xy': array([1059.34838694, 1357.75784726]), 'ang': 62.60717203642463}
Best map key: ('Mahidol_University', 'ICT', '1.1_AnyLoc')
Number of candidates after local matching: 50
PnP pairs 2D shape: (14061, 2) 3D shape: (14061, 3)
Multiframe time (ms): 1176
Floorplan Pose (x, y, angle): {'xy': array([2122.882267  , 1433.90383885]), 'ang': 43.72839026040186}
Best map key: ('Mahidol_University', 'ICT', '1.1_AnyLoc')
Number of candidates after local matching: 50
PnP pairs 2D shape: (7251, 2) 3D shape: (7251, 3)
Multiframe time (ms): 462
Floorplan Pose (x, y, angle): {'xy': array([2106.24616109, 1380.49515382]), 'ang': 275.04427204895677}
Best map key: ('Mahidol_University', 'ICT', '1.1_AnyLoc')
Number of candidates after local matching: 11
PnP pairs 2D shape: (770, 2) 3D shape: (770, 3)
Multiframe time (ms): 44
Floorplan Pose (x, y, angle): {'xy': array([1215.6655701 , 1343.54848721]), 'ang': 312.062509216438}
Best map key: ('Mahidol_University', 'ICT', '1.1_AnyLoc')
Number of candidates after local matching: 50
PnP pairs 2D shape: (4625, 2) 3D shape: (4625, 3)
Multiframe time (ms): 260
Floorplan Pose (x, y, angle): {'xy': array([2045.02114844,  682.74848509]), 'ang': 138.75352572823266}
Best map key: ('Mahidol_University', 'ICT', '1.1_AnyLoc')
Number of candidates after local matching: 41
PnP pairs 2D shape: (3802, 2) 3D shape: (3802, 3)
Multiframe time (ms): 286
Floorplan Pose (x, y, angle): {'xy': array([2025.44015943,  649.11318365]), 'ang': 230.80744452821082}
Best map key: ('Mahidol_University', 'ICT', '1.1_AnyLoc')
Number of candidates after local matching: 47
PnP pairs 2D shape: (6158, 2) 3D shape: (6158, 3)
Multiframe time (ms): 376
Floorplan Pose (x, y, angle): {'xy': array([1796.68157572, 1333.40638403]), 'ang': 351.3053239289753}
Best map key: ('Mahidol_University', 'ICT', '1.1_AnyLoc')
Number of candidates after local matching: 3
PnP pairs 2D shape: (272, 2) 3D shape: (272, 3)
Multiframe time (ms): 23
Floorplan Pose (x, y, angle): {'xy': array([1698.8147128 , 1336.69761728]), 'ang': 226.33918265936836}
Best map key: ('Mahidol_University', 'ICT', '1.1_AnyLoc')
Number of candidates after local matching: 50
PnP pairs 2D shape: (7423, 2) 3D shape: (7423, 3)
Multiframe time (ms): 740
Floorplan Pose (x, y, angle): {'xy': array([2634.46799023, 1800.95602449]), 'ang': 280.1983129878939}
Best map key: ('Mahidol_University', 'ICT', '1.1_AnyLoc')
Number of candidates after local matching: 50
PnP pairs 2D shape: (7112, 2) 3D shape: (7112, 3)
Multiframe time (ms): 761
Floorplan Pose (x, y, angle): {'xy': array([2027.00248349, 1123.28523244]), 'ang': 219.02564535085943}
Best map key: ('Mahidol_University', 'ICT', '1.1_AnyLoc')
Number of candidates after local matching: 50
PnP pairs 2D shape: (12979, 2) 3D shape: (12979, 3)
Multiframe time (ms): 1060
Floorplan Pose (x, y, angle): {'xy': array([1782.19902785, 1857.9358827 ]), 'ang': 194.732422698716}
Best map key: ('Mahidol_University', 'ICT', '1.1_AnyLoc')
Number of candidates after local matching: 50
PnP pairs 2D shape: (9690, 2) 3D shape: (9690, 3)
Multiframe time (ms): 645
Floorplan Pose (x, y, angle): {'xy': array([2105.7184742 , 1696.37571311]), 'ang': 26.742723949237426}
Best map key: ('Mahidol_University', 'ICT', '1.1_AnyLoc')
Number of candidates after local matching: 50
PnP pairs 2D shape: (6926, 2) 3D shape: (6926, 3)
Multiframe time (ms): 527
Floorplan Pose (x, y, angle): {'xy': array([2226.9793992 , 1681.55301585]), 'ang': 119.2512651880138}
Best map key: ('Mahidol_University', 'ICT', '1.1_AnyLoc')
Number of candidates after local matching: 49
PnP pairs 2D shape: (5053, 2) 3D shape: (5053, 3)
Multiframe time (ms): 327
Floorplan Pose (x, y, angle): {'xy': array([1502.48317379, 1764.0979574 ]), 'ang': 121.826581569691}
Best map key: ('Mahidol_University', 'ICT', '1.1_AnyLoc')
Number of candidates after local matching: 2
PnP pairs 2D shape: (133, 2) 3D shape: (133, 3)
Multiframe time (ms): 15
Floorplan Pose (x, y, angle): {'xy': array([1614.26308021, 1332.21089028]), 'ang': 312.81885030882654}
Best map key: ('Mahidol_University', 'ICT', '1.1_AnyLoc')
Number of candidates after local matching: 50
PnP pairs 2D shape: (10656, 2) 3D shape: (10656, 3)
Multiframe time (ms): 714
Floorplan Pose (x, y, angle): {'xy': array([1996.0605404 , 1707.97493294]), 'ang': 126.13227744920992}
Best map key: ('Mahidol_University', 'ICT', '1.1_AnyLoc')
Number of candidates after local matching: 50
PnP pairs 2D shape: (13055, 2) 3D shape: (13055, 3)
Multiframe time (ms): 1107
Floorplan Pose (x, y, angle): {'xy': array([1544.65860144, 1863.12020482]), 'ang': 293.43815101557277}
Best map key: ('Mahidol_University', 'ICT', '1.1_AnyLoc')
Number of candidates after local matching: 42
PnP pairs 2D shape: (4494, 2) 3D shape: (4494, 3)
Multiframe time (ms): 322
Floorplan Pose (x, y, angle): {'xy': array([2520.95092445, 1669.85370682]), 'ang': 254.13185357409813}
Best map key: ('Mahidol_University', 'ICT', '1.1_AnyLoc')
Number of candidates after local matching: 47
PnP pairs 2D shape: (6606, 2) 3D shape: (6606, 3)
Multiframe time (ms): 485
Floorplan Pose (x, y, angle): {'xy': array([2582.71552041, 1676.79229849]), 'ang': 274.76166883754007}
Best map key: ('Mahidol_University', 'ICT', '1.1_AnyLoc')
Number of candidates after local matching: 44
PnP pairs 2D shape: (4872, 2) 3D shape: (4872, 3)
Multiframe time (ms): 516
Floorplan Pose (x, y, angle): {'xy': array([ 843.89882382, 1351.22949538]), 'ang': 207.06313717507808}
Best map key: ('Mahidol_University', 'ICT', '1.1_AnyLoc')
Number of candidates after local matching: 50
PnP pairs 2D shape: (12852, 2) 3D shape: (12852, 3)
Multiframe time (ms): 1057
Floorplan Pose (x, y, angle): {'xy': array([2110.16378972, 1700.25776201]), 'ang': 354.3778314985972}
Best map key: ('Mahidol_University', 'ICT', '1.1_AnyLoc')
Number of candidates after local matching: 50
PnP pairs 2D shape: (11637, 2) 3D shape: (11637, 3)
Multiframe time (ms): 841
Floorplan Pose (x, y, angle): {'xy': array([2188.18201522, 1481.34228036]), 'ang': 194.01033190810426}
Best map key: ('Mahidol_University', 'ICT', '1.1_AnyLoc')
Number of candidates after local matching: 43
PnP pairs 2D shape: (4061, 2) 3D shape: (4061, 3)
Multiframe time (ms): 317
Floorplan Pose (x, y, angle): {'xy': array([2038.10043926,  688.34392923]), 'ang': 230.4051256509217}
Best map key: ('Mahidol_University', 'ICT', '1.1_AnyLoc')
Number of candidates after local matching: 40
PnP pairs 2D shape: (3388, 2) 3D shape: (3388, 3)
Multiframe time (ms): 306
Floorplan Pose (x, y, angle): {'xy': array([1321.64286954, 1386.72548457]), 'ang': 356.2147985835419}
Best map key: ('Mahidol_University', 'ICT', '1.1_AnyLoc')
Number of candidates after local matching: 50
PnP pairs 2D shape: (6653, 2) 3D shape: (6653, 3)
Multiframe time (ms): 367
Floorplan Pose (x, y, angle): {'xy': array([2036.38228574,  998.1890919 ]), 'ang': 274.09530169224246}
Best map key: ('Mahidol_University', 'ICT', '1.1_AnyLoc')
Number of candidates after local matching: 49
PnP pairs 2D shape: (4969, 2) 3D shape: (4969, 3)
Multiframe time (ms): 385
Floorplan Pose (x, y, angle): {'xy': array([1500.7945294, 1790.2492592]), 'ang': 120.85693843375506}
Best map key: ('Mahidol_University', 'ICT', '1.1_AnyLoc')
Number of candidates after local matching: 50
PnP pairs 2D shape: (8199, 2) 3D shape: (8199, 3)
Multiframe time (ms): 465
Floorplan Pose (x, y, angle): {'xy': array([2041.05987229,  905.10120913]), 'ang': 18.101142377154925}
Best map key: ('Mahidol_University', 'ICT', '1.1_AnyLoc')
Number of candidates after local matching: 50
PnP pairs 2D shape: (9244, 2) 3D shape: (9244, 3)
Multiframe time (ms): 595
Floorplan Pose (x, y, angle): {'xy': array([2079.47997528, 1151.67893277]), 'ang': 83.3713853248254}
Best map key: ('Mahidol_University', 'ICT', '1.1_AnyLoc')
Number of candidates after local matching: 50
PnP pairs 2D shape: (5420, 2) 3D shape: (5420, 3)
Multiframe time (ms): 276
Floorplan Pose (x, y, angle): {'xy': array([1797.58520362, 1332.03532779]), 'ang': 110.21683039426517}
Best map key: ('Mahidol_University', 'ICT', '1.1_AnyLoc')
Number of candidates after local matching: 7
PnP pairs 2D shape: (474, 2) 3D shape: (474, 3)
Multiframe time (ms): 30
Floorplan Pose (x, y, angle): {'xy': array([1206.81913064, 1356.16021736]), 'ang': 256.16063205434523}
Best map key: ('Mahidol_University', 'ICT', '1.1_AnyLoc')
Number of candidates after local matching: 1
PnP pairs 2D shape: (77, 2) 3D shape: (77, 3)
Multiframe time (ms): 16
Floorplan Pose (x, y, angle): {'xy': array([1104.41290282, 1342.47409409]), 'ang': 237.78845297842366}
Best map key: ('Mahidol_University', 'ICT', '1.1_AnyLoc')
Number of candidates after local matching: 46
PnP pairs 2D shape: (5250, 2) 3D shape: (5250, 3)
Multiframe time (ms): 415
Floorplan Pose (x, y, angle): {'xy': array([2066.78243863,  684.08445831]), 'ang': 305.71779294127225}
Best map key: ('Mahidol_University', 'ICT', '1.1_AnyLoc')
Number of candidates after local matching: 50
PnP pairs 2D shape: (9423, 2) 3D shape: (9423, 3)
Multiframe time (ms): 627
Floorplan Pose (x, y, angle): {'xy': array([2029.58517512, 1103.51896067]), 'ang': 93.97577852468935}
Best map key: ('Mahidol_University', 'ICT', '1.1_AnyLoc')
Number of candidates after local matching: 50
PnP pairs 2D shape: (13461, 2) 3D shape: (13461, 3)
Multiframe time (ms): 1116
Floorplan Pose (x, y, angle): {'xy': array([2168.19474599, 1458.60938406]), 'ang': 110.59585095499173}
Best map key: ('Mahidol_University', 'ICT', '1.1_AnyLoc')
Number of candidates after local matching: 50
PnP pairs 2D shape: (8433, 2) 3D shape: (8433, 3)
Multiframe time (ms): 522
Floorplan Pose (x, y, angle): {'xy': array([1788.13264355, 1859.14678806]), 'ang': 64.74440476290286}
Best map key: ('Mahidol_University', 'ICT', '1.1_AnyLoc')
Number of candidates after local matching: 50
PnP pairs 2D shape: (10943, 2) 3D shape: (10943, 3)
Multiframe time (ms): 791
Floorplan Pose (x, y, angle): {'xy': array([2111.69920275, 1386.37534515]), 'ang': 153.46737750679497}
Best map key: ('Mahidol_University', 'ICT', '1.1_AnyLoc')
Number of candidates after local matching: 50
PnP pairs 2D shape: (12619, 2) 3D shape: (12619, 3)
Multiframe time (ms): 937
Floorplan Pose (x, y, angle): {'xy': array([2233.27820078, 1687.45320262]), 'ang': 196.31759893318545}
Best map key: ('Mahidol_University', 'ICT', '1.1_AnyLoc')
Number of candidates after local matching: 50
PnP pairs 2D shape: (10437, 2) 3D shape: (10437, 3)
Multiframe time (ms): 724
Floorplan Pose (x, y, angle): {'xy': array([2437.24044  , 1785.0415172]), 'ang': 338.752299357259}
Best map key: ('Mahidol_University', 'ICT', '1.1_AnyLoc')
Number of candidates after local matching: 50
PnP pairs 2D shape: (9336, 2) 3D shape: (9336, 3)
Multiframe time (ms): 562
Floorplan Pose (x, y, angle): {'xy': array([2387.1178748 , 1746.35227507]), 'ang': 23.127889945311534}
Best map key: None
Number of candidates after local matching: 0
PnP pairs 2D shape: (0, 2) 3D shape: (0, 3)
Multiframe time (ms): 0
Not enough 2D-3D correspondences for pose estimation.
Best map key: ('Mahidol_University', 'ICT', '1.1_AnyLoc')
Number of candidates after local matching: 42
PnP pairs 2D shape: (3847, 2) 3D shape: (3847, 3)
Multiframe time (ms): 233
Floorplan Pose (x, y, angle): {'xy': array([ 783.40295796, 1216.29504631]), 'ang': 308.6976533655405}
Best map key: ('Mahidol_University', 'ICT', '1.1_AnyLoc')
Number of candidates after local matching: 48
PnP pairs 2D shape: (3995, 2) 3D shape: (3995, 3)
Multiframe time (ms): 256
Floorplan Pose (x, y, angle): {'xy': array([2006.73496221, 1106.76193595]), 'ang': 182.91392801713368}
Best map key: ('Mahidol_University', 'ICT', '1.1_AnyLoc')
Number of candidates after local matching: 50
PnP pairs 2D shape: (10205, 2) 3D shape: (10205, 3)
Multiframe time (ms): 910
Floorplan Pose (x, y, angle): {'xy': array([2344.28531026, 1716.83911353]), 'ang': 307.4048359625517}
Best map key: ('Mahidol_University', 'ICT', '1.1_AnyLoc')
Number of candidates after local matching: 43
PnP pairs 2D shape: (5158, 2) 3D shape: (5158, 3)
Multiframe time (ms): 341
Floorplan Pose (x, y, angle): {'xy': array([1569.95650521, 1339.48676392]), 'ang': 113.58528801012297}
Best map key: ('Mahidol_University', 'ICT', '1.1_AnyLoc')
Number of candidates after local matching: 50
PnP pairs 2D shape: (8441, 2) 3D shape: (8441, 3)
Multiframe time (ms): 673
Floorplan Pose (x, y, angle): {'xy': array([1722.14471075, 1329.80338899]), 'ang': 71.06003304982205}
Best map key: ('Mahidol_University', 'ICT', '1.1_AnyLoc')
Number of candidates after local matching: 50
PnP pairs 2D shape: (9631, 2) 3D shape: (9631, 3)
Multiframe time (ms): 777
Floorplan Pose (x, y, angle): {'xy': array([2009.0499091 , 1310.09963408]), 'ang': 83.62976390448368}
Best map key: ('Mahidol_University', 'ICT', '1.1_AnyLoc')
Number of candidates after local matching: 50
PnP pairs 2D shape: (4901, 2) 3D shape: (4901, 3)
Multiframe time (ms): 350
Floorplan Pose (x, y, angle): {'xy': array([2086.23452994,  731.69187447]), 'ang': 205.6303317528857}
Best map key: ('Mahidol_University', 'ICT', '1.1_AnyLoc')
Number of candidates after local matching: 50
PnP pairs 2D shape: (6050, 2) 3D shape: (6050, 3)
Multiframe time (ms): 342
Floorplan Pose (x, y, angle): {'xy': array([2059.12487136,  781.65105206]), 'ang': 118.1499376019725}
Best map key: ('Mahidol_University', 'ICT', '1.1_AnyLoc')
Number of candidates after local matching: 49
PnP pairs 2D shape: (5807, 2) 3D shape: (5807, 3)
Multiframe time (ms): 383
Floorplan Pose (x, y, angle): {'xy': array([2069.86541244,  859.27728812]), 'ang': 240.96159133640217}
Best map key: ('Mahidol_University', 'ICT', '1.1_AnyLoc')
Number of candidates after local matching: 50
PnP pairs 2D shape: (11586, 2) 3D shape: (11586, 3)
Multiframe time (ms): 763
Floorplan Pose (x, y, angle): {'xy': array([1845.4201423 , 1726.87473635]), 'ang': 21.63249705133764}
Best map key: ('Mahidol_University', 'ICT', '1.1_AnyLoc')
Number of candidates after local matching: 8
PnP pairs 2D shape: (462, 2) 3D shape: (462, 3)
Multiframe time (ms): 54
Floorplan Pose (x, y, angle): {'xy': array([ 789.59471163, 1336.89323446]), 'ang': 192.30351220770214}
Best map key: ('Mahidol_University', 'ICT', '1.1_AnyLoc')
Number of candidates after local matching: 50
PnP pairs 2D shape: (6801, 2) 3D shape: (6801, 3)
Multiframe time (ms): 662
Floorplan Pose (x, y, angle): {'xy': array([2088.0197827, 1007.4200733]), 'ang': 207.50572632864944}
Best map key: ('Mahidol_University', 'ICT', '1.1_AnyLoc')
Number of candidates after local matching: 47
PnP pairs 2D shape: (4347, 2) 3D shape: (4347, 3)
Multiframe time (ms): 261
Floorplan Pose (x, y, angle): {'xy': array([2093.18792872, 1312.57012721]), 'ang': 341.4227376289796}
Best map key: ('Mahidol_University', 'ICT', '1.1_AnyLoc')
Number of candidates after local matching: 50
PnP pairs 2D shape: (10960, 2) 3D shape: (10960, 3)
Multiframe time (ms): 772
Floorplan Pose (x, y, angle): {'xy': array([2112.62773332, 1383.71002152]), 'ang': 33.15454130803339}
Best map key: ('Mahidol_University', 'ICT', '1.1_AnyLoc')
Number of candidates after local matching: 44
PnP pairs 2D shape: (4303, 2) 3D shape: (4303, 3)
Multiframe time (ms): 307
Floorplan Pose (x, y, angle): {'xy': array([2081.82777748,  739.68683491]), 'ang': 281.6725693666645}
Best map key: ('Mahidol_University', 'ICT', '1.1_AnyLoc')
Number of candidates after local matching: 50
PnP pairs 2D shape: (10760, 2) 3D shape: (10760, 3)
Multiframe time (ms): 1003
Floorplan Pose (x, y, angle): {'xy': array([2639.14272781, 1787.77023223]), 'ang': 84.32739471753008}
Best map key: ('Mahidol_University', 'ICT', '1.1_AnyLoc')
Number of candidates after local matching: 50
PnP pairs 2D shape: (6971, 2) 3D shape: (6971, 3)
Multiframe time (ms): 396
Floorplan Pose (x, y, angle): {'xy': array([2106.10929261, 1351.14504321]), 'ang': 39.39147754154666}
Best map key: ('Mahidol_University', 'ICT', '1.1_AnyLoc')
Number of candidates after local matching: 50
PnP pairs 2D shape: (9904, 2) 3D shape: (9904, 3)
Multiframe time (ms): 1025
Floorplan Pose (x, y, angle): {'xy': array([2081.34273808, 1206.20054215]), 'ang': 81.10041813297381}
Best map key: ('Mahidol_University', 'ICT', '1.1_AnyLoc')
Number of candidates after local matching: 50
PnP pairs 2D shape: (9126, 2) 3D shape: (9126, 3)
Multiframe time (ms): 690
Floorplan Pose (x, y, angle): {'xy': array([1948.46320499, 1335.53975755]), 'ang': 33.659428196549406}
Best map key: ('Mahidol_University', 'ICT', '1.1_AnyLoc')
Number of candidates after local matching: 50
PnP pairs 2D shape: (7854, 2) 3D shape: (7854, 3)
Multiframe time (ms): 421
Floorplan Pose (x, y, angle): {'xy': array([2071.59969063,  843.06686378]), 'ang': 124.50243529216505}
Best map key: ('Mahidol_University', 'ICT', '1.1_AnyLoc')
Number of candidates after local matching: 50
PnP pairs 2D shape: (5272, 2) 3D shape: (5272, 3)
Multiframe time (ms): 257
Floorplan Pose (x, y, angle): {'xy': array([2030.97130943,  804.8282577 ]), 'ang': 358.4337895574427}
Best map key: ('Mahidol_University', 'ICT', '1.1_AnyLoc')
Number of candidates after local matching: 35
PnP pairs 2D shape: (2550, 2) 3D shape: (2550, 3)
Multiframe time (ms): 220
Floorplan Pose (x, y, angle): {'xy': array([ 762.59455392, 1197.53431592]), 'ang': 108.426704656968}
Best map key: ('Mahidol_University', 'ICT', '1.1_AnyLoc')
Number of candidates after local matching: 50
PnP pairs 2D shape: (16779, 2) 3D shape: (16779, 3)
Multiframe time (ms): 1404
Floorplan Pose (x, y, angle): {'xy': array([1508.82877307, 1794.47234592]), 'ang': 8.74453563056257}
Best map key: ('Mahidol_University', 'ICT', '1.1_AnyLoc')
Number of candidates after local matching: 50
PnP pairs 2D shape: (9460, 2) 3D shape: (9460, 3)
Multiframe time (ms): 678
Floorplan Pose (x, y, angle): {'xy': array([2020.12780384,  936.96662652]), 'ang': 78.1045372968436}
Best map key: ('Mahidol_University', 'ICT', '1.1_AnyLoc')
Number of candidates after local matching: 50
PnP pairs 2D shape: (17694, 2) 3D shape: (17694, 3)
Multiframe time (ms): 1393
Floorplan Pose (x, y, angle): {'xy': array([1632.57736445, 1870.19032499]), 'ang': 334.7444081592984}
Best map key: ('Mahidol_University', 'ICT', '1.1_AnyLoc')
Number of candidates after local matching: 15
PnP pairs 2D shape: (1043, 2) 3D shape: (1043, 3)
Multiframe time (ms): 62
Floorplan Pose (x, y, angle): {'xy': array([ 957.61157973, 1355.23025551]), 'ang': 281.81860742993166}
Best map key: ('Mahidol_University', 'ICT', '1.1_AnyLoc')
Number of candidates after local matching: 50
PnP pairs 2D shape: (9282, 2) 3D shape: (9282, 3)
Multiframe time (ms): 719
Floorplan Pose (x, y, angle): {'xy': array([2119.75555979, 1409.96554226]), 'ang': 359.43332377129155}
Best map key: ('Mahidol_University', 'ICT', '1.1_AnyLoc')
Number of candidates after local matching: 46
PnP pairs 2D shape: (9648, 2) 3D shape: (9648, 3)
Multiframe time (ms): 780
Floorplan Pose (x, y, angle): {'xy': array([1878.63268395, 1733.62033235]), 'ang': 309.26763281283115}
Best map key: ('Mahidol_University', 'ICT', '1.1_AnyLoc')
Number of candidates after local matching: 43
PnP pairs 2D shape: (4315, 2) 3D shape: (4315, 3)
Multiframe time (ms): 289
Floorplan Pose (x, y, angle): {'xy': array([ 900.44183291, 1354.61978611]), 'ang': 352.0762987000737}
Best map key: ('Mahidol_University', 'ICT', '1.1_AnyLoc')
Number of candidates after local matching: 49
PnP pairs 2D shape: (7093, 2) 3D shape: (7093, 3)
Multiframe time (ms): 467
Floorplan Pose (x, y, angle): {'xy': array([2090.83496768, 1311.48571172]), 'ang': 200.44711851825528}
Best map key: ('Mahidol_University', 'ICT', '1.1_AnyLoc')
Number of candidates after local matching: 9
PnP pairs 2D shape: (745, 2) 3D shape: (745, 3)
Multiframe time (ms): 72
Floorplan Pose (x, y, angle): {'xy': array([1904.92434313, 1336.30630196]), 'ang': 261.4431084040598}
Best map key: ('Mahidol_University', 'ICT', '1.1_AnyLoc')
Number of candidates after local matching: 43
PnP pairs 2D shape: (5176, 2) 3D shape: (5176, 3)
Multiframe time (ms): 330
Floorplan Pose (x, y, angle): {'xy': array([2073.43330362,  708.84958158]), 'ang': 302.38916098981485}
Best map key: ('Mahidol_University', 'ICT', '1.1_AnyLoc')
Number of candidates after local matching: 39
PnP pairs 2D shape: (3464, 2) 3D shape: (3464, 3)
Multiframe time (ms): 166
Floorplan Pose (x, y, angle): {'xy': array([2526.32977036, 1678.82044732]), 'ang': 270.96108704724065}
Best map key: ('Mahidol_University', 'ICT', '1.1_AnyLoc')
Number of candidates after local matching: 50
PnP pairs 2D shape: (5273, 2) 3D shape: (5273, 3)
Multiframe time (ms): 302
Floorplan Pose (x, y, angle): {'xy': array([ 773.36440898, 1252.53728174]), 'ang': 300.94302900288073}
Best map key: ('Mahidol_University', 'ICT', '1.1_AnyLoc')
Number of candidates after local matching: 50
PnP pairs 2D shape: (6273, 2) 3D shape: (6273, 3)
Multiframe time (ms): 407
Floorplan Pose (x, y, angle): {'xy': array([1999.28056509, 1325.1509723 ]), 'ang': 253.23631491139105}
Best map key: ('Mahidol_University', 'ICT', '1.1_AnyLoc')
Number of candidates after local matching: 42
PnP pairs 2D shape: (4451, 2) 3D shape: (4451, 3)
Multiframe time (ms): 410
Floorplan Pose (x, y, angle): {'xy': array([2083.10938636,  715.69951231]), 'ang': 297.0639281170034}
Best map key: ('Mahidol_University', 'ICT', '1.1_AnyLoc')
Number of candidates after local matching: 47
PnP pairs 2D shape: (4099, 2) 3D shape: (4099, 3)
Multiframe time (ms): 264
Floorplan Pose (x, y, angle): {'xy': array([ 761.7424199, 1197.1276923]), 'ang': 250.0014515086098}
Best map key: ('Mahidol_University', 'ICT', '1.1_AnyLoc')
Number of candidates after local matching: 31
PnP pairs 2D shape: (2988, 2) 3D shape: (2988, 3)
Multiframe time (ms): 271
Floorplan Pose (x, y, angle): {'xy': array([ 784.50141382, 1176.07624314]), 'ang': 347.51302785336213}
Best map key: ('Mahidol_University', 'ICT', '1.1_AnyLoc')
Number of candidates after local matching: 29
PnP pairs 2D shape: (1950, 2) 3D shape: (1950, 3)
Multiframe time (ms): 135
Floorplan Pose (x, y, angle): {'xy': array([ 783.86922309, 1165.62260193]), 'ang': 303.4097350884799}
Best map key: ('Mahidol_University', 'ICT', '1.1_AnyLoc')
Number of candidates after local matching: 33
PnP pairs 2D shape: (2460, 2) 3D shape: (2460, 3)
Multiframe time (ms): 141
Floorplan Pose (x, y, angle): {'xy': array([ 904.62651392, 1356.0343938 ]), 'ang': 316.8527750277349}
Best map key: ('Mahidol_University', 'ICT', '1.1_AnyLoc')
Number of candidates after local matching: 41
PnP pairs 2D shape: (4899, 2) 3D shape: (4899, 3)
Multiframe time (ms): 387
Floorplan Pose (x, y, angle): {'xy': array([1544.37788403, 1338.71894691]), 'ang': 113.02279049611283}
Best map key: ('Mahidol_University', 'ICT', '1.1_AnyLoc')
Number of candidates after local matching: 45
PnP pairs 2D shape: (5970, 2) 3D shape: (5970, 3)
Multiframe time (ms): 506
Floorplan Pose (x, y, angle): {'xy': array([1671.79417449, 1338.47474419]), 'ang': 149.35211101222936}
Best map key: ('Mahidol_University', 'ICT', '1.1_AnyLoc')
Number of candidates after local matching: 38
PnP pairs 2D shape: (2870, 2) 3D shape: (2870, 3)
Multiframe time (ms): 255
Floorplan Pose (x, y, angle): {'xy': array([ 772.87635075, 1247.90038906]), 'ang': 216.9251975291384}
Best map key: ('Mahidol_University', 'ICT', '1.1_AnyLoc')
Number of candidates after local matching: 43
PnP pairs 2D shape: (4395, 2) 3D shape: (4395, 3)
Multiframe time (ms): 360
Floorplan Pose (x, y, angle): {'xy': array([1153.10355355, 1341.48431211]), 'ang': 168.11058230512097}
Best map key: ('Mahidol_University', 'ICT', '1.1_AnyLoc')
Number of candidates after local matching: 45
PnP pairs 2D shape: (4406, 2) 3D shape: (4406, 3)
Multiframe time (ms): 260
Floorplan Pose (x, y, angle): {'xy': array([2074.23287926,  863.19531892]), 'ang': 304.0937723448001}
Best map key: ('Mahidol_University', 'ICT', '1.1_AnyLoc')
Number of candidates after local matching: 50
PnP pairs 2D shape: (15999, 2) 3D shape: (15999, 3)
Multiframe time (ms): 1750
Floorplan Pose (x, y, angle): {'xy': array([2473.14475781, 1685.95091233]), 'ang': 173.548672701444}
Best map key: ('Mahidol_University', 'ICT', '1.1_AnyLoc')
Number of candidates after local matching: 42
PnP pairs 2D shape: (4876, 2) 3D shape: (4876, 3)
Multiframe time (ms): 328
Floorplan Pose (x, y, angle): {'xy': array([1976.48873379, 1334.6067914 ]), 'ang': 182.71790294243849}
Best map key: ('Mahidol_University', 'ICT', '1.1_AnyLoc')
Number of candidates after local matching: 47
PnP pairs 2D shape: (4277, 2) 3D shape: (4277, 3)
Multiframe time (ms): 198
Floorplan Pose (x, y, angle): {'xy': array([2052.9887808 ,  825.74507823]), 'ang': 319.05313545009284}
Best map key: ('Mahidol_University', 'ICT', '1.1_AnyLoc')
Number of candidates after local matching: 32
PnP pairs 2D shape: (2957, 2) 3D shape: (2957, 3)
Multiframe time (ms): 191
Floorplan Pose (x, y, angle): {'xy': array([ 793.6331605 , 1168.25345724]), 'ang': 22.56593133562564}
Best map key: ('Mahidol_University', 'ICT', '1.1_AnyLoc')
Number of candidates after local matching: 31
PnP pairs 2D shape: (2029, 2) 3D shape: (2029, 3)
Multiframe time (ms): 122
Floorplan Pose (x, y, angle): {'xy': array([ 816.33757294, 1241.16901524]), 'ang': 169.13936909677403}
Best map key: ('Mahidol_University', 'ICT', '1.1_AnyLoc')
Number of candidates after local matching: 50
PnP pairs 2D shape: (9992, 2) 3D shape: (9992, 3)
Multiframe time (ms): 825
Floorplan Pose (x, y, angle): {'xy': array([2440.37327339, 1780.52744344]), 'ang': 257.2085031795164}
Best map key: ('Mahidol_University', 'ICT', '1.1_AnyLoc')
Number of candidates after local matching: 50
PnP pairs 2D shape: (5944, 2) 3D shape: (5944, 3)
Multiframe time (ms): 412
Floorplan Pose (x, y, angle): {'xy': array([1058.41053829, 1354.25901871]), 'ang': 169.55090424457404}
Best map key: ('Mahidol_University', 'ICT', '1.1_AnyLoc')
Number of candidates after local matching: 50
PnP pairs 2D shape: (12148, 2) 3D shape: (12148, 3)
Multiframe time (ms): 762
Floorplan Pose (x, y, angle): {'xy': array([1767.41072322, 1873.8377577 ]), 'ang': 281.9173612324652}
Best map key: ('Mahidol_University', 'ICT', '1.1_AnyLoc')
Number of candidates after local matching: 50
PnP pairs 2D shape: (8596, 2) 3D shape: (8596, 3)
Multiframe time (ms): 424
Floorplan Pose (x, y, angle): {'xy': array([2049.56143581,  934.43087348]), 'ang': 28.728510552007247}
Best map key: ('Mahidol_University', 'ICT', '1.1_AnyLoc')
Number of candidates after local matching: 50
PnP pairs 2D shape: (14021, 2) 3D shape: (14021, 3)
Multiframe time (ms): 1792
Floorplan Pose (x, y, angle): {'xy': array([2139.66104212, 1471.68746049]), 'ang': 45.67229406661808}
Best map key: ('Mahidol_University', 'ICT', '1.1_AnyLoc')
Number of candidates after local matching: 50
PnP pairs 2D shape: (11699, 2) 3D shape: (11699, 3)
Multiframe time (ms): 794
Floorplan Pose (x, y, angle): {'xy': array([2105.78228564, 1399.27658748]), 'ang': 125.46797259039978}
Best map key: ('Mahidol_University', 'ICT', '1.1_AnyLoc')
Number of candidates after local matching: 50
PnP pairs 2D shape: (4676, 2) 3D shape: (4676, 3)
Multiframe time (ms): 473
Floorplan Pose (x, y, angle): {'xy': array([2026.29188782,  597.96217022]), 'ang': 243.20656666924003}
Best map key: ('Mahidol_University', 'ICT', '1.1_AnyLoc')
Number of candidates after local matching: 50
PnP pairs 2D shape: (10897, 2) 3D shape: (10897, 3)
Multiframe time (ms): 717
Floorplan Pose (x, y, angle): {'xy': array([2607.04514601, 1678.73441484]), 'ang': 220.4821849555834}
Best map key: ('Mahidol_University', 'ICT', '1.1_AnyLoc')
Number of candidates after local matching: 50
PnP pairs 2D shape: (5150, 2) 3D shape: (5150, 3)
Multiframe time (ms): 384
Floorplan Pose (x, y, angle): {'xy': array([1049.25196322, 1343.29123595]), 'ang': 0.34465162519993636}
Best map key: ('Mahidol_University', 'ICT', '1.1_AnyLoc')
Number of candidates after local matching: 42
PnP pairs 2D shape: (3737, 2) 3D shape: (3737, 3)
Multiframe time (ms): 374
Floorplan Pose (x, y, angle): {'xy': array([2060.38884937,  718.95511574]), 'ang': 230.2236293109082}
Best map key: ('Mahidol_University', 'ICT', '1.1_AnyLoc')
Number of candidates after local matching: 50
PnP pairs 2D shape: (8226, 2) 3D shape: (8226, 3)
Multiframe time (ms): 477
Floorplan Pose (x, y, angle): {'xy': array([2101.96630449, 1322.65919629]), 'ang': 142.8709274039262}
Best map key: ('Mahidol_University', 'ICT', '1.1_AnyLoc')
Number of candidates after local matching: 50
PnP pairs 2D shape: (13624, 2) 3D shape: (13624, 3)
Multiframe time (ms): 1278
Floorplan Pose (x, y, angle): {'xy': array([1332.50571536, 1457.07864783]), 'ang': 61.6393853108102}
Best map key: ('Mahidol_University', 'ICT', '1.1_AnyLoc')
Number of candidates after local matching: 50
PnP pairs 2D shape: (12586, 2) 3D shape: (12586, 3)
Multiframe time (ms): 1222
Floorplan Pose (x, y, angle): {'xy': array([2182.97123703, 1528.8157723 ]), 'ang': 134.69938993234825}
Best map key: ('Mahidol_University', 'ICT', '1.1_AnyLoc')
Number of candidates after local matching: 45
PnP pairs 2D shape: (3714, 2) 3D shape: (3714, 3)
Multiframe time (ms): 309
Floorplan Pose (x, y, angle): {'xy': array([ 798.63185594, 1193.66252854]), 'ang': 194.0869840754965}
Best map key: ('Mahidol_University', 'ICT', '1.1_AnyLoc')
Number of candidates after local matching: 47
PnP pairs 2D shape: (4898, 2) 3D shape: (4898, 3)
Multiframe time (ms): 366
Floorplan Pose (x, y, angle): {'xy': array([1875.93030665, 1332.75321337]), 'ang': 188.35505878907807}
Best map key: ('Mahidol_University', 'ICT', '1.1_AnyLoc')
Number of candidates after local matching: 50
PnP pairs 2D shape: (7486, 2) 3D shape: (7486, 3)
Multiframe time (ms): 574
Floorplan Pose (x, y, angle): {'xy': array([2017.20313364, 1153.88192385]), 'ang': 298.0546606146344}
Best map key: ('Mahidol_University', 'ICT', '1.1_AnyLoc')
Number of candidates after local matching: 50
PnP pairs 2D shape: (7673, 2) 3D shape: (7673, 3)
Multiframe time (ms): 520
Floorplan Pose (x, y, angle): {'xy': array([2181.12795827, 1532.36239739]), 'ang': 256.4114712878223}
Best map key: ('Mahidol_University', 'ICT', '1.1_AnyLoc')
Number of candidates after local matching: 50
PnP pairs 2D shape: (6416, 2) 3D shape: (6416, 3)
Multiframe time (ms): 564
Floorplan Pose (x, y, angle): {'xy': array([2013.88931709, 1052.64531417]), 'ang': 236.60541228134184}
Best map key: ('Mahidol_University', 'ICT', '1.1_AnyLoc')
Number of candidates after local matching: 41
PnP pairs 2D shape: (3617, 2) 3D shape: (3617, 3)
Multiframe time (ms): 270
Floorplan Pose (x, y, angle): {'xy': array([ 808.37249357, 1349.67951522]), 'ang': 343.18846142440816}
Best map key: ('Mahidol_University', 'ICT', '1.1_AnyLoc')
Number of candidates after local matching: 50
PnP pairs 2D shape: (5648, 2) 3D shape: (5648, 3)
Multiframe time (ms): 403
Floorplan Pose (x, y, angle): {'xy': array([2026.9912229 ,  908.26761684]), 'ang': 140.24526954504734}
Best map key: ('Mahidol_University', 'ICT', '1.1_AnyLoc')
Number of candidates after local matching: 44
PnP pairs 2D shape: (3938, 2) 3D shape: (3938, 3)
Multiframe time (ms): 275
Floorplan Pose (x, y, angle): {'xy': array([2031.98625791,  745.30118924]), 'ang': 240.73737927733947}
Best map key: ('Mahidol_University', 'ICT', '1.1_AnyLoc')
Number of candidates after local matching: 50
PnP pairs 2D shape: (7944, 2) 3D shape: (7944, 3)
Multiframe time (ms): 707
Floorplan Pose (x, y, angle): {'xy': array([2049.84798114,  894.59082493]), 'ang': 107.12881121037756}
Best map key: ('Mahidol_University', 'ICT', '1.1_AnyLoc')
Number of candidates after local matching: 50
PnP pairs 2D shape: (5174, 2) 3D shape: (5174, 3)
Multiframe time (ms): 386
Floorplan Pose (x, y, angle): {'xy': array([2021.53583227,  901.89872689]), 'ang': 239.08229709330374}
Best map key: ('Mahidol_University', 'ICT', '1.1_AnyLoc')
Number of candidates after local matching: 5
PnP pairs 2D shape: (292, 2) 3D shape: (292, 3)
Multiframe time (ms): 29
Floorplan Pose (x, y, angle): {'xy': array([ 769.70539614, 1315.69544994]), 'ang': 122.95531403206964}
Best map key: ('Mahidol_University', 'ICT', '1.1_AnyLoc')
Number of candidates after local matching: 49
PnP pairs 2D shape: (7061, 2) 3D shape: (7061, 3)
Multiframe time (ms): 514
Floorplan Pose (x, y, angle): {'xy': array([2101.64088189, 1348.0882511 ]), 'ang': 219.78989170895554}
Best map key: ('Mahidol_University', 'ICT', '1.1_AnyLoc')
Number of candidates after local matching: 50
PnP pairs 2D shape: (9062, 2) 3D shape: (9062, 3)
Multiframe time (ms): 1067
Floorplan Pose (x, y, angle): {'xy': array([1976.82528488, 1339.00952538]), 'ang': 63.04283370804464}
Best map key: ('Mahidol_University', 'ICT', '1.1_AnyLoc')
Number of candidates after local matching: 50
PnP pairs 2D shape: (5952, 2) 3D shape: (5952, 3)
Multiframe time (ms): 508
Floorplan Pose (x, y, angle): {'xy': array([1031.70358964, 1360.03514441]), 'ang': 113.06664292483072}
Best map key: ('Mahidol_University', 'ICT', '1.1_AnyLoc')
Number of candidates after local matching: 50
PnP pairs 2D shape: (9666, 2) 3D shape: (9666, 3)
Multiframe time (ms): 735
Floorplan Pose (x, y, angle): {'xy': array([2142.49277127, 1441.64995763]), 'ang': 5.669360171340347}
Best map key: ('Mahidol_University', 'ICT', '1.1_AnyLoc')
Number of candidates after local matching: 40
PnP pairs 2D shape: (3847, 2) 3D shape: (3847, 3)
Multiframe time (ms): 279
Floorplan Pose (x, y, angle): {'xy': array([1057.94684806, 1354.61971914]), 'ang': 229.9176699335444}
Best map key: ('Mahidol_University', 'ICT', '1.1_AnyLoc')
Number of candidates after local matching: 49
PnP pairs 2D shape: (6591, 2) 3D shape: (6591, 3)
Multiframe time (ms): 516
Floorplan Pose (x, y, angle): {'xy': array([1521.3884479 , 1853.81668823]), 'ang': 228.81919552950387}
Best map key: ('Mahidol_University', 'ICT', '1.1_AnyLoc')
Number of candidates after local matching: 50
PnP pairs 2D shape: (12786, 2) 3D shape: (12786, 3)
Multiframe time (ms): 848
Floorplan Pose (x, y, angle): {'xy': array([1496.49684389, 1718.7278183 ]), 'ang': 320.954848395144}
Best map key: ('Mahidol_University', 'ICT', '1.1_AnyLoc')
Number of candidates after local matching: 24
PnP pairs 2D shape: (2008, 2) 3D shape: (2008, 3)
Multiframe time (ms): 152
Floorplan Pose (x, y, angle): {'xy': array([1343.06123958, 1483.16352349]), 'ang': 168.02603151562607}
Best map key: ('Mahidol_University', 'ICT', '1.1_AnyLoc')
Number of candidates after local matching: 50
PnP pairs 2D shape: (9493, 2) 3D shape: (9493, 3)
Multiframe time (ms): 873
Floorplan Pose (x, y, angle): {'xy': array([2232.42950583, 1624.66013899]), 'ang': 61.82067422073759}
Best map key: ('Mahidol_University', 'ICT', '1.1_AnyLoc')
Number of candidates after local matching: 50
PnP pairs 2D shape: (7671, 2) 3D shape: (7671, 3)
Multiframe time (ms): 466
Floorplan Pose (x, y, angle): {'xy': array([2030.11338836,  778.98396116]), 'ang': 60.215402392730894}
Best map key: ('Mahidol_University', 'ICT', '1.1_AnyLoc')
Number of candidates after local matching: 48
PnP pairs 2D shape: (4713, 2) 3D shape: (4713, 3)
Multiframe time (ms): 452
Floorplan Pose (x, y, angle): {'xy': array([2043.42454734,  627.24545836]), 'ang': 65.23747580801431}
Best map key: ('Mahidol_University', 'ICT', '1.1_AnyLoc')
Number of candidates after local matching: 48
PnP pairs 2D shape: (4406, 2) 3D shape: (4406, 3)
Multiframe time (ms): 346
Floorplan Pose (x, y, angle): {'xy': array([2071.68936995,  684.90710801]), 'ang': 36.678474160183484}
Best map key: ('Mahidol_University', 'ICT', '1.1_AnyLoc')
Number of candidates after local matching: 50
PnP pairs 2D shape: (6747, 2) 3D shape: (6747, 3)
Multiframe time (ms): 330
Floorplan Pose (x, y, angle): {'xy': array([2111.22595309, 1697.24522221]), 'ang': 111.8718206243073}
Best map key: ('Mahidol_University', 'ICT', '1.1_AnyLoc')
Number of candidates after local matching: 45
PnP pairs 2D shape: (4807, 2) 3D shape: (4807, 3)
Multiframe time (ms): 412
Floorplan Pose (x, y, angle): {'xy': array([1553.85229738, 1333.72967168]), 'ang': 173.36431351972678}
Best map key: ('Mahidol_University', 'ICT', '1.1_AnyLoc')
Number of candidates after local matching: 50
PnP pairs 2D shape: (6687, 2) 3D shape: (6687, 3)
Multiframe time (ms): 410
Floorplan Pose (x, y, angle): {'xy': array([2096.69196282, 1336.3438491 ]), 'ang': 159.5786080596709}
Best map key: ('Mahidol_University', 'ICT', '1.1_AnyLoc')
Number of candidates after local matching: 50
PnP pairs 2D shape: (6387, 2) 3D shape: (6387, 3)
Multiframe time (ms): 445
Floorplan Pose (x, y, angle): {'xy': array([1499.42019586, 1745.26589621]), 'ang': 243.60781249445648}
Best map key: ('Mahidol_University', 'ICT', '1.1_AnyLoc')
Number of candidates after local matching: 50
PnP pairs 2D shape: (6937, 2) 3D shape: (6937, 3)
Multiframe time (ms): 461
Floorplan Pose (x, y, angle): {'xy': array([2080.65962661, 1108.81630355]), 'ang': 247.06591519231083}
Best map key: ('Mahidol_University', 'ICT', '1.1_AnyLoc')
Number of candidates after local matching: 50
PnP pairs 2D shape: (8589, 2) 3D shape: (8589, 3)
Multiframe time (ms): 488
Floorplan Pose (x, y, angle): {'xy': array([1996.27254627, 1329.39574099]), 'ang': 156.13931057723565}
Best map key: ('Mahidol_University', 'ICT', '1.1_AnyLoc')
Number of candidates after local matching: 50
PnP pairs 2D shape: (9744, 2) 3D shape: (9744, 3)
Multiframe time (ms): 581
Floorplan Pose (x, y, angle): {'xy': array([2443.92654581, 1687.06302539]), 'ang': 30.16900958027649}
Best map key: ('Mahidol_University', 'ICT', '1.1_AnyLoc')
Number of candidates after local matching: 50
PnP pairs 2D shape: (13256, 2) 3D shape: (13256, 3)
Multiframe time (ms): 1116
Floorplan Pose (x, y, angle): {'xy': array([2109.4433587 , 1375.50509053]), 'ang': 94.64866182897241}
Best map key: ('Mahidol_University', 'ICT', '1.1_AnyLoc')
Number of candidates after local matching: 46
PnP pairs 2D shape: (3955, 2) 3D shape: (3955, 3)
Multiframe time (ms): 243
Floorplan Pose (x, y, angle): {'xy': array([2043.51119056,  777.65356046]), 'ang': 263.65669737829523}
Best map key: ('Mahidol_University', 'ICT', '1.1_AnyLoc')
Number of candidates after local matching: 50
PnP pairs 2D shape: (10532, 2) 3D shape: (10532, 3)
Multiframe time (ms): 933
Floorplan Pose (x, y, angle): {'xy': array([2116.94057398, 1435.29714687]), 'ang': 187.7482737180695}
Best map key: ('Mahidol_University', 'ICT', '1.1_AnyLoc')
Number of candidates after local matching: 42
PnP pairs 2D shape: (4033, 2) 3D shape: (4033, 3)
Multiframe time (ms): 414
Floorplan Pose (x, y, angle): {'xy': array([2076.57641704,  742.50071204]), 'ang': 257.27666090277944}
Best map key: ('Mahidol_University', 'ICT', '1.1_AnyLoc')
Number of candidates after local matching: 50
PnP pairs 2D shape: (8527, 2) 3D shape: (8527, 3)
Multiframe time (ms): 701
Floorplan Pose (x, y, angle): {'xy': array([2025.78860607,  903.35871212]), 'ang': 100.00365595416574}
Best map key: ('Mahidol_University', 'ICT', '1.1_AnyLoc')
Number of candidates after local matching: 45
PnP pairs 2D shape: (4346, 2) 3D shape: (4346, 3)
Multiframe time (ms): 321
Floorplan Pose (x, y, angle): {'xy': array([2040.03174651,  603.65186324]), 'ang': 126.3943388729455}
Best map key: ('Mahidol_University', 'ICT', '1.1_AnyLoc')
Number of candidates after local matching: 12
PnP pairs 2D shape: (740, 2) 3D shape: (740, 3)
Multiframe time (ms): 79
Floorplan Pose (x, y, angle): {'xy': array([ 867.49318475, 1346.40232815]), 'ang': 131.95378739306824}
Best map key: ('Mahidol_University', 'ICT', '1.1_AnyLoc')
Number of candidates after local matching: 33
PnP pairs 2D shape: (2469, 2) 3D shape: (2469, 3)
Multiframe time (ms): 167
Floorplan Pose (x, y, angle): {'xy': array([2079.82649405,  787.30830387]), 'ang': 327.63664681073266}
Best map key: ('Mahidol_University', 'ICT', '1.1_AnyLoc')
Number of candidates after local matching: 50
PnP pairs 2D shape: (12273, 2) 3D shape: (12273, 3)
Multiframe time (ms): 997
Floorplan Pose (x, y, angle): {'xy': array([2111.23576295, 1416.29049347]), 'ang': 53.807869029819656}
Best map key: ('Mahidol_University', 'ICT', '1.1_AnyLoc')
Number of candidates after local matching: 36
PnP pairs 2D shape: (2805, 2) 3D shape: (2805, 3)
Multiframe time (ms): 269
Floorplan Pose (x, y, angle): {'xy': array([ 811.71520467, 1270.94403772]), 'ang': 111.67990956179081}
Best map key: ('Mahidol_University', 'ICT', '1.1_AnyLoc')
Number of candidates after local matching: 39
PnP pairs 2D shape: (3835, 2) 3D shape: (3835, 3)
Multiframe time (ms): 212
Floorplan Pose (x, y, angle): {'xy': array([2052.89104013,  612.44207905]), 'ang': 18.905237510148936}
Best map key: ('Mahidol_University', 'ICT', '1.1_AnyLoc')
Number of candidates after local matching: 1
PnP pairs 2D shape: (52, 2) 3D shape: (52, 3)
Multiframe time (ms): 7
Floorplan Pose (x, y, angle): {'xy': array([1325.54806341, 1341.12940906]), 'ang': 303.5540241659327}
Best map key: ('Mahidol_University', 'ICT', '1.1_AnyLoc')
Number of candidates after local matching: 50
PnP pairs 2D shape: (8829, 2) 3D shape: (8829, 3)
Multiframe time (ms): 583
Floorplan Pose (x, y, angle): {'xy': array([1950.33274115, 1341.3919666 ]), 'ang': 132.97804957748835}
Best map key: ('Mahidol_University', 'ICT', '1.1_AnyLoc')
Number of candidates after local matching: 50
PnP pairs 2D shape: (6966, 2) 3D shape: (6966, 3)
Multiframe time (ms): 639
Floorplan Pose (x, y, angle): {'xy': array([2045.33965436,  705.15093446]), 'ang': 91.83225656026075}
Best map key: ('Mahidol_University', 'ICT', '1.1_AnyLoc')
Number of candidates after local matching: 49
PnP pairs 2D shape: (5628, 2) 3D shape: (5628, 3)
Multiframe time (ms): 387
Floorplan Pose (x, y, angle): {'xy': array([2012.9472155 , 1031.53211254]), 'ang': 235.329660955533}
Best map key: ('Mahidol_University', 'ICT', '1.1_AnyLoc')
Number of candidates after local matching: 48
PnP pairs 2D shape: (7259, 2) 3D shape: (7259, 3)
Multiframe time (ms): 458
Floorplan Pose (x, y, angle): {'xy': array([1487.79623263, 1576.95449777]), 'ang': 239.85509049136476}
Best map key: ('Mahidol_University', 'ICT', '1.1_AnyLoc')
Number of candidates after local matching: 49
PnP pairs 2D shape: (4840, 2) 3D shape: (4840, 3)
Multiframe time (ms): 398
Floorplan Pose (x, y, angle): {'xy': array([1498.98358866, 1634.5413481 ]), 'ang': 140.51876785390866}
Best map key: ('Mahidol_University', 'ICT', '1.1_AnyLoc')
Number of candidates after local matching: 50
PnP pairs 2D shape: (6408, 2) 3D shape: (6408, 3)
Multiframe time (ms): 440
Floorplan Pose (x, y, angle): {'xy': array([2025.43184011,  858.56225774]), 'ang': 340.67787611969914}
Best map key: ('Mahidol_University', 'ICT', '1.1_AnyLoc')
Number of candidates after local matching: 50
PnP pairs 2D shape: (10333, 2) 3D shape: (10333, 3)
Multiframe time (ms): 816
Floorplan Pose (x, y, angle): {'xy': array([2251.51171199, 1668.07199637]), 'ang': 314.2441301084773}
Best map key: ('Mahidol_University', 'ICT', '1.1_AnyLoc')
Number of candidates after local matching: 47
PnP pairs 2D shape: (5322, 2) 3D shape: (5322, 3)
Multiframe time (ms): 348
Floorplan Pose (x, y, angle): {'xy': array([1107.56628506, 1355.38908584]), 'ang': 3.511584485149033}
Best map key: ('Mahidol_University', 'ICT', '1.1_AnyLoc')
Number of candidates after local matching: 50
PnP pairs 2D shape: (7409, 2) 3D shape: (7409, 3)
Multiframe time (ms): 624
Floorplan Pose (x, y, angle): {'xy': array([1650.23666281, 1861.13608056]), 'ang': 134.7287302717689}
Best map key: ('Mahidol_University', 'ICT', '1.1_AnyLoc')
Number of candidates after local matching: 50
PnP pairs 2D shape: (6892, 2) 3D shape: (6892, 3)
Multiframe time (ms): 552
Floorplan Pose (x, y, angle): {'xy': array([2025.01085737,  911.13758556]), 'ang': 122.12396926380315}
Best map key: ('Mahidol_University', 'ICT', '1.1_AnyLoc')
Number of candidates after local matching: 49
PnP pairs 2D shape: (7194, 2) 3D shape: (7194, 3)
Multiframe time (ms): 604
Floorplan Pose (x, y, angle): {'xy': array([1496.46334588, 1820.55600792]), 'ang': 194.11587914903254}
Best map key: ('Mahidol_University', 'ICT', '1.1_AnyLoc')
Number of candidates after local matching: 50
PnP pairs 2D shape: (5606, 2) 3D shape: (5606, 3)
Multiframe time (ms): 374
Floorplan Pose (x, y, angle): {'xy': array([2009.84872311, 1208.41069729]), 'ang': 201.0702151082223}
Best map key: ('Mahidol_University', 'ICT', '1.1_AnyLoc')
Number of candidates after local matching: 49
PnP pairs 2D shape: (7844, 2) 3D shape: (7844, 3)
Multiframe time (ms): 425
Floorplan Pose (x, y, angle): {'xy': array([2078.66802926, 1100.24938157]), 'ang': 302.6838370162377}
Best map key: ('Mahidol_University', 'ICT', '1.1_AnyLoc')
Number of candidates after local matching: 42
PnP pairs 2D shape: (3729, 2) 3D shape: (3729, 3)
Multiframe time (ms): 280
Floorplan Pose (x, y, angle): {'xy': array([2036.42712808,  709.64755011]), 'ang': 241.9593390577645}
Best map key: ('Mahidol_University', 'ICT', '1.1_AnyLoc')
Number of candidates after local matching: 31
PnP pairs 2D shape: (2543, 2) 3D shape: (2543, 3)
Multiframe time (ms): 169
Floorplan Pose (x, y, angle): {'xy': array([ 957.02879362, 1355.98257356]), 'ang': 311.10946393344267}
Best map key: ('Mahidol_University', 'ICT', '1.1_AnyLoc')
Number of candidates after local matching: 36
PnP pairs 2D shape: (2853, 2) 3D shape: (2853, 3)
Multiframe time (ms): 217
Floorplan Pose (x, y, angle): {'xy': array([1595.53277115, 1339.54048884]), 'ang': 209.42789944579076}
Best map key: ('Mahidol_University', 'ICT', '1.1_AnyLoc')
Number of candidates after local matching: 50
PnP pairs 2D shape: (9066, 2) 3D shape: (9066, 3)
Multiframe time (ms): 668
Floorplan Pose (x, y, angle): {'xy': array([2641.81407025, 1701.45156252]), 'ang': 292.42476109048374}
Best map key: ('Mahidol_University', 'ICT', '1.1_AnyLoc')
Number of candidates after local matching: 49
PnP pairs 2D shape: (7658, 2) 3D shape: (7658, 3)
Multiframe time (ms): 575
Floorplan Pose (x, y, angle): {'xy': array([2643.52093116, 1719.08101834]), 'ang': 259.98845933724846}
Best map key: ('Mahidol_University', 'ICT', '1.1_AnyLoc')
Number of candidates after local matching: 50
PnP pairs 2D shape: (7832, 2) 3D shape: (7832, 3)
Multiframe time (ms): 627
Floorplan Pose (x, y, angle): {'xy': array([2128.58833346, 1437.79075178]), 'ang': 225.49663856982752}
Best map key: ('Mahidol_University', 'ICT', '1.1_AnyLoc')
Number of candidates after local matching: 50
PnP pairs 2D shape: (10650, 2) 3D shape: (10650, 3)
Multiframe time (ms): 899
Floorplan Pose (x, y, angle): {'xy': array([1643.62091477, 1862.3711909 ]), 'ang': 228.17639261773783}
Best map key: ('Mahidol_University', 'ICT', '1.1_AnyLoc')
Number of candidates after local matching: 50
PnP pairs 2D shape: (9455, 2) 3D shape: (9455, 3)
Multiframe time (ms): 992
Floorplan Pose (x, y, angle): {'xy': array([2041.71486589,  962.56546379]), 'ang': 70.81790252999129}
Best map key: ('Mahidol_University', 'ICT', '1.1_AnyLoc')
Number of candidates after local matching: 50
PnP pairs 2D shape: (9037, 2) 3D shape: (9037, 3)
Multiframe time (ms): 805
Floorplan Pose (x, y, angle): {'xy': array([2086.7173265 , 1281.39677064]), 'ang': 63.29623911969806}
Best map key: ('Mahidol_University', 'ICT', '1.1_AnyLoc')
Number of candidates after local matching: 50
PnP pairs 2D shape: (6777, 2) 3D shape: (6777, 3)
Multiframe time (ms): 396
Floorplan Pose (x, y, angle): {'xy': array([2391.1690377 , 1745.44695859]), 'ang': 126.3626194785697}
Best map key: ('Mahidol_University', 'ICT', '1.1_AnyLoc')
Number of candidates after local matching: 50
PnP pairs 2D shape: (10457, 2) 3D shape: (10457, 3)
Multiframe time (ms): 802
Floorplan Pose (x, y, angle): {'xy': array([1831.25071701, 1743.69592489]), 'ang': 53.10522749454132}
Best map key: ('Mahidol_University', 'ICT', '1.1_AnyLoc')
Number of candidates after local matching: 49
PnP pairs 2D shape: (6570, 2) 3D shape: (6570, 3)
Multiframe time (ms): 311
Floorplan Pose (x, y, angle): {'xy': array([1848.92076309, 1333.51642061]), 'ang': 353.77297367607065}
Best map key: ('Mahidol_University', 'ICT', '1.1_AnyLoc')
Number of candidates after local matching: 50
PnP pairs 2D shape: (11793, 2) 3D shape: (11793, 3)
Multiframe time (ms): 1046
Floorplan Pose (x, y, angle): {'xy': array([2548.18579907, 1810.62709946]), 'ang': 230.49205888483354}
Best map key: ('Mahidol_University', 'ICT', '1.1_AnyLoc')
Number of candidates after local matching: 47
PnP pairs 2D shape: (4139, 2) 3D shape: (4139, 3)
Multiframe time (ms): 386
Floorplan Pose (x, y, angle): {'xy': array([1077.05804829, 1342.45062751]), 'ang': 200.11669893606907}
Best map key: ('Mahidol_University', 'ICT', '1.1_AnyLoc')
Number of candidates after local matching: 35
PnP pairs 2D shape: (2947, 2) 3D shape: (2947, 3)
Multiframe time (ms): 250
Floorplan Pose (x, y, angle): {'xy': array([1007.4273969 , 1354.08811793]), 'ang': 272.86350524181023}
Best map key: ('Mahidol_University', 'ICT', '1.1_AnyLoc')
Number of candidates after local matching: 50
PnP pairs 2D shape: (12218, 2) 3D shape: (12218, 3)
Multiframe time (ms): 1452
Floorplan Pose (x, y, angle): {'xy': array([2227.60837261, 1571.07416906]), 'ang': 29.197891781618644}
Best map key: ('Mahidol_University', 'ICT', '1.1_AnyLoc')
Number of candidates after local matching: 45
PnP pairs 2D shape: (3754, 2) 3D shape: (3754, 3)
Multiframe time (ms): 356
Floorplan Pose (x, y, angle): {'xy': array([ 882.61010013, 1352.74400611]), 'ang': 151.8248541638059}
Best map key: ('Mahidol_University', 'ICT', '1.1_AnyLoc')
Number of candidates after local matching: 31
PnP pairs 2D shape: (3133, 2) 3D shape: (3133, 3)
Multiframe time (ms): 297
Floorplan Pose (x, y, angle): {'xy': array([ 763.69812954, 1199.06876173]), 'ang': 48.3502315029683}
Best map key: ('Mahidol_University', 'ICT', '1.1_AnyLoc')
Number of candidates after local matching: 50
PnP pairs 2D shape: (8368, 2) 3D shape: (8368, 3)
Multiframe time (ms): 571
Floorplan Pose (x, y, angle): {'xy': array([1827.23983177, 1338.31587064]), 'ang': 44.65462503443201}
Best map key: ('Mahidol_University', 'ICT', '1.1_AnyLoc')
Number of candidates after local matching: 16
PnP pairs 2D shape: (1159, 2) 3D shape: (1159, 3)
Multiframe time (ms): 90
Floorplan Pose (x, y, angle): {'xy': array([1205.88728399, 1352.42555489]), 'ang': 232.1013509204966}
Best map key: ('Mahidol_University', 'ICT', '1.1_AnyLoc')
Number of candidates after local matching: 50
PnP pairs 2D shape: (12123, 2) 3D shape: (12123, 3)
Multiframe time (ms): 956
Floorplan Pose (x, y, angle): {'xy': array([2245.29068501, 1537.56568545]), 'ang': 148.742972993018}
Best map key: ('Mahidol_University', 'ICT', '1.1_AnyLoc')
Number of candidates after local matching: 17
PnP pairs 2D shape: (1043, 2) 3D shape: (1043, 3)
Multiframe time (ms): 65
Floorplan Pose (x, y, angle): {'xy': array([ 803.13726844, 1163.18691322]), 'ang': 295.70039918120773}
Best map key: ('Mahidol_University', 'ICT', '1.1_AnyLoc')
Number of candidates after local matching: 50
PnP pairs 2D shape: (12276, 2) 3D shape: (12276, 3)
Multiframe time (ms): 994
Floorplan Pose (x, y, angle): {'xy': array([2246.62033496, 1511.74746932]), 'ang': 146.0741799674324}
Best map key: ('Mahidol_University', 'ICT', '1.1_AnyLoc')
Number of candidates after local matching: 50
PnP pairs 2D shape: (7914, 2) 3D shape: (7914, 3)
Multiframe time (ms): 520
Floorplan Pose (x, y, angle): {'xy': array([1694.17194047, 1871.98765708]), 'ang': 74.25510570630334}
Best map key: ('Mahidol_University', 'ICT', '1.1_AnyLoc')
Number of candidates after local matching: 48
PnP pairs 2D shape: (4577, 2) 3D shape: (4577, 3)
Multiframe time (ms): 358
Floorplan Pose (x, y, angle): {'xy': array([ 816.50688424, 1175.70985002]), 'ang': 221.1915975400416}
Best map key: ('Mahidol_University', 'ICT', '1.1_AnyLoc')
Number of candidates after local matching: 48
PnP pairs 2D shape: (4358, 2) 3D shape: (4358, 3)
Multiframe time (ms): 348
Floorplan Pose (x, y, angle): {'xy': array([2024.90124446,  592.89782537]), 'ang': 239.90444562824945}
Best map key: ('Mahidol_University', 'ICT', '1.1_AnyLoc')
Number of candidates after local matching: 50
PnP pairs 2D shape: (12647, 2) 3D shape: (12647, 3)
Multiframe time (ms): 982
Floorplan Pose (x, y, angle): {'xy': array([2224.62926207, 1519.46310508]), 'ang': 25.302838267967317}
Best map key: ('Mahidol_University', 'ICT', '1.1_AnyLoc')
Number of candidates after local matching: 50
PnP pairs 2D shape: (6474, 2) 3D shape: (6474, 3)
Multiframe time (ms): 505
Floorplan Pose (x, y, angle): {'xy': array([2075.15577329,  864.45409097]), 'ang': 204.48300988390133}
Best map key: ('Mahidol_University', 'ICT', '1.1_AnyLoc')
Number of candidates after local matching: 49
PnP pairs 2D shape: (4968, 2) 3D shape: (4968, 3)
Multiframe time (ms): 383
Floorplan Pose (x, y, angle): {'xy': array([1075.58830083, 1341.71855584]), 'ang': 21.560584468940608}
Best map key: ('Mahidol_University', 'ICT', '1.1_AnyLoc')
Number of candidates after local matching: 50
PnP pairs 2D shape: (8799, 2) 3D shape: (8799, 3)
Multiframe time (ms): 753
Floorplan Pose (x, y, angle): {'xy': array([2079.29492491, 1123.44160657]), 'ang': 47.93842015252324}
Best map key: ('Mahidol_University', 'ICT', '1.1_AnyLoc')
Number of candidates after local matching: 50
PnP pairs 2D shape: (14527, 2) 3D shape: (14527, 3)
Multiframe time (ms): 872
Floorplan Pose (x, y, angle): {'xy': array([2418.97955492, 1691.11289991]), 'ang': 214.85538111978386}
Best map key: ('Mahidol_University', 'ICT', '1.1_AnyLoc')
Number of candidates after local matching: 50
PnP pairs 2D shape: (9987, 2) 3D shape: (9987, 3)
Multiframe time (ms): 822
Floorplan Pose (x, y, angle): {'xy': array([1299.12735205, 1339.89862395]), 'ang': 56.0371349109183}
Best map key: ('Mahidol_University', 'ICT', '1.1_AnyLoc')
Number of candidates after local matching: 49
PnP pairs 2D shape: (13060, 2) 3D shape: (13060, 3)
Multiframe time (ms): 777
Floorplan Pose (x, y, angle): {'xy': array([1482.88504016, 1556.3001166 ]), 'ang': 73.88307796043055}
Best map key: None
Number of candidates after local matching: 0
PnP pairs 2D shape: (0, 2) 3D shape: (0, 3)
Multiframe time (ms): 0
Not enough 2D-3D correspondences for pose estimation.
Best map key: ('Mahidol_University', 'ICT', '1.1_AnyLoc')
Number of candidates after local matching: 22
PnP pairs 2D shape: (1424, 2) 3D shape: (1424, 3)
Multiframe time (ms): 97
Floorplan Pose (x, y, angle): {'xy': array([1180.40181912, 1344.21383713]), 'ang': 219.04521625910738}
Best map key: ('Mahidol_University', 'ICT', '1.1_AnyLoc')
Number of candidates after local matching: 50
PnP pairs 2D shape: (13868, 2) 3D shape: (13868, 3)
Multiframe time (ms): 1090
Floorplan Pose (x, y, angle): {'xy': array([1336.43148795, 1473.44091346]), 'ang': 48.67086190971629}
Best map key: ('Mahidol_University', 'ICT', '1.1_AnyLoc')
Number of candidates after local matching: 49
PnP pairs 2D shape: (6789, 2) 3D shape: (6789, 3)
Multiframe time (ms): 568
Floorplan Pose (x, y, angle): {'xy': array([ 776.93849423, 1306.82215807]), 'ang': 278.38831503291004}
Best map key: ('Mahidol_University', 'ICT', '1.1_AnyLoc')
Number of candidates after local matching: 41
PnP pairs 2D shape: (3985, 2) 3D shape: (3985, 3)
Multiframe time (ms): 261
Floorplan Pose (x, y, angle): {'xy': array([1599.26400999, 1327.94104509]), 'ang': 43.95662597400943}
Best map key: ('Mahidol_University', 'ICT', '1.1_AnyLoc')
Number of candidates after local matching: 50
PnP pairs 2D shape: (7405, 2) 3D shape: (7405, 3)
Multiframe time (ms): 421
Floorplan Pose (x, y, angle): {'xy': array([2040.78225057,  944.84907339]), 'ang': 298.8684046572661}
Best map key: ('Mahidol_University', 'ICT', '1.1_AnyLoc')
Number of candidates after local matching: 40
PnP pairs 2D shape: (4742, 2) 3D shape: (4742, 3)
Multiframe time (ms): 342
Floorplan Pose (x, y, angle): {'xy': array([1795.26940895, 1333.69295087]), 'ang': 311.5338364983152}
Best map key: ('Mahidol_University', 'ICT', '1.1_AnyLoc')
Number of candidates after local matching: 50
PnP pairs 2D shape: (9906, 2) 3D shape: (9906, 3)
Multiframe time (ms): 763
Floorplan Pose (x, y, angle): {'xy': array([2015.5358593 , 1065.13660582]), 'ang': 75.67560962050128}
Best map key: ('Mahidol_University', 'ICT', '1.1_AnyLoc')
Number of candidates after local matching: 16
PnP pairs 2D shape: (1076, 2) 3D shape: (1076, 3)
Multiframe time (ms): 79
Floorplan Pose (x, y, angle): {'xy': array([1302.76218765, 1353.96240912]), 'ang': 255.59527371746867}
Best map key: ('Mahidol_University', 'ICT', '1.1_AnyLoc')
Number of candidates after local matching: 50
PnP pairs 2D shape: (16434, 2) 3D shape: (16434, 3)
Multiframe time (ms): 1134
Floorplan Pose (x, y, angle): {'xy': array([1501.40889294, 1636.87614119]), 'ang': 42.985076793368094}
Best map key: ('Mahidol_University', 'ICT', '1.1_AnyLoc')
Number of candidates after local matching: 50
PnP pairs 2D shape: (8590, 2) 3D shape: (8590, 3)
Multiframe time (ms): 566
Floorplan Pose (x, y, angle): {'xy': array([2414.76102456, 1684.10516159]), 'ang': 96.97200679193648}
Best map key: ('Mahidol_University', 'ICT', '1.1_AnyLoc')
Number of candidates after local matching: 47
PnP pairs 2D shape: (4992, 2) 3D shape: (4992, 3)
Multiframe time (ms): 352
Floorplan Pose (x, y, angle): {'xy': array([2077.87860719,  675.81674323]), 'ang': 294.7707824323731}
Best map key: ('Mahidol_University', 'ICT', '1.1_AnyLoc')
Number of candidates after local matching: 50
PnP pairs 2D shape: (7505, 2) 3D shape: (7505, 3)
Multiframe time (ms): 479
Floorplan Pose (x, y, angle): {'xy': array([2212.00062622, 1484.99181198]), 'ang': 322.36403914482463}
Best map key: ('Mahidol_University', 'ICT', '1.1_AnyLoc')
Number of candidates after local matching: 33
PnP pairs 2D shape: (2577, 2) 3D shape: (2577, 3)
Multiframe time (ms): 156
Floorplan Pose (x, y, angle): {'xy': array([1013.94456343, 1358.71506683]), 'ang': 227.26270593455973}
Best map key: ('Mahidol_University', 'ICT', '1.1_AnyLoc')
Number of candidates after local matching: 50
PnP pairs 2D shape: (12581, 2) 3D shape: (12581, 3)
Multiframe time (ms): 822
Floorplan Pose (x, y, angle): {'xy': array([1694.95353627, 1870.12165828]), 'ang': 210.29950506913693}
Best map key: ('Mahidol_University', 'ICT', '1.1_AnyLoc')
Number of candidates after local matching: 50
PnP pairs 2D shape: (11090, 2) 3D shape: (11090, 3)
Multiframe time (ms): 1003
Floorplan Pose (x, y, angle): {'xy': array([2018.7934581 , 1310.33520788]), 'ang': 129.19069971991738}
Best map key: ('Mahidol_University', 'ICT', '1.1_AnyLoc')
Number of candidates after local matching: 50
PnP pairs 2D shape: (9296, 2) 3D shape: (9296, 3)
Multiframe time (ms): 725
Floorplan Pose (x, y, angle): {'xy': array([1302.42442324, 1343.89025403]), 'ang': 73.30991248707285}
Best map key: ('Mahidol_University', 'ICT', '1.1_AnyLoc')
Number of candidates after local matching: 50
PnP pairs 2D shape: (4454, 2) 3D shape: (4454, 3)
Multiframe time (ms): 313
Floorplan Pose (x, y, angle): {'xy': array([2049.69194122,  704.7644544 ]), 'ang': 215.72519069217373}
Best map key: ('Mahidol_University', 'ICT', '1.1_AnyLoc')
Number of candidates after local matching: 50
PnP pairs 2D shape: (10559, 2) 3D shape: (10559, 3)
Multiframe time (ms): 923
Floorplan Pose (x, y, angle): {'xy': array([1815.86610949, 1757.8619736 ]), 'ang': 137.64507590230744}
Best map key: ('Mahidol_University', 'ICT', '1.1_AnyLoc')
Number of candidates after local matching: 50
PnP pairs 2D shape: (7443, 2) 3D shape: (7443, 3)
Multiframe time (ms): 491
Floorplan Pose (x, y, angle): {'xy': array([2025.30072358,  885.09627338]), 'ang': 1.108508982859883}
Best map key: ('Mahidol_University', 'ICT', '1.1_AnyLoc')
Number of candidates after local matching: 48
PnP pairs 2D shape: (5194, 2) 3D shape: (5194, 3)
Multiframe time (ms): 367
Floorplan Pose (x, y, angle): {'xy': array([1246.33568659, 1345.08004323]), 'ang': 351.83894884512557}
Best map key: ('Mahidol_University', 'ICT', '1.1_AnyLoc')
Number of candidates after local matching: 50
PnP pairs 2D shape: (7793, 2) 3D shape: (7793, 3)
Multiframe time (ms): 517
Floorplan Pose (x, y, angle): {'xy': array([2434.41760655, 1669.83393142]), 'ang': 308.02462383217534}
Best map key: ('Mahidol_University', 'ICT', '1.1_AnyLoc')
Number of candidates after local matching: 48
PnP pairs 2D shape: (4833, 2) 3D shape: (4833, 3)
Multiframe time (ms): 810
Floorplan Pose (x, y, angle): {'xy': array([2038.88210616,  827.18217727]), 'ang': 233.08323880734778}
Best map key: ('Mahidol_University', 'ICT', '1.1_AnyLoc')
Number of candidates after local matching: 42
PnP pairs 2D shape: (3412, 2) 3D shape: (3412, 3)
Multiframe time (ms): 294
Floorplan Pose (x, y, angle): {'xy': array([1418.10677213, 1337.39451947]), 'ang': 353.23799862140356}
Best map key: ('Mahidol_University', 'ICT', '1.1_AnyLoc')
Number of candidates after local matching: 50
PnP pairs 2D shape: (9645, 2) 3D shape: (9645, 3)
Multiframe time (ms): 1138
Floorplan Pose (x, y, angle): {'xy': array([2553.43568666, 1814.73964963]), 'ang': 68.18514931936768}
Best map key: ('Mahidol_University', 'ICT', '1.1_AnyLoc')
Number of candidates after local matching: 44
PnP pairs 2D shape: (5556, 2) 3D shape: (5556, 3)
Multiframe time (ms): 482
Floorplan Pose (x, y, angle): {'xy': array([ 830.69175196, 1355.33083805]), 'ang': 29.306905747926674}
Best map key: ('Mahidol_University', 'ICT', '1.1_AnyLoc')
Number of candidates after local matching: 50
PnP pairs 2D shape: (7044, 2) 3D shape: (7044, 3)
Multiframe time (ms): 450
Floorplan Pose (x, y, angle): {'xy': array([ 899.36632551, 1355.97922032]), 'ang': 64.77225754069022}
Best map key: ('Mahidol_University', 'ICT', '1.1_AnyLoc')
Number of candidates after local matching: 4
PnP pairs 2D shape: (220, 2) 3D shape: (220, 3)
Multiframe time (ms): 20
Floorplan Pose (x, y, angle): {'xy': array([ 858.02193882, 1354.91179716]), 'ang': 134.980624640724}
Best map key: None
Number of candidates after local matching: 0
PnP pairs 2D shape: (0, 2) 3D shape: (0, 3)
Multiframe time (ms): 0
Not enough 2D-3D correspondences for pose estimation.
Best map key: ('Mahidol_University', 'ICT', '1.1_AnyLoc')
Number of candidates after local matching: 50
PnP pairs 2D shape: (12786, 2) 3D shape: (12786, 3)
Multiframe time (ms): 950
Floorplan Pose (x, y, angle): {'xy': array([1744.39521162, 1880.77251107]), 'ang': 288.40730892825906}
Best map key: ('Mahidol_University', 'ICT', '1.1_AnyLoc')
Number of candidates after local matching: 50
PnP pairs 2D shape: (7991, 2) 3D shape: (7991, 3)
Multiframe time (ms): 615
Floorplan Pose (x, y, angle): {'xy': array([2037.46923163, 1047.2933063 ]), 'ang': 312.126277455778}
Best map key: ('Mahidol_University', 'ICT', '1.1_AnyLoc')
Number of candidates after local matching: 49
PnP pairs 2D shape: (7258, 2) 3D shape: (7258, 3)
Multiframe time (ms): 563
Floorplan Pose (x, y, angle): {'xy': array([1930.56736785, 1333.77362011]), 'ang': 292.17694643865286}
Best map key: ('Mahidol_University', 'ICT', '1.1_AnyLoc')
Number of candidates after local matching: 50
PnP pairs 2D shape: (8877, 2) 3D shape: (8877, 3)
Multiframe time (ms): 615
Floorplan Pose (x, y, angle): {'xy': array([1620.67203205, 1870.97940277]), 'ang': 70.95849824514798}
Best map key: ('Mahidol_University', 'ICT', '1.1_AnyLoc')
Number of candidates after local matching: 50
PnP pairs 2D shape: (8920, 2) 3D shape: (8920, 3)
Multiframe time (ms): 794
Floorplan Pose (x, y, angle): {'xy': array([1809.34922922, 1786.25385236]), 'ang': 83.23228539380287}
Best map key: ('Mahidol_University', 'ICT', '1.1_AnyLoc')
Number of candidates after local matching: 50
PnP pairs 2D shape: (7422, 2) 3D shape: (7422, 3)
Multiframe time (ms): 529
Floorplan Pose (x, y, angle): {'xy': array([2052.77862121,  801.8555427 ]), 'ang': 47.636918337199816}
Best map key: ('Mahidol_University', 'ICT', '1.1_AnyLoc')
Number of candidates after local matching: 46
PnP pairs 2D shape: (4091, 2) 3D shape: (4091, 3)
Multiframe time (ms): 294
Floorplan Pose (x, y, angle): {'xy': array([2039.4352808 ,  754.11204762]), 'ang': 256.8028856604519}
Best map key: ('Mahidol_University', 'ICT', '1.1_AnyLoc')
Number of candidates after local matching: 35
PnP pairs 2D shape: (2319, 2) 3D shape: (2319, 3)
Multiframe time (ms): 132
Floorplan Pose (x, y, angle): {'xy': array([1324.81894595, 1341.63198494]), 'ang': 330.98635802469283}
Best map key: ('Mahidol_University', 'ICT', '1.1_AnyLoc')
Number of candidates after local matching: 50
PnP pairs 2D shape: (9161, 2) 3D shape: (9161, 3)
Multiframe time (ms): 725
Floorplan Pose (x, y, angle): {'xy': array([2169.86241117, 1472.89224929]), 'ang': 325.2825222302866}
Best map key: ('Mahidol_University', 'ICT', '1.1_AnyLoc')
Number of candidates after local matching: 50
PnP pairs 2D shape: (7527, 2) 3D shape: (7527, 3)
Multiframe time (ms): 669
Floorplan Pose (x, y, angle): {'xy': array([2208.89222458, 1486.92020955]), 'ang': 248.62887848912987}
Best map key: ('Mahidol_University', 'ICT', '1.1_AnyLoc')
Number of candidates after local matching: 43
PnP pairs 2D shape: (4368, 2) 3D shape: (4368, 3)
Multiframe time (ms): 323
Floorplan Pose (x, y, angle): {'xy': array([ 883.933506  , 1353.98054215]), 'ang': 353.95988444292766}
Best map key: ('Mahidol_University', 'ICT', '1.1_AnyLoc')
Number of candidates after local matching: 42
PnP pairs 2D shape: (4206, 2) 3D shape: (4206, 3)
Multiframe time (ms): 356
Floorplan Pose (x, y, angle): {'xy': array([1217.08542568, 1342.10127053]), 'ang': 149.91385858143713}
Best map key: ('Mahidol_University', 'ICT', '1.1_AnyLoc')
Number of candidates after local matching: 50
PnP pairs 2D shape: (9485, 2) 3D shape: (9485, 3)
Multiframe time (ms): 739
Floorplan Pose (x, y, angle): {'xy': array([2151.85525666, 1439.9907416 ]), 'ang': 207.22939951802763}
Best map key: ('Mahidol_University', 'ICT', '1.1_AnyLoc')
Number of candidates after local matching: 50
PnP pairs 2D shape: (7453, 2) 3D shape: (7453, 3)
Multiframe time (ms): 464
Floorplan Pose (x, y, angle): {'xy': array([1926.84281081, 1336.90615774]), 'ang': 96.38313809313722}
Best map key: ('Mahidol_University', 'ICT', '1.1_AnyLoc')
Number of candidates after local matching: 50
PnP pairs 2D shape: (10725, 2) 3D shape: (10725, 3)
Multiframe time (ms): 873
Floorplan Pose (x, y, angle): {'xy': array([2165.35738449, 1450.63264276]), 'ang': 69.60192944119852}
Best map key: ('Mahidol_University', 'ICT', '1.1_AnyLoc')
Number of candidates after local matching: 23
PnP pairs 2D shape: (2262, 2) 3D shape: (2262, 3)
Multiframe time (ms): 142
Floorplan Pose (x, y, angle): {'xy': array([1331.91624984, 1387.17946304]), 'ang': 254.60330569395353}
Best map key: ('Mahidol_University', 'ICT', '1.1_AnyLoc')
Number of candidates after local matching: 50
PnP pairs 2D shape: (7681, 2) 3D shape: (7681, 3)
Multiframe time (ms): 417
Floorplan Pose (x, y, angle): {'xy': array([2024.51361463, 1705.02344866]), 'ang': 104.85378792627435}
Best map key: ('Mahidol_University', 'ICT', '1.1_AnyLoc')
Number of candidates after local matching: 50
PnP pairs 2D shape: (10103, 2) 3D shape: (10103, 3)
Multiframe time (ms): 935
Floorplan Pose (x, y, angle): {'xy': array([2010.2761541 , 1207.43364715]), 'ang': 94.59803074291827}
Best map key: ('Mahidol_University', 'ICT', '1.1_AnyLoc')
Number of candidates after local matching: 47
PnP pairs 2D shape: (12718, 2) 3D shape: (12718, 3)
Multiframe time (ms): 1044
Floorplan Pose (x, y, angle): {'xy': array([2558.45119907, 1814.74963398]), 'ang': 205.76499206740897}
Best map key: ('Mahidol_University', 'ICT', '1.1_AnyLoc')
Number of candidates after local matching: 50
PnP pairs 2D shape: (12118, 2) 3D shape: (12118, 3)
Multiframe time (ms): 1685
Floorplan Pose (x, y, angle): {'xy': array([2377.40941316, 1679.14778993]), 'ang': 159.67150815074953}
Best map key: ('Mahidol_University', 'ICT', '1.1_AnyLoc')
Number of candidates after local matching: 49
PnP pairs 2D shape: (6924, 2) 3D shape: (6924, 3)
Multiframe time (ms): 311
Floorplan Pose (x, y, angle): {'xy': array([2071.46026843,  948.48115799]), 'ang': 22.272324112123627}
Best map key: ('Mahidol_University', 'ICT', '1.1_AnyLoc')
Number of candidates after local matching: 50
PnP pairs 2D shape: (6413, 2) 3D shape: (6413, 3)
Multiframe time (ms): 530
Floorplan Pose (x, y, angle): {'xy': array([2051.32538232,  897.1169712 ]), 'ang': 147.64676709580868}
Best map key: ('Mahidol_University', 'ICT', '1.1_AnyLoc')
Number of candidates after local matching: 50
PnP pairs 2D shape: (10394, 2) 3D shape: (10394, 3)
Multiframe time (ms): 753
Floorplan Pose (x, y, angle): {'xy': array([2222.18896854, 1499.09139246]), 'ang': 353.98381246293303}
Best map key: ('Mahidol_University', 'ICT', '1.1_AnyLoc')
Number of candidates after local matching: 50
PnP pairs 2D shape: (7510, 2) 3D shape: (7510, 3)
Multiframe time (ms): 556
Floorplan Pose (x, y, angle): {'xy': array([2558.05393615, 1680.40397151]), 'ang': 67.15020880329496}
Best map key: ('Mahidol_University', 'ICT', '1.1_AnyLoc')
Number of candidates after local matching: 2
PnP pairs 2D shape: (135, 2) 3D shape: (135, 3)
Multiframe time (ms): 18
Floorplan Pose (x, y, angle): {'xy': array([ 815.22668409, 1199.53018518]), 'ang': 330.98309017593834}
Best map key: ('Mahidol_University', 'ICT', '1.1_AnyLoc')
Number of candidates after local matching: 50
PnP pairs 2D shape: (6433, 2) 3D shape: (6433, 3)
Multiframe time (ms): 381
Floorplan Pose (x, y, angle): {'xy': array([2069.34420126, 1150.53261895]), 'ang': 167.7584976078892}
Best map key: ('Mahidol_University', 'ICT', '1.1_AnyLoc')
Number of candidates after local matching: 50
PnP pairs 2D shape: (4510, 2) 3D shape: (4510, 3)
Multiframe time (ms): 263
Floorplan Pose (x, y, angle): {'xy': array([2048.43039561,  670.87064197]), 'ang': 113.81616443381508}
Best map key: ('Mahidol_University', 'ICT', '1.1_AnyLoc')
Number of candidates after local matching: 22
PnP pairs 2D shape: (1446, 2) 3D shape: (1446, 3)
Multiframe time (ms): 96
Floorplan Pose (x, y, angle): {'xy': array([ 761.66921848, 1197.86038673]), 'ang': 205.61784118064563}
Best map key: ('Mahidol_University', 'ICT', '1.1_AnyLoc')
Number of candidates after local matching: 50
PnP pairs 2D shape: (6181, 2) 3D shape: (6181, 3)
Multiframe time (ms): 362
Floorplan Pose (x, y, angle): {'xy': array([1223.82353931, 1343.00376469]), 'ang': 352.36400074686145}
Best map key: ('Mahidol_University', 'ICT', '1.1_AnyLoc')
Number of candidates after local matching: 47
PnP pairs 2D shape: (4433, 2) 3D shape: (4433, 3)
Multiframe time (ms): 416
Floorplan Pose (x, y, angle): {'xy': array([ 814.53508118, 1200.37467872]), 'ang': 198.3522854110348}
Best map key: ('Mahidol_University', 'ICT', '1.1_AnyLoc')
Number of candidates after local matching: 44
PnP pairs 2D shape: (5300, 2) 3D shape: (5300, 3)
Multiframe time (ms): 475
Floorplan Pose (x, y, angle): {'xy': array([ 986.31445611, 1355.13545264]), 'ang': 356.4049123810249}
Best map key: ('Mahidol_University', 'ICT', '1.1_AnyLoc')
Number of candidates after local matching: 29
PnP pairs 2D shape: (2565, 2) 3D shape: (2565, 3)
Multiframe time (ms): 144
Floorplan Pose (x, y, angle): {'xy': array([1334.50515233, 1462.88653017]), 'ang': 300.3158352850641}
Best map key: ('Mahidol_University', 'ICT', '1.1_AnyLoc')
Number of candidates after local matching: 41
PnP pairs 2D shape: (4457, 2) 3D shape: (4457, 3)
Multiframe time (ms): 395
Floorplan Pose (x, y, angle): {'xy': array([1034.7326453 , 1357.89264132]), 'ang': 45.377651437810584}
Best map key: ('Mahidol_University', 'ICT', '1.1_AnyLoc')
Number of candidates after local matching: 50
PnP pairs 2D shape: (8841, 2) 3D shape: (8841, 3)
Multiframe time (ms): 863
Floorplan Pose (x, y, angle): {'xy': array([2032.87737832,  921.40455737]), 'ang': 91.51266622259722}
Best map key: ('Mahidol_University', 'ICT', '1.1_AnyLoc')
Number of candidates after local matching: 50
PnP pairs 2D shape: (12704, 2) 3D shape: (12704, 3)
Multiframe time (ms): 1223
Floorplan Pose (x, y, angle): {'xy': array([2210.25574665, 1491.53518551]), 'ang': 169.5825194935147}
Best map key: ('Mahidol_University', 'ICT', '1.1_AnyLoc')
Number of candidates after local matching: 50
PnP pairs 2D shape: (10227, 2) 3D shape: (10227, 3)
Multiframe time (ms): 858
Floorplan Pose (x, y, angle): {'xy': array([2492.39703093, 1810.14135409]), 'ang': 340.0467962858451}
Best map key: ('Mahidol_University', 'ICT', '1.1_AnyLoc')
Number of candidates after local matching: 47
PnP pairs 2D shape: (5680, 2) 3D shape: (5680, 3)
Multiframe time (ms): 559
Floorplan Pose (x, y, angle): {'xy': array([ 959.38999092, 1352.71345816]), 'ang': 353.54750835017785}
Best map key: ('Mahidol_University', 'ICT', '1.1_AnyLoc')
Number of candidates after local matching: 50
PnP pairs 2D shape: (13454, 2) 3D shape: (13454, 3)
Multiframe time (ms): 1173
Floorplan Pose (x, y, angle): {'xy': array([1332.49573772, 1479.57478627]), 'ang': 12.525955398512176}
Best map key: ('Mahidol_University', 'ICT', '1.1_AnyLoc')
Number of candidates after local matching: 50
PnP pairs 2D shape: (8262, 2) 3D shape: (8262, 3)
Multiframe time (ms): 454
Floorplan Pose (x, y, angle): {'xy': array([2028.54048062, 1246.891725  ]), 'ang': 320.1063294280217}
Best map key: ('Mahidol_University', 'ICT', '1.1_AnyLoc')
Number of candidates after local matching: 50
PnP pairs 2D shape: (4859, 2) 3D shape: (4859, 3)
Multiframe time (ms): 399
Floorplan Pose (x, y, angle): {'xy': array([2057.45422616,  689.08628597]), 'ang': 204.11149518414484}
Best map key: ('Mahidol_University', 'ICT', '1.1_AnyLoc')
Number of candidates after local matching: 49
PnP pairs 2D shape: (5995, 2) 3D shape: (5995, 3)
Multiframe time (ms): 369
Floorplan Pose (x, y, angle): {'xy': array([1596.23182424, 1339.34304629]), 'ang': 172.26329982208682}
Best map key: ('Mahidol_University', 'ICT', '1.1_AnyLoc')
Number of candidates after local matching: 48
PnP pairs 2D shape: (4770, 2) 3D shape: (4770, 3)
Multiframe time (ms): 506
Floorplan Pose (x, y, angle): {'xy': array([ 797.48954783, 1191.93187703]), 'ang': 228.61194205613566}
Best map key: ('Mahidol_University', 'ICT', '1.1_AnyLoc')
Number of candidates after local matching: 50
PnP pairs 2D shape: (8147, 2) 3D shape: (8147, 3)
Multiframe time (ms): 402
Floorplan Pose (x, y, angle): {'xy': array([2024.56904976, 1012.52619695]), 'ang': 18.43329540872576}
Best map key: ('Mahidol_University', 'ICT', '1.1_AnyLoc')
Number of candidates after local matching: 50
PnP pairs 2D shape: (11248, 2) 3D shape: (11248, 3)
Multiframe time (ms): 1222
Floorplan Pose (x, y, angle): {'xy': array([2254.29102505, 1561.81377919]), 'ang': 148.3172908131593}
Best map key: ('Mahidol_University', 'ICT', '1.1_AnyLoc')
Number of candidates after local matching: 38
PnP pairs 2D shape: (3245, 2) 3D shape: (3245, 3)
Multiframe time (ms): 231
Floorplan Pose (x, y, angle): {'xy': array([1319.09707038, 1365.39349432]), 'ang': 183.2962060500051}
Best map key: ('Mahidol_University', 'ICT', '1.1_AnyLoc')
Number of candidates after local matching: 50
PnP pairs 2D shape: (9423, 2) 3D shape: (9423, 3)
Multiframe time (ms): 766
Floorplan Pose (x, y, angle): {'xy': array([2225.0112459 , 1497.09575595]), 'ang': 213.32343573254923}
Best map key: ('Mahidol_University', 'ICT', '1.1_AnyLoc')
Number of candidates after local matching: 48
PnP pairs 2D shape: (10967, 2) 3D shape: (10967, 3)
Multiframe time (ms): 760
Floorplan Pose (x, y, angle): {'xy': array([1931.71527358, 1716.27363256]), 'ang': 22.355481775528645}
Best map key: ('Mahidol_University', 'ICT', '1.1_AnyLoc')
Number of candidates after local matching: 49
PnP pairs 2D shape: (4636, 2) 3D shape: (4636, 3)
Multiframe time (ms): 269
Floorplan Pose (x, y, angle): {'xy': array([1058.31559333, 1353.29153193]), 'ang': 350.44469935632685}
Best map key: ('Mahidol_University', 'ICT', '1.1_AnyLoc')
Number of candidates after local matching: 50
PnP pairs 2D shape: (11827, 2) 3D shape: (11827, 3)
Multiframe time (ms): 1320
Floorplan Pose (x, y, angle): {'xy': array([1786.63696039, 1871.75178467]), 'ang': 226.59119635528486}
Best map key: ('Mahidol_University', 'ICT', '1.1_AnyLoc')
Number of candidates after local matching: 50
PnP pairs 2D shape: (7299, 2) 3D shape: (7299, 3)
Multiframe time (ms): 540
Floorplan Pose (x, y, angle): {'xy': array([2574.02761649, 1816.07501173]), 'ang': 350.7794410819299}
Best map key: ('Mahidol_University', 'ICT', '1.1_AnyLoc')
Number of candidates after local matching: 50
PnP pairs 2D shape: (10014, 2) 3D shape: (10014, 3)
Multiframe time (ms): 801
Floorplan Pose (x, y, angle): {'xy': array([2392.48449938, 1750.38607545]), 'ang': 263.13921576510495}
Best map key: ('Mahidol_University', 'ICT', '1.1_AnyLoc')
Number of candidates after local matching: 50
PnP pairs 2D shape: (8933, 2) 3D shape: (8933, 3)
Multiframe time (ms): 757
Floorplan Pose (x, y, angle): {'xy': array([2079.03912089, 1050.82399634]), 'ang': 42.36365850093536}
Best map key: ('Mahidol_University', 'ICT', '1.1_AnyLoc')
Number of candidates after local matching: 50
PnP pairs 2D shape: (7740, 2) 3D shape: (7740, 3)
Multiframe time (ms): 656
Floorplan Pose (x, y, angle): {'xy': array([1719.20150559, 1868.55494703]), 'ang': 111.50294804609727}
Best map key: ('Mahidol_University', 'ICT', '1.1_AnyLoc')
Number of candidates after local matching: 47
PnP pairs 2D shape: (4136, 2) 3D shape: (4136, 3)
Multiframe time (ms): 369
Floorplan Pose (x, y, angle): {'xy': array([2019.91662631,  605.37395251]), 'ang': 238.12423519848574}
Best map key: ('Mahidol_University', 'ICT', '1.1_AnyLoc')
Number of candidates after local matching: 46
PnP pairs 2D shape: (4335, 2) 3D shape: (4335, 3)
Multiframe time (ms): 366
Floorplan Pose (x, y, angle): {'xy': array([2054.50627691,  588.42227839]), 'ang': 261.8649505813752}
Best map key: ('Mahidol_University', 'ICT', '1.1_AnyLoc')
Number of candidates after local matching: 41
PnP pairs 2D shape: (4365, 2) 3D shape: (4365, 3)
Multiframe time (ms): 359
Floorplan Pose (x, y, angle): {'xy': array([2643.45164832, 1699.40647693]), 'ang': 29.501587462202494}
Best map key: ('Mahidol_University', 'ICT', '1.1_AnyLoc')
Number of candidates after local matching: 27
PnP pairs 2D shape: (1887, 2) 3D shape: (1887, 3)
Multiframe time (ms): 201
Floorplan Pose (x, y, angle): {'xy': array([ 783.0171538 , 1165.92069176]), 'ang': 273.65790385053094}
Best map key: ('Mahidol_University', 'ICT', '1.1_AnyLoc')
Number of candidates after local matching: 36
PnP pairs 2D shape: (3719, 2) 3D shape: (3719, 3)
Multiframe time (ms): 315
Floorplan Pose (x, y, angle): {'xy': array([1208.5293735 , 1351.20125213]), 'ang': 168.8755637619432}
Best map key: ('Mahidol_University', 'ICT', '1.1_AnyLoc')
Number of candidates after local matching: 50
PnP pairs 2D shape: (9070, 2) 3D shape: (9070, 3)
Multiframe time (ms): 589
Floorplan Pose (x, y, angle): {'xy': array([1336.90275172, 1432.97885298]), 'ang': 97.84955841117963}
Best map key: ('Mahidol_University', 'ICT', '1.1_AnyLoc')
Number of candidates after local matching: 49
PnP pairs 2D shape: (5601, 2) 3D shape: (5601, 3)
Multiframe time (ms): 345
Floorplan Pose (x, y, angle): {'xy': array([2012.16778552, 1258.56550167]), 'ang': 179.66586903992672}
Best map key: ('Mahidol_University', 'ICT', '1.1_AnyLoc')
Number of candidates after local matching: 50
PnP pairs 2D shape: (7201, 2) 3D shape: (7201, 3)
Multiframe time (ms): 470
Floorplan Pose (x, y, angle): {'xy': array([ 881.90967146, 1355.79002003]), 'ang': 93.02538039839222}
Best map key: ('Mahidol_University', 'ICT', '1.1_AnyLoc')
Number of candidates after local matching: 50
PnP pairs 2D shape: (12266, 2) 3D shape: (12266, 3)
Multiframe time (ms): 742
Floorplan Pose (x, y, angle): {'xy': array([2109.91791287, 1431.25952177]), 'ang': 107.42910693080914}
Best map key: ('Mahidol_University', 'ICT', '1.1_AnyLoc')
Number of candidates after local matching: 50
PnP pairs 2D shape: (6159, 2) 3D shape: (6159, 3)
Multiframe time (ms): 581
Floorplan Pose (x, y, angle): {'xy': array([2055.41564841,  894.49303257]), 'ang': 212.47346163738388}
==== Predicted coordinates were saved to '/home/nattachart.tak/PhD/Trial_New_UNav/UNav/experiment/configs//Config__v2-1_c/Results_localize_AnyLoc.xlsx'. ====
==== Calculate distance errors ====
Traceback (most recent call last):
  File "/home/nattachart.tak/PhD/Trial_New_UNav/UNav/./experiment/run_experiment.py", line 181, in <module>
    distance_error_fn = distance_error.save_calculated_distance_error(config_exp, results_fn)
  File "/home/nattachart.tak/PhD/Trial_New_UNav/UNav/experiment/distance_error.py", line 22, in save_calculated_distance_error
    lambda row : distance.euclidean([row['coordx'], row['coordy']], [row['cx'], row['cy']]), axis=1).to_frame()
  File "/unav/venv/lib/python3.10/site-packages/pandas/core/generic.py", line 6299, in __getattr__
    return object.__getattribute__(self, name)
AttributeError: 'DataFrame' object has no attribute 'to_frame'
[Background Prefetch] Error: cannot schedule new futures after interpreter shutdown
[Background Prefetch] Error: cannot schedule new futures after interpreter shutdown
[Background Prefetch] Error: cannot schedule new futures after interpreter shutdown
[Background Prefetch] Error: cannot schedule new futures after interpreter shutdown
[Background Prefetch] Error: cannot schedule new futures after interpreter shutdown
[Background Prefetch] Error: cannot schedule new futures after interpreter shutdown
[Background Prefetch] Error: cannot schedule new futures after interpreter shutdown
[Background Prefetch] Error: cannot schedule new futures after interpreter shutdown
[Background Prefetch] Error: cannot schedule new futures after interpreter shutdown
[Background Prefetch] Error: cannot schedule new futures after interpreter shutdown
[Background Prefetch] Error: cannot schedule new futures after interpreter shutdown
[Background Prefetch] Error: cannot schedule new futures after interpreter shutdown
[Background Prefetch] Error: cannot schedule new futures after interpreter shutdown
[Background Prefetch] Error: cannot schedule new futures after interpreter shutdown
[Background Prefetch] Error: cannot schedule new futures after interpreter shutdown
[Background Prefetch] Error: cannot schedule new futures after interpreter shutdown
[Background Prefetch] Error: cannot schedule new futures after interpreter shutdown
