Timestamp,X,Y,Z,Cx,Cy
28-Jun-2024 17:04:25.286,39.84375,-13.9125,-37.931252,1915,778
28-Jun-2024 17:04:25.386,39.84375,-14.062501,-38.025002,1915,778
28-Jun-2024 17:04:25.486,39.9375,-14.156251,-38.025002,1915,778
28-Jun-2024 17:04:25.586,39.993752,-14.062501,-37.931252,1915,778
28-Jun-2024 17:04:25.686,39.993752,-13.9875,-37.837502,1915,778
28-Jun-2024 17:04:25.786,40.106251,-14.00625,-37.78125,1915,778
28-Jun-2024 17:04:25.886,40.087502,-13.9125,-37.800003,1915,778
28-Jun-2024 17:04:25.986,40.106251,-13.89375,-37.837502,1915,778
28-Jun-2024 17:04:26.086,40.03125,-13.856251,-37.893753,1915,778
28-Jun-2024 17:04:26.186,39.975002,-13.743751,-37.837502,1915,778
28-Jun-2024 17:04:26.286,39.881252,-13.668751,-37.856251,1915,778
28-Jun-2024 17:04:26.386,39.806252,-13.6125,-37.893753,1915,778
28-Jun-2024 17:04:26.486,39.881252,-13.650001,-38.0625,1915,778
28-Jun-2024 17:04:26.586,39.712502,-13.481251,-38.118752,1915,778
28-Jun-2024 17:04:26.686,39.731251,-13.462501,-38.137501,1915,778
28-Jun-2024 17:04:26.786,39.731251,-13.33125,-38.137501,1915,778
28-Jun-2024 17:04:26.886,39.84375,-13.25625,-38.175003,1915,778
28-Jun-2024 17:04:26.986,39.956253,-13.2375,-38.137501,1915,778
28-Jun-2024 17:04:27.086,39.956253,-13.218751,-38.175003,1915,778
28-Jun-2024 17:04:27.186,40.03125,-13.25625,-38.193752,1915,778
28-Jun-2024 17:04:27.286,39.993752,-13.2375,-38.043751,1915,778
28-Jun-2024 17:04:27.386,40.050003,-13.275001,-38.025002,1915,778
28-Jun-2024 17:04:27.486,40.012501,-13.200001,-37.987503,1915,778
28-Jun-2024 17:04:27.586,39.993752,-13.275001,-38.043751,1915,778
28-Jun-2024 17:04:27.686,39.918751,-13.2375,-38.025002,1915,778
28-Jun-2024 17:04:27.786,39.825001,-13.106251,-37.950001,1915,778
28-Jun-2024 17:04:27.886,39.768753,-13.05,-37.800003,1915,778
28-Jun-2024 17:04:27.986,39.825001,-12.975,-37.6875,1915,778
28-Jun-2024 17:04:28.086,39.84375,-12.937501,-37.6875,1915,778
28-Jun-2024 17:04:28.186,39.693752,-12.937501,-37.6875,1915,778
28-Jun-2024 17:04:28.286,39.787502,-12.975,-37.668751,1915,778
28-Jun-2024 17:04:28.386,39.731251,-12.993751,-37.556252,1915,778
28-Jun-2024 17:04:28.486,39.862503,-13.05,-37.537502,1915,778
28-Jun-2024 17:04:28.586,39.900002,-13.14375,-37.518753,1915,778
28-Jun-2024 17:04:28.686,39.956253,-13.2375,-37.5,1915,778
28-Jun-2024 17:04:28.786,39.806252,-13.200001,-37.537502,1915,778
28-Jun-2024 17:04:28.886,39.862503,-13.125001,-37.725002,1915,778
28-Jun-2024 17:04:28.986,39.975002,-13.06875,-37.631252,1915,778
28-Jun-2024 17:04:29.086,39.900002,-12.95625,-37.612503,1915,778
28-Jun-2024 17:04:29.186,40.012501,-12.975,-37.650002,1915,778
28-Jun-2024 17:04:29.286,39.918751,-12.8625,-37.59375,1915,778
28-Jun-2024 17:04:29.386,39.956253,-12.750001,-37.612503,1915,778
28-Jun-2024 17:04:29.486,39.975002,-12.6,-37.575001,1915,778
28-Jun-2024 17:04:29.586,40.087502,-12.543751,-37.575001,1915,778
28-Jun-2024 17:04:29.686,39.975002,-12.58125,-37.368752,1915,778
28-Jun-2024 17:04:29.786,39.993752,-12.525001,-37.481251,1915,778
28-Jun-2024 17:04:29.886,40.106251,-12.50625,-37.631252,1915,778
28-Jun-2024 17:04:29.986,40.087502,-12.4125,-37.612503,1915,778
28-Jun-2024 17:04:30.086,40.087502,-12.39375,-37.706253,1915,778
28-Jun-2024 17:04:30.186,40.03125,-12.431251,-37.725002,1915,778
28-Jun-2024 17:04:30.286,40.03125,-12.356251,-37.818752,1915,778
28-Jun-2024 17:04:30.386,39.9375,-12.31875,-37.950001,1915,778
28-Jun-2024 17:04:30.486,40.068752,-12.225,-38.006252,1915,778
28-Jun-2024 17:04:30.586,40.050003,-12.168751,-37.912502,1915,778
28-Jun-2024 17:04:30.686,39.918751,-12.20625,-37.893753,1915,778
28-Jun-2024 17:04:30.786,39.862503,-12.1125,-37.875,1915,778
28-Jun-2024 17:04:30.886,39.862503,-12.187501,-37.875,1915,778
28-Jun-2024 17:04:30.986,39.84375,-12.225,-37.931252,1915,778
28-Jun-2024 17:04:31.086,39.825001,-12.39375,-37.893753,1915,778
28-Jun-2024 17:04:31.185,39.900002,-12.281251,-37.800003,1915,778
28-Jun-2024 17:04:31.285,39.806252,-12.356251,-37.856251,1915,778
28-Jun-2024 17:04:31.385,39.768753,-12.356251,-38.006252,1915,778
28-Jun-2024 17:04:31.485,39.84375,-12.337501,-37.96875,1915,778
28-Jun-2024 17:04:31.585,39.881252,-12.262501,-37.96875,1915,778
28-Jun-2024 17:04:31.685,39.84375,-12.262501,-37.875,1915,778
28-Jun-2024 17:04:31.785,39.768753,-12.281251,-37.912502,1915,778
28-Jun-2024 17:04:31.885,39.84375,-12.20625,-37.912502,1915,778
28-Jun-2024 17:04:31.985,39.768753,-12.468751,-37.893753,1915,778
28-Jun-2024 17:04:32.085,39.84375,-12.375001,-37.856251,1915,778
28-Jun-2024 17:04:32.185,39.84375,-12.468751,-37.912502,1915,778
28-Jun-2024 17:04:32.285,39.787502,-12.4875,-37.987503,1915,778
28-Jun-2024 17:04:32.385,39.900002,-12.525001,-38.043751,1915,778
28-Jun-2024 17:04:32.485,39.825001,-12.525001,-38.15625,1915,778
28-Jun-2024 17:04:32.585,39.862503,-12.450001,-38.137501,1915,778
28-Jun-2024 17:04:32.685,39.787502,-12.431251,-38.175003,1915,778
28-Jun-2024 17:04:32.785,39.84375,-12.375001,-38.100002,1915,778
28-Jun-2024 17:04:32.885,39.787502,-12.468751,-38.100002,1915,778
28-Jun-2024 17:04:32.985,39.862503,-12.450001,-38.043751,1915,778
28-Jun-2024 17:04:33.085,39.956253,-12.4875,-37.931252,1915,778
28-Jun-2024 17:04:33.185,39.806252,-12.6,-37.875,1915,778
28-Jun-2024 17:04:33.285,39.881252,-12.656251,-37.818752,1915,778
28-Jun-2024 17:04:33.385,39.918751,-12.806251,-37.875,1915,778
28-Jun-2024 17:04:33.485,39.881252,-12.7875,-37.818752,1915,778
28-Jun-2024 17:04:33.585,39.862503,-12.675,-37.818752,1915,778
28-Jun-2024 17:04:33.685,39.900002,-12.69375,-37.856251,1915,778
28-Jun-2024 17:04:33.785,39.881252,-12.69375,-37.650002,1915,778
28-Jun-2024 17:04:33.885,39.84375,-12.76875,-37.612503,1915,778
28-Jun-2024 17:04:33.985,39.956253,-12.618751,-37.650002,1915,778
28-Jun-2024 17:04:34.085,39.956253,-12.637501,-37.631252,1915,778
28-Jun-2024 17:04:34.185,39.993752,-12.562501,-37.668751,1915,778
28-Jun-2024 17:04:34.285,39.993752,-12.58125,-37.725002,1915,778
28-Jun-2024 17:04:34.385,39.993752,-12.618751,-37.706253,1915,778
28-Jun-2024 17:04:34.485,39.900002,-12.675,-37.575001,1915,778
28-Jun-2024 17:04:34.585,39.862503,-12.675,-37.631252,1915,778
28-Jun-2024 17:04:34.685,39.900002,-12.656251,-37.631252,1915,778
28-Jun-2024 17:04:34.785,39.84375,-12.69375,-37.631252,1915,778
28-Jun-2024 17:04:34.885,39.806252,-12.50625,-37.6875,1915,778
28-Jun-2024 17:04:34.985,39.806252,-12.4125,-37.6875,1915,778
28-Jun-2024 17:04:35.085,39.84375,-12.356251,-37.706253,1915,778
28-Jun-2024 17:04:35.185,39.825001,-12.4125,-37.762501,1915,778
28-Jun-2024 17:04:50.985,47.981251,-10.856251,-55.312504,1920,1045
28-Jun-2024 17:04:51.085,47.925003,-10.96875,-55.237503,1920,1045
28-Jun-2024 17:04:51.185,47.831253,-11.0625,-55.237503,1920,1045
28-Jun-2024 17:04:51.285,47.8125,-10.931251,-55.200001,1920,1045
28-Jun-2024 17:04:51.385,47.943752,-10.837501,-55.181252,1920,1045
28-Jun-2024 17:04:51.485,47.887501,-10.70625,-55.331253,1920,1045
28-Jun-2024 17:04:51.585,47.943752,-10.51875,-55.406254,1920,1045
28-Jun-2024 17:04:51.685,47.868752,-10.6125,-55.425003,1920,1045
28-Jun-2024 17:04:51.785,47.737503,-10.556251,-55.556252,1920,1045
28-Jun-2024 17:04:51.885,47.831253,-10.462501,-55.518753,1920,1045
28-Jun-2024 17:04:51.985,47.925003,-10.3125,-55.537502,1920,1045
28-Jun-2024 17:04:52.085,47.962502,-10.293751,-55.556252,1920,1045
28-Jun-2024 17:04:52.185,47.887501,-10.200001,-55.518753,1920,1045
28-Jun-2024 17:04:52.285,47.868752,-10.181251,-55.462502,1920,1045
28-Jun-2024 17:04:52.385,47.831253,-10.200001,-55.443752,1920,1045
28-Jun-2024 17:04:52.485,47.8125,-10.087501,-55.500004,1920,1045
28-Jun-2024 17:04:52.585,47.737503,-10.012501,-55.593754,1920,1045
28-Jun-2024 17:04:52.685,47.606251,-10.06875,-55.743752,1920,1045
28-Jun-2024 17:04:52.785,47.643753,-10.14375,-55.800003,1920,1045
28-Jun-2024 17:04:52.885,47.625,-10.2375,-55.818752,1920,1045
28-Jun-2024 17:04:52.985,47.606251,-10.25625,-55.837502,1920,1045
28-Jun-2024 17:04:53.085,47.775002,-10.25625,-55.893753,1920,1045
28-Jun-2024 17:04:53.185,47.850002,-10.275001,-55.912502,1920,1045
28-Jun-2024 17:04:53.285,47.943752,-10.21875,-55.950001,1920,1045
28-Jun-2024 17:04:53.385,48.168751,-10.35,-55.725002,1920,1045
28-Jun-2024 17:04:53.485,48.187504,-10.275001,-55.650002,1920,1045
28-Jun-2024 17:04:53.585,48.131252,-10.181251,-55.650002,1920,1045
28-Jun-2024 17:04:53.685,48.093754,-10.14375,-55.687504,1920,1045
28-Jun-2024 17:04:53.785,48.056252,-10.200001,-55.743752,1920,1045
28-Jun-2024 17:04:53.885,48.018753,-10.25625,-55.725002,1920,1045
28-Jun-2024 17:04:53.985,47.925003,-10.3125,-55.725002,1920,1045
28-Jun-2024 17:04:54.085,47.887501,-10.3125,-55.650002,1920,1045
28-Jun-2024 17:04:54.185,47.887501,-10.181251,-55.762501,1920,1045
28-Jun-2024 17:04:54.285,47.831253,-10.21875,-55.762501,1920,1045
28-Jun-2024 17:04:54.385,47.868752,-10.2375,-55.781254,1920,1045
28-Jun-2024 17:04:54.485,47.962502,-10.25625,-55.668751,1920,1045
28-Jun-2024 17:04:54.585,48.056252,-10.2375,-55.725002,1920,1045
28-Jun-2024 17:04:54.685,48.056252,-10.293751,-55.687504,1920,1045
28-Jun-2024 17:04:54.785,48.037502,-10.21875,-55.762501,1920,1045
28-Jun-2024 17:04:54.885,47.981251,-10.25625,-55.800003,1920,1045
28-Jun-2024 17:04:54.985,48,-10.35,-55.818752,1920,1045
28-Jun-2024 17:04:55.085,47.981251,-10.425,-55.875004,1920,1045
28-Jun-2024 17:04:55.185,48,-10.5,-55.818752,1920,1045
28-Jun-2024 17:04:55.285,48.018753,-10.5,-55.800003,1920,1045
28-Jun-2024 17:04:55.385,48.037502,-10.462501,-55.762501,1920,1045
28-Jun-2024 17:04:55.485,47.943752,-10.35,-55.818752,1920,1045
28-Jun-2024 17:04:55.585,47.962502,-10.40625,-55.706253,1920,1045
28-Jun-2024 17:04:55.685,47.962502,-10.51875,-55.631252,1920,1045
28-Jun-2024 17:04:55.785,47.793751,-10.387501,-55.593754,1920,1045
28-Jun-2024 17:04:55.885,47.868752,-10.3125,-55.500004,1920,1045
28-Jun-2024 17:04:55.985,47.831253,-10.200001,-55.500004,1920,1045
28-Jun-2024 17:04:56.085,47.831253,-10.2375,-55.481251,1920,1045
28-Jun-2024 17:04:56.185,47.90625,-10.35,-55.443752,1920,1045
28-Jun-2024 17:04:56.285,47.962502,-10.368751,-55.425003,1920,1045
28-Jun-2024 17:04:56.385,48,-10.275001,-55.406254,1920,1045
28-Jun-2024 17:04:56.485,48.056252,-10.2375,-55.443752,1920,1045
28-Jun-2024 17:04:56.585,48.206253,-10.35,-55.368752,1920,1045
28-Jun-2024 17:04:56.685,48.281254,-10.35,-55.368752,1920,1045
28-Jun-2024 17:04:56.785,48.150002,-10.387501,-55.425003,1920,1045
28-Jun-2024 17:04:56.885,48.131252,-10.368751,-55.425003,1920,1045
28-Jun-2024 17:04:56.985,48.018753,-10.200001,-55.500004,1920,1045
28-Jun-2024 17:04:57.085,48,-10.181251,-55.500004,1920,1045
28-Jun-2024 17:04:57.185,48.075001,-10.2375,-55.537502,1920,1045
28-Jun-2024 17:04:57.285,48.056252,-10.21875,-55.556252,1920,1045
28-Jun-2024 17:04:57.385,48.168751,-10.275001,-55.631252,1920,1045
28-Jun-2024 17:04:57.485,48.168751,-10.25625,-55.612503,1920,1045
28-Jun-2024 17:04:57.585,48.281254,-10.181251,-55.631252,1920,1045
28-Jun-2024 17:04:57.685,48.300003,-10.21875,-55.631252,1920,1045
28-Jun-2024 17:04:57.785,48.318752,-10.275001,-55.575001,1920,1045
28-Jun-2024 17:04:57.885,48.281254,-10.2375,-55.556252,1920,1045
28-Jun-2024 17:04:57.985,48.262501,-10.14375,-55.500004,1920,1045
28-Jun-2024 17:04:58.085,48.375004,-10.03125,-55.331253,1920,1045
28-Jun-2024 17:04:58.185,48.281254,-9.9375,-55.350002,1920,1045
28-Jun-2024 17:04:58.285,48.206253,-9.9375,-55.387501,1920,1045
28-Jun-2024 17:04:58.385,48.262501,-9.975,-55.256252,1920,1045
28-Jun-2024 17:04:58.485,48.243752,-9.9375,-55.256252,1920,1045
28-Jun-2024 17:04:58.585,48.337502,-9.975,-55.256252,1920,1045
28-Jun-2024 17:04:58.685,48.375004,-9.95625,-55.181252,1920,1045
28-Jun-2024 17:04:58.785,48.318752,-9.918751,-55.162502,1920,1045
28-Jun-2024 17:04:58.885,48.262501,-9.900001,-55.331253,1920,1045
28-Jun-2024 17:04:58.985,48.243752,-9.88125,-55.275002,1920,1045
28-Jun-2024 17:04:59.085,48.318752,-9.9375,-55.200001,1920,1045
28-Jun-2024 17:04:59.185,48.262501,-9.993751,-55.237503,1920,1045
28-Jun-2024 17:04:59.285,48.281254,-10.012501,-55.181252,1920,1045
28-Jun-2024 17:04:59.385,48.318752,-9.975,-55.162502,1920,1045
28-Jun-2024 17:04:59.485,48.300003,-10.087501,-55.256252,1920,1045
28-Jun-2024 17:04:59.585,48.300003,-10.25625,-55.237503,1920,1045
28-Jun-2024 17:04:59.685,48.225002,-10.293751,-55.106251,1920,1045
28-Jun-2024 17:04:59.785,48.262501,-10.368751,-55.087502,1920,1045
28-Jun-2024 17:04:59.885,48.168751,-10.368751,-55.050003,1920,1045
28-Jun-2024 17:04:59.985,48.206253,-10.44375,-54.937504,1920,1045
28-Jun-2024 17:05:00.085,48.225002,-10.35,-54.937504,1920,1045
28-Jun-2024 17:05:00.185,48.093754,-10.35,-54.900002,1920,1045
28-Jun-2024 17:05:00.285,48.168751,-10.21875,-54.881252,1920,1045
28-Jun-2024 17:05:00.385,48.243752,-10.14375,-54.900002,1920,1045
28-Jun-2024 17:05:00.485,48.375004,-10.3125,-54.937504,1920,1045
28-Jun-2024 17:05:00.585,48.281254,-10.275001,-54.993752,1920,1045
28-Jun-2024 17:05:00.685,48.318752,-10.2375,-54.975002,1920,1045
28-Jun-2024 17:05:00.785,48.318752,-10.1625,-55.050003,1920,1045
28-Jun-2024 17:05:00.885,48.356251,-10.25625,-55.087502,1920,1045
28-Jun-2024 17:05:17.585,5.8875,25.518751,-28.668751,1920,1330
28-Jun-2024 17:05:17.685,5.94375,25.687502,-28.650002,1920,1330
28-Jun-2024 17:05:17.785,6.09375,25.762501,-28.725,1920,1330
28-Jun-2024 17:05:17.885,6.01875,25.893751,-28.875002,1920,1330
28-Jun-2024 17:05:17.985,6,25.875002,-28.931252,1920,1330
28-Jun-2024 17:05:18.085,5.98125,25.987501,-29.00625,1920,1330
28-Jun-2024 17:05:18.185,5.8875,25.950001,-28.987501,1920,1330
28-Jun-2024 17:05:18.285,5.75625,25.968752,-28.893751,1920,1330
28-Jun-2024 17:05:18.385,5.71875,26.137501,-28.725,1920,1330
28-Jun-2024 17:05:18.485,5.625,26.081251,-28.518751,1920,1330
28-Jun-2024 17:05:18.585,5.45625,26.1,-28.406252,1920,1330
28-Jun-2024 17:05:18.685,5.4,26.081251,-28.293751,1920,1330
28-Jun-2024 17:05:18.785,5.3625,26.062502,-28.237501,1920,1330
28-Jun-2024 17:05:18.885,5.19375,26.025002,-28.06875,1920,1330
28-Jun-2024 17:05:18.985,5.23125,26.118752,-27.937502,1920,1330
28-Jun-2024 17:05:19.085,5.2125,26.081251,-27.900002,1920,1330
28-Jun-2024 17:05:19.185,5.15625,26.081251,-27.956251,1920,1330
28-Jun-2024 17:05:19.285,5.11875,26.19375,-27.956251,1920,1330
28-Jun-2024 17:05:19.385,5.15625,26.156252,-27.900002,1920,1330
28-Jun-2024 17:05:19.485,5.08125,26.062502,-27.88125,1920,1330
28-Jun-2024 17:05:19.585,5.11875,26.156252,-27.862501,1920,1330
28-Jun-2024 17:05:19.685,5.25,26.156252,-27.806252,1920,1330
28-Jun-2024 17:05:19.785,5.2125,26.081251,-27.843752,1920,1330
28-Jun-2024 17:05:19.885,5.2875,26.137501,-27.825001,1920,1330
28-Jun-2024 17:05:19.985,5.25,26.081251,-27.768751,1920,1330
28-Jun-2024 17:05:20.085,5.26875,26.025002,-27.768751,1920,1330
28-Jun-2024 17:05:20.185,5.23125,26.1,-27.750002,1920,1330
28-Jun-2024 17:05:20.285,5.30625,26.2875,-27.750002,1920,1330
28-Jun-2024 17:05:20.385,5.34375,26.268751,-27.675001,1920,1330
28-Jun-2024 17:05:20.485,5.30625,26.250002,-27.825001,1920,1330
28-Jun-2024 17:05:20.585,5.4,26.250002,-27.7875,1920,1330
28-Jun-2024 17:05:20.685,5.4375,26.231251,-27.825001,1920,1330
28-Jun-2024 17:05:20.785,5.49375,26.250002,-27.88125,1920,1330
28-Jun-2024 17:05:20.885,5.49375,26.250002,-28.012501,1920,1330
28-Jun-2024 17:05:20.985,5.625,26.268751,-28.06875,1920,1330
28-Jun-2024 17:05:21.085,5.64375,26.175001,-28.087502,1920,1330
28-Jun-2024 17:05:21.185,5.625,26.19375,-28.125002,1920,1330
28-Jun-2024 17:05:21.285,5.625,26.268751,-28.050001,1920,1330
28-Jun-2024 17:05:21.385,5.625,26.325001,-28.125002,1920,1330
28-Jun-2024 17:05:21.485,5.56875,26.400002,-28.087502,1920,1330
28-Jun-2024 17:05:21.585,5.5125,26.400002,-28.087502,1920,1330
28-Jun-2024 17:05:21.685,5.5125,26.38125,-28.050001,1920,1330
28-Jun-2024 17:05:21.785,5.49375,26.418751,-28.031252,1920,1330
28-Jun-2024 17:05:21.885,5.49375,26.362501,-27.993752,1920,1330
28-Jun-2024 17:05:21.985,5.45625,26.362501,-28.06875,1920,1330
28-Jun-2024 17:05:22.085,5.4375,26.325001,-28.050001,1920,1330
28-Jun-2024 17:05:22.185,5.38125,26.268751,-28.087502,1920,1330
28-Jun-2024 17:05:22.285,5.475,26.19375,-28.181252,1920,1330
28-Jun-2024 17:05:22.385,5.5125,26.19375,-28.012501,1920,1330
28-Jun-2024 17:05:22.485,5.55,26.212502,-27.993752,1920,1330
28-Jun-2024 17:05:22.585,5.45625,26.062502,-28.050001,1920,1330
28-Jun-2024 17:05:22.685,5.38125,26.175001,-28.031252,1920,1330
28-Jun-2024 17:05:22.785,5.34375,26.137501,-27.993752,1920,1330
28-Jun-2024 17:05:22.885,5.325,26.175001,-28.050001,1920,1330
28-Jun-2024 17:05:22.985,5.4,26.231251,-28.106251,1920,1330
28-Jun-2024 17:05:23.085,5.34375,26.306252,-28.012501,1920,1330
28-Jun-2024 17:05:23.185,5.4375,26.268751,-28.106251,1920,1330
28-Jun-2024 17:05:23.285,5.41875,26.325001,-28.181252,1920,1330
28-Jun-2024 17:05:23.385,5.45625,26.343752,-28.06875,1920,1330
28-Jun-2024 17:05:23.485,5.5875,26.175001,-28.031252,1920,1330
28-Jun-2024 17:05:23.585,5.7,26.137501,-28.125002,1920,1330
28-Jun-2024 17:05:23.685,5.7375,26.137501,-28.087502,1920,1330
28-Jun-2024 17:05:23.785,5.68125,26.1,-27.975,1920,1330
28-Jun-2024 17:05:23.885,5.5875,26.1,-27.956251,1920,1330
28-Jun-2024 17:05:23.985,5.5125,26.19375,-27.918751,1920,1330
28-Jun-2024 17:05:24.085,5.41875,26.1,-27.825001,1920,1330
28-Jun-2024 17:05:24.185,5.49375,26.156252,-27.918751,1920,1330
28-Jun-2024 17:05:24.285,5.45625,26.250002,-27.956251,1920,1330
28-Jun-2024 17:05:24.385,5.475,26.38125,-27.937502,1920,1330
28-Jun-2024 17:05:24.485,5.41875,26.418751,-27.975,1920,1330
28-Jun-2024 17:05:24.585,5.38125,26.493752,-27.993752,1920,1330
28-Jun-2024 17:05:24.685,5.49375,26.418751,-28.125002,1920,1330
28-Jun-2024 17:05:24.785,5.6625,26.38125,-28.200001,1920,1330
28-Jun-2024 17:05:24.885,5.7,26.38125,-28.293751,1920,1330
28-Jun-2024 17:05:24.985,5.625,26.362501,-28.331251,1920,1330
28-Jun-2024 17:05:25.085,5.68125,26.250002,-28.425001,1920,1330
28-Jun-2024 17:05:25.185,5.71875,26.250002,-28.406252,1920,1330
28-Jun-2024 17:05:25.285,5.85,26.156252,-28.518751,1920,1330
28-Jun-2024 17:05:25.385,5.98125,26.1,-28.612501,1920,1330
28-Jun-2024 17:05:25.485,6.075,26.025002,-28.575001,1920,1330
28-Jun-2024 17:05:25.585,5.90625,25.968752,-28.575001,1920,1330
28-Jun-2024 17:05:25.685,6.05625,26.156252,-28.518751,1920,1330
28-Jun-2024 17:05:25.785,6.1875,26.081251,-28.44375,1920,1330
28-Jun-2024 17:05:25.885,6.075,26.250002,-28.35,1920,1330
28-Jun-2024 17:05:25.985,5.98125,26.175001,-28.35,1920,1330
28-Jun-2024 17:05:26.085,5.925,26.212502,-28.237501,1920,1330
28-Jun-2024 17:05:26.185,5.83125,26.137501,-28.1625,1920,1330
28-Jun-2024 17:05:26.285,5.7375,26.268751,-28.143751,1920,1330
28-Jun-2024 17:05:26.385,5.8125,26.268751,-28.050001,1920,1330
28-Jun-2024 17:05:26.485,5.64375,26.175001,-28.031252,1920,1330
28-Jun-2024 17:05:26.585,5.5875,26.156252,-28.050001,1920,1330
28-Jun-2024 17:05:26.685,5.5875,26.19375,-28.050001,1920,1330
28-Jun-2024 17:05:26.785,5.60625,26.212502,-28.087502,1920,1330
28-Jun-2024 17:05:26.885,5.53125,26.19375,-28.181252,1920,1330
28-Jun-2024 17:05:26.985,5.60625,26.231251,-28.143751,1920,1330
28-Jun-2024 17:05:27.085,5.7,26.343752,-28.200001,1920,1330
28-Jun-2024 17:05:27.185,5.68125,26.38125,-28.237501,1920,1330
28-Jun-2024 17:05:27.285,5.75625,26.2875,-28.218752,1920,1330
28-Jun-2024 17:05:27.385,5.8125,26.2875,-28.218752,1920,1330
28-Jun-2024 17:05:27.485,5.94375,26.156252,-28.312502,1920,1330
28-Jun-2024 17:05:40.984,-4.66875,45.675003,-28.950001,1710,1324
28-Jun-2024 17:05:41.084,-4.40625,45.693752,-28.893751,1710,1324
28-Jun-2024 17:05:41.184,-4.48125,45.75,-28.950001,1710,1324
28-Jun-2024 17:05:41.284,-4.5,45.881252,-28.987501,1710,1324
28-Jun-2024 17:05:41.384,-4.51875,45.956253,-28.856251,1710,1324
28-Jun-2024 17:05:41.484,-4.5,45.9375,-28.762501,1710,1324
28-Jun-2024 17:05:41.584,-4.35,46.050003,-28.575001,1710,1324
28-Jun-2024 17:05:41.684,-4.40625,46.087502,-28.518751,1710,1324
28-Jun-2024 17:05:41.784,-4.51875,46.125,-28.425001,1710,1324
28-Jun-2024 17:05:41.884,-4.63125,46.125,-28.481251,1710,1324
28-Jun-2024 17:05:41.984,-4.65,46.181252,-28.312502,1710,1324
28-Jun-2024 17:05:42.084,-4.51875,46.237503,-28.143751,1710,1324
28-Jun-2024 17:05:42.184,-4.5375,46.162502,-28.1625,1710,1324
28-Jun-2024 17:05:42.284,-4.63125,46.331253,-28.106251,1710,1324
28-Jun-2024 17:05:42.384,-4.7625,46.293751,-28.143751,1710,1324
28-Jun-2024 17:05:42.484,-4.6875,46.3125,-28.087502,1710,1324
28-Jun-2024 17:05:42.584,-4.6875,46.387501,-28.125002,1710,1324
28-Jun-2024 17:05:42.684,-4.65,46.350002,-28.125002,1710,1324
28-Jun-2024 17:05:42.784,-4.70625,46.275002,-28.087502,1710,1324
28-Jun-2024 17:05:42.884,-4.6875,46.125,-28.012501,1710,1324
28-Jun-2024 17:05:42.984,-4.66875,46.21875,-27.937502,1710,1324
28-Jun-2024 17:05:43.084,-4.59375,46.068752,-27.975,1710,1324
28-Jun-2024 17:05:43.184,-4.66875,45.956253,-27.937502,1710,1324
28-Jun-2024 17:05:43.284,-4.66875,45.9375,-27.975,1710,1324
28-Jun-2024 17:05:43.384,-4.55625,45.731251,-27.993752,1710,1324
28-Jun-2024 17:05:43.484,-4.5,45.712502,-27.88125,1710,1324
28-Jun-2024 17:05:43.584,-4.44375,45.675003,-27.900002,1710,1324
28-Jun-2024 17:05:43.684,-4.5,45.768753,-28.050001,1710,1324
28-Jun-2024 17:05:43.784,-4.4625,45.75,-28.031252,1710,1324
28-Jun-2024 17:05:43.884,-4.5,45.84375,-28.050001,1710,1324
28-Jun-2024 17:05:43.984,-4.36875,45.956253,-28.1625,1710,1324
28-Jun-2024 17:05:44.084,-4.33125,45.9375,-28.143751,1710,1324
28-Jun-2024 17:05:44.184,-4.35,46.068752,-28.087502,1710,1324
28-Jun-2024 17:05:44.284,-4.3125,46.125,-28.1625,1710,1324
28-Jun-2024 17:05:44.384,-4.21875,46.200001,-28.218752,1710,1324
28-Jun-2024 17:05:44.484,-4.1625,46.275002,-28.200001,1710,1324
28-Jun-2024 17:05:44.584,-4.1625,46.200001,-28.1625,1710,1324
28-Jun-2024 17:05:44.684,-4.2375,46.162502,-27.975,1710,1324
28-Jun-2024 17:05:44.784,-4.14375,46.125,-27.862501,1710,1324
28-Jun-2024 17:05:44.884,-4.18125,46.181252,-27.825001,1710,1324
28-Jun-2024 17:05:44.984,-4.18125,46.03125,-27.918751,1710,1324
28-Jun-2024 17:05:45.084,-4.25625,46.050003,-27.937502,1710,1324
28-Jun-2024 17:05:45.184,-4.25625,45.975002,-27.88125,1710,1324
28-Jun-2024 17:05:45.284,-4.33125,45.900002,-27.843752,1710,1324
28-Jun-2024 17:05:45.384,-4.35,45.918751,-27.937502,1710,1324
28-Jun-2024 17:05:45.484,-4.29375,45.975002,-28.087502,1710,1324
28-Jun-2024 17:05:45.584,-4.36875,46.012501,-28.050001,1710,1324
28-Jun-2024 17:05:45.684,-4.44375,45.956253,-28.1625,1710,1324
28-Jun-2024 17:05:45.784,-4.55625,45.993752,-28.143751,1710,1324
28-Jun-2024 17:05:45.884,-4.59375,46.050003,-28.106251,1710,1324
28-Jun-2024 17:05:45.984,-4.66875,46.03125,-28.181252,1710,1324
28-Jun-2024 17:05:46.084,-4.70625,45.993752,-28.143751,1710,1324
28-Jun-2024 17:05:46.184,-4.7625,46.012501,-28.1625,1710,1324
28-Jun-2024 17:05:46.284,-4.6875,45.918751,-28.106251,1710,1324
28-Jun-2024 17:05:46.384,-4.74375,45.900002,-28.143751,1710,1324
28-Jun-2024 17:05:46.484,-4.7625,45.787502,-28.106251,1710,1324
28-Jun-2024 17:05:46.584,-4.65,45.787502,-28.125002,1710,1324
28-Jun-2024 17:05:46.684,-4.7625,45.693752,-28.143751,1710,1324
28-Jun-2024 17:05:46.784,-4.70625,45.768753,-28.125002,1710,1324
28-Jun-2024 17:05:46.884,-4.59375,45.806252,-28.237501,1710,1324
28-Jun-2024 17:05:46.984,-4.575,45.768753,-28.237501,1710,1324
28-Jun-2024 17:05:47.084,-4.6875,45.825001,-28.331251,1710,1324
28-Jun-2024 17:05:47.184,-4.725,45.787502,-28.293751,1710,1324
28-Jun-2024 17:05:47.284,-4.6875,45.825001,-28.387501,1710,1324
28-Jun-2024 17:05:47.384,-4.8,45.825001,-28.387501,1710,1324
28-Jun-2024 17:05:47.484,-4.66875,45.862503,-28.406252,1710,1324
28-Jun-2024 17:05:47.584,-4.725,45.75,-28.368752,1710,1324
28-Jun-2024 17:05:47.684,-4.725,45.75,-28.387501,1710,1324
28-Jun-2024 17:05:47.784,-4.7625,45.806252,-28.406252,1710,1324
28-Jun-2024 17:05:47.884,-4.70625,45.712502,-28.425001,1710,1324
28-Jun-2024 17:05:47.984,-4.66875,45.731251,-28.462502,1710,1324
28-Jun-2024 17:05:48.084,-4.6875,45.731251,-28.481251,1710,1324
28-Jun-2024 17:05:48.184,-4.5375,45.900002,-28.44375,1710,1324
28-Jun-2024 17:05:48.284,-4.63125,45.918751,-28.556252,1710,1324
28-Jun-2024 17:05:48.384,-4.65,46.012501,-28.556252,1710,1324
28-Jun-2024 17:05:48.484,-4.81875,46.03125,-28.518751,1710,1324
28-Jun-2024 17:05:48.584,-4.85625,45.900002,-28.518751,1710,1324
28-Jun-2024 17:05:48.684,-4.8,45.975002,-28.368752,1710,1324
28-Jun-2024 17:05:48.784,-4.8375,46.050003,-28.35,1710,1324
28-Jun-2024 17:05:48.884,-4.81875,46.03125,-28.181252,1710,1324
28-Jun-2024 17:05:48.984,-4.93125,45.806252,-28.143751,1710,1324
28-Jun-2024 17:05:49.084,-4.875,45.693752,-27.975,1710,1324
28-Jun-2024 17:05:49.184,-4.78125,45.637501,-28.012501,1710,1324
28-Jun-2024 17:05:49.284,-4.63125,45.600002,-27.993752,1710,1324
28-Jun-2024 17:05:49.384,-4.6125,45.787502,-27.956251,1710,1324
28-Jun-2024 17:05:49.484,-4.65,45.787502,-28.106251,1710,1324
28-Jun-2024 17:05:49.584,-4.65,45.712502,-28.106251,1710,1324
28-Jun-2024 17:05:49.684,-4.65,45.787502,-28.143751,1710,1324
28-Jun-2024 17:05:49.784,-4.65,45.918751,-28.1625,1710,1324
28-Jun-2024 17:05:49.884,-4.66875,45.918751,-28.312502,1710,1324
28-Jun-2024 17:05:49.984,-4.7625,45.900002,-28.312502,1710,1324
28-Jun-2024 17:05:50.084,-4.85625,45.9375,-28.35,1710,1324
28-Jun-2024 17:05:50.184,-4.85625,45.900002,-28.312502,1710,1324
28-Jun-2024 17:05:50.284,-4.875,45.993752,-28.25625,1710,1324
28-Jun-2024 17:05:50.384,-4.8375,46.068752,-28.387501,1710,1324
28-Jun-2024 17:05:50.484,-4.9125,46.125,-28.44375,1710,1324
28-Jun-2024 17:05:50.584,-4.89375,46.068752,-28.481251,1710,1324
28-Jun-2024 17:05:50.684,-4.96875,46.143753,-28.406252,1710,1324
28-Jun-2024 17:05:50.784,-4.9875,46.200001,-28.481251,1710,1324
28-Jun-2024 17:05:50.884,-5.0625,46.143753,-28.406252,1710,1324
28-Jun-2024 17:06:04.884,1.70625,32.587502,-27.806252,1513,1324
28-Jun-2024 17:06:04.984,1.6125,32.606251,-27.7875,1513,1324
28-Jun-2024 17:06:05.084,1.51875,32.550003,-27.806252,1513,1324
28-Jun-2024 17:06:05.184,1.6125,32.568752,-27.731251,1513,1324
28-Jun-2024 17:06:05.284,1.575,32.53125,-27.768751,1513,1324
28-Jun-2024 17:06:05.384,1.59375,32.700001,-27.712502,1513,1324
28-Jun-2024 17:06:05.484,1.51875,32.737503,-27.675001,1513,1324
28-Jun-2024 17:06:05.584,1.5375,32.71875,-27.656252,1513,1324
28-Jun-2024 17:06:05.684,1.5375,32.831253,-27.543751,1513,1324
28-Jun-2024 17:06:05.784,1.55625,32.868752,-27.543751,1513,1324
28-Jun-2024 17:06:05.884,1.5,33.018753,-27.468752,1513,1324
28-Jun-2024 17:06:05.984,1.5,33.112503,-27.487501,1513,1324
28-Jun-2024 17:06:06.084,1.55625,33.150002,-27.431252,1513,1324
28-Jun-2024 17:06:06.184,1.44375,33.09375,-27.393751,1513,1324
28-Jun-2024 17:06:06.284,1.3875,33.056252,-27.31875,1513,1324
28-Jun-2024 17:06:06.384,1.3125,33.075001,-27.187502,1513,1324
28-Jun-2024 17:06:06.484,1.3125,33.075001,-27.243752,1513,1324
28-Jun-2024 17:06:06.584,1.3875,33,-27.243752,1513,1324
28-Jun-2024 17:06:06.684,1.44375,33,-27.187502,1513,1324
28-Jun-2024 17:06:06.784,1.40625,32.887501,-27.187502,1513,1324
28-Jun-2024 17:06:06.884,1.35,32.943752,-27.13125,1513,1324
28-Jun-2024 17:06:06.984,1.35,32.943752,-27.150002,1513,1324
28-Jun-2024 17:06:07.084,1.3875,32.925003,-27.262501,1513,1324
28-Jun-2024 17:06:07.184,1.40625,32.925003,-27.281252,1513,1324
28-Jun-2024 17:06:07.284,1.40625,32.962502,-27.225,1513,1324
28-Jun-2024 17:06:07.384,1.3875,33,-27.225,1513,1324
28-Jun-2024 17:06:07.484,1.29375,33.037502,-27.225,1513,1324
28-Jun-2024 17:06:07.584,1.35,33.075001,-27.187502,1513,1324
28-Jun-2024 17:06:07.684,1.36875,33.018753,-27.206251,1513,1324
28-Jun-2024 17:06:07.784,1.4625,32.981251,-27.206251,1513,1324
28-Jun-2024 17:06:07.884,1.51875,33.037502,-27.150002,1513,1324
28-Jun-2024 17:06:07.984,1.59375,32.90625,-27.281252,1513,1324
28-Jun-2024 17:06:08.084,1.63125,32.943752,-27.375002,1513,1324
28-Jun-2024 17:06:08.184,1.70625,32.962502,-27.31875,1513,1324
28-Jun-2024 17:06:08.284,1.8375,32.887501,-27.487501,1513,1324
28-Jun-2024 17:06:08.384,1.9125,32.887501,-27.450001,1513,1324
28-Jun-2024 17:06:08.484,1.96875,32.943752,-27.4125,1513,1324
28-Jun-2024 17:06:08.584,1.93125,32.925003,-27.431252,1513,1324
28-Jun-2024 17:06:08.684,1.89375,32.90625,-27.50625,1513,1324
28-Jun-2024 17:06:08.784,1.9125,33.056252,-27.50625,1513,1324
28-Jun-2024 17:06:08.884,1.85625,32.962502,-27.487501,1513,1324
28-Jun-2024 17:06:08.984,1.8,33,-27.525002,1513,1324
28-Jun-2024 17:06:09.084,1.89375,33,-27.450001,1513,1324
28-Jun-2024 17:06:09.184,1.85625,33.037502,-27.637501,1513,1324
28-Jun-2024 17:06:09.284,1.85625,33.018753,-27.618752,1513,1324
28-Jun-2024 17:06:09.384,1.875,33.056252,-27.712502,1513,1324
28-Jun-2024 17:06:09.484,2.04375,33.09375,-27.69375,1513,1324
28-Jun-2024 17:06:09.584,2.0625,33.056252,-27.731251,1513,1324
28-Jun-2024 17:06:09.684,2.2875,32.925003,-27.656252,1513,1324
28-Jun-2024 17:06:09.784,2.30625,32.943752,-27.69375,1513,1324
28-Jun-2024 17:06:09.884,2.2125,32.775002,-27.637501,1513,1324
28-Jun-2024 17:06:09.984,2.175,32.71875,-27.6,1513,1324
28-Jun-2024 17:06:10.084,2.175,32.700001,-27.562502,1513,1324
28-Jun-2024 17:06:10.184,2.15625,32.737503,-27.50625,1513,1324
28-Jun-2024 17:06:10.284,2.025,32.681252,-27.618752,1513,1324
28-Jun-2024 17:06:10.384,1.89375,32.681252,-27.50625,1513,1324
28-Jun-2024 17:06:10.484,1.78125,32.8125,-27.525002,1513,1324
28-Jun-2024 17:06:10.584,1.725,32.756252,-27.4125,1513,1324
28-Jun-2024 17:06:10.684,1.6875,32.887501,-27.487501,1513,1324
28-Jun-2024 17:06:10.784,1.78125,32.868752,-27.468752,1513,1324
28-Jun-2024 17:06:10.884,1.74375,32.925003,-27.525002,1513,1324
28-Jun-2024 17:06:10.984,1.78125,32.850002,-27.450001,1513,1324
28-Jun-2024 17:06:11.084,1.7625,32.850002,-27.450001,1513,1324
28-Jun-2024 17:06:11.184,1.7625,32.868752,-27.562502,1513,1324
28-Jun-2024 17:06:11.284,1.74375,32.868752,-27.618752,1513,1324
28-Jun-2024 17:06:11.384,1.725,32.962502,-27.731251,1513,1324
28-Jun-2024 17:06:11.484,1.81875,33.018753,-27.712502,1513,1324
28-Jun-2024 17:06:11.584,1.74375,33.056252,-27.6,1513,1324
28-Jun-2024 17:06:11.684,1.78125,33.018753,-27.69375,1513,1324
28-Jun-2024 17:06:11.784,1.70625,33.037502,-27.806252,1513,1324
28-Jun-2024 17:06:11.884,1.81875,33.056252,-27.637501,1513,1324
28-Jun-2024 17:06:11.984,1.93125,33.056252,-27.581251,1513,1324
28-Jun-2024 17:06:12.084,1.95,32.981251,-27.50625,1513,1324
28-Jun-2024 17:06:12.184,2.025,32.925003,-27.50625,1513,1324
28-Jun-2024 17:06:12.284,1.9875,32.90625,-27.468752,1513,1324
28-Jun-2024 17:06:12.384,1.96875,32.962502,-27.6,1513,1324
28-Jun-2024 17:06:12.484,1.95,32.925003,-27.581251,1513,1324
28-Jun-2024 17:06:12.584,2.1,32.90625,-27.468752,1513,1324
28-Jun-2024 17:06:12.684,1.9875,32.831253,-27.50625,1513,1324
28-Jun-2024 17:06:12.784,1.95,32.756252,-27.543751,1513,1324
28-Jun-2024 17:06:12.884,1.93125,32.737503,-27.581251,1513,1324
28-Jun-2024 17:06:12.984,1.875,32.756252,-27.468752,1513,1324
28-Jun-2024 17:06:13.084,1.85625,32.8125,-27.637501,1513,1324
28-Jun-2024 17:06:13.184,1.78125,32.8125,-27.69375,1513,1324
28-Jun-2024 17:06:13.284,1.7625,32.8125,-27.6,1513,1324
28-Jun-2024 17:06:13.384,1.66875,32.887501,-27.750002,1513,1324
28-Jun-2024 17:06:13.484,1.63125,32.90625,-27.768751,1513,1324
28-Jun-2024 17:06:13.584,1.48125,32.868752,-27.712502,1513,1324
28-Jun-2024 17:06:13.684,1.5375,32.90625,-27.712502,1513,1324
28-Jun-2024 17:06:13.784,1.5,32.868752,-27.768751,1513,1324
28-Jun-2024 17:06:13.884,1.35,32.850002,-27.675001,1513,1324
28-Jun-2024 17:06:13.984,1.44375,32.8125,-27.675001,1513,1324
28-Jun-2024 17:06:14.084,1.48125,32.943752,-27.750002,1513,1324
28-Jun-2024 17:06:14.184,1.425,32.868752,-27.675001,1513,1324
28-Jun-2024 17:06:14.284,1.48125,32.90625,-27.69375,1513,1324
28-Jun-2024 17:06:14.384,1.63125,33.056252,-27.637501,1513,1324
28-Jun-2024 17:06:14.484,1.575,33.09375,-27.675001,1513,1324
28-Jun-2024 17:06:14.584,1.65,33.131252,-27.712502,1513,1324
28-Jun-2024 17:06:14.684,1.725,33.037502,-27.731251,1513,1324
28-Jun-2024 17:06:14.784,1.65,33.075001,-27.69375,1513,1324
28-Jun-2024 17:06:30.684,-11.26875,37.350002,-29.6625,1246,1324
28-Jun-2024 17:06:30.784,-11.34375,37.350002,-29.718752,1246,1324
28-Jun-2024 17:06:30.884,-11.418751,37.40625,-29.643751,1246,1324
28-Jun-2024 17:06:30.984,-11.493751,37.443752,-29.437502,1246,1324
28-Jun-2024 17:06:31.083,-11.55,37.556252,-29.493752,1246,1324
28-Jun-2024 17:06:31.183,-11.493751,37.518753,-29.456251,1246,1324
28-Jun-2024 17:06:31.283,-11.418751,37.575001,-29.362501,1246,1324
28-Jun-2024 17:06:31.383,-11.45625,37.575001,-29.2875,1246,1324
28-Jun-2024 17:06:31.483,-11.587501,37.481251,-29.175001,1246,1324
28-Jun-2024 17:06:31.583,-11.700001,37.443752,-29.081251,1246,1324
28-Jun-2024 17:06:31.683,-11.625,37.462502,-29.062502,1246,1324
28-Jun-2024 17:06:31.783,-11.55,37.462502,-29.1,1246,1324
28-Jun-2024 17:06:31.883,-11.56875,37.425003,-29.025002,1246,1324
28-Jun-2024 17:06:31.983,-11.6625,37.368752,-29.00625,1246,1324
28-Jun-2024 17:06:32.083,-11.6625,37.350002,-29.1,1246,1324
28-Jun-2024 17:06:32.183,-11.493751,37.3125,-29.156252,1246,1324
28-Jun-2024 17:06:32.283,-11.34375,37.368752,-29.118752,1246,1324
28-Jun-2024 17:06:32.383,-11.26875,37.368752,-29.137501,1246,1324
28-Jun-2024 17:06:32.483,-11.26875,37.350002,-29.118752,1246,1324
28-Jun-2024 17:06:32.583,-11.400001,37.331253,-29.250002,1246,1324
28-Jun-2024 17:06:32.683,-11.418751,37.275002,-29.175001,1246,1324
28-Jun-2024 17:06:32.783,-11.400001,37.275002,-29.156252,1246,1324
28-Jun-2024 17:06:32.883,-11.306251,37.275002,-29.212502,1246,1324
28-Jun-2024 17:06:32.983,-11.34375,37.443752,-29.306252,1246,1324
28-Jun-2024 17:06:33.082,-11.418751,37.256252,-29.418751,1246,1324
28-Jun-2024 17:06:33.183,-11.34375,37.200001,-29.325001,1246,1324
28-Jun-2024 17:06:33.283,-11.3625,37.181252,-29.306252,1246,1324
28-Jun-2024 17:06:33.383,-11.306251,37.162502,-29.2875,1246,1324
28-Jun-2024 17:06:33.483,-11.175,37.200001,-29.493752,1246,1324
28-Jun-2024 17:06:33.583,-11.118751,37.21875,-29.493752,1246,1324
28-Jun-2024 17:06:33.683,-11.19375,37.143753,-29.456251,1246,1324
28-Jun-2024 17:06:33.783,-11.3625,37.012501,-29.456251,1246,1324
28-Jun-2024 17:06:33.883,-11.25,37.181252,-29.343752,1246,1324
28-Jun-2024 17:06:33.983,-11.34375,37.21875,-29.456251,1246,1324
28-Jun-2024 17:06:34.083,-11.3625,37.200001,-29.400002,1246,1324
28-Jun-2024 17:06:34.183,-11.325001,37.21875,-29.325001,1246,1324
28-Jun-2024 17:06:34.283,-11.400001,37.21875,-29.268751,1246,1324
28-Jun-2024 17:06:34.383,-11.475,37.21875,-29.268751,1246,1324
28-Jun-2024 17:06:34.483,-11.45625,37.368752,-29.19375,1246,1324
28-Jun-2024 17:06:34.583,-11.34375,37.368752,-29.156252,1246,1324
28-Jun-2024 17:06:34.683,-11.53125,37.350002,-29.081251,1246,1324
28-Jun-2024 17:06:34.783,-11.53125,37.350002,-29.025002,1246,1324
28-Jun-2024 17:06:34.883,-11.606251,37.462502,-29.137501,1246,1324
28-Jun-2024 17:06:34.983,-11.7375,37.425003,-29.118752,1246,1324
28-Jun-2024 17:06:35.083,-11.681251,37.387501,-29.118752,1246,1324
28-Jun-2024 17:06:35.183,-11.6625,37.275002,-29.118752,1246,1324
28-Jun-2024 17:06:35.283,-11.71875,37.162502,-29.043751,1246,1324
28-Jun-2024 17:06:35.383,-11.7375,37.21875,-28.987501,1246,1324
28-Jun-2024 17:06:35.483,-11.681251,37.275002,-29.081251,1246,1324
28-Jun-2024 17:06:35.583,-11.625,37.293751,-29.212502,1246,1324
28-Jun-2024 17:06:35.683,-11.56875,37.200001,-29.212502,1246,1324
28-Jun-2024 17:06:35.783,-11.56875,37.21875,-29.325001,1246,1324
28-Jun-2024 17:06:35.883,-11.56875,37.275002,-29.306252,1246,1324
28-Jun-2024 17:06:35.983,-11.55,37.368752,-29.38125,1246,1324
28-Jun-2024 17:06:36.083,-11.55,37.293751,-29.56875,1246,1324
28-Jun-2024 17:06:36.183,-11.587501,37.256252,-29.700001,1246,1324
28-Jun-2024 17:06:36.283,-11.475,37.331253,-29.718752,1246,1324
28-Jun-2024 17:06:36.383,-11.55,37.237503,-29.681252,1246,1324
28-Jun-2024 17:06:36.483,-11.493751,37.181252,-29.6625,1246,1324
28-Jun-2024 17:06:36.583,-11.45625,37.143753,-29.550001,1246,1324
28-Jun-2024 17:06:36.683,-11.625,37.143753,-29.606251,1246,1324
28-Jun-2024 17:06:36.783,-11.700001,37.143753,-29.606251,1246,1324
28-Jun-2024 17:06:36.883,-11.75625,37.162502,-29.587502,1246,1324
28-Jun-2024 17:06:36.983,-11.75625,37.200001,-29.456251,1246,1324
28-Jun-2024 17:06:37.083,-11.90625,37.03125,-29.512501,1246,1324
28-Jun-2024 17:06:37.183,-11.868751,37.087502,-29.456251,1246,1324
28-Jun-2024 17:06:37.283,-11.868751,37.200001,-29.38125,1246,1324
28-Jun-2024 17:06:37.383,-11.8125,37.3125,-29.437502,1246,1324
28-Jun-2024 17:06:37.483,-11.681251,37.275002,-29.343752,1246,1324
28-Jun-2024 17:06:37.583,-11.625,37.3125,-29.325001,1246,1324
28-Jun-2024 17:06:37.683,-11.493751,37.443752,-29.268751,1246,1324
28-Jun-2024 17:06:37.783,-11.493751,37.518753,-29.343752,1246,1324
28-Jun-2024 17:06:37.883,-11.45625,37.575001,-29.38125,1246,1324
28-Jun-2024 17:06:37.983,-11.38125,37.575001,-29.437502,1246,1324
28-Jun-2024 17:06:38.083,-11.53125,37.537502,-29.456251,1246,1324
28-Jun-2024 17:06:38.183,-11.681251,37.443752,-29.512501,1246,1324
28-Jun-2024 17:06:38.283,-11.64375,37.443752,-29.531252,1246,1324
28-Jun-2024 17:06:38.383,-11.681251,37.368752,-29.493752,1246,1324
28-Jun-2024 17:06:38.483,-11.7375,37.293751,-29.475,1246,1324
28-Jun-2024 17:06:38.583,-11.700001,37.331253,-29.437502,1246,1324
28-Jun-2024 17:06:38.683,-11.625,37.3125,-29.38125,1246,1324
28-Jun-2024 17:06:38.783,-11.606251,37.331253,-29.38125,1246,1324
28-Jun-2024 17:06:38.883,-11.493751,37.425003,-29.512501,1246,1324
28-Jun-2024 17:06:38.983,-11.3625,37.481251,-29.437502,1246,1324
28-Jun-2024 17:06:39.083,-11.53125,37.518753,-29.437502,1246,1324
28-Jun-2024 17:06:39.183,-11.418751,37.5,-29.456251,1246,1324
28-Jun-2024 17:06:39.283,-11.34375,37.425003,-29.38125,1246,1324
28-Jun-2024 17:06:39.383,-11.26875,37.350002,-29.418751,1246,1324
28-Jun-2024 17:06:39.483,-11.325001,37.425003,-29.343752,1246,1324
28-Jun-2024 17:06:39.583,-11.38125,37.387501,-29.325001,1246,1324
28-Jun-2024 17:06:39.683,-11.306251,37.387501,-29.175001,1246,1324
28-Jun-2024 17:06:39.783,-11.25,37.368752,-29.137501,1246,1324
28-Jun-2024 17:06:39.883,-11.1,37.331253,-29.1,1246,1324
28-Jun-2024 17:06:39.983,-11.175,37.5,-29.156252,1246,1324
28-Jun-2024 17:06:40.083,-11.25,37.59375,-29.250002,1246,1324
28-Jun-2024 17:06:40.183,-11.34375,37.518753,-29.19375,1246,1324
28-Jun-2024 17:06:40.283,-11.400001,37.425003,-29.212502,1246,1324
28-Jun-2024 17:06:40.383,-11.3625,37.481251,-29.175001,1246,1324
28-Jun-2024 17:06:40.483,-11.45625,37.537502,-29.1,1246,1324
28-Jun-2024 17:06:40.583,-11.512501,37.575001,-29.231251,1246,1324
28-Jun-2024 17:06:56.183,-5.0625,33.1875,-20.493752,982,1324
28-Jun-2024 17:06:56.283,-4.81875,33.28125,-20.56875,982,1324
28-Jun-2024 17:06:56.383,-4.725,33.1875,-20.606251,982,1324
28-Jun-2024 17:06:56.483,-4.6875,33.262501,-20.700001,982,1324
28-Jun-2024 17:06:56.583,-4.66875,33.262501,-20.587502,982,1324
28-Jun-2024 17:06:56.683,-4.85625,33.412502,-20.4375,982,1324
28-Jun-2024 17:06:56.783,-4.89375,33.46875,-20.400002,982,1324
28-Jun-2024 17:06:56.883,-4.9875,33.600002,-20.2875,982,1324
28-Jun-2024 17:06:56.983,-5.00625,33.65625,-20.043751,982,1324
28-Jun-2024 17:06:57.083,-5.1375,33.543751,-19.9125,982,1324
28-Jun-2024 17:06:57.183,-5.19375,33.675003,-19.875,982,1324
28-Jun-2024 17:06:57.283,-5.23125,33.65625,-19.800001,982,1324
28-Jun-2024 17:06:57.383,-5.3625,33.693752,-19.725,982,1324
28-Jun-2024 17:06:57.483,-5.38125,33.712502,-19.743752,982,1324
28-Jun-2024 17:06:57.583,-5.53125,33.712502,-19.59375,982,1324
28-Jun-2024 17:06:57.683,-5.5125,33.618752,-19.59375,982,1324
28-Jun-2024 17:06:57.783,-5.64375,33.543751,-19.6875,982,1324
28-Jun-2024 17:06:57.883,-5.64375,33.506252,-19.81875,982,1324
28-Jun-2024 17:06:57.983,-5.64375,33.506252,-19.725,982,1324
28-Jun-2024 17:06:58.083,-5.7375,33.5625,-19.837502,982,1324
28-Jun-2024 17:06:58.183,-5.625,33.712502,-19.81875,982,1324
28-Jun-2024 17:06:58.283,-5.5875,33.65625,-19.81875,982,1324
28-Jun-2024 17:06:58.383,-5.60625,33.618752,-19.81875,982,1324
28-Jun-2024 17:06:58.483,-5.5875,33.637501,-19.78125,982,1324
28-Jun-2024 17:06:58.583,-5.55,33.675003,-19.650002,982,1324
28-Jun-2024 17:06:58.683,-5.475,33.693752,-19.5,982,1324
28-Jun-2024 17:06:58.783,-5.41875,33.581253,-19.556252,982,1324
28-Jun-2024 17:06:58.883,-5.325,33.431252,-19.556252,982,1324
28-Jun-2024 17:06:58.983,-5.4,33.356251,-19.481251,982,1324
28-Jun-2024 17:06:59.082,-6.84375,35.043751,-9.918751,982,1324
28-Jun-2024 17:06:59.183,-6.65625,35.0625,-9.88125,982,1324
28-Jun-2024 17:06:59.283,-6.6,34.931252,-9.9375,982,1324
28-Jun-2024 17:06:59.383,-6.5625,34.912502,-10.012501,982,1324
28-Jun-2024 17:06:59.483,-6.58125,34.931252,-10.06875,982,1324
28-Jun-2024 17:06:59.583,-6.6375,35.025002,-10.03125,982,1324
28-Jun-2024 17:06:59.683,-6.61875,35.025002,-10.087501,982,1324
28-Jun-2024 17:06:59.783,-6.5625,34.987503,-10.21875,982,1324
28-Jun-2024 17:06:59.883,-6.525,34.950001,-10.3125,982,1324
28-Jun-2024 17:06:59.983,-6.69375,34.931252,-10.40625,982,1324
28-Jun-2024 17:07:00.083,-6.7875,34.912502,-10.40625,982,1324
28-Jun-2024 17:07:00.183,-6.69375,34.950001,-10.44375,982,1324
28-Jun-2024 17:07:00.283,-6.73125,34.931252,-10.44375,982,1324
28-Jun-2024 17:07:00.383,-6.76875,34.875,-10.5,982,1324
28-Jun-2024 17:07:00.483,-6.825,34.875,-10.481251,982,1324
28-Jun-2024 17:07:00.583,-6.7875,34.893753,-10.5375,982,1324
28-Jun-2024 17:07:00.683,-6.91875,34.96875,-10.5,982,1324
28-Jun-2024 17:07:00.783,-6.80625,35.006252,-10.63125,982,1324
28-Jun-2024 17:07:00.883,-6.84375,35.006252,-10.70625,982,1324
28-Jun-2024 17:07:00.983,-6.91875,34.950001,-10.8,982,1324
28-Jun-2024 17:07:01.083,-6.9,34.987503,-10.837501,982,1324
28-Jun-2024 17:07:01.183,-6.9375,35.0625,-10.89375,982,1324
28-Jun-2024 17:07:01.283,-6.95625,35.043751,-10.89375,982,1324
28-Jun-2024 17:07:01.383,-7.06875,35.137501,-10.89375,982,1324
28-Jun-2024 17:07:01.483,-6.9,35.025002,-10.950001,982,1324
28-Jun-2024 17:07:01.583,-6.7875,35.043751,-10.762501,982,1324
28-Jun-2024 17:07:01.683,-6.76875,35.118752,-10.668751,982,1324
28-Jun-2024 17:07:01.783,-6.80625,35.100002,-10.556251,982,1324
28-Jun-2024 17:07:01.883,-6.75,35.081253,-10.575001,982,1324
28-Jun-2024 17:07:01.983,-6.7125,35.006252,-10.63125,982,1324
28-Jun-2024 17:07:02.083,-6.675,35.043751,-10.5375,982,1324
28-Jun-2024 17:07:02.183,-6.54375,34.96875,-10.462501,982,1324
28-Jun-2024 17:07:02.283,-6.65625,35.025002,-10.481251,982,1324
28-Jun-2024 17:07:02.383,-6.76875,34.912502,-10.51875,982,1324
28-Jun-2024 17:07:02.483,-6.7875,34.950001,-10.51875,982,1324
28-Jun-2024 17:07:02.583,-6.76875,34.987503,-10.5375,982,1324
28-Jun-2024 17:07:02.683,-6.9,35.006252,-10.556251,982,1324
28-Jun-2024 17:07:02.782,-6.9375,34.912502,-10.33125,982,1324
28-Jun-2024 17:07:02.883,-6.95625,34.931252,-10.425,982,1324
28-Jun-2024 17:07:02.983,-7.125,34.912502,-10.462501,982,1324
28-Jun-2024 17:07:03.083,-7.05,34.893753,-10.368751,982,1324
28-Jun-2024 17:07:03.183,-7.05,34.96875,-10.5,982,1324
28-Jun-2024 17:07:03.283,-7.10625,34.950001,-10.5375,982,1324
28-Jun-2024 17:07:03.383,-7.0875,34.950001,-10.5375,982,1324
28-Jun-2024 17:07:03.483,-7.0125,34.950001,-10.44375,982,1324
28-Jun-2024 17:07:03.583,-7.03125,34.950001,-10.668751,982,1324
28-Jun-2024 17:07:03.683,-7.0125,34.78125,-10.650001,982,1324
28-Jun-2024 17:07:03.783,-6.95625,34.837502,-10.6875,982,1324
28-Jun-2024 17:07:03.883,-6.88125,34.856251,-10.70625,982,1324
28-Jun-2024 17:07:03.983,-6.80625,34.912502,-10.668751,982,1324
28-Jun-2024 17:07:04.083,-6.675,34.96875,-10.70625,982,1324
28-Jun-2024 17:07:04.183,-6.675,34.987503,-10.743751,982,1324
28-Jun-2024 17:07:04.283,-6.58125,34.96875,-10.81875,982,1324
28-Jun-2024 17:07:04.383,-6.61875,35.025002,-10.762501,982,1324
28-Jun-2024 17:07:04.483,-6.54375,35.0625,-10.837501,982,1324
28-Jun-2024 17:07:04.583,-6.39375,35.100002,-10.78125,982,1324
28-Jun-2024 17:07:04.683,-6.4125,35.137501,-10.70625,982,1324
28-Jun-2024 17:07:04.783,-6.4125,35.118752,-10.6875,982,1324
28-Jun-2024 17:07:04.883,-6.50625,35.118752,-10.725,982,1324
28-Jun-2024 17:07:04.983,-6.46875,35.137501,-10.762501,982,1324
28-Jun-2024 17:07:05.083,-6.5625,35.118752,-10.743751,982,1324
28-Jun-2024 17:07:05.183,-6.58125,35.137501,-10.725,982,1324
28-Jun-2024 17:07:05.283,-6.58125,35.212502,-10.650001,982,1324
28-Jun-2024 17:07:05.383,-6.69375,35.081253,-10.556251,982,1324
28-Jun-2024 17:07:05.483,-6.6375,35.081253,-10.6125,982,1324
28-Jun-2024 17:07:05.583,-6.75,35.137501,-10.575001,982,1324
28-Jun-2024 17:07:05.683,-6.65625,34.875,-10.481251,982,1324
28-Jun-2024 17:07:05.783,-6.75,34.875,-10.44375,982,1324
28-Jun-2024 17:07:05.883,-6.675,34.875,-10.3125,982,1324
28-Jun-2024 17:07:05.983,-6.5625,34.893753,-10.35,982,1324
28-Jun-2024 17:07:06.083,-6.54375,34.931252,-10.3125,982,1324
28-Jun-2024 17:07:19.683,-58.106251,-4.125,3.4125,846,1324
28-Jun-2024 17:07:19.783,-58.181252,-4.18125,3.54375,846,1324
28-Jun-2024 17:07:19.883,-58.143753,-4.3875,3.58125,846,1324
28-Jun-2024 17:07:19.983,-57.918751,-4.59375,3.50625,846,1324
28-Jun-2024 17:07:20.083,-58.068752,-4.70625,3.375,846,1324
28-Jun-2024 17:07:20.183,-57.881252,-4.725,3.3375,846,1324
28-Jun-2024 17:07:20.283,-57.787502,-4.74375,3.31875,846,1324
28-Jun-2024 17:07:20.383,-57.693752,-4.4625,3.61875,846,1324
28-Jun-2024 17:07:20.483,-57.750004,-4.44375,3.91875,846,1324
28-Jun-2024 17:07:20.583,-57.787502,-4.2375,4.2375,846,1324
28-Jun-2024 17:07:20.683,-57.918751,-3.95625,4.63125,846,1324
28-Jun-2024 17:07:20.783,-58.200001,-3.61875,5.04375,846,1324
28-Jun-2024 17:07:20.883,-58.368752,-3.43125,5.49375,846,1324
28-Jun-2024 17:07:20.983,-58.800003,-3.2625,5.86875,846,1324
28-Jun-2024 17:07:21.083,-59.156254,-3.09375,6.28125,846,1324
28-Jun-2024 17:07:21.183,-59.475002,-3.01875,6.54375,846,1324
28-Jun-2024 17:07:21.283,-59.756252,-2.5125,6.9375,846,1324
28-Jun-2024 17:07:21.383,-59.887501,-2.34375,7.40625,846,1324
28-Jun-2024 17:07:21.483,-60.000004,-2.23125,7.9125,846,1324
28-Jun-2024 17:07:21.583,-60.225002,-2.1375,8.231251,846,1324
28-Jun-2024 17:07:21.683,-60.375004,-2.1375,8.512501,846,1324
28-Jun-2024 17:07:21.783,-60.356251,-2.11875,8.868751,846,1324
28-Jun-2024 17:07:21.883,-60.337502,-2.04375,9.150001,846,1324
28-Jun-2024 17:07:21.983,-60.375004,-1.9875,9.431251,846,1324
28-Jun-2024 17:07:22.083,-60.243752,-2.25,9.46875,846,1324
28-Jun-2024 17:07:22.183,-60.300003,-2.41875,9.39375,846,1324
28-Jun-2024 17:07:22.283,-60.375004,-2.56875,9.168751,846,1324
28-Jun-2024 17:07:22.383,-60.206253,-2.8875,8.981251,846,1324
28-Jun-2024 17:07:22.483,-59.925003,-3.1125,8.700001,846,1324
28-Jun-2024 17:07:22.583,-59.850002,-3.3375,8.306251,846,1324
28-Jun-2024 17:07:22.683,-59.831253,-3.4875,7.9875,846,1324
28-Jun-2024 17:07:22.783,-59.756252,-3.76875,7.74375,846,1324
28-Jun-2024 17:07:22.883,-59.756252,-4.05,7.48125,846,1324
28-Jun-2024 17:07:22.983,-59.718754,-4.2,7.21875,846,1324
28-Jun-2024 17:07:23.083,-59.568752,-4.3125,7.0875,846,1324
28-Jun-2024 17:07:23.183,-59.606251,-4.29375,7.21875,846,1324
28-Jun-2024 17:07:23.283,-59.793751,-4.06875,7.425,846,1324
28-Jun-2024 17:07:23.383,-59.850002,-3.76875,7.725,846,1324
28-Jun-2024 17:07:23.483,-59.812504,-3.6,8.0625,846,1324
28-Jun-2024 17:07:23.583,-59.925003,-3.43125,8.231251,846,1324
28-Jun-2024 17:07:23.683,-60.056252,-3.01875,8.512501,846,1324
28-Jun-2024 17:07:23.783,-60.093754,-2.68125,8.887501,846,1324
28-Jun-2024 17:07:23.883,-60.187504,-2.4375,9.225,846,1324
28-Jun-2024 17:07:23.983,-60.281254,-2.23125,9.4125,846,1324
28-Jun-2024 17:07:24.083,-60.393753,-2.26875,9.543751,846,1324
28-Jun-2024 17:07:24.183,-60.468754,-2.30625,9.5625,846,1324
28-Jun-2024 17:07:24.283,-60.618752,-2.4,9.543751,846,1324
28-Jun-2024 17:07:24.383,-60.506252,-2.325,9.65625,846,1324
28-Jun-2024 17:07:24.483,-60.450001,-2.38125,9.58125,846,1324
28-Jun-2024 17:07:24.583,-60.543751,-2.4,9.58125,846,1324
28-Jun-2024 17:07:24.683,-60.525002,-2.3625,9.431251,846,1324
28-Jun-2024 17:07:24.783,-60.506252,-2.3625,9.4125,846,1324
28-Jun-2024 17:07:24.883,-60.412502,-2.325,9.39375,846,1324
28-Jun-2024 17:07:24.983,-60.375004,-2.26875,9.431251,846,1324
28-Jun-2024 17:07:25.083,-60.300003,-2.2125,9.375,846,1324
28-Jun-2024 17:07:25.183,-60.393753,-2.325,9.4875,846,1324
28-Jun-2024 17:07:25.283,-60.468754,-2.325,9.525001,846,1324
28-Jun-2024 17:07:25.383,-60.318752,-2.2875,9.525001,846,1324
28-Jun-2024 17:07:25.483,-60.393753,-2.325,9.65625,846,1324
28-Jun-2024 17:07:25.583,-60.337502,-2.325,9.6,846,1324
28-Jun-2024 17:07:25.683,-60.337502,-2.26875,9.5625,846,1324
28-Jun-2024 17:07:25.783,-60.262501,-2.2875,9.6,846,1324
28-Jun-2024 17:07:25.883,-60.187504,-2.23125,9.712501,846,1324
28-Jun-2024 17:07:25.983,-60.093754,-2.08125,9.6,846,1324
28-Jun-2024 17:07:26.083,-59.962502,-2.11875,9.65625,846,1324
28-Jun-2024 17:07:26.183,-59.906254,-2.23125,9.712501,846,1324
28-Jun-2024 17:07:26.283,-59.831253,-2.2125,9.712501,846,1324
28-Jun-2024 17:07:26.383,-59.793751,-2.26875,9.7875,846,1324
28-Jun-2024 17:07:26.483,-59.737503,-2.34375,9.88125,846,1324
28-Jun-2024 17:07:26.583,-59.737503,-2.30625,9.7875,846,1324
28-Jun-2024 17:07:26.683,-59.850002,-2.30625,9.806251,846,1324
28-Jun-2024 17:07:26.783,-59.962502,-2.26875,9.8625,846,1324
28-Jun-2024 17:07:26.883,-60.093754,-2.25,9.900001,846,1324
28-Jun-2024 17:07:26.983,-60.206253,-2.175,9.8625,846,1324
28-Jun-2024 17:07:27.083,-60.281254,-2.175,9.825001,846,1324
28-Jun-2024 17:07:27.183,-60.318752,-2.025,9.825001,846,1324
28-Jun-2024 17:07:27.283,-60.281254,-1.95,9.76875,846,1324
28-Jun-2024 17:07:27.383,-60.262501,-2.0625,9.8625,846,1324
28-Jun-2024 17:07:27.483,-60.168751,-2.0625,9.69375,846,1324
28-Jun-2024 17:07:27.583,-60.150002,-2.08125,9.65625,846,1324
28-Jun-2024 17:07:27.683,-60.150002,-2.15625,9.65625,846,1324
28-Jun-2024 17:07:27.783,-60.093754,-2.25,9.65625,846,1324
28-Jun-2024 17:07:27.883,-59.981251,-2.325,9.675,846,1324
28-Jun-2024 17:07:27.983,-60.150002,-2.38125,9.637501,846,1324
28-Jun-2024 17:07:28.083,-60.187504,-2.45625,9.675,846,1324
28-Jun-2024 17:07:28.183,-60.281254,-2.4375,9.731251,846,1324
28-Jun-2024 17:07:28.283,-60.375004,-2.4375,9.806251,846,1324
28-Jun-2024 17:07:28.383,-60.337502,-2.4375,9.76875,846,1324
28-Jun-2024 17:07:28.483,-60.300003,-2.2875,9.75,846,1324
28-Jun-2024 17:07:28.583,-60.318752,-2.19375,9.806251,846,1324
28-Jun-2024 17:07:28.683,-60.356251,-2.19375,9.825001,846,1324
28-Jun-2024 17:07:28.783,-60.225002,-2.2125,9.825001,846,1324
28-Jun-2024 17:07:28.883,-60.168751,-2.15625,9.7875,846,1324
28-Jun-2024 17:07:28.983,-60.112503,-2.08125,9.76875,846,1324
28-Jun-2024 17:07:29.083,-60.018753,-2.08125,9.76875,846,1324
28-Jun-2024 17:07:29.183,-60.037502,-2.19375,9.900001,846,1324
28-Jun-2024 17:07:29.283,-60.075001,-2.2875,9.918751,846,1324
28-Jun-2024 17:07:29.383,-59.981251,-2.325,9.88125,846,1324
28-Jun-2024 17:07:29.483,-60.037502,-2.26875,9.76875,846,1324
28-Jun-2024 17:07:29.583,-60.056252,-2.30625,9.806251,846,1324
28-Jun-2024 17:07:44.383,-39.881252,2.41875,-6.43125,782,1125
28-Jun-2024 17:07:44.483,-39.918751,2.53125,-6.61875,782,1125
28-Jun-2024 17:07:44.583,-39.918751,2.625,-6.75,782,1125
28-Jun-2024 17:07:44.683,-39.825001,2.64375,-6.75,782,1125
28-Jun-2024 17:07:44.783,-39.84375,2.75625,-6.84375,782,1125
28-Jun-2024 17:07:44.883,-39.881252,2.75625,-7.03125,782,1125
28-Jun-2024 17:07:44.983,-39.918751,2.925,-7.2,782,1125
28-Jun-2024 17:07:45.083,-39.975002,3.01875,-7.21875,782,1125
28-Jun-2024 17:07:45.183,-40.050003,2.98125,-7.14375,782,1125
28-Jun-2024 17:07:45.283,-40.012501,3.01875,-7.0125,782,1125
28-Jun-2024 17:07:45.383,-39.900002,3,-6.99375,782,1125
28-Jun-2024 17:07:45.483,-39.825001,3.0375,-7.06875,782,1125
28-Jun-2024 17:07:45.583,-39.787502,2.94375,-6.99375,782,1125
28-Jun-2024 17:07:45.683,-39.787502,2.925,-6.9375,782,1125
28-Jun-2024 17:07:45.783,-39.84375,2.83125,-6.9,782,1125
28-Jun-2024 17:07:45.883,-39.84375,2.775,-6.95625,782,1125
28-Jun-2024 17:07:45.983,-39.75,2.85,-6.975,782,1125
28-Jun-2024 17:07:46.083,-39.84375,2.85,-7.0875,782,1125
28-Jun-2024 17:07:46.183,-39.900002,2.90625,-7.06875,782,1125
28-Jun-2024 17:07:46.283,-39.956253,2.98125,-7.0125,782,1125
28-Jun-2024 17:07:46.383,-40.012501,3,-7.06875,782,1125
28-Jun-2024 17:07:46.483,-39.975002,3.0375,-7.0875,782,1125
28-Jun-2024 17:07:46.583,-39.862503,3.05625,-7.06875,782,1125
28-Jun-2024 17:07:46.683,-39.900002,3.05625,-7.05,782,1125
28-Jun-2024 17:07:46.783,-39.900002,3.01875,-6.99375,782,1125
28-Jun-2024 17:07:46.883,-39.825001,2.98125,-6.8625,782,1125
28-Jun-2024 17:07:46.983,-39.693752,2.98125,-6.8625,782,1125
28-Jun-2024 17:07:47.083,-39.693752,2.83125,-6.91875,782,1125
28-Jun-2024 17:07:47.183,-39.65625,2.90625,-6.8625,782,1125
28-Jun-2024 17:07:47.282,-39.5625,2.925,-6.73125,782,1125
28-Jun-2024 17:07:47.383,-39.46875,2.775,-6.7875,782,1125
28-Jun-2024 17:07:47.483,-39.300003,2.8125,-6.91875,782,1125
28-Jun-2024 17:07:47.583,-39.262501,2.75625,-6.88125,782,1125
28-Jun-2024 17:07:47.683,-39.337502,2.7375,-7.0125,782,1125
28-Jun-2024 17:07:47.783,-39.431252,2.7,-7.06875,782,1125
28-Jun-2024 17:07:47.883,-39.431252,2.83125,-7.0125,782,1125
28-Jun-2024 17:07:47.983,-39.543751,2.86875,-7.0125,782,1125
28-Jun-2024 17:07:48.083,-39.46875,2.75625,-7.0875,782,1125
28-Jun-2024 17:07:48.183,-39.5625,2.83125,-6.88125,782,1125
28-Jun-2024 17:07:48.283,-39.581253,2.7375,-6.69375,782,1125
28-Jun-2024 17:07:48.383,-39.712502,2.71875,-6.7875,782,1125
28-Jun-2024 17:07:48.483,-39.600002,2.8125,-6.75,782,1125
28-Jun-2024 17:07:48.583,-39.581253,2.85,-6.75,782,1125
28-Jun-2024 17:07:48.683,-39.712502,2.8125,-6.88125,782,1125
28-Jun-2024 17:07:48.783,-39.731251,2.68125,-6.91875,782,1125
28-Jun-2024 17:07:48.883,-39.900002,2.8125,-6.99375,782,1125
28-Jun-2024 17:07:48.983,-39.881252,2.79375,-7.10625,782,1125
28-Jun-2024 17:07:49.083,-40.012501,2.83125,-7.275,782,1125
28-Jun-2024 17:07:49.183,-39.918751,2.7,-7.33125,782,1125
28-Jun-2024 17:07:49.283,-40.012501,2.64375,-7.33125,782,1125
28-Jun-2024 17:07:49.383,-40.068752,2.625,-7.29375,782,1125
28-Jun-2024 17:07:49.483,-39.918751,2.68125,-7.10625,782,1125
28-Jun-2024 17:07:49.583,-39.806252,2.64375,-7.18125,782,1125
28-Jun-2024 17:07:49.683,-39.768753,2.625,-7.10625,782,1125
28-Jun-2024 17:07:49.783,-39.768753,2.775,-7.10625,782,1125
28-Jun-2024 17:07:49.883,-39.693752,2.925,-7.0125,782,1125
28-Jun-2024 17:07:49.983,-39.675003,3.09375,-6.9,782,1125
28-Jun-2024 17:07:50.083,-39.5625,3.075,-6.84375,782,1125
28-Jun-2024 17:07:50.183,-39.581253,3.09375,-6.825,782,1125
28-Jun-2024 17:07:50.283,-39.75,3.0375,-6.84375,782,1125
28-Jun-2024 17:07:50.383,-39.806252,3.15,-6.7875,782,1125
28-Jun-2024 17:07:50.483,-39.825001,3.13125,-6.80625,782,1125
28-Jun-2024 17:07:50.583,-39.862503,3.05625,-6.825,782,1125
28-Jun-2024 17:07:50.683,-39.900002,2.925,-6.9375,782,1125
28-Jun-2024 17:07:50.783,-39.956253,3.05625,-6.9375,782,1125
28-Jun-2024 17:07:50.883,-40.012501,3.13125,-7.03125,782,1125
28-Jun-2024 17:07:50.982,-39.862503,3.13125,-7.10625,782,1125
28-Jun-2024 17:07:51.083,-39.825001,3.16875,-7.275,782,1125
28-Jun-2024 17:07:51.183,-39.693752,3.15,-7.3125,782,1125
28-Jun-2024 17:07:51.283,-39.675003,3.24375,-7.2375,782,1125
28-Jun-2024 17:07:51.383,-39.712502,3.35625,-7.3125,782,1125
28-Jun-2024 17:07:51.483,-39.731251,3.39375,-7.2375,782,1125
28-Jun-2024 17:07:51.583,-39.712502,3.31875,-7.3125,782,1125
28-Jun-2024 17:07:51.683,-39.693752,3.3,-7.35,782,1125
28-Jun-2024 17:07:51.783,-39.731251,3.28125,-7.33125,782,1125
28-Jun-2024 17:07:51.883,-39.693752,3.20625,-7.21875,782,1125
28-Jun-2024 17:07:51.983,-39.693752,3.16875,-7.2,782,1125
28-Jun-2024 17:07:52.083,-39.712502,3.075,-7.35,782,1125
28-Jun-2024 17:07:52.183,-39.712502,3,-7.29375,782,1125
28-Jun-2024 17:07:52.283,-39.65625,2.925,-7.3125,782,1125
28-Jun-2024 17:07:52.383,-39.75,2.86875,-7.35,782,1125
28-Jun-2024 17:07:52.483,-39.731251,2.925,-7.35,782,1125
28-Jun-2024 17:07:52.583,-39.84375,2.90625,-7.40625,782,1125
28-Jun-2024 17:07:52.683,-39.862503,2.90625,-7.35,782,1125
28-Jun-2024 17:07:52.783,-39.975002,3,-7.33125,782,1125
28-Jun-2024 17:07:52.883,-40.087502,2.98125,-7.29375,782,1125
28-Jun-2024 17:07:52.983,-40.012501,3.13125,-7.33125,782,1125
28-Jun-2024 17:07:53.083,-39.993752,3.20625,-7.3125,782,1125
28-Jun-2024 17:07:53.183,-39.881252,3.31875,-7.25625,782,1125
28-Jun-2024 17:07:53.283,-39.900002,3.28125,-7.25625,782,1125
28-Jun-2024 17:07:53.383,-39.787502,3.3375,-7.14375,782,1125
28-Jun-2024 17:07:53.483,-39.693752,3.43125,-7.25625,782,1125
28-Jun-2024 17:07:53.583,-39.731251,3.46875,-7.21875,782,1125
28-Jun-2024 17:07:53.683,-39.618752,3.525,-7.1625,782,1125
28-Jun-2024 17:07:53.783,-39.693752,3.45,-7.2375,782,1125
28-Jun-2024 17:07:53.883,-39.787502,3.375,-7.3125,782,1125
28-Jun-2024 17:07:53.983,-39.787502,3.24375,-7.21875,782,1125
28-Jun-2024 17:07:54.083,-39.825001,3.20625,-7.25625,782,1125
28-Jun-2024 17:07:54.183,-39.84375,3.16875,-7.3875,782,1125
28-Jun-2024 17:07:54.283,-39.84375,3.075,-7.33125,782,1125
28-Jun-2024 17:08:12.283,46.181252,8.118751,-14.2875,722,1277
28-Jun-2024 17:08:12.383,46.237503,8.19375,-14.418751,722,1277
28-Jun-2024 17:08:12.483,46.293751,8.25,-14.531251,722,1277
28-Jun-2024 17:08:12.583,46.237503,8.25,-14.64375,722,1277
28-Jun-2024 17:08:12.683,46.162502,8.306251,-14.83125,722,1277
28-Jun-2024 17:08:12.783,46.143753,8.38125,-14.83125,722,1277
28-Jun-2024 17:08:12.883,46.106251,8.231251,-15.056251,722,1277
28-Jun-2024 17:08:12.983,46.162502,8.175,-15.0375,722,1277
28-Jun-2024 17:08:13.083,46.256252,8.26875,-15.056251,722,1277
28-Jun-2024 17:08:13.183,46.21875,8.34375,-14.887501,722,1277
28-Jun-2024 17:08:13.283,46.293751,8.418751,-14.85,722,1277
28-Jun-2024 17:08:13.383,46.21875,8.493751,-14.718751,722,1277
28-Jun-2024 17:08:13.483,46.21875,8.475,-14.64375,722,1277
28-Jun-2024 17:08:13.583,46.275002,8.493751,-14.700001,722,1277
28-Jun-2024 17:08:13.683,46.256252,8.625,-14.475,722,1277
28-Jun-2024 17:08:13.783,46.106251,8.8125,-14.45625,722,1277
28-Jun-2024 17:08:13.883,46.068752,8.887501,-14.475,722,1277
28-Jun-2024 17:08:13.983,45.993752,8.887501,-14.55,722,1277
28-Jun-2024 17:08:14.083,45.956253,8.85,-14.531251,722,1277
28-Jun-2024 17:08:14.183,46.087502,8.868751,-14.625001,722,1277
28-Jun-2024 17:08:14.283,46.050003,8.962501,-14.55,722,1277
28-Jun-2024 17:08:14.383,45.9375,8.94375,-14.531251,722,1277
28-Jun-2024 17:08:14.483,45.956253,8.962501,-14.512501,722,1277
28-Jun-2024 17:08:14.583,46.087502,8.925,-14.437501,722,1277
28-Jun-2024 17:08:14.683,46.143753,8.925,-14.400001,722,1277
28-Jun-2024 17:08:14.783,46.200001,9.0375,-14.3625,722,1277
28-Jun-2024 17:08:14.883,46.21875,9.1125,-14.38125,722,1277
28-Jun-2024 17:08:14.983,46.106251,9.168751,-14.343751,722,1277
28-Jun-2024 17:08:15.083,46.143753,9.1875,-14.306251,722,1277
28-Jun-2024 17:08:15.183,46.03125,9.225,-14.343751,722,1277
28-Jun-2024 17:08:15.283,46.012501,9.168751,-14.343751,722,1277
28-Jun-2024 17:08:15.383,46.03125,9.225,-14.512501,722,1277
28-Jun-2024 17:08:15.483,45.956253,9.262501,-14.587501,722,1277
28-Jun-2024 17:08:15.583,45.918751,9.356251,-14.6625,722,1277
28-Jun-2024 17:08:15.683,45.993752,9.39375,-14.700001,722,1277
28-Jun-2024 17:08:15.783,45.993752,9.431251,-14.75625,722,1277
28-Jun-2024 17:08:15.883,45.918751,9.39375,-14.85,722,1277
28-Jun-2024 17:08:15.983,46.106251,9.356251,-14.793751,722,1277
28-Jun-2024 17:08:16.083,46.181252,9.450001,-14.718751,722,1277
28-Jun-2024 17:08:16.183,46.237503,9.46875,-14.400001,722,1277
28-Jun-2024 17:08:16.283,46.40625,9.525001,-14.156251,722,1277
28-Jun-2024 17:08:16.383,46.40625,9.4125,-14.1,722,1277
28-Jun-2024 17:08:16.483,46.237503,9.375,-13.968751,722,1277
28-Jun-2024 17:08:16.583,46.256252,9.375,-13.81875,722,1277
28-Jun-2024 17:08:16.683,46.275002,9.4125,-13.762501,722,1277
28-Jun-2024 17:08:16.783,46.293751,9.431251,-13.70625,722,1277
28-Jun-2024 17:08:16.883,46.125,9.4125,-13.687501,722,1277
28-Jun-2024 17:08:16.983,45.956253,9.39375,-13.8,722,1277
28-Jun-2024 17:08:17.083,45.768753,9.337501,-13.8,722,1277
28-Jun-2024 17:08:17.183,45.862503,9.431251,-13.743751,722,1277
28-Jun-2024 17:08:17.283,45.918751,9.450001,-13.743751,722,1277
28-Jun-2024 17:08:17.383,45.862503,9.46875,-13.70625,722,1277
28-Jun-2024 17:08:17.483,45.918751,9.46875,-13.725,722,1277
28-Jun-2024 17:08:17.583,45.806252,9.50625,-13.743751,722,1277
28-Jun-2024 17:08:17.683,45.900002,9.50625,-13.81875,722,1277
28-Jun-2024 17:08:17.783,45.993752,9.50625,-13.837501,722,1277
28-Jun-2024 17:08:17.883,46.125,9.618751,-13.9125,722,1277
28-Jun-2024 17:08:17.983,46.068752,9.6,-13.9875,722,1277
28-Jun-2024 17:08:18.083,46.125,9.525001,-14.00625,722,1277
28-Jun-2024 17:08:18.183,46.181252,9.525001,-14.1,722,1277
28-Jun-2024 17:08:18.283,46.162502,9.58125,-14.1,722,1277
28-Jun-2024 17:08:18.383,46.200001,9.6,-14.118751,722,1277
28-Jun-2024 17:08:18.483,46.200001,9.6,-14.118751,722,1277
28-Jun-2024 17:08:18.583,46.200001,9.618751,-14.156251,722,1277
28-Jun-2024 17:08:18.683,46.087502,9.50625,-14.1,722,1277
28-Jun-2024 17:08:18.783,46.106251,9.450001,-14.118751,722,1277
28-Jun-2024 17:08:18.883,46.143753,9.50625,-14.118751,722,1277
28-Jun-2024 17:08:18.983,46.143753,9.431251,-14.025001,722,1277
28-Jun-2024 17:08:19.083,46.162502,9.262501,-13.950001,722,1277
28-Jun-2024 17:08:19.183,46.200001,9.225,-13.9875,722,1277
28-Jun-2024 17:08:19.283,46.256252,9.262501,-14.062501,722,1277
28-Jun-2024 17:08:19.383,46.21875,9.262501,-14.062501,722,1277
28-Jun-2024 17:08:19.483,46.3125,9.28125,-14.19375,722,1277
28-Jun-2024 17:08:19.583,46.331253,9.375,-14.231251,722,1277
28-Jun-2024 17:08:19.683,46.350002,9.3,-14.212501,722,1277
28-Jun-2024 17:08:19.783,46.368752,9.337501,-14.250001,722,1277
28-Jun-2024 17:08:19.883,46.368752,9.525001,-14.26875,722,1277
28-Jun-2024 17:08:19.983,46.425003,9.5625,-14.19375,722,1277
28-Jun-2024 17:08:20.083,46.275002,9.543751,-14.19375,722,1277
28-Jun-2024 17:08:20.183,46.293751,9.46875,-14.175,722,1277
28-Jun-2024 17:08:20.283,46.237503,9.39375,-14.043751,722,1277
28-Jun-2024 17:08:20.383,46.181252,9.262501,-13.950001,722,1277
28-Jun-2024 17:08:20.483,46.106251,9.1125,-13.89375,722,1277
28-Jun-2024 17:08:20.583,46.087502,9,-13.9875,722,1277
28-Jun-2024 17:08:20.683,46.012501,8.85,-14.043751,722,1277
28-Jun-2024 17:08:20.783,45.9375,8.700001,-14.137501,722,1277
28-Jun-2024 17:08:20.883,45.993752,8.475,-14.062501,722,1277
28-Jun-2024 17:08:20.983,45.900002,8.45625,-14.062501,722,1277
28-Jun-2024 17:08:21.083,45.900002,8.325001,-14.175,722,1277
28-Jun-2024 17:08:21.183,45.956253,8.212501,-14.306251,722,1277
28-Jun-2024 17:08:21.283,45.918751,8.212501,-14.400001,722,1277
28-Jun-2024 17:08:21.383,45.956253,8.175,-14.3625,722,1277
28-Jun-2024 17:08:21.483,46.03125,8.137501,-14.343751,722,1277
28-Jun-2024 17:08:21.583,46.087502,8.212501,-14.2875,722,1277
28-Jun-2024 17:08:21.683,46.106251,8.325001,-14.250001,722,1277
28-Jun-2024 17:08:21.783,46.21875,8.2875,-14.2875,722,1277
28-Jun-2024 17:08:21.883,46.237503,8.3625,-14.250001,722,1277
28-Jun-2024 17:08:21.983,46.21875,8.493751,-14.156251,722,1277
28-Jun-2024 17:08:22.083,46.3125,8.587501,-14.212501,722,1277
28-Jun-2024 17:08:22.183,46.293751,8.681251,-14.306251,722,1277
28-Jun-2024 17:08:33.582,10.106251,-48.843754,-14.343751,729,1376
28-Jun-2024 17:08:33.682,10.200001,-48.862503,-14.400001,729,1376
28-Jun-2024 17:08:33.782,10.40625,-48.656254,-14.437501,729,1376
28-Jun-2024 17:08:33.882,10.40625,-48.637501,-14.437501,729,1376
28-Jun-2024 17:08:33.982,10.5375,-48.506252,-14.681251,729,1376
28-Jun-2024 17:08:34.082,10.5375,-48.525002,-14.793751,729,1376
28-Jun-2024 17:08:34.182,10.650001,-48.487503,-14.775001,729,1376
28-Jun-2024 17:08:34.282,10.725,-48.525002,-14.925,729,1376
28-Jun-2024 17:08:34.382,10.762501,-48.375004,-15.13125,729,1376
28-Jun-2024 17:08:34.482,10.89375,-48.356251,-15.262501,729,1376
28-Jun-2024 17:08:34.582,10.9875,-48.412502,-15.431251,729,1376
28-Jun-2024 17:08:34.682,10.950001,-48.393753,-15.618751,729,1376
28-Jun-2024 17:08:34.782,10.875,-48.412502,-15.543751,729,1376
28-Jun-2024 17:08:34.882,10.837501,-48.375004,-15.618751,729,1376
28-Jun-2024 17:08:34.982,10.8,-48.412502,-15.618751,729,1376
28-Jun-2024 17:08:35.082,10.725,-48.468754,-15.618751,729,1376
28-Jun-2024 17:08:35.182,10.856251,-48.562504,-15.4875,729,1376
28-Jun-2024 17:08:35.282,10.78125,-48.525002,-15.375001,729,1376
28-Jun-2024 17:08:35.382,10.70625,-48.487503,-15.225,729,1376
28-Jun-2024 17:08:35.482,10.875,-48.431252,-15.168751,729,1376
28-Jun-2024 17:08:35.582,10.856251,-48.506252,-15.243751,729,1376
28-Jun-2024 17:08:35.682,10.89375,-48.506252,-15.13125,729,1376
28-Jun-2024 17:08:35.782,10.81875,-48.543751,-15.1125,729,1376
28-Jun-2024 17:08:35.882,10.856251,-48.337502,-15.1125,729,1376
28-Jun-2024 17:08:35.982,10.762501,-48.337502,-15.075001,729,1376
28-Jun-2024 17:08:36.082,10.856251,-48.431252,-15.056251,729,1376
28-Jun-2024 17:08:36.182,10.89375,-48.543751,-15.056251,729,1376
28-Jun-2024 17:08:36.282,10.81875,-48.543751,-14.906251,729,1376
28-Jun-2024 17:08:36.382,10.8,-48.618752,-14.775001,729,1376
28-Jun-2024 17:08:36.482,10.70625,-48.693752,-14.681251,729,1376
28-Jun-2024 17:08:36.582,10.81875,-48.693752,-14.681251,729,1376
28-Jun-2024 17:08:36.682,10.8,-48.750004,-14.6625,729,1376
28-Jun-2024 17:08:36.782,10.856251,-48.843754,-14.6625,729,1376
28-Jun-2024 17:08:36.882,10.81875,-48.843754,-14.56875,729,1376
28-Jun-2024 17:08:36.982,10.81875,-48.806252,-14.512501,729,1376
28-Jun-2024 17:08:37.082,10.856251,-48.787502,-14.45625,729,1376
28-Jun-2024 17:08:37.182,10.950001,-48.693752,-14.45625,729,1376
28-Jun-2024 17:08:37.282,11.00625,-48.712502,-14.493751,729,1376
28-Jun-2024 17:08:37.382,10.950001,-48.712502,-14.437501,729,1376
28-Jun-2024 17:08:37.482,10.950001,-48.731251,-14.400001,729,1376
28-Jun-2024 17:08:37.582,10.837501,-48.656254,-14.45625,729,1376
28-Jun-2024 17:08:37.682,10.931251,-48.675003,-14.56875,729,1376
28-Jun-2024 17:08:37.782,10.931251,-48.731251,-14.64375,729,1376
28-Jun-2024 17:08:37.882,11.025001,-48.787502,-14.75625,729,1376
28-Jun-2024 17:08:37.982,10.950001,-48.787502,-14.812501,729,1376
28-Jun-2024 17:08:38.082,11.00625,-48.693752,-14.906251,729,1376
28-Jun-2024 17:08:38.182,11.043751,-48.750004,-14.925,729,1376
28-Jun-2024 17:08:38.282,11.1,-48.787502,-14.962501,729,1376
28-Jun-2024 17:08:38.382,11.212501,-48.750004,-15.01875,729,1376
28-Jun-2024 17:08:38.482,11.137501,-48.712502,-14.962501,729,1376
28-Jun-2024 17:08:38.582,11.08125,-48.656254,-15.000001,729,1376
28-Jun-2024 17:08:38.682,10.9875,-48.581253,-14.962501,729,1376
28-Jun-2024 17:08:38.782,11.025001,-48.581253,-14.962501,729,1376
28-Jun-2024 17:08:38.882,11.08125,-48.618752,-15.000001,729,1376
28-Jun-2024 17:08:38.982,11.118751,-48.581253,-15.0375,729,1376
28-Jun-2024 17:08:39.082,11.137501,-48.562504,-15.01875,729,1376
28-Jun-2024 17:08:39.182,11.0625,-48.562504,-14.981251,729,1376
28-Jun-2024 17:08:39.282,11.0625,-48.656254,-14.94375,729,1376
28-Jun-2024 17:08:39.382,11.137501,-48.618752,-14.906251,729,1376
28-Jun-2024 17:08:39.482,11.118751,-48.656254,-14.94375,729,1376
28-Jun-2024 17:08:39.582,11.08125,-48.656254,-14.981251,729,1376
28-Jun-2024 17:08:39.682,10.931251,-48.731251,-14.981251,729,1376
28-Jun-2024 17:08:39.782,10.875,-48.768753,-14.94375,729,1376
28-Jun-2024 17:08:39.882,10.81875,-48.806252,-15.0375,729,1376
28-Jun-2024 17:08:39.982,10.743751,-48.806252,-15.056251,729,1376
28-Jun-2024 17:08:40.082,10.762501,-48.768753,-15.0375,729,1376
28-Jun-2024 17:08:40.182,10.668751,-48.806252,-14.962501,729,1376
28-Jun-2024 17:08:40.282,10.743751,-48.843754,-14.962501,729,1376
28-Jun-2024 17:08:40.382,10.6875,-48.862503,-14.812501,729,1376
28-Jun-2024 17:08:40.482,10.78125,-48.900002,-14.64375,729,1376
28-Jun-2024 17:08:40.582,10.81875,-48.881252,-14.718751,729,1376
28-Jun-2024 17:08:40.682,10.762501,-48.937504,-14.6625,729,1376
28-Jun-2024 17:08:40.782,10.875,-48.900002,-14.55,729,1376
28-Jun-2024 17:08:40.882,10.9875,-48.862503,-14.64375,729,1376
28-Jun-2024 17:08:40.982,11.00625,-48.900002,-14.7375,729,1376
28-Jun-2024 17:08:41.082,11.00625,-48.825001,-14.681251,729,1376
28-Jun-2024 17:08:41.182,11.175,-48.750004,-14.812501,729,1376
28-Jun-2024 17:08:41.282,11.118751,-48.618752,-14.981251,729,1376
28-Jun-2024 17:08:41.382,10.9875,-48.637501,-14.887501,729,1376
28-Jun-2024 17:08:41.482,11.0625,-48.581253,-14.75625,729,1376
28-Jun-2024 17:08:41.582,11.08125,-48.637501,-14.812501,729,1376
28-Jun-2024 17:08:41.682,10.9875,-48.618752,-14.700001,729,1376
28-Jun-2024 17:08:41.782,11.08125,-48.693752,-14.681251,729,1376
28-Jun-2024 17:08:41.882,11.0625,-48.712502,-14.6625,729,1376
28-Jun-2024 17:08:41.982,11.043751,-48.862503,-14.606251,729,1376
28-Jun-2024 17:08:42.082,11.1,-48.862503,-14.493751,729,1376
28-Jun-2024 17:08:42.182,11.19375,-48.881252,-14.493751,729,1376
28-Jun-2024 17:08:42.282,11.118751,-48.881252,-14.531251,729,1376
28-Jun-2024 17:08:42.382,11.043751,-48.787502,-14.55,729,1376
28-Jun-2024 17:08:42.482,11.118751,-48.712502,-14.587501,729,1376
28-Jun-2024 17:08:42.582,11.0625,-48.581253,-14.475,729,1376
28-Jun-2024 17:08:42.682,10.9875,-48.637501,-14.45625,729,1376
28-Jun-2024 17:08:42.782,10.9125,-48.543751,-14.400001,729,1376
28-Jun-2024 17:08:42.882,10.9125,-48.525002,-14.437501,729,1376
28-Jun-2024 17:08:42.982,10.950001,-48.450001,-14.493751,729,1376
28-Jun-2024 17:08:43.082,11.043751,-48.543751,-14.6625,729,1376
28-Jun-2024 17:08:43.182,11.025001,-48.600002,-14.718751,729,1376
28-Jun-2024 17:08:43.282,10.931251,-48.825001,-14.6625,729,1376
28-Jun-2024 17:08:43.382,10.9125,-48.881252,-14.7375,729,1376
28-Jun-2024 17:08:43.482,10.950001,-48.806252,-14.775001,729,1376
28-Jun-2024 17:09:09.882,52.706253,7.44375,-25.893751,1322,376
28-Jun-2024 17:09:09.982,52.818752,7.35,-25.875002,1322,376
28-Jun-2024 17:09:10.082,52.818752,7.275,-25.762501,1322,376
28-Jun-2024 17:09:10.182,52.762501,7.25625,-25.781252,1322,376
28-Jun-2024 17:09:10.282,52.912502,7.2375,-25.81875,1322,376
28-Jun-2024 17:09:10.382,52.931252,7.29375,-25.856251,1322,376
28-Jun-2024 17:09:10.482,52.856251,7.40625,-25.893751,1322,376
28-Jun-2024 17:09:10.582,52.893753,7.40625,-25.856251,1322,376
28-Jun-2024 17:09:10.682,52.875004,7.55625,-25.9125,1322,376
28-Jun-2024 17:09:10.782,52.912502,7.74375,-26.00625,1322,376
28-Jun-2024 17:09:10.882,52.875004,7.9125,-26.1,1322,376
28-Jun-2024 17:09:10.982,52.875004,7.96875,-26.1,1322,376
28-Jun-2024 17:09:11.082,52.762501,8.0625,-26.156252,1322,376
28-Jun-2024 17:09:11.182,52.743752,8.08125,-26.1,1322,376
28-Jun-2024 17:09:11.282,52.725002,8.118751,-26.118752,1322,376
28-Jun-2024 17:09:11.382,52.706253,8.1,-26.081251,1322,376
28-Jun-2024 17:09:11.482,52.593754,8.118751,-26.025002,1322,376
28-Jun-2024 17:09:11.582,52.443752,8.08125,-26.081251,1322,376
28-Jun-2024 17:09:11.682,52.518753,8.08125,-26.118752,1322,376
28-Jun-2024 17:09:11.782,52.556252,8.025001,-26.081251,1322,376
28-Jun-2024 17:09:11.882,52.537502,7.89375,-26.00625,1322,376
28-Jun-2024 17:09:11.982,52.612503,7.85625,-26.025002,1322,376
28-Jun-2024 17:09:12.082,52.687504,7.78125,-25.950001,1322,376
28-Jun-2024 17:09:12.182,52.668751,7.7625,-26.081251,1322,376
28-Jun-2024 17:09:12.282,52.706253,7.74375,-26.00625,1322,376
28-Jun-2024 17:09:12.382,52.706253,7.63125,-25.931252,1322,376
28-Jun-2024 17:09:12.482,52.631252,7.59375,-25.781252,1322,376
28-Jun-2024 17:09:12.582,52.668751,7.6125,-25.893751,1322,376
28-Jun-2024 17:09:12.682,52.650002,7.70625,-25.950001,1322,376
28-Jun-2024 17:09:12.782,52.593754,7.70625,-25.987501,1322,376
28-Jun-2024 17:09:12.882,52.612503,7.7625,-25.968752,1322,376
28-Jun-2024 17:09:12.982,52.631252,7.85625,-25.81875,1322,376
28-Jun-2024 17:09:13.082,52.631252,7.96875,-25.931252,1322,376
28-Jun-2024 17:09:13.182,52.687504,8.043751,-25.950001,1322,376
28-Jun-2024 17:09:13.282,52.762501,7.95,-25.893751,1322,376
28-Jun-2024 17:09:13.382,52.631252,7.89375,-25.781252,1322,376
28-Jun-2024 17:09:13.482,52.762501,7.93125,-25.687502,1322,376
28-Jun-2024 17:09:13.582,52.837502,8.043751,-25.500002,1322,376
28-Jun-2024 17:09:13.682,52.837502,8.0625,-25.518751,1322,376
28-Jun-2024 17:09:13.782,52.762501,8.1,-25.593752,1322,376
28-Jun-2024 17:09:13.882,52.800003,7.9875,-25.5375,1322,376
28-Jun-2024 17:09:13.982,52.781254,8.00625,-25.500002,1322,376
28-Jun-2024 17:09:14.082,52.762501,8.118751,-25.63125,1322,376
28-Jun-2024 17:09:14.182,52.818752,8.19375,-25.706251,1322,376
28-Jun-2024 17:09:14.282,52.687504,8.08125,-25.743752,1322,376
28-Jun-2024 17:09:14.382,52.687504,7.9875,-25.875002,1322,376
28-Jun-2024 17:09:14.482,52.612503,7.96875,-25.875002,1322,376
28-Jun-2024 17:09:14.582,52.593754,7.9125,-25.856251,1322,376
28-Jun-2024 17:09:14.682,52.481251,7.8375,-25.856251,1322,376
28-Jun-2024 17:09:14.782,52.650002,7.8375,-25.781252,1322,376
28-Jun-2024 17:09:14.882,52.687504,7.8,-25.706251,1322,376
28-Jun-2024 17:09:14.982,52.687504,7.81875,-25.63125,1322,376
28-Jun-2024 17:09:15.082,52.818752,8.025001,-25.650002,1322,376
28-Jun-2024 17:09:15.182,52.725002,8.137501,-25.668751,1322,376
28-Jun-2024 17:09:15.282,52.725002,8.19375,-25.668751,1322,376
28-Jun-2024 17:09:15.382,52.818752,8.25,-25.687502,1322,376
28-Jun-2024 17:09:15.482,52.912502,8.3625,-25.856251,1322,376
28-Jun-2024 17:09:15.582,52.743752,8.4375,-25.987501,1322,376
28-Jun-2024 17:09:15.682,52.818752,8.4375,-26.043751,1322,376
28-Jun-2024 17:09:15.782,52.800003,8.45625,-26.118752,1322,376
28-Jun-2024 17:09:15.882,52.725002,8.26875,-26.19375,1322,376
28-Jun-2024 17:09:15.982,52.725002,8.137501,-26.19375,1322,376
28-Jun-2024 17:09:16.082,52.781254,8.1,-26.175001,1322,376
28-Jun-2024 17:09:16.182,52.856251,8.137501,-26.137501,1322,376
28-Jun-2024 17:09:16.282,52.800003,8.212501,-26.081251,1322,376
28-Jun-2024 17:09:16.382,52.781254,8.19375,-26.081251,1322,376
28-Jun-2024 17:09:16.482,52.687504,8.2875,-26.062502,1322,376
28-Jun-2024 17:09:16.582,52.687504,8.325001,-26.00625,1322,376
28-Jun-2024 17:09:16.682,52.650002,8.400001,-25.931252,1322,376
28-Jun-2024 17:09:16.782,52.631252,8.587501,-25.950001,1322,376
28-Jun-2024 17:09:16.882,52.593754,8.64375,-25.950001,1322,376
28-Jun-2024 17:09:16.982,52.518753,8.625,-25.987501,1322,376
28-Jun-2024 17:09:17.082,52.481251,8.606251,-25.950001,1322,376
28-Jun-2024 17:09:17.182,52.518753,8.64375,-25.81875,1322,376
28-Jun-2024 17:09:17.282,52.443752,8.606251,-25.762501,1322,376
28-Jun-2024 17:09:17.382,52.500004,8.56875,-25.668751,1322,376
28-Jun-2024 17:09:17.482,52.575001,8.700001,-25.593752,1322,376
28-Jun-2024 17:09:17.582,52.612503,8.587501,-25.462502,1322,376
28-Jun-2024 17:09:17.682,52.706253,8.587501,-25.387501,1322,376
28-Jun-2024 17:09:17.782,52.743752,8.700001,-25.368752,1322,376
28-Jun-2024 17:09:17.882,52.818752,8.7375,-25.387501,1322,376
28-Jun-2024 17:09:17.982,52.875004,8.71875,-25.425001,1322,376
28-Jun-2024 17:09:18.082,52.893753,8.75625,-25.500002,1322,376
28-Jun-2024 17:09:18.182,52.837502,8.793751,-25.687502,1322,376
28-Jun-2024 17:09:18.282,52.856251,8.75625,-25.800001,1322,376
28-Jun-2024 17:09:18.382,52.856251,8.8125,-25.762501,1322,376
28-Jun-2024 17:09:18.482,52.856251,8.8125,-25.81875,1322,376
28-Jun-2024 17:09:18.582,52.931252,8.625,-25.781252,1322,376
28-Jun-2024 17:09:18.682,52.950001,8.512501,-25.575001,1322,376
28-Jun-2024 17:09:18.782,52.931252,8.64375,-25.575001,1322,376
28-Jun-2024 17:09:18.882,53.006252,8.625,-25.44375,1322,376
28-Jun-2024 17:09:18.982,53.043751,8.64375,-25.35,1322,376
28-Jun-2024 17:09:19.082,53.062504,8.681251,-25.200001,1322,376
28-Jun-2024 17:09:19.182,53.062504,8.606251,-25.275002,1322,376
28-Jun-2024 17:09:19.282,52.893753,8.681251,-25.312502,1322,376
28-Jun-2024 17:09:19.382,52.912502,8.7375,-25.218752,1322,376
28-Jun-2024 17:09:19.482,52.800003,8.8125,-25.331251,1322,376
28-Jun-2024 17:09:19.582,52.856251,8.75625,-25.35,1322,376
28-Jun-2024 17:09:19.682,52.800003,8.868751,-25.44375,1322,376
28-Jun-2024 17:09:19.782,52.725002,8.83125,-25.406252,1322,376
28-Jun-2024 17:09:34.581,12.525001,49.518753,-17.362501,1322,1595
28-Jun-2024 17:09:34.681,12.656251,49.575001,-17.325001,1322,1595
28-Jun-2024 17:09:34.781,12.843751,49.593754,-17.137501,1322,1595
28-Jun-2024 17:09:34.881,12.937501,49.462502,-17.025002,1322,1595
28-Jun-2024 17:09:34.981,12.937501,49.500004,-17.043751,1322,1595
28-Jun-2024 17:09:35.081,12.937501,49.481251,-17.043751,1322,1595
28-Jun-2024 17:09:35.181,12.900001,49.537502,-16.931252,1322,1595
28-Jun-2024 17:09:35.281,12.88125,49.500004,-16.987501,1322,1595
28-Jun-2024 17:09:35.381,12.900001,49.556252,-16.987501,1322,1595
28-Jun-2024 17:09:35.481,12.975,49.518753,-16.9125,1322,1595
28-Jun-2024 17:09:35.581,12.843751,49.462502,-16.96875,1322,1595
28-Jun-2024 17:09:35.681,12.825001,49.593754,-16.987501,1322,1595
28-Jun-2024 17:09:35.781,12.95625,49.687504,-16.9125,1322,1595
28-Jun-2024 17:09:35.881,13.06875,49.612503,-16.9125,1322,1595
28-Jun-2024 17:09:35.981,13.012501,49.631252,-16.96875,1322,1595
28-Jun-2024 17:09:36.081,12.975,49.593754,-16.931252,1322,1595
28-Jun-2024 17:09:36.181,12.806251,49.481251,-16.9125,1322,1595
28-Jun-2024 17:09:36.281,12.750001,49.443752,-16.837502,1322,1595
28-Jun-2024 17:09:36.380,12.750001,49.387501,-16.725,1322,1595
28-Jun-2024 17:09:36.481,12.7875,49.406254,-16.59375,1322,1595
28-Jun-2024 17:09:36.581,12.712501,49.293751,-16.668751,1322,1595
28-Jun-2024 17:09:36.681,12.675,49.368752,-16.5375,1322,1595
28-Jun-2024 17:09:36.781,12.637501,49.368752,-16.462502,1322,1595
28-Jun-2024 17:09:36.881,12.675,49.406254,-16.462502,1322,1595
28-Jun-2024 17:09:36.981,12.825001,49.500004,-16.387501,1322,1595
28-Jun-2024 17:09:37.081,12.76875,49.500004,-16.331251,1322,1595
28-Jun-2024 17:09:37.181,12.8625,49.668751,-16.462502,1322,1595
28-Jun-2024 17:09:37.281,12.825001,49.650002,-16.556252,1322,1595
28-Jun-2024 17:09:37.381,12.900001,49.706253,-16.481251,1322,1595
28-Jun-2024 17:09:37.481,12.918751,49.725002,-16.44375,1322,1595
28-Jun-2024 17:09:37.581,13.012501,49.706253,-16.44375,1322,1595
28-Jun-2024 17:09:37.681,13.031251,49.687504,-16.425001,1322,1595
28-Jun-2024 17:09:37.781,13.14375,49.650002,-16.293751,1322,1595
28-Jun-2024 17:09:37.881,13.2375,49.668751,-16.35,1322,1595
28-Jun-2024 17:09:37.981,13.368751,49.556252,-16.25625,1322,1595
28-Jun-2024 17:09:38.081,13.462501,49.612503,-16.1625,1322,1595
28-Jun-2024 17:09:38.181,13.425,49.575001,-16.181252,1322,1595
28-Jun-2024 17:09:38.281,13.44375,49.556252,-16.200001,1322,1595
28-Jun-2024 17:09:38.381,13.44375,49.612503,-16.200001,1322,1595
28-Jun-2024 17:09:38.481,13.556251,49.462502,-16.143751,1322,1595
28-Jun-2024 17:09:38.581,13.51875,49.443752,-16.1625,1322,1595
28-Jun-2024 17:09:38.681,13.5375,49.425003,-16.181252,1322,1595
28-Jun-2024 17:09:38.781,13.33125,49.425003,-16.143751,1322,1595
28-Jun-2024 17:09:38.881,13.293751,49.312504,-16.125,1322,1595
28-Jun-2024 17:09:38.981,13.293751,49.331253,-16.06875,1322,1595
28-Jun-2024 17:09:39.081,13.35,49.275002,-16.06875,1322,1595
28-Jun-2024 17:09:39.181,13.2375,49.256252,-16.03125,1322,1595
28-Jun-2024 17:09:39.281,13.14375,49.406254,-16.050001,1322,1595
28-Jun-2024 17:09:39.381,13.14375,49.537502,-16.087502,1322,1595
28-Jun-2024 17:09:39.481,13.14375,49.575001,-16.050001,1322,1595
28-Jun-2024 17:09:39.581,13.218751,49.537502,-16.106251,1322,1595
28-Jun-2024 17:09:39.681,13.2375,49.668751,-16.06875,1322,1595
28-Jun-2024 17:09:39.781,13.200001,49.650002,-16.03125,1322,1595
28-Jun-2024 17:09:39.881,13.125001,49.687504,-16.106251,1322,1595
28-Jun-2024 17:09:39.981,13.275001,49.668751,-16.03125,1322,1595
28-Jun-2024 17:09:40.080,13.368751,49.781254,-16.012501,1322,1595
28-Jun-2024 17:09:40.181,13.312501,49.800003,-16.012501,1322,1595
28-Jun-2024 17:09:40.281,13.35,49.893753,-16.012501,1322,1595
28-Jun-2024 17:09:40.381,13.33125,50.062504,-15.8625,1322,1595
28-Jun-2024 17:09:40.481,13.293751,50.006252,-15.900001,1322,1595
28-Jun-2024 17:09:40.581,13.275001,50.118752,-15.8625,1322,1595
28-Jun-2024 17:09:40.681,13.406251,50.175003,-15.712501,1322,1595
28-Jun-2024 17:09:40.781,13.35,50.250004,-15.731251,1322,1595
28-Jun-2024 17:09:40.881,13.33125,50.118752,-15.675,1322,1595
28-Jun-2024 17:09:40.981,13.312501,50.062504,-15.637501,1322,1595
28-Jun-2024 17:09:41.081,13.33125,49.968754,-15.656251,1322,1595
28-Jun-2024 17:09:41.181,13.368751,49.856251,-15.750001,1322,1595
28-Jun-2024 17:09:41.281,13.368751,49.743752,-15.731251,1322,1595
28-Jun-2024 17:09:41.381,13.481251,49.743752,-15.825001,1322,1595
28-Jun-2024 17:09:41.481,13.293751,49.668751,-15.900001,1322,1595
28-Jun-2024 17:09:41.581,13.25625,49.631252,-15.843751,1322,1595
28-Jun-2024 17:09:41.681,13.181251,49.668751,-15.76875,1322,1595
28-Jun-2024 17:09:41.781,13.1625,49.706253,-15.675,1322,1595
28-Jun-2024 17:09:41.881,13.05,49.781254,-15.58125,1322,1595
28-Jun-2024 17:09:41.981,12.8625,49.706253,-15.637501,1322,1595
28-Jun-2024 17:09:42.081,12.825001,49.837502,-15.675,1322,1595
28-Jun-2024 17:09:42.181,12.806251,49.800003,-15.562501,1322,1595
28-Jun-2024 17:09:42.281,12.900001,49.968754,-15.50625,1322,1595
28-Jun-2024 17:09:42.381,12.95625,50.118752,-15.525001,1322,1595
28-Jun-2024 17:09:42.481,12.937501,50.118752,-15.806251,1322,1595
28-Jun-2024 17:09:42.581,13.125001,50.025002,-15.7875,1322,1595
28-Jun-2024 17:09:42.681,13.087501,49.931252,-15.7875,1322,1595
28-Jun-2024 17:09:42.781,13.218751,50.062504,-15.750001,1322,1595
28-Jun-2024 17:09:42.881,13.200001,50.025002,-15.712501,1322,1595
28-Jun-2024 17:09:42.981,13.1625,50.081253,-15.88125,1322,1595
28-Jun-2024 17:09:43.081,13.14375,49.987503,-15.975,1322,1595
28-Jun-2024 17:09:43.181,13.087501,49.950001,-16.06875,1322,1595
28-Jun-2024 17:09:43.281,13.087501,49.837502,-15.918751,1322,1595
28-Jun-2024 17:09:43.381,13.012501,49.875004,-16.143751,1322,1595
28-Jun-2024 17:09:43.481,13.125001,49.856251,-16.1625,1322,1595
28-Jun-2024 17:09:43.581,13.106251,49.837502,-16.1625,1322,1595
28-Jun-2024 17:09:43.681,13.125001,49.837502,-16.25625,1322,1595
28-Jun-2024 17:09:43.781,13.181251,49.762501,-16.1625,1322,1595
28-Jun-2024 17:09:43.881,13.2375,49.725002,-16.181252,1322,1595
28-Jun-2024 17:09:43.981,13.293751,49.650002,-16.143751,1322,1595
28-Jun-2024 17:09:44.081,13.406251,49.725002,-16.181252,1322,1595
28-Jun-2024 17:09:44.181,13.35,49.687504,-16.106251,1322,1595
28-Jun-2024 17:09:44.281,13.35,49.781254,-16.125,1322,1595
28-Jun-2024 17:09:44.381,13.293751,49.781254,-16.1625,1322,1595
28-Jun-2024 17:09:44.481,13.293751,49.743752,-16.143751,1322,1595
28-Jun-2024 17:10:13.483,-6.975,-45.900002,-7.96875,1516,2004
28-Jun-2024 17:10:13.583,-7.0125,-45.881252,-7.96875,1516,2004
28-Jun-2024 17:10:13.683,-6.975,-45.825001,-8.00625,1516,2004
28-Jun-2024 17:10:13.783,-6.8625,-45.806252,-8.0625,1516,2004
28-Jun-2024 17:10:13.883,-6.9375,-45.768753,-8.08125,1516,2004
28-Jun-2024 17:10:13.983,-6.8625,-45.918751,-8.1,1516,2004
28-Jun-2024 17:10:14.083,-6.88125,-45.84375,-8.1,1516,2004
28-Jun-2024 17:10:14.183,-6.80625,-45.956253,-8.118751,1516,2004
28-Jun-2024 17:10:14.283,-6.80625,-45.862503,-8.231251,1516,2004
28-Jun-2024 17:10:14.383,-6.7875,-46.012501,-8.325001,1516,2004
28-Jun-2024 17:10:14.483,-6.825,-46.125,-8.34375,1516,2004
28-Jun-2024 17:10:14.583,-6.9,-46.143753,-8.2875,1516,2004
28-Jun-2024 17:10:14.683,-6.76875,-46.181252,-8.26875,1516,2004
28-Jun-2024 17:10:14.783,-6.7125,-46.200001,-8.231251,1516,2004
28-Jun-2024 17:10:14.883,-6.58125,-46.256252,-8.306251,1516,2004
28-Jun-2024 17:10:14.983,-6.675,-46.21875,-8.400001,1516,2004
28-Jun-2024 17:10:15.083,-6.6,-46.3125,-8.2875,1516,2004
28-Jun-2024 17:10:15.183,-6.5625,-46.181252,-8.231251,1516,2004
28-Jun-2024 17:10:15.283,-6.45,-45.993752,-8.2875,1516,2004
28-Jun-2024 17:10:15.383,-6.35625,-45.918751,-8.2875,1516,2004
28-Jun-2024 17:10:15.483,-6.375,-45.993752,-8.19375,1516,2004
28-Jun-2024 17:10:15.583,-6.45,-45.9375,-8.26875,1516,2004
28-Jun-2024 17:10:15.683,-6.50625,-46.012501,-8.118751,1516,2004
28-Jun-2024 17:10:15.783,-6.31875,-45.862503,-8.043751,1516,2004
28-Jun-2024 17:10:15.883,-6.24375,-45.900002,-8.26875,1516,2004
28-Jun-2024 17:10:15.983,-6.075,-45.9375,-8.25,1516,2004
28-Jun-2024 17:10:16.083,-6.0375,-46.068752,-8.212501,1516,2004
28-Jun-2024 17:10:16.183,-6.09375,-46.200001,-8.25,1516,2004
28-Jun-2024 17:10:16.283,-6.05625,-46.237503,-8.306251,1516,2004
28-Jun-2024 17:10:16.383,-6.075,-46.275002,-8.212501,1516,2004
28-Jun-2024 17:10:16.483,-6.15,-46.237503,-8.4375,1516,2004
28-Jun-2024 17:10:16.583,-6.31875,-46.350002,-8.34375,1516,2004
28-Jun-2024 17:10:16.683,-6.4125,-46.331253,-8.212501,1516,2004
28-Jun-2024 17:10:16.783,-6.6375,-46.331253,-8.19375,1516,2004
28-Jun-2024 17:10:16.883,-6.7125,-46.21875,-8.175,1516,2004
28-Jun-2024 17:10:16.983,-6.7875,-46.200001,-8.15625,1516,2004
28-Jun-2024 17:10:17.083,-6.84375,-46.181252,-8.0625,1516,2004
28-Jun-2024 17:10:17.183,-6.9,-46.125,-8.0625,1516,2004
28-Jun-2024 17:10:17.283,-6.7875,-46.068752,-7.95,1516,2004
28-Jun-2024 17:10:17.383,-6.73125,-46.106251,-7.93125,1516,2004
28-Jun-2024 17:10:17.483,-6.69375,-46.143753,-7.9125,1516,2004
28-Jun-2024 17:10:17.583,-6.7125,-46.050003,-7.875,1516,2004
28-Jun-2024 17:10:17.683,-6.80625,-46.162502,-7.81875,1516,2004
28-Jun-2024 17:10:17.783,-6.69375,-46.125,-7.8,1516,2004
28-Jun-2024 17:10:17.883,-6.6375,-46.087502,-7.8375,1516,2004
28-Jun-2024 17:10:17.983,-6.4875,-46.03125,-7.8,1516,2004
28-Jun-2024 17:10:18.083,-6.4875,-46.050003,-7.89375,1516,2004
28-Jun-2024 17:10:18.183,-6.43125,-45.975002,-7.9875,1516,2004
28-Jun-2024 17:10:18.283,-6.45,-45.9375,-8.025001,1516,2004
28-Jun-2024 17:10:18.383,-6.3,-46.087502,-8.15625,1516,2004
28-Jun-2024 17:10:18.483,-6.15,-46.012501,-8.231251,1516,2004
28-Jun-2024 17:10:18.583,-6.13125,-46.03125,-8.34375,1516,2004
28-Jun-2024 17:10:18.683,-6.16875,-46.143753,-8.3625,1516,2004
28-Jun-2024 17:10:18.783,-6.2625,-46.256252,-8.38125,1516,2004
28-Jun-2024 17:10:18.883,-6.3,-46.293751,-8.325001,1516,2004
28-Jun-2024 17:10:18.983,-6.31875,-46.293751,-8.306251,1516,2004
28-Jun-2024 17:10:19.083,-6.39375,-46.256252,-8.3625,1516,2004
28-Jun-2024 17:10:19.183,-6.4875,-46.162502,-8.2875,1516,2004
28-Jun-2024 17:10:19.283,-6.58125,-46.21875,-8.212501,1516,2004
28-Jun-2024 17:10:19.383,-6.65625,-46.125,-8.15625,1516,2004
28-Jun-2024 17:10:19.483,-6.69375,-46.03125,-8.25,1516,2004
28-Jun-2024 17:10:19.583,-6.73125,-45.900002,-8.325001,1516,2004
28-Jun-2024 17:10:19.683,-6.61875,-45.825001,-8.3625,1516,2004
28-Jun-2024 17:10:19.783,-6.6375,-45.768753,-8.4375,1516,2004
28-Jun-2024 17:10:19.883,-6.6,-45.84375,-8.38125,1516,2004
28-Jun-2024 17:10:19.983,-6.65625,-45.825001,-8.475,1516,2004
28-Jun-2024 17:10:20.083,-6.58125,-45.768753,-8.606251,1516,2004
28-Jun-2024 17:10:20.183,-6.6,-45.75,-8.625,1516,2004
28-Jun-2024 17:10:20.283,-6.675,-45.712502,-8.681251,1516,2004
28-Jun-2024 17:10:20.383,-6.675,-45.84375,-8.55,1516,2004
28-Jun-2024 17:10:20.483,-6.76875,-45.881252,-8.56875,1516,2004
28-Jun-2024 17:10:20.583,-6.76875,-45.881252,-8.53125,1516,2004
28-Jun-2024 17:10:20.683,-6.75,-45.918751,-8.681251,1516,2004
28-Jun-2024 17:10:20.783,-6.675,-45.956253,-8.793751,1516,2004
28-Jun-2024 17:10:20.883,-6.6375,-45.918751,-8.793751,1516,2004
28-Jun-2024 17:10:20.983,-6.65625,-46.03125,-8.90625,1516,2004
28-Jun-2024 17:10:21.083,-6.4875,-46.068752,-8.962501,1516,2004
28-Jun-2024 17:10:21.183,-6.43125,-46.012501,-9.0375,1516,2004
28-Jun-2024 17:10:21.283,-6.4875,-45.975002,-9.075001,1516,2004
28-Jun-2024 17:10:21.383,-6.54375,-46.087502,-9.1875,1516,2004
28-Jun-2024 17:10:21.483,-6.54375,-46.050003,-9.1125,1516,2004
28-Jun-2024 17:10:21.583,-6.50625,-45.900002,-8.981251,1516,2004
28-Jun-2024 17:10:21.683,-6.61875,-45.918751,-9.075001,1516,2004
28-Jun-2024 17:10:21.783,-6.50625,-45.900002,-9.13125,1516,2004
28-Jun-2024 17:10:21.883,-6.6,-45.862503,-9.13125,1516,2004
28-Jun-2024 17:10:21.983,-6.6,-45.862503,-9.13125,1516,2004
28-Jun-2024 17:10:22.083,-6.6,-45.806252,-9.225,1516,2004
28-Jun-2024 17:10:22.183,-6.6375,-45.693752,-9.13125,1516,2004
28-Jun-2024 17:10:22.283,-6.675,-45.600002,-9.1875,1516,2004
28-Jun-2024 17:10:22.383,-6.69375,-45.65625,-9.28125,1516,2004
28-Jun-2024 17:10:22.483,-6.75,-45.693752,-9.243751,1516,2004
28-Jun-2024 17:10:22.583,-6.76875,-45.600002,-9.28125,1516,2004
28-Jun-2024 17:10:22.683,-6.825,-45.693752,-9.31875,1516,2004
28-Jun-2024 17:10:22.783,-6.84375,-45.731251,-9.450001,1516,2004
28-Jun-2024 17:10:22.883,-6.84375,-45.731251,-9.46875,1516,2004
28-Jun-2024 17:10:22.983,-6.7125,-45.75,-9.543751,1516,2004
28-Jun-2024 17:10:23.083,-6.75,-45.75,-9.46875,1516,2004
28-Jun-2024 17:10:23.183,-6.7125,-45.731251,-9.525001,1516,2004
28-Jun-2024 17:10:23.283,-6.58125,-45.731251,-9.4875,1516,2004
28-Jun-2024 17:10:23.383,-6.69375,-45.84375,-9.337501,1516,2004
28-Jun-2024 17:10:33.883,-1.29375,-53.512501,-7.85625,1649,2004
28-Jun-2024 17:10:33.983,-1.3875,-53.475002,-7.85625,1649,2004
28-Jun-2024 17:10:34.083,-1.44375,-53.587502,-7.875,1649,2004
28-Jun-2024 17:10:34.183,-1.51875,-53.700001,-7.95,1649,2004
28-Jun-2024 17:10:34.283,-1.59375,-53.662502,-7.96875,1649,2004
28-Jun-2024 17:10:34.383,-1.74375,-53.662502,-8.0625,1649,2004
28-Jun-2024 17:10:34.483,-1.78125,-53.775002,-8.25,1649,2004
28-Jun-2024 17:10:34.583,-1.70625,-53.681252,-8.3625,1649,2004
28-Jun-2024 17:10:34.683,-1.6875,-53.587502,-8.512501,1649,2004
28-Jun-2024 17:10:34.783,-1.6875,-53.643753,-8.56875,1649,2004
28-Jun-2024 17:10:34.883,-1.575,-53.550003,-8.7375,1649,2004
28-Jun-2024 17:10:34.983,-1.55625,-53.512501,-8.887501,1649,2004
28-Jun-2024 17:10:35.083,-1.55625,-53.643753,-8.868751,1649,2004
28-Jun-2024 17:10:35.183,-1.4625,-53.606251,-8.868751,1649,2004
28-Jun-2024 17:10:35.283,-1.44375,-53.587502,-8.71875,1649,2004
28-Jun-2024 17:10:35.383,-1.4625,-53.550003,-8.606251,1649,2004
28-Jun-2024 17:10:35.483,-1.3125,-53.606251,-8.681251,1649,2004
28-Jun-2024 17:10:35.583,-1.3125,-53.625004,-8.700001,1649,2004
28-Jun-2024 17:10:35.683,-1.35,-53.700001,-8.587501,1649,2004
28-Jun-2024 17:10:35.783,-1.25625,-53.643753,-8.56875,1649,2004
28-Jun-2024 17:10:35.883,-1.29375,-53.568752,-8.681251,1649,2004
28-Jun-2024 17:10:35.983,-1.35,-53.475002,-8.681251,1649,2004
28-Jun-2024 17:10:36.083,-1.36875,-53.456253,-8.775001,1649,2004
28-Jun-2024 17:10:36.183,-1.4625,-53.550003,-8.83125,1649,2004
28-Jun-2024 17:10:36.283,-1.6875,-53.418751,-8.94375,1649,2004
28-Jun-2024 17:10:36.383,-1.70625,-53.343754,-9.13125,1649,2004
28-Jun-2024 17:10:36.483,-1.8,-53.231251,-9.150001,1649,2004
28-Jun-2024 17:10:36.583,-1.7625,-53.212502,-9.1875,1649,2004
28-Jun-2024 17:10:36.683,-1.66875,-53.156254,-9.243751,1649,2004
28-Jun-2024 17:10:36.783,-1.5375,-53.231251,-9.243751,1649,2004
28-Jun-2024 17:10:36.883,-1.35,-53.268753,-9.13125,1649,2004
28-Jun-2024 17:10:36.983,-1.1625,-53.193752,-9.150001,1649,2004
28-Jun-2024 17:10:37.083,-1.0875,-53.325001,-9.056251,1649,2004
28-Jun-2024 17:10:37.183,-1.0125,-53.343754,-8.94375,1649,2004
28-Jun-2024 17:10:37.283,-0.825,-53.306252,-8.962501,1649,2004
28-Jun-2024 17:10:37.383,-0.975,-53.343754,-8.83125,1649,2004
28-Jun-2024 17:10:37.483,-0.8625,-53.456253,-8.793751,1649,2004
28-Jun-2024 17:10:37.583,-0.9,-53.475002,-8.775001,1649,2004
28-Jun-2024 17:10:37.683,-0.825,-53.493752,-8.868751,1649,2004
28-Jun-2024 17:10:37.783,-0.88125,-53.512501,-8.8125,1649,2004
28-Jun-2024 17:10:37.882,-0.84375,-53.531254,-8.868751,1649,2004
28-Jun-2024 17:10:37.983,-0.7875,-53.475002,-8.85,1649,2004
28-Jun-2024 17:10:38.083,-0.80625,-53.568752,-8.8125,1649,2004
28-Jun-2024 17:10:38.183,-0.6375,-53.512501,-8.90625,1649,2004
28-Jun-2024 17:10:38.283,-0.825,-53.418751,-8.8125,1649,2004
28-Jun-2024 17:10:38.383,-0.8625,-53.362503,-8.75625,1649,2004
28-Jun-2024 17:10:38.483,-0.975,-53.325001,-8.71875,1649,2004
28-Jun-2024 17:10:38.583,-0.99375,-53.306252,-8.681251,1649,2004
28-Jun-2024 17:10:38.683,-1.0125,-53.268753,-8.606251,1649,2004
28-Jun-2024 17:10:38.783,-1.05,-53.268753,-8.56875,1649,2004
28-Jun-2024 17:10:38.883,-1.03125,-53.268753,-8.606251,1649,2004
28-Jun-2024 17:10:38.983,-1.125,-53.343754,-8.56875,1649,2004
28-Jun-2024 17:10:39.083,-1.0875,-53.325001,-8.56875,1649,2004
28-Jun-2024 17:10:39.183,-1.06875,-53.287502,-8.512501,1649,2004
28-Jun-2024 17:10:39.283,-1.03125,-53.381252,-8.512501,1649,2004
28-Jun-2024 17:10:39.383,-0.91875,-53.381252,-8.56875,1649,2004
28-Jun-2024 17:10:39.483,-0.80625,-53.400002,-8.493751,1649,2004
28-Jun-2024 17:10:39.583,-0.8625,-53.493752,-8.53125,1649,2004
28-Jun-2024 17:10:39.683,-0.88125,-53.568752,-8.587501,1649,2004
28-Jun-2024 17:10:39.783,-0.8625,-53.512501,-8.56875,1649,2004
28-Jun-2024 17:10:39.883,-0.80625,-53.643753,-8.587501,1649,2004
28-Jun-2024 17:10:39.983,-0.75,-53.718754,-8.587501,1649,2004
28-Jun-2024 17:10:40.083,-0.7875,-53.681252,-8.512501,1649,2004
28-Jun-2024 17:10:40.183,-0.7875,-53.662502,-8.475,1649,2004
28-Jun-2024 17:10:40.283,-0.8625,-53.681252,-8.625,1649,2004
28-Jun-2024 17:10:40.383,-0.7875,-53.643753,-8.587501,1649,2004
28-Jun-2024 17:10:40.483,-0.75,-53.475002,-8.400001,1649,2004
28-Jun-2024 17:10:40.583,-0.69375,-53.493752,-8.3625,1649,2004
28-Jun-2024 17:10:40.683,-0.75,-53.437504,-8.4375,1649,2004
28-Jun-2024 17:10:40.783,-0.675,-53.400002,-8.53125,1649,2004
28-Jun-2024 17:10:40.883,-0.675,-53.381252,-8.64375,1649,2004
28-Jun-2024 17:10:40.983,-0.7875,-53.306252,-8.75625,1649,2004
28-Jun-2024 17:10:41.083,-0.73125,-53.250004,-8.7375,1649,2004
28-Jun-2024 17:10:41.183,-0.7875,-53.287502,-8.83125,1649,2004
28-Jun-2024 17:10:41.283,-0.7125,-53.343754,-8.962501,1649,2004
28-Jun-2024 17:10:41.383,-0.7125,-53.268753,-9.09375,1649,2004
28-Jun-2024 17:10:41.483,-0.5625,-53.306252,-9.1875,1649,2004
28-Jun-2024 17:10:41.582,-0.61875,-53.362503,-9.243751,1649,2004
28-Jun-2024 17:10:41.683,-0.54375,-53.400002,-9.243751,1649,2004
28-Jun-2024 17:10:41.783,-0.50625,-53.512501,-9.3,1649,2004
28-Jun-2024 17:10:41.883,-0.65625,-53.587502,-9.39375,1649,2004
28-Jun-2024 17:10:41.983,-0.65625,-53.493752,-9.46875,1649,2004
28-Jun-2024 17:10:42.083,-0.69375,-53.606251,-9.4125,1649,2004
28-Jun-2024 17:10:42.183,-0.76875,-53.756252,-9.46875,1649,2004
28-Jun-2024 17:10:42.283,-0.88125,-53.700001,-9.356251,1649,2004
28-Jun-2024 17:10:42.383,-0.8625,-53.643753,-9.1875,1649,2004
28-Jun-2024 17:10:42.483,-0.84375,-53.625004,-9.1875,1649,2004
28-Jun-2024 17:10:42.583,-0.84375,-53.662502,-9.01875,1649,2004
28-Jun-2024 17:10:42.683,-0.65625,-53.606251,-8.94375,1649,2004
28-Jun-2024 17:10:42.783,-0.73125,-53.625004,-8.925,1649,2004
28-Jun-2024 17:10:42.883,-0.73125,-53.531254,-8.925,1649,2004
28-Jun-2024 17:10:42.983,-0.61875,-53.512501,-8.83125,1649,2004
28-Jun-2024 17:10:43.083,-0.6,-53.550003,-8.83125,1649,2004
28-Jun-2024 17:10:43.183,-0.69375,-53.662502,-8.962501,1649,2004
28-Jun-2024 17:10:43.283,-0.7125,-53.662502,-8.94375,1649,2004
28-Jun-2024 17:10:43.383,-0.7125,-53.587502,-9.0375,1649,2004
28-Jun-2024 17:10:43.483,-0.84375,-53.718754,-8.981251,1649,2004
28-Jun-2024 17:10:43.583,-0.76875,-53.737503,-8.83125,1649,2004
28-Jun-2024 17:10:43.683,-0.825,-53.756252,-8.85,1649,2004
28-Jun-2024 17:10:43.783,-0.80625,-53.662502,-8.90625,1649,2004
28-Jun-2024 17:10:55.083,32.775002,-30.993752,14.606251,1782,2004
28-Jun-2024 17:10:55.183,32.756252,-31.125002,14.681251,1782,2004
28-Jun-2024 17:10:55.283,32.606251,-31.237501,14.64375,1782,2004
28-Jun-2024 17:10:55.383,32.456253,-31.237501,14.64375,1782,2004
28-Jun-2024 17:10:55.483,32.475002,-31.25625,14.64375,1782,2004
28-Jun-2024 17:10:55.583,32.53125,-31.237501,14.55,1782,2004
28-Jun-2024 17:10:55.683,32.512501,-31.050001,14.587501,1782,2004
28-Jun-2024 17:10:55.783,32.512501,-30.900002,14.6625,1782,2004
28-Jun-2024 17:10:55.883,32.606251,-30.7875,14.56875,1782,2004
28-Jun-2024 17:10:55.983,32.681252,-30.88125,14.681251,1782,2004
28-Jun-2024 17:10:56.083,32.793751,-30.7875,14.75625,1782,2004
28-Jun-2024 17:10:56.183,32.775002,-30.825001,14.85,1782,2004
28-Jun-2024 17:10:56.283,32.756252,-30.768751,14.962501,1782,2004
28-Jun-2024 17:10:56.383,32.71875,-30.750002,15.000001,1782,2004
28-Jun-2024 17:10:56.483,32.700001,-30.731251,15.093751,1782,2004
28-Jun-2024 17:10:56.583,32.606251,-30.825001,15.056251,1782,2004
28-Jun-2024 17:10:56.683,32.4375,-30.937502,15.168751,1782,2004
28-Jun-2024 17:10:56.783,32.362503,-30.675001,15.168751,1782,2004
28-Jun-2024 17:10:56.883,32.25,-30.69375,15.150001,1782,2004
28-Jun-2024 17:10:56.983,32.137501,-30.637501,15.187501,1782,2004
28-Jun-2024 17:10:57.083,32.043751,-30.675001,15.243751,1782,2004
28-Jun-2024 17:10:57.183,31.987501,-30.69375,15.281251,1782,2004
28-Jun-2024 17:10:57.283,31.9125,-30.843752,15.337501,1782,2004
28-Jun-2024 17:10:57.383,32.025002,-30.843752,15.337501,1782,2004
28-Jun-2024 17:10:57.483,31.987501,-30.768751,15.39375,1782,2004
28-Jun-2024 17:10:57.583,31.9125,-30.862501,15.431251,1782,2004
28-Jun-2024 17:10:57.683,31.987501,-30.825001,15.562501,1782,2004
28-Jun-2024 17:10:57.783,32.025002,-30.862501,15.50625,1782,2004
28-Jun-2024 17:10:57.883,31.950001,-30.900002,15.337501,1782,2004
28-Jun-2024 17:10:57.983,32.081253,-30.900002,15.356251,1782,2004
28-Jun-2024 17:10:58.083,32.081253,-30.956251,15.262501,1782,2004
28-Jun-2024 17:10:58.183,32.0625,-31.012501,15.187501,1782,2004
28-Jun-2024 17:10:58.283,32.137501,-31.1625,15.225,1782,2004
28-Jun-2024 17:10:58.383,32.137501,-31.275002,15.262501,1782,2004
28-Jun-2024 17:10:58.483,32.025002,-31.293751,15.20625,1782,2004
28-Jun-2024 17:10:58.583,32.15625,-31.368752,15.150001,1782,2004
28-Jun-2024 17:10:58.683,32.268753,-31.312502,15.31875,1782,2004
28-Jun-2024 17:10:58.783,32.043751,-31.368752,15.356251,1782,2004
28-Jun-2024 17:10:58.883,32.0625,-31.275002,15.375001,1782,2004
28-Jun-2024 17:10:58.983,32.006252,-31.293751,15.450001,1782,2004
28-Jun-2024 17:10:59.083,31.875002,-31.237501,15.468751,1782,2004
28-Jun-2024 17:10:59.183,31.931252,-31.125002,15.450001,1782,2004
28-Jun-2024 17:10:59.283,32.006252,-31.293751,15.543751,1782,2004
28-Jun-2024 17:10:59.383,31.893751,-31.25625,15.712501,1782,2004
28-Jun-2024 17:10:59.483,31.856251,-31.406252,15.69375,1782,2004
28-Jun-2024 17:10:59.583,31.950001,-31.331251,15.69375,1782,2004
28-Jun-2024 17:10:59.683,31.837502,-31.500002,15.6,1782,2004
28-Jun-2024 17:10:59.783,31.931252,-31.406252,15.656251,1782,2004
28-Jun-2024 17:10:59.883,32.137501,-31.406252,15.637501,1782,2004
28-Jun-2024 17:10:59.983,32.193752,-31.331251,15.58125,1782,2004
28-Jun-2024 17:11:00.083,32.193752,-31.237501,15.50625,1782,2004
28-Jun-2024 17:11:00.183,32.268753,-31.143751,15.450001,1782,2004
28-Jun-2024 17:11:00.283,32.287502,-31.012501,15.4875,1782,2004
28-Jun-2024 17:11:00.383,32.381252,-31.050001,15.431251,1782,2004
28-Jun-2024 17:11:00.483,32.456253,-30.843752,15.562501,1782,2004
28-Jun-2024 17:11:00.583,32.475002,-30.806252,15.543751,1782,2004
28-Jun-2024 17:11:00.683,32.400002,-30.768751,15.543751,1782,2004
28-Jun-2024 17:11:00.783,32.306252,-30.88125,15.58125,1782,2004
28-Jun-2024 17:11:00.883,32.362503,-30.843752,15.637501,1782,2004
28-Jun-2024 17:11:00.983,32.325001,-30.937502,15.637501,1782,2004
28-Jun-2024 17:11:01.083,32.268753,-31.06875,15.618751,1782,2004
28-Jun-2024 17:11:01.183,32.193752,-31.050001,15.712501,1782,2004
28-Jun-2024 17:11:01.283,32.193752,-31.050001,15.7875,1782,2004
28-Jun-2024 17:11:01.383,32.15625,-31.218752,15.76875,1782,2004
28-Jun-2024 17:11:01.483,32.175003,-31.275002,15.7875,1782,2004
28-Jun-2024 17:11:01.583,32.15625,-31.218752,15.843751,1782,2004
28-Jun-2024 17:11:01.683,32.100002,-31.200001,15.937501,1782,2004
28-Jun-2024 17:11:01.783,32.175003,-31.106251,15.8625,1782,2004
28-Jun-2024 17:11:01.883,32.231251,-31.012501,15.825001,1782,2004
28-Jun-2024 17:11:01.983,32.212502,-30.993752,15.76875,1782,2004
28-Jun-2024 17:11:02.083,32.25,-31.106251,15.656251,1782,2004
28-Jun-2024 17:11:02.183,32.287502,-30.975,15.675,1782,2004
28-Jun-2024 17:11:02.283,32.362503,-30.975,15.6,1782,2004
28-Jun-2024 17:11:02.383,32.493752,-31.087502,15.525001,1782,2004
28-Jun-2024 17:11:02.483,32.493752,-31.106251,15.431251,1782,2004
28-Jun-2024 17:11:02.583,32.4375,-31.25625,15.50625,1782,2004
28-Jun-2024 17:11:02.683,32.418751,-31.293751,15.58125,1782,2004
28-Jun-2024 17:11:02.783,32.475002,-31.143751,15.712501,1782,2004
28-Jun-2024 17:11:02.883,32.568752,-31.143751,15.731251,1782,2004
28-Jun-2024 17:11:02.983,32.53125,-31.218752,15.825001,1782,2004
28-Jun-2024 17:11:03.083,32.400002,-31.25625,15.806251,1782,2004
28-Jun-2024 17:11:03.183,32.400002,-31.181252,15.900001,1782,2004
28-Jun-2024 17:11:03.283,32.493752,-31.143751,15.937501,1782,2004
28-Jun-2024 17:11:03.383,32.606251,-31.050001,15.88125,1782,2004
28-Jun-2024 17:11:03.483,32.643753,-30.956251,15.8625,1782,2004
28-Jun-2024 17:11:03.583,32.625,-31.06875,15.750001,1782,2004
28-Jun-2024 17:11:03.683,32.550003,-31.012501,15.806251,1782,2004
28-Jun-2024 17:11:03.783,32.493752,-30.937502,15.750001,1782,2004
28-Jun-2024 17:11:03.883,32.512501,-30.843752,15.7875,1782,2004
28-Jun-2024 17:11:03.983,32.475002,-30.806252,15.712501,1782,2004
28-Jun-2024 17:11:04.083,32.381252,-30.843752,15.712501,1782,2004
28-Jun-2024 17:11:04.183,32.362503,-30.918751,15.731251,1782,2004
28-Jun-2024 17:11:04.283,32.34375,-30.900002,15.6,1782,2004
28-Jun-2024 17:11:04.383,32.456253,-30.88125,15.618751,1782,2004
28-Jun-2024 17:11:04.483,32.418751,-30.900002,15.525001,1782,2004
28-Jun-2024 17:11:04.583,32.362503,-30.88125,15.562501,1782,2004
28-Jun-2024 17:11:04.683,32.34375,-31.031252,15.562501,1782,2004
28-Jun-2024 17:11:04.783,32.34375,-31.087502,15.562501,1782,2004
28-Jun-2024 17:11:04.883,32.34375,-31.125002,15.543751,1782,2004
28-Jun-2024 17:11:04.983,32.268753,-31.031252,15.6,1782,2004
28-Jun-2024 17:11:15.883,22.5,-35.831253,-8.043751,1915,2004
28-Jun-2024 17:11:15.983,22.387501,-35.981251,-7.9875,1915,2004
28-Jun-2024 17:11:16.083,22.293751,-36.037502,-7.95,1915,2004
28-Jun-2024 17:11:16.183,22.237501,-36.056252,-7.8375,1915,2004
28-Jun-2024 17:11:16.283,22.106251,-36.206253,-7.6875,1915,2004
28-Jun-2024 17:11:16.383,22.1625,-36.206253,-7.70625,1915,2004
28-Jun-2024 17:11:16.483,22.237501,-36.112503,-7.875,1915,2004
28-Jun-2024 17:11:16.583,22.3125,-36.018753,-8.043751,1915,2004
28-Jun-2024 17:11:16.683,22.518751,-35.71875,-8.137501,1915,2004
28-Jun-2024 17:11:16.783,22.59375,-35.568752,-8.25,1915,2004
28-Jun-2024 17:11:16.883,22.743752,-35.418751,-8.34375,1915,2004
28-Jun-2024 17:11:16.983,22.837502,-35.400002,-8.26875,1915,2004
28-Jun-2024 17:11:17.083,22.950001,-35.287502,-8.38125,1915,2004
28-Jun-2024 17:11:17.183,23.00625,-35.15625,-8.325001,1915,2004
28-Jun-2024 17:11:17.283,23.081251,-35.175003,-8.19375,1915,2004
28-Jun-2024 17:11:17.383,23.137501,-35.081253,-8.15625,1915,2004
28-Jun-2024 17:11:17.483,23.15625,-35.231251,-8.175,1915,2004
28-Jun-2024 17:11:17.583,23.2875,-35.287502,-8.025001,1915,2004
28-Jun-2024 17:11:17.683,23.306252,-35.287502,-7.96875,1915,2004
28-Jun-2024 17:11:17.783,23.175001,-35.325001,-8.118751,1915,2004
28-Jun-2024 17:11:17.883,23.231251,-35.381252,-8.137501,1915,2004
28-Jun-2024 17:11:17.983,23.268751,-35.456253,-8.231251,1915,2004
28-Jun-2024 17:11:18.083,23.400002,-35.4375,-8.325001,1915,2004
28-Jun-2024 17:11:18.183,23.34375,-35.587502,-8.231251,1915,2004
28-Jun-2024 17:11:18.283,23.2875,-35.625,-8.15625,1915,2004
28-Jun-2024 17:11:18.383,23.2875,-35.681252,-8.25,1915,2004
28-Jun-2024 17:11:18.483,23.2875,-35.700001,-8.325001,1915,2004
28-Jun-2024 17:11:18.583,23.2875,-35.775002,-8.34375,1915,2004
28-Jun-2024 17:11:18.683,23.25,-35.756252,-8.306251,1915,2004
28-Jun-2024 17:11:18.783,23.15625,-35.793751,-8.306251,1915,2004
28-Jun-2024 17:11:18.883,22.96875,-35.868752,-8.306251,1915,2004
28-Jun-2024 17:11:18.983,22.96875,-35.90625,-8.38125,1915,2004
28-Jun-2024 17:11:19.083,22.893751,-35.981251,-8.306251,1915,2004
28-Jun-2024 17:11:19.183,22.706251,-36.018753,-8.400001,1915,2004
28-Jun-2024 17:11:19.283,22.650002,-35.925003,-8.418751,1915,2004
28-Jun-2024 17:11:19.383,22.668751,-35.887501,-8.38125,1915,2004
28-Jun-2024 17:11:19.483,22.5375,-35.887501,-8.53125,1915,2004
28-Jun-2024 17:11:19.583,22.5,-35.850002,-8.4375,1915,2004
28-Jun-2024 17:11:19.683,22.59375,-35.71875,-8.4375,1915,2004
28-Jun-2024 17:11:19.783,22.63125,-35.606251,-8.325001,1915,2004
28-Jun-2024 17:11:19.883,22.706251,-35.4375,-8.3625,1915,2004
28-Jun-2024 17:11:19.983,22.743752,-35.418751,-8.306251,1915,2004
28-Jun-2024 17:11:20.083,22.63125,-35.512501,-8.25,1915,2004
28-Jun-2024 17:11:20.183,22.63125,-35.287502,-8.118751,1915,2004
28-Jun-2024 17:11:20.283,22.650002,-35.268753,-8.08125,1915,2004
28-Jun-2024 17:11:20.383,22.743752,-35.268753,-8.175,1915,2004
28-Jun-2024 17:11:20.483,22.706251,-35.306252,-8.26875,1915,2004
28-Jun-2024 17:11:20.583,22.63125,-35.325001,-8.3625,1915,2004
28-Jun-2024 17:11:20.683,22.5375,-35.456253,-8.45625,1915,2004
28-Jun-2024 17:11:20.783,22.518751,-35.4375,-8.418751,1915,2004
28-Jun-2024 17:11:20.883,22.575001,-35.400002,-8.4375,1915,2004
28-Jun-2024 17:11:20.983,22.63125,-35.53125,-8.493751,1915,2004
28-Jun-2024 17:11:21.083,22.59375,-35.568752,-8.418751,1915,2004
28-Jun-2024 17:11:21.183,22.5375,-35.53125,-8.325001,1915,2004
28-Jun-2024 17:11:21.283,22.518751,-35.625,-8.231251,1915,2004
28-Jun-2024 17:11:21.383,22.575001,-35.550003,-8.26875,1915,2004
28-Jun-2024 17:11:21.483,22.668751,-35.568752,-8.26875,1915,2004
28-Jun-2024 17:11:21.583,22.706251,-35.550003,-8.26875,1915,2004
28-Jun-2024 17:11:21.683,22.6875,-35.475002,-8.306251,1915,2004
28-Jun-2024 17:11:21.783,22.575001,-35.606251,-8.3625,1915,2004
28-Jun-2024 17:11:21.883,22.612501,-35.53125,-8.4375,1915,2004
28-Jun-2024 17:11:21.983,22.63125,-35.643753,-8.493751,1915,2004
28-Jun-2024 17:11:22.083,22.5,-35.53125,-8.418751,1915,2004
28-Jun-2024 17:11:22.183,22.40625,-35.643753,-8.418751,1915,2004
28-Jun-2024 17:11:22.283,22.35,-35.475002,-8.38125,1915,2004
28-Jun-2024 17:11:22.382,22.3125,-35.400002,-8.45625,1915,2004
28-Jun-2024 17:11:22.483,22.3125,-35.550003,-8.418751,1915,2004
28-Jun-2024 17:11:22.583,22.275002,-35.4375,-8.512501,1915,2004
28-Jun-2024 17:11:22.683,22.35,-35.512501,-8.56875,1915,2004
28-Jun-2024 17:11:22.783,22.293751,-35.493752,-8.625,1915,2004
28-Jun-2024 17:11:22.883,22.35,-35.512501,-8.75625,1915,2004
28-Jun-2024 17:11:22.983,22.387501,-35.475002,-8.793751,1915,2004
28-Jun-2024 17:11:23.083,22.3125,-35.606251,-8.700001,1915,2004
28-Jun-2024 17:11:23.183,22.25625,-35.643753,-8.700001,1915,2004
28-Jun-2024 17:11:23.283,22.200001,-35.568752,-8.75625,1915,2004
28-Jun-2024 17:11:23.383,22.200001,-35.625,-8.775001,1915,2004
28-Jun-2024 17:11:23.483,22.03125,-35.625,-8.700001,1915,2004
28-Jun-2024 17:11:23.583,22.06875,-35.606251,-8.7375,1915,2004
28-Jun-2024 17:11:23.683,22.087502,-35.606251,-8.6625,1915,2004
28-Jun-2024 17:11:23.783,22.03125,-35.793751,-8.55,1915,2004
28-Jun-2024 17:11:23.883,22.03125,-35.775002,-8.6625,1915,2004
28-Jun-2024 17:11:23.983,22.087502,-35.831253,-8.681251,1915,2004
28-Jun-2024 17:11:24.083,22.237501,-35.8125,-8.587501,1915,2004
28-Jun-2024 17:11:24.183,22.293751,-35.71875,-8.55,1915,2004
28-Jun-2024 17:11:24.283,22.44375,-35.700001,-8.606251,1915,2004
28-Jun-2024 17:11:24.383,22.425001,-35.681252,-8.53125,1915,2004
28-Jun-2024 17:11:24.483,22.462502,-35.700001,-8.606251,1915,2004
28-Jun-2024 17:11:24.583,22.518751,-35.53125,-8.7375,1915,2004
28-Jun-2024 17:11:24.683,22.63125,-35.606251,-8.8125,1915,2004
28-Jun-2024 17:11:24.783,22.556252,-35.625,-8.775001,1915,2004
28-Jun-2024 17:11:24.883,22.575001,-35.662502,-8.793751,1915,2004
28-Jun-2024 17:11:24.983,22.5,-35.775002,-8.71875,1915,2004
28-Jun-2024 17:11:25.083,22.462502,-35.700001,-8.700001,1915,2004
28-Jun-2024 17:11:25.183,22.650002,-35.756252,-8.681251,1915,2004
28-Jun-2024 17:11:25.283,22.575001,-35.681252,-8.55,1915,2004
28-Jun-2024 17:11:25.383,22.650002,-35.793751,-8.53125,1915,2004
28-Jun-2024 17:11:25.483,22.556252,-35.71875,-8.475,1915,2004
28-Jun-2024 17:11:25.583,22.59375,-35.737503,-8.53125,1915,2004
28-Jun-2024 17:11:25.683,22.518751,-35.643753,-8.64375,1915,2004
28-Jun-2024 17:11:25.783,22.6875,-35.568752,-8.75625,1915,2004
28-Jun-2024 17:12:05.682,-9.262501,-51.337502,7.14375,2413,1900
28-Jun-2024 17:12:05.782,-9.31875,-51.431252,7.2,2413,1900
28-Jun-2024 17:12:05.882,-9.3,-51.468754,7.03125,2413,1900
28-Jun-2024 17:12:05.982,-9.28125,-51.506252,6.88125,2413,1900
28-Jun-2024 17:12:06.082,-9.225,-51.487503,6.80625,2413,1900
28-Jun-2024 17:12:06.182,-9.150001,-51.412502,6.76875,2413,1900
28-Jun-2024 17:12:06.282,-9.225,-51.468754,6.84375,2413,1900
28-Jun-2024 17:12:06.382,-9.168751,-51.487503,6.80625,2413,1900
28-Jun-2024 17:12:06.482,-9.262501,-51.506252,6.76875,2413,1900
28-Jun-2024 17:12:06.582,-9.28125,-51.431252,6.80625,2413,1900
28-Jun-2024 17:12:06.682,-9.225,-51.375004,7.05,2413,1900
28-Jun-2024 17:12:06.782,-9.31875,-51.450001,7.03125,2413,1900
28-Jun-2024 17:12:06.882,-9.375,-51.468754,6.99375,2413,1900
28-Jun-2024 17:12:06.982,-9.39375,-51.450001,7.0125,2413,1900
28-Jun-2024 17:12:07.082,-9.431251,-51.525002,6.975,2413,1900
28-Jun-2024 17:12:07.182,-9.46875,-51.581253,6.9,2413,1900
28-Jun-2024 17:12:07.282,-9.337501,-51.506252,6.95625,2413,1900
28-Jun-2024 17:12:07.382,-9.243751,-51.600002,6.84375,2413,1900
28-Jun-2024 17:12:07.482,-9.3,-51.693752,6.825,2413,1900
28-Jun-2024 17:12:07.582,-9.262501,-51.656254,6.88125,2413,1900
28-Jun-2024 17:12:07.682,-9.31875,-51.618752,6.88125,2413,1900
28-Jun-2024 17:12:07.782,-9.28125,-51.656254,6.9,2413,1900
28-Jun-2024 17:12:07.882,-9.1125,-51.600002,6.825,2413,1900
28-Jun-2024 17:12:07.982,-9.168751,-51.712502,6.91875,2413,1900
28-Jun-2024 17:12:08.082,-9.1875,-51.731251,6.84375,2413,1900
28-Jun-2024 17:12:08.182,-9.20625,-51.806252,6.825,2413,1900
28-Jun-2024 17:12:08.282,-9.168751,-51.843754,6.65625,2413,1900
28-Jun-2024 17:12:08.382,-9.1125,-51.900002,6.65625,2413,1900
28-Jun-2024 17:12:08.482,-9.0375,-51.918751,6.675,2413,1900
28-Jun-2024 17:12:08.582,-9.075001,-51.993752,6.675,2413,1900
28-Jun-2024 17:12:08.682,-9,-51.862503,6.65625,2413,1900
28-Jun-2024 17:12:08.782,-9.01875,-51.787502,6.58125,2413,1900
28-Jun-2024 17:12:08.882,-8.962501,-51.937504,6.5625,2413,1900
28-Jun-2024 17:12:08.982,-8.925,-51.843754,6.6375,2413,1900
28-Jun-2024 17:12:09.082,-8.981251,-51.750004,6.69375,2413,1900
28-Jun-2024 17:12:09.182,-8.925,-51.787502,6.6375,2413,1900
28-Jun-2024 17:12:09.282,-8.868751,-51.843754,6.6,2413,1900
28-Jun-2024 17:12:09.382,-8.8125,-51.900002,6.58125,2413,1900
28-Jun-2024 17:12:09.482,-8.8125,-52.012501,6.50625,2413,1900
28-Jun-2024 17:12:09.582,-8.71875,-52.012501,6.54375,2413,1900
28-Jun-2024 17:12:09.682,-8.887501,-52.031254,6.46875,2413,1900
28-Jun-2024 17:12:09.782,-8.925,-52.050003,6.35625,2413,1900
28-Jun-2024 17:12:09.882,-8.868751,-52.106251,6.35625,2413,1900
28-Jun-2024 17:12:09.982,-8.94375,-52.012501,6.39375,2413,1900
28-Jun-2024 17:12:10.082,-8.981251,-52.050003,6.375,2413,1900
28-Jun-2024 17:12:10.182,-9,-51.956253,6.39375,2413,1900
28-Jun-2024 17:12:10.282,-9,-51.918751,6.43125,2413,1900
28-Jun-2024 17:12:10.382,-8.981251,-51.975002,6.24375,2413,1900
28-Jun-2024 17:12:10.482,-9.0375,-51.693752,6.3375,2413,1900
28-Jun-2024 17:12:10.582,-9.1125,-51.637501,6.375,2413,1900
28-Jun-2024 17:12:10.682,-9.150001,-51.731251,6.2625,2413,1900
28-Jun-2024 17:12:10.782,-9.1125,-51.656254,6.1875,2413,1900
28-Jun-2024 17:12:10.882,-9.150001,-51.618752,6.15,2413,1900
28-Jun-2024 17:12:10.982,-9.225,-51.618752,6.01875,2413,1900
28-Jun-2024 17:12:11.082,-9.356251,-51.618752,5.9625,2413,1900
28-Jun-2024 17:12:11.182,-9.4875,-51.525002,6.09375,2413,1900
28-Jun-2024 17:12:11.282,-9.50625,-51.656254,5.98125,2413,1900
28-Jun-2024 17:12:11.382,-9.50625,-51.693752,5.90625,2413,1900
28-Jun-2024 17:12:11.482,-9.58125,-51.600002,5.925,2413,1900
28-Jun-2024 17:12:11.582,-9.637501,-51.656254,5.85,2413,1900
28-Jun-2024 17:12:11.682,-9.5625,-51.731251,5.8875,2413,1900
28-Jun-2024 17:12:11.782,-9.58125,-51.656254,5.775,2413,1900
28-Jun-2024 17:12:11.882,-9.4125,-51.712502,5.7375,2413,1900
28-Jun-2024 17:12:11.982,-9.20625,-51.731251,5.6625,2413,1900
28-Jun-2024 17:12:12.082,-9,-51.787502,5.64375,2413,1900
28-Jun-2024 17:12:12.182,-9.01875,-51.787502,5.6625,2413,1900
28-Jun-2024 17:12:12.282,-8.94375,-51.843754,5.7,2413,1900
28-Jun-2024 17:12:12.382,-8.925,-51.918751,5.8125,2413,1900
28-Jun-2024 17:12:12.482,-9.0375,-51.825001,5.8125,2413,1900
28-Jun-2024 17:12:12.582,-9.0375,-51.918751,6,2413,1900
28-Jun-2024 17:12:12.682,-9.168751,-51.918751,6.01875,2413,1900
28-Jun-2024 17:12:12.782,-9.337501,-51.900002,6.05625,2413,1900
28-Jun-2024 17:12:12.882,-9.375,-51.806252,6.1125,2413,1900
28-Jun-2024 17:12:12.982,-9.375,-51.787502,6.1875,2413,1900
28-Jun-2024 17:12:13.082,-9.31875,-51.712502,6.20625,2413,1900
28-Jun-2024 17:12:13.182,-9.28125,-51.656254,6.225,2413,1900
28-Jun-2024 17:12:13.282,-9.262501,-51.731251,6.2625,2413,1900
28-Jun-2024 17:12:13.382,-9.225,-51.656254,6.28125,2413,1900
28-Jun-2024 17:12:13.482,-9.150001,-51.693752,6.4125,2413,1900
28-Jun-2024 17:12:13.582,-9.09375,-51.731251,6.39375,2413,1900
28-Jun-2024 17:12:13.682,-9.168751,-51.750004,6.4875,2413,1900
28-Jun-2024 17:12:13.782,-9.056251,-51.750004,6.5625,2413,1900
28-Jun-2024 17:12:13.882,-9.168751,-51.712502,6.65625,2413,1900
28-Jun-2024 17:12:13.982,-9.09375,-51.768753,6.65625,2413,1900
28-Jun-2024 17:12:14.082,-9.1125,-51.750004,6.6,2413,1900
28-Jun-2024 17:12:14.182,-9.075001,-51.712502,6.7125,2413,1900
28-Jun-2024 17:12:14.282,-9.13125,-51.731251,6.61875,2413,1900
28-Jun-2024 17:12:14.382,-9.09375,-51.712502,6.7125,2413,1900
28-Jun-2024 17:12:14.482,-9.075001,-51.806252,6.65625,2413,1900
28-Jun-2024 17:12:14.582,-9.09375,-51.806252,6.50625,2413,1900
28-Jun-2024 17:12:14.682,-9.09375,-51.881252,6.39375,2413,1900
28-Jun-2024 17:12:14.782,-9.20625,-51.768753,6.375,2413,1900
28-Jun-2024 17:12:14.882,-9.243751,-51.843754,6.46875,2413,1900
28-Jun-2024 17:12:14.982,-9.31875,-51.862503,6.24375,2413,1900
28-Jun-2024 17:12:15.082,-9.262501,-51.731251,6.31875,2413,1900
28-Jun-2024 17:12:15.182,-9.31875,-51.712502,6.3,2413,1900
28-Jun-2024 17:12:15.282,-9.168751,-51.675003,6.225,2413,1900
28-Jun-2024 17:12:15.382,-9.1875,-51.656254,6.35625,2413,1900
28-Jun-2024 17:12:15.482,-9.150001,-51.581253,6.375,2413,1900
28-Jun-2024 17:12:15.582,-9.13125,-51.637501,6.2625,2413,1900
28-Jun-2024 17:12:45.181,0.15,35.193752,9.262501,2836,1797
28-Jun-2024 17:12:45.281,0.31875,35.25,9.31875,2836,1797
28-Jun-2024 17:12:45.381,0.35625,35.231251,9.28125,2836,1797
28-Jun-2024 17:12:45.481,0.6,35.400002,9.337501,2836,1797
28-Jun-2024 17:12:45.581,0.61875,35.400002,9.4125,2836,1797
28-Jun-2024 17:12:45.681,0.76875,35.362503,9.375,2836,1797
28-Jun-2024 17:12:45.781,0.75,35.268753,9.375,2836,1797
28-Jun-2024 17:12:45.881,0.75,35.268753,9.337501,2836,1797
28-Jun-2024 17:12:45.981,0.61875,35.212502,9.450001,2836,1797
28-Jun-2024 17:12:46.081,0.675,35.25,9.39375,2836,1797
28-Jun-2024 17:12:46.181,0.6375,35.287502,9.4125,2836,1797
28-Jun-2024 17:12:46.281,0.54375,35.175003,9.450001,2836,1797
28-Jun-2024 17:12:46.381,0.61875,35.231251,9.450001,2836,1797
28-Jun-2024 17:12:46.481,0.6375,35.25,9.50625,2836,1797
28-Jun-2024 17:12:46.581,0.6375,35.212502,9.543751,2836,1797
28-Jun-2024 17:12:46.681,0.61875,35.268753,9.525001,2836,1797
28-Jun-2024 17:12:46.781,0.65625,35.25,9.50625,2836,1797
28-Jun-2024 17:12:46.881,0.61875,35.325001,9.58125,2836,1797
28-Jun-2024 17:12:46.981,0.69375,35.306252,9.618751,2836,1797
28-Jun-2024 17:12:47.081,0.6,35.34375,9.50625,2836,1797
28-Jun-2024 17:12:47.181,0.61875,35.287502,9.525001,2836,1797
28-Jun-2024 17:12:47.281,0.50625,35.268753,9.5625,2836,1797
28-Jun-2024 17:12:47.381,0.43125,35.4375,9.618751,2836,1797
28-Jun-2024 17:12:47.481,0.46875,35.381252,9.58125,2836,1797
28-Jun-2024 17:12:47.581,0.46875,35.418751,9.637501,2836,1797
28-Jun-2024 17:12:47.681,0.375,35.287502,9.65625,2836,1797
28-Jun-2024 17:12:47.781,0.16875,35.231251,9.675,2836,1797
28-Jun-2024 17:12:47.881,0.3,35.212502,9.76875,2836,1797
28-Jun-2024 17:12:47.981,0.2625,35.212502,9.75,2836,1797
28-Jun-2024 17:12:48.081,0.375,35.15625,9.75,2836,1797
28-Jun-2024 17:12:48.181,0.45,35.100002,9.731251,2836,1797
28-Jun-2024 17:12:48.281,0.54375,35.100002,9.825001,2836,1797
28-Jun-2024 17:12:48.381,0.50625,35.0625,9.712501,2836,1797
28-Jun-2024 17:12:48.481,0.58125,35.006252,9.675,2836,1797
28-Jun-2024 17:12:48.581,0.76875,34.950001,9.618751,2836,1797
28-Jun-2024 17:12:48.681,0.675,34.912502,9.525001,2836,1797
28-Jun-2024 17:12:48.781,0.525,34.950001,9.525001,2836,1797
28-Jun-2024 17:12:48.881,0.39375,34.987503,9.525001,2836,1797
28-Jun-2024 17:12:48.981,0.375,35.0625,9.4875,2836,1797
28-Jun-2024 17:12:49.081,0.225,35.15625,9.46875,2836,1797
28-Jun-2024 17:12:49.181,0.24375,35.175003,9.50625,2836,1797
28-Jun-2024 17:12:49.281,0.3375,35.175003,9.4875,2836,1797
28-Jun-2024 17:12:49.381,0.1875,35.268753,9.4875,2836,1797
28-Jun-2024 17:12:49.481,0.28125,35.175003,9.450001,2836,1797
28-Jun-2024 17:12:49.581,0.45,35.100002,9.46875,2836,1797
28-Jun-2024 17:12:49.681,0.45,35.043751,9.4875,2836,1797
28-Jun-2024 17:12:49.781,0.45,34.96875,9.525001,2836,1797
28-Jun-2024 17:12:49.881,0.4875,34.78125,9.431251,2836,1797
28-Jun-2024 17:12:49.981,0.525,34.837502,9.28125,2836,1797
28-Jun-2024 17:12:50.081,0.4875,34.856251,9.3,2836,1797
28-Jun-2024 17:12:50.181,0.58125,34.78125,9.3,2836,1797
28-Jun-2024 17:12:50.281,0.61875,34.800003,9.431251,2836,1797
28-Jun-2024 17:12:50.381,0.675,34.931252,9.39375,2836,1797
28-Jun-2024 17:12:50.481,0.75,34.987503,9.46875,2836,1797
28-Jun-2024 17:12:50.581,0.825,35.025002,9.4875,2836,1797
28-Jun-2024 17:12:50.681,0.95625,35.100002,9.58125,2836,1797
28-Jun-2024 17:12:50.781,1.0875,35.100002,9.7875,2836,1797
28-Jun-2024 17:12:50.881,1.0875,35.118752,9.731251,2836,1797
28-Jun-2024 17:12:50.981,1.14375,35.25,9.65625,2836,1797
28-Jun-2024 17:12:51.081,1.125,35.362503,9.675,2836,1797
28-Jun-2024 17:12:51.181,1.05,35.25,9.65625,2836,1797
28-Jun-2024 17:12:51.281,1.14375,35.400002,9.58125,2836,1797
28-Jun-2024 17:12:51.381,1.18125,35.418751,9.450001,2836,1797
28-Jun-2024 17:12:51.481,1.10625,35.381252,9.450001,2836,1797
28-Jun-2024 17:12:51.581,1.03125,35.362503,9.3,2836,1797
28-Jun-2024 17:12:51.681,1.0875,35.4375,9.3,2836,1797
28-Jun-2024 17:12:51.781,1.125,35.4375,9.431251,2836,1797
28-Jun-2024 17:12:51.881,1.18125,35.362503,9.4125,2836,1797
28-Jun-2024 17:12:51.981,1.18125,35.325001,9.450001,2836,1797
28-Jun-2024 17:12:52.081,1.25625,35.25,9.337501,2836,1797
28-Jun-2024 17:12:52.181,1.1625,35.193752,9.3,2836,1797
28-Jun-2024 17:12:52.281,1.18125,35.268753,9.243751,2836,1797
28-Jun-2024 17:12:52.381,1.29375,35.325001,9.337501,2836,1797
28-Jun-2024 17:12:52.481,1.35,35.268753,9.337501,2836,1797
28-Jun-2024 17:12:52.581,1.3125,35.362503,9.150001,2836,1797
28-Jun-2024 17:12:52.681,1.25625,35.381252,9.09375,2836,1797
28-Jun-2024 17:12:52.781,1.275,35.4375,9.01875,2836,1797
28-Jun-2024 17:12:52.881,1.14375,35.4375,9.09375,2836,1797
28-Jun-2024 17:12:52.981,1.1625,35.456253,9.20625,2836,1797
28-Jun-2024 17:12:53.081,1.21875,35.456253,9.225,2836,1797
28-Jun-2024 17:12:53.181,1.0875,35.4375,9.20625,2836,1797
28-Jun-2024 17:12:53.281,1.10625,35.381252,9.28125,2836,1797
28-Jun-2024 17:12:53.381,1.10625,35.212502,9.431251,2836,1797
28-Jun-2024 17:12:53.481,1.18125,35.193752,9.46875,2836,1797
28-Jun-2024 17:12:53.581,1.25625,35.306252,9.525001,2836,1797
28-Jun-2024 17:12:53.681,1.3125,35.25,9.450001,2836,1797
28-Jun-2024 17:12:53.781,1.3875,35.212502,9.50625,2836,1797
28-Jun-2024 17:12:53.881,1.29375,35.231251,9.50625,2836,1797
28-Jun-2024 17:12:53.981,1.3125,35.137501,9.525001,2836,1797
28-Jun-2024 17:12:54.081,1.25625,35.231251,9.525001,2836,1797
28-Jun-2024 17:12:54.181,1.21875,35.212502,9.50625,2836,1797
28-Jun-2024 17:12:54.281,1.0875,35.231251,9.4875,2836,1797
28-Jun-2024 17:12:54.381,0.99375,35.193752,9.431251,2836,1797
28-Jun-2024 17:12:54.481,0.95625,35.175003,9.46875,2836,1797
28-Jun-2024 17:12:54.581,0.9375,35.212502,9.337501,2836,1797
28-Jun-2024 17:12:54.681,1.03125,35.137501,9.31875,2836,1797
28-Jun-2024 17:12:54.781,1.05,35.268753,9.3,2836,1797
28-Jun-2024 17:12:54.881,1.125,35.175003,9.262501,2836,1797
28-Jun-2024 17:12:54.981,1.2,35.193752,9.262501,2836,1797
28-Jun-2024 17:12:55.081,1.29375,35.15625,9.243751,2836,1797
28-Jun-2024 17:13:08.181,-36.5625,6.69375,9.9375,2700,1797
28-Jun-2024 17:13:08.281,-36.5625,6.9375,10.05,2700,1797
28-Jun-2024 17:13:08.381,-36.581253,7.10625,10.06875,2700,1797
28-Jun-2024 17:13:08.481,-36.637501,7.25625,10.14375,2700,1797
28-Jun-2024 17:13:08.581,-36.618752,7.35,10.1625,2700,1797
28-Jun-2024 17:13:08.681,-36.675003,7.44375,10.06875,2700,1797
28-Jun-2024 17:13:08.781,-36.65625,7.55625,10.14375,2700,1797
28-Jun-2024 17:13:08.881,-36.581253,7.6125,10.275001,2700,1797
28-Jun-2024 17:13:08.981,-36.5625,7.7625,10.25625,2700,1797
28-Jun-2024 17:13:09.081,-36.65625,7.8,10.293751,2700,1797
28-Jun-2024 17:13:09.181,-36.618752,7.78125,10.2375,2700,1797
28-Jun-2024 17:13:09.281,-36.5625,7.8,10.21875,2700,1797
28-Jun-2024 17:13:09.381,-36.487503,7.93125,10.087501,2700,1797
28-Jun-2024 17:13:09.481,-36.637501,7.9125,10.181251,2700,1797
28-Jun-2024 17:13:09.581,-36.600002,7.93125,10.125,2700,1797
28-Jun-2024 17:13:09.681,-36.75,7.9125,10.087501,2700,1797
28-Jun-2024 17:13:09.781,-36.787502,7.93125,10.03125,2700,1797
28-Jun-2024 17:13:09.881,-36.731251,7.81875,9.975,2700,1797
28-Jun-2024 17:13:09.981,-36.862503,7.78125,10.06875,2700,1797
28-Jun-2024 17:13:10.081,-36.806252,7.66875,10.106251,2700,1797
28-Jun-2024 17:13:10.181,-36.918751,7.48125,10.21875,2700,1797
28-Jun-2024 17:13:10.281,-36.787502,7.48125,10.200001,2700,1797
28-Jun-2024 17:13:10.381,-36.731251,7.44375,10.2375,2700,1797
28-Jun-2024 17:13:10.481,-36.712502,7.3125,10.275001,2700,1797
28-Jun-2024 17:13:10.581,-36.731251,7.3125,10.368751,2700,1797
28-Jun-2024 17:13:10.681,-36.731251,7.29375,10.387501,2700,1797
28-Jun-2024 17:13:10.781,-36.600002,7.3875,10.425,2700,1797
28-Jun-2024 17:13:10.881,-36.75,7.5,10.425,2700,1797
28-Jun-2024 17:13:10.981,-36.675003,7.55625,10.44375,2700,1797
28-Jun-2024 17:13:11.081,-36.731251,7.51875,10.44375,2700,1797
28-Jun-2024 17:13:11.181,-36.84375,7.51875,10.387501,2700,1797
28-Jun-2024 17:13:11.281,-36.731251,7.63125,10.33125,2700,1797
28-Jun-2024 17:13:11.381,-36.712502,7.6125,10.275001,2700,1797
28-Jun-2024 17:13:11.480,-36.731251,7.6875,10.2375,2700,1797
28-Jun-2024 17:13:11.581,-36.806252,7.59375,10.14375,2700,1797
28-Jun-2024 17:13:11.681,-36.731251,7.51875,10.087501,2700,1797
28-Jun-2024 17:13:11.781,-36.693752,7.40625,10.087501,2700,1797
28-Jun-2024 17:13:11.881,-36.637501,7.44375,10.03125,2700,1797
28-Jun-2024 17:13:11.981,-36.600002,7.4625,10.14375,2700,1797
28-Jun-2024 17:13:12.081,-36.637501,7.3875,10.181251,2700,1797
28-Jun-2024 17:13:12.181,-36.65625,7.3125,10.21875,2700,1797
28-Jun-2024 17:13:12.281,-36.65625,7.1625,10.275001,2700,1797
28-Jun-2024 17:13:12.381,-36.600002,7.1625,10.35,2700,1797
28-Jun-2024 17:13:12.481,-36.525002,7.2,10.40625,2700,1797
28-Jun-2024 17:13:12.581,-36.525002,7.29375,10.368751,2700,1797
28-Jun-2024 17:13:12.681,-36.506252,7.425,10.425,2700,1797
28-Jun-2024 17:13:12.781,-36.431252,7.3875,10.40625,2700,1797
28-Jun-2024 17:13:12.881,-36.243752,7.425,10.3125,2700,1797
28-Jun-2024 17:13:12.981,-36.206253,7.425,10.200001,2700,1797
28-Jun-2024 17:13:13.081,-36.243752,7.5,10.200001,2700,1797
28-Jun-2024 17:13:13.181,-36.262501,7.5375,10.14375,2700,1797
28-Jun-2024 17:13:13.281,-36.28125,7.51875,10.03125,2700,1797
28-Jun-2024 17:13:13.381,-36.356251,7.5,9.900001,2700,1797
28-Jun-2024 17:13:13.481,-36.375,7.35,9.806251,2700,1797
28-Jun-2024 17:13:13.581,-36.337502,7.36875,9.712501,2700,1797
28-Jun-2024 17:13:13.681,-36.46875,7.33125,9.825001,2700,1797
28-Jun-2024 17:13:13.781,-36.431252,7.36875,9.88125,2700,1797
28-Jun-2024 17:13:13.881,-36.375,7.40625,9.9375,2700,1797
28-Jun-2024 17:13:13.981,-36.393753,7.4625,9.84375,2700,1797
28-Jun-2024 17:13:14.081,-36.46875,7.51875,9.8625,2700,1797
28-Jun-2024 17:13:14.181,-36.450001,7.5,9.88125,2700,1797
28-Jun-2024 17:13:14.281,-36.431252,7.5,9.900001,2700,1797
28-Jun-2024 17:13:14.381,-36.581253,7.5,9.918751,2700,1797
28-Jun-2024 17:13:14.481,-36.506252,7.63125,9.918751,2700,1797
28-Jun-2024 17:13:14.581,-36.5625,7.55625,9.9375,2700,1797
28-Jun-2024 17:13:14.681,-36.600002,7.5,9.918751,2700,1797
28-Jun-2024 17:13:14.781,-36.581253,7.44375,10.012501,2700,1797
28-Jun-2024 17:13:14.881,-36.618752,7.425,10.06875,2700,1797
28-Jun-2024 17:13:14.981,-36.5625,7.575,10.21875,2700,1797
28-Jun-2024 17:13:15.081,-36.637501,7.6125,10.275001,2700,1797
28-Jun-2024 17:13:15.181,-36.65625,7.575,10.293751,2700,1797
28-Jun-2024 17:13:15.281,-36.768753,7.55625,10.25625,2700,1797
28-Jun-2024 17:13:15.381,-36.731251,7.65,10.125,2700,1797
28-Jun-2024 17:13:15.481,-36.75,7.81875,10.012501,2700,1797
28-Jun-2024 17:13:15.581,-36.637501,7.7625,9.9375,2700,1797
28-Jun-2024 17:13:15.681,-36.65625,7.7625,9.918751,2700,1797
28-Jun-2024 17:13:15.781,-36.731251,7.65,9.7875,2700,1797
28-Jun-2024 17:13:15.881,-36.693752,7.66875,9.76875,2700,1797
28-Jun-2024 17:13:15.981,-36.618752,7.63125,9.806251,2700,1797
28-Jun-2024 17:13:16.081,-36.543751,7.6125,9.69375,2700,1797
28-Jun-2024 17:13:16.181,-36.637501,7.63125,9.731251,2700,1797
28-Jun-2024 17:13:16.281,-36.65625,7.4625,9.825001,2700,1797
28-Jun-2024 17:13:16.381,-36.693752,7.55625,9.825001,2700,1797
28-Jun-2024 17:13:16.481,-36.600002,7.48125,9.7875,2700,1797
28-Jun-2024 17:13:16.581,-36.581253,7.44375,9.84375,2700,1797
28-Jun-2024 17:13:16.681,-36.600002,7.425,9.731251,2700,1797
28-Jun-2024 17:13:16.781,-36.581253,7.51875,9.6,2700,1797
28-Jun-2024 17:13:16.881,-36.675003,7.55625,9.69375,2700,1797
28-Jun-2024 17:13:16.981,-36.712502,7.5375,9.75,2700,1797
28-Jun-2024 17:13:17.081,-36.637501,7.575,9.637501,2700,1797
28-Jun-2024 17:13:17.181,-36.618752,7.66875,9.5625,2700,1797
28-Jun-2024 17:13:17.281,-36.525002,7.875,9.58125,2700,1797
28-Jun-2024 17:13:17.381,-36.46875,7.9125,9.5625,2700,1797
28-Jun-2024 17:13:17.481,-36.450001,8.08125,9.58125,2700,1797
28-Jun-2024 17:13:17.581,-36.412502,8.043751,9.675,2700,1797
28-Jun-2024 17:13:17.681,-36.337502,7.93125,9.637501,2700,1797
28-Jun-2024 17:13:17.781,-36.262501,7.875,9.50625,2700,1797
28-Jun-2024 17:13:17.881,-36.318752,7.85625,9.58125,2700,1797
28-Jun-2024 17:13:17.981,-36.431252,7.6875,9.65625,2700,1797
28-Jun-2024 17:13:18.081,-36.412502,7.6125,9.543751,2700,1797
28-Jun-2024 17:13:30.580,7.5375,49.406254,-18.112501,2483,1626
28-Jun-2024 17:13:30.680,7.275,49.462502,-18.168751,2483,1626
28-Jun-2024 17:13:30.780,7.0875,49.462502,-18.168751,2483,1626
28-Jun-2024 17:13:30.880,7.0125,49.537502,-18.150002,2483,1626
28-Jun-2024 17:13:30.980,6.825,49.631252,-18.150002,2483,1626
28-Jun-2024 17:13:31.080,6.73125,49.631252,-18.112501,2483,1626
28-Jun-2024 17:13:31.180,6.76875,49.743752,-18.075001,2483,1626
28-Jun-2024 17:13:31.280,6.88125,49.818752,-17.962502,2483,1626
28-Jun-2024 17:13:31.380,6.825,49.781254,-17.793751,2483,1626
28-Jun-2024 17:13:31.480,6.88125,49.762501,-17.643751,2483,1626
28-Jun-2024 17:13:31.580,7.0125,49.743752,-17.643751,2483,1626
28-Jun-2024 17:13:31.680,7.0125,49.706253,-17.475,2483,1626
28-Jun-2024 17:13:31.780,7.10625,49.706253,-17.4375,2483,1626
28-Jun-2024 17:13:31.880,7.1625,49.725002,-17.493752,2483,1626
28-Jun-2024 17:13:31.980,7.10625,49.687504,-17.38125,2483,1626
28-Jun-2024 17:13:32.080,7.03125,49.631252,-17.2875,2483,1626
28-Jun-2024 17:13:32.180,7.06875,49.762501,-17.325001,2483,1626
28-Jun-2024 17:13:32.280,7.0875,49.800003,-17.19375,2483,1626
28-Jun-2024 17:13:32.380,6.99375,49.687504,-17.118752,2483,1626
28-Jun-2024 17:13:32.480,7.0125,49.781254,-17.25,2483,1626
28-Jun-2024 17:13:32.580,7.0875,49.650002,-17.2875,2483,1626
28-Jun-2024 17:13:32.680,7.18125,49.668751,-17.268751,2483,1626
28-Jun-2024 17:13:32.780,7.2375,49.706253,-17.325001,2483,1626
28-Jun-2024 17:13:32.880,7.21875,49.743752,-17.475,2483,1626
28-Jun-2024 17:13:32.980,7.275,49.612503,-17.512501,2483,1626
28-Jun-2024 17:13:33.080,7.21875,49.518753,-17.587502,2483,1626
28-Jun-2024 17:13:33.180,7.33125,49.631252,-17.625,2483,1626
28-Jun-2024 17:13:33.280,7.36875,49.650002,-17.475,2483,1626
28-Jun-2024 17:13:33.380,7.33125,49.743752,-17.53125,2483,1626
28-Jun-2024 17:13:33.480,7.33125,49.725002,-17.53125,2483,1626
28-Jun-2024 17:13:33.580,7.35,49.762501,-17.456251,2483,1626
28-Jun-2024 17:13:33.680,7.425,49.706253,-17.493752,2483,1626
28-Jun-2024 17:13:33.780,7.3875,49.762501,-17.400002,2483,1626
28-Jun-2024 17:13:33.880,7.40625,49.837502,-17.34375,2483,1626
28-Jun-2024 17:13:33.980,7.25625,49.818752,-17.325001,2483,1626
28-Jun-2024 17:13:34.080,7.2,49.818752,-17.456251,2483,1626
28-Jun-2024 17:13:34.180,7.36875,49.781254,-17.362501,2483,1626
28-Jun-2024 17:13:34.280,7.36875,49.706253,-17.34375,2483,1626
28-Jun-2024 17:13:34.380,7.2375,49.762501,-17.456251,2483,1626
28-Jun-2024 17:13:34.480,7.275,49.762501,-17.362501,2483,1626
28-Jun-2024 17:13:34.580,7.36875,49.725002,-17.325001,2483,1626
28-Jun-2024 17:13:34.680,7.425,49.706253,-17.512501,2483,1626
28-Jun-2024 17:13:34.780,7.55625,49.725002,-17.456251,2483,1626
28-Jun-2024 17:13:34.880,7.70625,49.687504,-17.38125,2483,1626
28-Jun-2024 17:13:34.980,7.55625,49.837502,-17.475,2483,1626
28-Jun-2024 17:13:35.080,7.63125,49.875004,-17.475,2483,1626
28-Jun-2024 17:13:35.180,7.59375,49.725002,-17.493752,2483,1626
28-Jun-2024 17:13:35.280,7.40625,49.800003,-17.475,2483,1626
28-Jun-2024 17:13:35.380,7.40625,49.781254,-17.53125,2483,1626
28-Jun-2024 17:13:35.480,7.33125,49.743752,-17.493752,2483,1626
28-Jun-2024 17:13:35.580,7.275,49.837502,-17.625,2483,1626
28-Jun-2024 17:13:35.680,7.21875,49.875004,-17.700001,2483,1626
28-Jun-2024 17:13:35.780,7.21875,49.743752,-17.71875,2483,1626
28-Jun-2024 17:13:35.880,7.125,49.650002,-17.831251,2483,1626
28-Jun-2024 17:13:35.980,7.21875,49.781254,-17.90625,2483,1626
28-Jun-2024 17:13:36.080,7.36875,49.687504,-17.887501,2483,1626
28-Jun-2024 17:13:36.180,7.275,49.706253,-17.94375,2483,1626
28-Jun-2024 17:13:36.280,7.275,49.743752,-17.90625,2483,1626
28-Jun-2024 17:13:36.380,7.2,49.575001,-17.90625,2483,1626
28-Jun-2024 17:13:36.480,7.2375,49.650002,-17.94375,2483,1626
28-Jun-2024 17:13:36.580,7.33125,49.593754,-18.0375,2483,1626
28-Jun-2024 17:13:36.680,7.3125,49.706253,-18,2483,1626
28-Jun-2024 17:13:36.780,7.3875,49.593754,-18.018751,2483,1626
28-Jun-2024 17:13:36.880,7.3125,49.500004,-18.206251,2483,1626
28-Jun-2024 17:13:36.980,7.40625,49.443752,-18.206251,2483,1626
28-Jun-2024 17:13:37.080,7.4625,49.537502,-18.206251,2483,1626
28-Jun-2024 17:13:37.180,7.40625,49.612503,-18.09375,2483,1626
28-Jun-2024 17:13:37.280,7.29375,49.462502,-18.0375,2483,1626
28-Jun-2024 17:13:37.380,7.2375,49.481251,-18.056252,2483,1626
28-Jun-2024 17:13:37.480,7.3125,49.481251,-18.075001,2483,1626
28-Jun-2024 17:13:37.580,7.18125,49.406254,-18.056252,2483,1626
28-Jun-2024 17:13:37.680,7.2375,49.443752,-18.056252,2483,1626
28-Jun-2024 17:13:37.780,7.2,49.481251,-18.112501,2483,1626
28-Jun-2024 17:13:37.880,7.21875,49.350002,-18.13125,2483,1626
28-Jun-2024 17:13:37.980,7.48125,49.312504,-18.225,2483,1626
28-Jun-2024 17:13:38.080,7.4625,49.387501,-18.28125,2483,1626
28-Jun-2024 17:13:38.180,7.5,49.443752,-18.31875,2483,1626
28-Jun-2024 17:13:38.280,7.55625,49.406254,-18.31875,2483,1626
28-Jun-2024 17:13:38.380,7.66875,49.443752,-18.243752,2483,1626
28-Jun-2024 17:13:38.480,7.81875,49.593754,-18.206251,2483,1626
28-Jun-2024 17:13:38.580,7.81875,49.575001,-18.206251,2483,1626
28-Jun-2024 17:13:38.680,7.8,49.612503,-18.225,2483,1626
28-Jun-2024 17:13:38.780,7.6125,49.650002,-18.112501,2483,1626
28-Jun-2024 17:13:38.880,7.6875,49.631252,-18.056252,2483,1626
28-Jun-2024 17:13:38.980,7.66875,49.687504,-17.94375,2483,1626
28-Jun-2024 17:13:39.080,7.63125,49.668751,-17.887501,2483,1626
28-Jun-2024 17:13:39.180,7.5375,49.650002,-17.981251,2483,1626
28-Jun-2024 17:13:39.280,7.3125,49.518753,-17.94375,2483,1626
28-Jun-2024 17:13:39.380,7.2375,49.518753,-18,2483,1626
28-Jun-2024 17:13:39.480,7.125,49.593754,-17.981251,2483,1626
28-Jun-2024 17:13:39.580,7.1625,49.650002,-18.0375,2483,1626
28-Jun-2024 17:13:39.680,7.125,49.631252,-18.09375,2483,1626
28-Jun-2024 17:13:39.780,7.05,49.462502,-18.13125,2483,1626
28-Jun-2024 17:13:39.880,6.9375,49.518753,-18.112501,2483,1626
28-Jun-2024 17:13:39.980,6.95625,49.556252,-18.0375,2483,1626
28-Jun-2024 17:13:40.079,6.95625,49.668751,-18.018751,2483,1626
28-Jun-2024 17:13:40.180,6.99375,49.725002,-17.8125,2483,1626
28-Jun-2024 17:13:40.280,6.9375,49.725002,-17.681252,2483,1626
28-Jun-2024 17:13:40.380,6.975,49.687504,-17.643751,2483,1626
28-Jun-2024 17:13:40.480,6.95625,49.837502,-17.550001,2483,1626
28-Jun-2024 17:13:55.380,-37.668751,-6.1875,9.450001,2483,1438
28-Jun-2024 17:13:55.480,-37.743752,-6.13125,9.337501,2483,1438
28-Jun-2024 17:13:55.580,-37.78125,-6.01875,9.243751,2483,1438
28-Jun-2024 17:13:55.680,-37.743752,-5.98125,9.150001,2483,1438
28-Jun-2024 17:13:55.780,-37.6875,-6.01875,9.243751,2483,1438
28-Jun-2024 17:13:55.880,-37.6875,-5.98125,9.262501,2483,1438
28-Jun-2024 17:13:55.980,-37.631252,-5.9625,9.31875,2483,1438
28-Jun-2024 17:13:56.080,-37.59375,-5.98125,9.225,2483,1438
28-Jun-2024 17:13:56.180,-37.668751,-5.8875,9.056251,2483,1438
28-Jun-2024 17:13:56.280,-37.6875,-5.83125,9.01875,2483,1438
28-Jun-2024 17:13:56.380,-37.537502,-5.90625,9.075001,2483,1438
28-Jun-2024 17:13:56.480,-37.481251,-5.86875,9.150001,2483,1438
28-Jun-2024 17:13:56.580,-37.59375,-5.8875,9.0375,2483,1438
28-Jun-2024 17:13:56.680,-37.650002,-5.9625,9.0375,2483,1438
28-Jun-2024 17:13:56.780,-37.631252,-5.83125,8.962501,2483,1438
28-Jun-2024 17:13:56.880,-37.631252,-5.79375,9.01875,2483,1438
28-Jun-2024 17:13:56.980,-37.59375,-5.86875,9.225,2483,1438
28-Jun-2024 17:13:57.080,-37.462502,-5.94375,9.225,2483,1438
28-Jun-2024 17:13:57.180,-37.59375,-5.83125,9.225,2483,1438
28-Jun-2024 17:13:57.280,-37.612503,-5.86875,9.225,2483,1438
28-Jun-2024 17:13:57.380,-37.5,-5.86875,9.150001,2483,1438
28-Jun-2024 17:13:57.480,-37.3125,-5.8125,9.150001,2483,1438
28-Jun-2024 17:13:57.580,-37.387501,-5.83125,9.20625,2483,1438
28-Jun-2024 17:13:57.680,-37.387501,-5.71875,9.150001,2483,1438
28-Jun-2024 17:13:57.780,-37.331253,-5.55,9.056251,2483,1438
28-Jun-2024 17:13:57.880,-37.256252,-5.49375,9,2483,1438
28-Jun-2024 17:13:57.980,-37.200001,-5.41875,8.94375,2483,1438
28-Jun-2024 17:13:58.080,-37.275002,-5.4,8.83125,2483,1438
28-Jun-2024 17:13:58.180,-37.256252,-5.3625,8.981251,2483,1438
28-Jun-2024 17:13:58.280,-37.40625,-5.41875,8.925,2483,1438
28-Jun-2024 17:13:58.380,-37.368752,-5.34375,8.887501,2483,1438
28-Jun-2024 17:13:58.480,-37.481251,-5.38125,8.90625,2483,1438
28-Jun-2024 17:13:58.580,-37.59375,-5.5125,8.868751,2483,1438
28-Jun-2024 17:13:58.680,-37.668751,-5.55,8.868751,2483,1438
28-Jun-2024 17:13:58.780,-37.631252,-5.6625,8.925,2483,1438
28-Jun-2024 17:13:58.880,-37.762501,-5.75625,9.0375,2483,1438
28-Jun-2024 17:13:58.980,-37.800003,-5.85,8.962501,2483,1438
28-Jun-2024 17:13:59.080,-37.6875,-5.79375,9.1125,2483,1438
28-Jun-2024 17:13:59.180,-37.650002,-5.98125,9.168751,2483,1438
28-Jun-2024 17:13:59.280,-37.59375,-5.98125,9.13125,2483,1438
28-Jun-2024 17:13:59.380,-37.612503,-5.8125,9.1125,2483,1438
28-Jun-2024 17:13:59.480,-37.518753,-5.775,9.075001,2483,1438
28-Jun-2024 17:13:59.580,-37.5,-5.64375,8.981251,2483,1438
28-Jun-2024 17:13:59.680,-37.331253,-5.5125,9.01875,2483,1438
28-Jun-2024 17:13:59.780,-37.275002,-5.34375,9.056251,2483,1438
28-Jun-2024 17:13:59.880,-37.425003,-5.325,8.85,2483,1438
28-Jun-2024 17:13:59.980,-37.350002,-5.175,8.700001,2483,1438
28-Jun-2024 17:14:00.080,-37.275002,-5.2125,8.7375,2483,1438
28-Jun-2024 17:14:00.180,-37.068752,-5.25,8.793751,2483,1438
28-Jun-2024 17:14:00.280,-37.256252,-5.30625,8.8125,2483,1438
28-Jun-2024 17:14:00.380,-37.331253,-5.26875,8.83125,2483,1438
28-Jun-2024 17:14:00.480,-37.350002,-5.34375,8.7375,2483,1438
28-Jun-2024 17:14:00.580,-37.350002,-5.3625,8.64375,2483,1438
28-Jun-2024 17:14:00.680,-37.256252,-5.30625,8.64375,2483,1438
28-Jun-2024 17:14:00.780,-37.237503,-5.34375,8.6625,2483,1438
28-Jun-2024 17:14:00.880,-37.237503,-5.3625,8.493751,2483,1438
28-Jun-2024 17:14:00.980,-37.40625,-5.4375,8.55,2483,1438
28-Jun-2024 17:14:01.080,-37.181252,-5.475,8.587501,2483,1438
28-Jun-2024 17:14:01.180,-37.143753,-5.49375,8.64375,2483,1438
28-Jun-2024 17:14:01.280,-37.293751,-5.475,8.625,2483,1438
28-Jun-2024 17:14:01.380,-37.200001,-5.625,8.606251,2483,1438
28-Jun-2024 17:14:01.480,-37.181252,-5.75625,8.64375,2483,1438
28-Jun-2024 17:14:01.580,-37.181252,-5.775,8.625,2483,1438
28-Jun-2024 17:14:01.680,-37.21875,-5.68125,8.75625,2483,1438
28-Jun-2024 17:14:01.780,-37.181252,-5.68125,8.56875,2483,1438
28-Jun-2024 17:14:01.880,-37.237503,-5.5875,8.53125,2483,1438
28-Jun-2024 17:14:01.980,-37.275002,-5.71875,8.45625,2483,1438
28-Jun-2024 17:14:02.080,-37.050003,-5.7,8.45625,2483,1438
28-Jun-2024 17:14:02.180,-37.143753,-5.55,8.4375,2483,1438
28-Jun-2024 17:14:02.280,-37.181252,-5.4,8.3625,2483,1438
28-Jun-2024 17:14:02.380,-37.256252,-5.4,8.4375,2483,1438
28-Jun-2024 17:14:02.480,-37.256252,-5.475,8.493751,2483,1438
28-Jun-2024 17:14:02.580,-37.275002,-5.55,8.6625,2483,1438
28-Jun-2024 17:14:02.680,-37.368752,-5.55,8.55,2483,1438
28-Jun-2024 17:14:02.780,-37.350002,-5.5875,8.400001,2483,1438
28-Jun-2024 17:14:02.880,-37.293751,-5.60625,8.493751,2483,1438
28-Jun-2024 17:14:02.980,-37.275002,-5.7,8.56875,2483,1438
28-Jun-2024 17:14:03.080,-37.293751,-5.79375,8.625,2483,1438
28-Jun-2024 17:14:03.180,-37.256252,-5.83125,8.606251,2483,1438
28-Jun-2024 17:14:03.280,-37.21875,-5.75625,8.493751,2483,1438
28-Jun-2024 17:14:03.380,-37.143753,-5.71875,8.3625,2483,1438
28-Jun-2024 17:14:03.480,-37.068752,-5.68125,8.53125,2483,1438
28-Jun-2024 17:14:03.580,-37.125,-5.7,8.700001,2483,1438
28-Jun-2024 17:14:03.680,-37.200001,-5.68125,8.56875,2483,1438
28-Jun-2024 17:14:03.780,-37.3125,-5.5875,8.56875,2483,1438
28-Jun-2024 17:14:03.880,-37.181252,-5.55,8.587501,2483,1438
28-Jun-2024 17:14:03.980,-37.125,-5.475,8.625,2483,1438
28-Jun-2024 17:14:04.080,-37.125,-5.45625,8.64375,2483,1438
28-Jun-2024 17:14:04.180,-37.106251,-5.475,8.700001,2483,1438
28-Jun-2024 17:14:04.280,-37.162502,-5.38125,8.587501,2483,1438
28-Jun-2024 17:14:04.380,-37.087502,-5.2875,8.512501,2483,1438
28-Jun-2024 17:14:04.480,-37.125,-5.325,8.55,2483,1438
28-Jun-2024 17:14:04.580,-36.993752,-5.4,8.493751,2483,1438
28-Jun-2024 17:14:04.680,-37.050003,-5.38125,8.400001,2483,1438
28-Jun-2024 17:14:04.780,-37.068752,-5.475,8.418751,2483,1438
28-Jun-2024 17:14:04.880,-37.106251,-5.60625,8.418751,2483,1438
28-Jun-2024 17:14:04.980,-37.143753,-5.53125,8.400001,2483,1438
28-Jun-2024 17:14:05.080,-36.993752,-5.5875,8.53125,2483,1438
28-Jun-2024 17:14:05.180,-37.050003,-5.6625,8.512501,2483,1438
28-Jun-2024 17:14:05.280,-37.03125,-5.71875,8.493751,2483,1438
28-Jun-2024 17:14:16.980,-32.25,6.2625,37.800003,2169,1377
28-Jun-2024 17:14:17.080,-32.212502,6.16875,37.762501,2169,1377
28-Jun-2024 17:14:17.179,-32.306252,6.16875,37.575001,2169,1377
28-Jun-2024 17:14:17.280,-32.325001,6.05625,37.5,2169,1377
28-Jun-2024 17:14:17.380,-32.268753,6.09375,37.350002,2169,1377
28-Jun-2024 17:14:17.480,-32.287502,5.9625,37.425003,2169,1377
28-Jun-2024 17:14:17.580,-32.306252,6.01875,37.518753,2169,1377
28-Jun-2024 17:14:17.680,-32.4375,5.85,37.462502,2169,1377
28-Jun-2024 17:14:17.780,-32.381252,5.86875,37.518753,2169,1377
28-Jun-2024 17:14:17.880,-32.400002,5.8875,37.481251,2169,1377
28-Jun-2024 17:14:17.980,-32.475002,5.8125,37.575001,2169,1377
28-Jun-2024 17:14:18.080,-32.456253,5.85,37.6875,2169,1377
28-Jun-2024 17:14:18.180,-32.493752,5.86875,37.818752,2169,1377
28-Jun-2024 17:14:18.280,-32.587502,5.90625,37.743752,2169,1377
28-Jun-2024 17:14:18.380,-32.606251,5.925,37.706253,2169,1377
28-Jun-2024 17:14:18.480,-32.606251,6.01875,37.612503,2169,1377
28-Jun-2024 17:14:18.580,-32.700001,5.98125,37.612503,2169,1377
28-Jun-2024 17:14:18.680,-32.681252,5.98125,37.650002,2169,1377
28-Jun-2024 17:14:18.780,-32.643753,6.01875,37.575001,2169,1377
28-Jun-2024 17:14:18.880,-32.53125,6.15,37.537502,2169,1377
28-Jun-2024 17:14:18.980,-32.568752,6.13125,37.443752,2169,1377
28-Jun-2024 17:14:19.080,-32.493752,6.15,37.350002,2169,1377
28-Jun-2024 17:14:19.180,-32.400002,6.0375,37.40625,2169,1377
28-Jun-2024 17:14:19.280,-32.493752,6.0375,37.481251,2169,1377
28-Jun-2024 17:14:19.380,-32.34375,6.13125,37.462502,2169,1377
28-Jun-2024 17:14:19.480,-32.362503,6.24375,37.518753,2169,1377
28-Jun-2024 17:14:19.580,-32.381252,6.1125,37.481251,2169,1377
28-Jun-2024 17:14:19.680,-32.512501,6,37.40625,2169,1377
28-Jun-2024 17:14:19.780,-32.34375,5.9625,37.443752,2169,1377
28-Jun-2024 17:14:19.880,-32.418751,5.925,37.40625,2169,1377
28-Jun-2024 17:14:19.980,-32.381252,6.1125,37.162502,2169,1377
28-Jun-2024 17:14:20.080,-32.287502,6.24375,37.125,2169,1377
28-Jun-2024 17:14:20.180,-32.418751,6.16875,37.162502,2169,1377
28-Jun-2024 17:14:20.280,-32.325001,6.225,37.03125,2169,1377
28-Jun-2024 17:14:20.380,-32.306252,6.31875,37.012501,2169,1377
28-Jun-2024 17:14:20.480,-32.381252,6.3375,36.975002,2169,1377
28-Jun-2024 17:14:20.580,-32.625,6.3375,36.900002,2169,1377
28-Jun-2024 17:14:20.680,-32.606251,6.28125,37.068752,2169,1377
28-Jun-2024 17:14:20.780,-32.775002,6.24375,37.368752,2169,1377
28-Jun-2024 17:14:20.879,-32.850002,6.225,37.481251,2169,1377
28-Jun-2024 17:14:20.980,-32.868752,6.24375,37.462502,2169,1377
28-Jun-2024 17:14:21.080,-32.831253,6.16875,37.481251,2169,1377
28-Jun-2024 17:14:21.180,-32.756252,6.15,37.556252,2169,1377
28-Jun-2024 17:14:21.280,-32.643753,6.16875,37.518753,2169,1377
28-Jun-2024 17:14:21.380,-32.550003,6.09375,37.518753,2169,1377
28-Jun-2024 17:14:21.480,-32.606251,6.13125,37.40625,2169,1377
28-Jun-2024 17:14:21.580,-32.643753,6.1125,37.350002,2169,1377
28-Jun-2024 17:14:21.680,-32.550003,6,37.293751,2169,1377
28-Jun-2024 17:14:21.780,-32.4375,6.01875,37.21875,2169,1377
28-Jun-2024 17:14:21.880,-32.587502,6,37.106251,2169,1377
28-Jun-2024 17:14:21.980,-32.756252,6.01875,37.143753,2169,1377
28-Jun-2024 17:14:22.080,-32.681252,6.09375,37.237503,2169,1377
28-Jun-2024 17:14:22.180,-32.606251,6.28125,37.087502,2169,1377
28-Jun-2024 17:14:22.280,-32.456253,6.375,37.087502,2169,1377
28-Jun-2024 17:14:22.380,-32.268753,6.43125,37.03125,2169,1377
28-Jun-2024 17:14:22.480,-32.306252,6.4875,36.900002,2169,1377
28-Jun-2024 17:14:22.580,-32.25,6.375,36.881252,2169,1377
28-Jun-2024 17:14:22.680,-32.118752,6.31875,36.900002,2169,1377
28-Jun-2024 17:14:22.780,-31.950001,6.31875,36.75,2169,1377
28-Jun-2024 17:14:22.880,-32.006252,6.225,36.5625,2169,1377
28-Jun-2024 17:14:22.980,-32.100002,6.13125,36.675003,2169,1377
28-Jun-2024 17:14:23.080,-32.268753,6,36.543751,2169,1377
28-Jun-2024 17:14:23.180,-32.34375,6.05625,36.5625,2169,1377
28-Jun-2024 17:14:23.280,-32.175003,6.075,36.525002,2169,1377
28-Jun-2024 17:14:23.380,-32.193752,6.1875,36.5625,2169,1377
28-Jun-2024 17:14:23.480,-32.231251,6.15,36.675003,2169,1377
28-Jun-2024 17:14:23.580,-32.362503,6.075,36.693752,2169,1377
28-Jun-2024 17:14:23.680,-32.325001,6.1125,36.825001,2169,1377
28-Jun-2024 17:14:23.780,-32.25,6.13125,36.825001,2169,1377
28-Jun-2024 17:14:23.880,-32.175003,6.1875,36.825001,2169,1377
28-Jun-2024 17:14:23.980,-32.118752,6.13125,36.768753,2169,1377
28-Jun-2024 17:14:24.080,-32.212502,6.13125,36.768753,2169,1377
28-Jun-2024 17:14:24.180,-32.306252,6.1125,36.75,2169,1377
28-Jun-2024 17:14:24.280,-32.34375,6.225,36.731251,2169,1377
28-Jun-2024 17:14:24.380,-32.25,6.2625,36.787502,2169,1377
28-Jun-2024 17:14:24.480,-32.306252,6.225,36.75,2169,1377
28-Jun-2024 17:14:24.580,-32.325001,6.225,36.768753,2169,1377
28-Jun-2024 17:14:24.680,-32.456253,6.24375,36.825001,2169,1377
28-Jun-2024 17:14:24.780,-32.475002,6.24375,36.825001,2169,1377
28-Jun-2024 17:14:24.880,-32.493752,6.31875,36.84375,2169,1377
28-Jun-2024 17:14:24.980,-32.475002,6.45,36.862503,2169,1377
28-Jun-2024 17:14:25.080,-32.493752,6.39375,36.862503,2169,1377
28-Jun-2024 17:14:25.180,-32.550003,6.45,36.900002,2169,1377
28-Jun-2024 17:14:25.280,-32.53125,6.45,36.9375,2169,1377
28-Jun-2024 17:14:25.380,-32.475002,6.375,36.993752,2169,1377
28-Jun-2024 17:14:25.480,-32.231251,6.4125,36.900002,2169,1377
28-Jun-2024 17:14:25.580,-32.212502,6.4125,36.956253,2169,1377
28-Jun-2024 17:14:25.680,-32.193752,6.31875,36.975002,2169,1377
28-Jun-2024 17:14:25.780,-32.137501,6.20625,37.012501,2169,1377
28-Jun-2024 17:14:25.880,-32.137501,6.225,36.975002,2169,1377
28-Jun-2024 17:14:25.980,-32.118752,6.31875,37.087502,2169,1377
28-Jun-2024 17:14:26.080,-32.137501,6.31875,37.050003,2169,1377
28-Jun-2024 17:14:26.180,-32.193752,6.375,36.956253,2169,1377
28-Jun-2024 17:14:26.280,-32.325001,6.39375,37.050003,2169,1377
28-Jun-2024 17:14:26.380,-32.381252,6.35625,37.03125,2169,1377
28-Jun-2024 17:14:26.480,-32.381252,6.35625,36.975002,2169,1377
28-Jun-2024 17:14:26.580,-32.456253,6.375,36.900002,2169,1377
28-Jun-2024 17:14:26.680,-32.512501,6.39375,36.900002,2169,1377
28-Jun-2024 17:14:26.780,-32.418751,6.3,36.731251,2169,1377
28-Jun-2024 17:14:26.880,-32.362503,6.31875,36.731251,2169,1377
28-Jun-2024 17:14:49.478,-56.568752,14.2875,23.2875,2049,1373
28-Jun-2024 17:14:49.579,-56.681252,14.175,23.268751,2049,1373
28-Jun-2024 17:14:49.679,-56.700001,14.212501,23.362501,2049,1373
28-Jun-2024 17:14:49.779,-56.793751,14.212501,23.2875,2049,1373
28-Jun-2024 17:14:49.879,-56.850002,14.231251,23.2875,2049,1373
28-Jun-2024 17:14:49.979,-57.112503,14.250001,23.19375,2049,1373
28-Jun-2024 17:14:50.079,-57.131252,14.26875,23.118752,2049,1373
28-Jun-2024 17:14:50.179,-57.112503,14.156251,23.15625,2049,1373
28-Jun-2024 17:14:50.279,-57.187504,14.19375,23.118752,2049,1373
28-Jun-2024 17:14:50.379,-57.206253,14.38125,23.137501,2049,1373
28-Jun-2024 17:14:50.479,-57.300003,14.400001,23.175001,2049,1373
28-Jun-2024 17:14:50.579,-57.356251,14.306251,23.2875,2049,1373
28-Jun-2024 17:14:50.679,-57.356251,14.343751,23.325001,2049,1373
28-Jun-2024 17:14:50.779,-57.206253,14.343751,23.493752,2049,1373
28-Jun-2024 17:14:50.879,-57.243752,14.45625,23.53125,2049,1373
28-Jun-2024 17:14:50.979,-57.225002,14.55,23.625,2049,1373
28-Jun-2024 17:14:51.079,-57.243752,14.56875,23.737501,2049,1373
28-Jun-2024 17:14:51.179,-57.131252,14.437501,23.681252,2049,1373
28-Jun-2024 17:14:51.279,-57.131252,14.400001,23.625,2049,1373
28-Jun-2024 17:14:51.379,-57.075001,14.493751,23.625,2049,1373
28-Jun-2024 17:14:51.479,-57.112503,14.531251,23.71875,2049,1373
28-Jun-2024 17:14:51.579,-57.168751,14.45625,23.606251,2049,1373
28-Jun-2024 17:14:51.679,-57.225002,14.400001,23.643751,2049,1373
28-Jun-2024 17:14:51.779,-57.318752,14.2875,23.71875,2049,1373
28-Jun-2024 17:14:51.879,-57.375004,14.19375,23.71875,2049,1373
28-Jun-2024 17:14:51.979,-57.487503,14.19375,23.71875,2049,1373
28-Jun-2024 17:14:52.079,-57.581253,14.26875,23.775002,2049,1373
28-Jun-2024 17:14:52.179,-57.600002,14.231251,23.775002,2049,1373
28-Jun-2024 17:14:52.279,-57.562504,14.137501,23.681252,2049,1373
28-Jun-2024 17:14:52.379,-57.487503,14.08125,23.75625,2049,1373
28-Jun-2024 17:14:52.479,-57.412502,13.9875,23.8125,2049,1373
28-Jun-2024 17:14:52.579,-57.337502,14.1,23.75625,2049,1373
28-Jun-2024 17:14:52.679,-57.243752,14.118751,23.775002,2049,1373
28-Jun-2024 17:14:52.779,-57.262501,14.137501,23.868752,2049,1373
28-Jun-2024 17:14:52.879,-57.093754,14.062501,23.775002,2049,1373
28-Jun-2024 17:14:52.979,-57.075001,13.968751,23.71875,2049,1373
28-Jun-2024 17:14:53.079,-57.093754,13.968751,23.887501,2049,1373
28-Jun-2024 17:14:53.178,-57.206253,13.968751,23.85,2049,1373
28-Jun-2024 17:14:53.279,-57.337502,13.968751,23.793751,2049,1373
28-Jun-2024 17:14:53.379,-57.337502,13.837501,23.793751,2049,1373
28-Jun-2024 17:14:53.479,-57.337502,13.781251,23.71875,2049,1373
28-Jun-2024 17:14:53.579,-57.318752,13.687501,23.681252,2049,1373
28-Jun-2024 17:14:53.679,-57.431252,13.6125,23.737501,2049,1373
28-Jun-2024 17:14:53.779,-57.487503,13.650001,23.831251,2049,1373
28-Jun-2024 17:14:53.879,-57.431252,13.63125,23.75625,2049,1373
28-Jun-2024 17:14:53.979,-57.356251,13.668751,23.71875,2049,1373
28-Jun-2024 17:14:54.079,-57.206253,13.687501,23.700001,2049,1373
28-Jun-2024 17:14:54.179,-57.262501,13.668751,23.625,2049,1373
28-Jun-2024 17:14:54.279,-57.262501,13.63125,23.681252,2049,1373
28-Jun-2024 17:14:54.379,-57.225002,13.63125,23.700001,2049,1373
28-Jun-2024 17:14:54.479,-57.168751,13.668751,23.71875,2049,1373
28-Jun-2024 17:14:54.579,-57.075001,13.6125,23.550001,2049,1373
28-Jun-2024 17:14:54.679,-57.075001,13.575001,23.56875,2049,1373
28-Jun-2024 17:14:54.779,-57.131252,13.556251,23.475,2049,1373
28-Jun-2024 17:14:54.879,-57.150002,13.6125,23.400002,2049,1373
28-Jun-2024 17:14:54.979,-57.093754,13.81875,23.418751,2049,1373
28-Jun-2024 17:14:55.079,-57.112503,13.931251,23.362501,2049,1373
28-Jun-2024 17:14:55.179,-57.206253,14.062501,23.268751,2049,1373
28-Jun-2024 17:14:55.279,-57.243752,14.062501,23.231251,2049,1373
28-Jun-2024 17:14:55.379,-57.150002,14.118751,23.268751,2049,1373
28-Jun-2024 17:14:55.479,-57.112503,14.212501,23.15625,2049,1373
28-Jun-2024 17:14:55.579,-57.037502,14.306251,23.231251,2049,1373
28-Jun-2024 17:14:55.679,-56.943752,14.343751,23.212502,2049,1373
28-Jun-2024 17:14:55.779,-56.943752,14.19375,23.268751,2049,1373
28-Jun-2024 17:14:55.879,-56.812504,14.19375,23.34375,2049,1373
28-Jun-2024 17:14:55.979,-56.700001,14.118751,23.34375,2049,1373
28-Jun-2024 17:14:56.079,-56.718754,14.19375,23.38125,2049,1373
28-Jun-2024 17:14:56.179,-56.756252,14.19375,23.362501,2049,1373
28-Jun-2024 17:14:56.279,-56.793751,14.062501,23.418751,2049,1373
28-Jun-2024 17:14:56.379,-56.756252,13.9875,23.493752,2049,1373
28-Jun-2024 17:14:56.479,-56.831253,13.856251,23.606251,2049,1373
28-Jun-2024 17:14:56.579,-56.812504,13.950001,23.625,2049,1373
28-Jun-2024 17:14:56.679,-56.887501,13.950001,23.71875,2049,1373
28-Jun-2024 17:14:56.779,-56.906254,13.968751,23.75625,2049,1373
28-Jun-2024 17:14:56.879,-56.793751,13.9875,23.737501,2049,1373
28-Jun-2024 17:14:56.979,-56.793751,14.062501,23.868752,2049,1373
28-Jun-2024 17:14:57.079,-56.793751,14.062501,23.90625,2049,1373
28-Jun-2024 17:14:57.179,-56.812504,14.00625,23.85,2049,1373
28-Jun-2024 17:14:57.279,-56.793751,14.062501,23.71875,2049,1373
28-Jun-2024 17:14:57.379,-56.662502,14.00625,23.681252,2049,1373
28-Jun-2024 17:14:57.479,-56.662502,14.025001,23.550001,2049,1373
28-Jun-2024 17:14:57.579,-56.662502,13.9875,23.550001,2049,1373
28-Jun-2024 17:14:57.679,-56.662502,13.950001,23.53125,2049,1373
28-Jun-2024 17:14:57.779,-56.681252,13.762501,23.493752,2049,1373
28-Jun-2024 17:14:57.879,-56.643753,13.8,23.4375,2049,1373
28-Jun-2024 17:14:57.979,-56.700001,13.9125,23.400002,2049,1373
28-Jun-2024 17:14:58.079,-56.643753,13.781251,23.493752,2049,1373
28-Jun-2024 17:14:58.179,-56.700001,13.762501,23.456251,2049,1373
28-Jun-2024 17:14:58.279,-56.625004,13.762501,23.456251,2049,1373
28-Jun-2024 17:14:58.379,-56.625004,13.8,23.53125,2049,1373
28-Jun-2024 17:14:58.479,-56.681252,13.687501,23.606251,2049,1373
28-Jun-2024 17:14:58.579,-56.775002,13.70625,23.475,2049,1373
28-Jun-2024 17:14:58.679,-56.718754,13.725,23.493752,2049,1373
28-Jun-2024 17:14:58.779,-56.587502,13.650001,23.512501,2049,1373
28-Jun-2024 17:14:58.879,-56.643753,13.725,23.475,2049,1373
28-Jun-2024 17:14:58.979,-56.550003,13.668751,23.475,2049,1373
28-Jun-2024 17:14:59.079,-56.493752,13.668751,23.475,2049,1373
28-Jun-2024 17:14:59.179,-56.531254,13.6125,23.38125,2049,1373
28-Jun-2024 17:14:59.279,-56.362503,13.575001,23.38125,2049,1373
28-Jun-2024 17:14:59.379,-56.306252,13.593751,23.475,2049,1373
28-Jun-2024 17:15:10.779,-33.131252,9.262501,-6.73125,2177,1053
28-Jun-2024 17:15:10.879,-33.206253,9.28125,-6.8625,2177,1053
28-Jun-2024 17:15:10.979,-33.206253,9.243751,-6.84375,2177,1053
28-Jun-2024 17:15:11.079,-33.318752,9.20625,-6.73125,2177,1053
28-Jun-2024 17:15:11.179,-33.356251,9.262501,-6.75,2177,1053
28-Jun-2024 17:15:11.279,-33.356251,9.150001,-6.76875,2177,1053
28-Jun-2024 17:15:11.379,-33.356251,9.3,-6.7875,2177,1053
28-Jun-2024 17:15:11.479,-33.375,9.31875,-6.75,2177,1053
28-Jun-2024 17:15:11.579,-33.393753,9.28125,-6.75,2177,1053
28-Jun-2024 17:15:11.679,-33.300003,9.262501,-6.675,2177,1053
28-Jun-2024 17:15:11.779,-33.337502,9.31875,-6.7125,2177,1053
28-Jun-2024 17:15:11.879,-33.318752,9.28125,-6.76875,2177,1053
28-Jun-2024 17:15:11.979,-33.356251,9.1875,-6.675,2177,1053
28-Jun-2024 17:15:12.079,-33.412502,9.225,-6.65625,2177,1053
28-Jun-2024 17:15:12.179,-33.393753,9.225,-6.7125,2177,1053
28-Jun-2024 17:15:12.279,-33.525002,9.225,-6.76875,2177,1053
28-Jun-2024 17:15:12.379,-33.581253,9.1875,-6.8625,2177,1053
28-Jun-2024 17:15:12.479,-33.487503,9.20625,-6.91875,2177,1053
28-Jun-2024 17:15:12.579,-33.375,9.168751,-6.9,2177,1053
28-Jun-2024 17:15:12.679,-33.28125,9.168751,-6.8625,2177,1053
28-Jun-2024 17:15:12.779,-33.300003,9.31875,-6.9375,2177,1053
28-Jun-2024 17:15:12.879,-33.28125,9.356251,-6.975,2177,1053
28-Jun-2024 17:15:12.979,-33.300003,9.31875,-6.975,2177,1053
28-Jun-2024 17:15:13.079,-33.1875,9.39375,-6.95625,2177,1053
28-Jun-2024 17:15:13.179,-33.1875,9.4125,-6.975,2177,1053
28-Jun-2024 17:15:13.279,-33.262501,9.4125,-6.99375,2177,1053
28-Jun-2024 17:15:13.379,-33.337502,9.450001,-6.99375,2177,1053
28-Jun-2024 17:15:13.479,-33.243752,9.431251,-7.18125,2177,1053
28-Jun-2024 17:15:13.579,-33.262501,9.356251,-7.2375,2177,1053
28-Jun-2024 17:15:13.679,-33.131252,9.356251,-7.18125,2177,1053
28-Jun-2024 17:15:13.779,-33.09375,9.39375,-7.2,2177,1053
28-Jun-2024 17:15:13.879,-33.075001,9.262501,-7.25625,2177,1053
28-Jun-2024 17:15:13.979,-32.962502,9.356251,-7.275,2177,1053
28-Jun-2024 17:15:14.079,-32.962502,9.4125,-7.275,2177,1053
28-Jun-2024 17:15:14.179,-32.90625,9.31875,-7.425,2177,1053
28-Jun-2024 17:15:14.279,-33.09375,9.356251,-7.18125,2177,1053
28-Jun-2024 17:15:14.379,-33.037502,9.450001,-7.25625,2177,1053
28-Jun-2024 17:15:14.479,-33.262501,9.450001,-7.25625,2177,1053
28-Jun-2024 17:15:14.579,-33.243752,9.4125,-7.18125,2177,1053
28-Jun-2024 17:15:14.679,-33.300003,9.4125,-7.21875,2177,1053
28-Jun-2024 17:15:14.779,-33.300003,9.262501,-7.125,2177,1053
28-Jun-2024 17:15:14.879,-33.225002,9.225,-7.125,2177,1053
28-Jun-2024 17:15:14.979,-33.262501,9.337501,-6.99375,2177,1053
28-Jun-2024 17:15:15.079,-33.262501,9.337501,-7.10625,2177,1053
28-Jun-2024 17:15:15.179,-33.375,9.1875,-6.975,2177,1053
28-Jun-2024 17:15:15.279,-33.262501,9.225,-7.03125,2177,1053
28-Jun-2024 17:15:15.379,-33.243752,9.243751,-7.0125,2177,1053
28-Jun-2024 17:15:15.479,-33.206253,9.262501,-7.0125,2177,1053
28-Jun-2024 17:15:15.579,-33.28125,9.337501,-7.10625,2177,1053
28-Jun-2024 17:15:15.679,-33.356251,9.356251,-7.03125,2177,1053
28-Jun-2024 17:15:15.779,-33.28125,9.356251,-7.03125,2177,1053
28-Jun-2024 17:15:15.879,-33.168751,9.431251,-7.18125,2177,1053
28-Jun-2024 17:15:15.979,-33.168751,9.543751,-7.29375,2177,1053
28-Jun-2024 17:15:16.079,-33.1875,9.50625,-7.3125,2177,1053
28-Jun-2024 17:15:16.179,-33.318752,9.431251,-7.44375,2177,1053
28-Jun-2024 17:15:16.279,-33.337502,9.4125,-7.425,2177,1053
28-Jun-2024 17:15:16.379,-33.225002,9.4125,-7.5,2177,1053
28-Jun-2024 17:15:16.479,-33.112503,9.375,-7.5375,2177,1053
28-Jun-2024 17:15:16.579,-33.112503,9.39375,-7.425,2177,1053
28-Jun-2024 17:15:16.679,-33.225002,9.262501,-7.2,2177,1053
28-Jun-2024 17:15:16.779,-33.131252,9.20625,-7.06875,2177,1053
28-Jun-2024 17:15:16.879,-33.09375,9.075001,-6.99375,2177,1053
28-Jun-2024 17:15:16.979,-33.09375,9.13125,-6.91875,2177,1053
28-Jun-2024 17:15:17.079,-33.018753,9.1125,-6.99375,2177,1053
28-Jun-2024 17:15:17.179,-33.075001,9.1125,-6.9,2177,1053
28-Jun-2024 17:15:17.279,-33.1875,9.056251,-6.91875,2177,1053
28-Jun-2024 17:15:17.379,-33.300003,8.962501,-6.99375,2177,1053
28-Jun-2024 17:15:17.479,-33.356251,8.94375,-7.03125,2177,1053
28-Jun-2024 17:15:17.579,-33.412502,8.925,-7.05,2177,1053
28-Jun-2024 17:15:17.679,-33.393753,9.01875,-6.975,2177,1053
28-Jun-2024 17:15:17.779,-33.262501,9.056251,-7.0125,2177,1053
28-Jun-2024 17:15:17.879,-33.375,8.925,-6.9,2177,1053
28-Jun-2024 17:15:17.979,-33.356251,8.94375,-6.95625,2177,1053
28-Jun-2024 17:15:18.079,-33.300003,8.94375,-6.95625,2177,1053
28-Jun-2024 17:15:18.179,-33.243752,8.94375,-6.99375,2177,1053
28-Jun-2024 17:15:18.279,-33.225002,9.0375,-7.14375,2177,1053
28-Jun-2024 17:15:18.379,-33.112503,9.0375,-7.2375,2177,1053
28-Jun-2024 17:15:18.479,-33.09375,9,-7.2,2177,1053
28-Jun-2024 17:15:18.579,-33.206253,8.925,-7.21875,2177,1053
28-Jun-2024 17:15:18.679,-33.09375,9.0375,-7.275,2177,1053
28-Jun-2024 17:15:18.779,-33.1875,9,-7.18125,2177,1053
28-Jun-2024 17:15:18.879,-33.206253,8.981251,-7.18125,2177,1053
28-Jun-2024 17:15:18.979,-33.337502,8.925,-7.1625,2177,1053
28-Jun-2024 17:15:19.079,-33.337502,8.90625,-7.0875,2177,1053
28-Jun-2024 17:15:19.178,-33.412502,8.868751,-7.0125,2177,1053
28-Jun-2024 17:15:19.279,-33.506252,8.83125,-7.0125,2177,1053
28-Jun-2024 17:15:19.379,-33.412502,8.8125,-6.99375,2177,1053
28-Jun-2024 17:15:19.479,-33.412502,8.75625,-6.975,2177,1053
28-Jun-2024 17:15:19.579,-33.431252,8.71875,-6.975,2177,1053
28-Jun-2024 17:15:19.679,-33.525002,8.700001,-6.9375,2177,1053
28-Jun-2024 17:15:19.779,-33.46875,8.71875,-6.9,2177,1053
28-Jun-2024 17:15:19.879,-33.431252,8.7375,-6.76875,2177,1053
28-Jun-2024 17:15:19.979,-33.375,8.75625,-6.825,2177,1053
28-Jun-2024 17:15:20.079,-33.412502,8.85,-6.825,2177,1053
28-Jun-2024 17:15:20.179,-33.450001,8.868751,-6.73125,2177,1053
28-Jun-2024 17:15:20.279,-33.525002,8.83125,-6.6,2177,1053
28-Jun-2024 17:15:20.379,-33.450001,8.85,-6.65625,2177,1053
28-Jun-2024 17:15:20.479,-33.375,8.868751,-6.61875,2177,1053
28-Jun-2024 17:15:20.579,-33.337502,8.887501,-6.7875,2177,1053
28-Jun-2024 17:15:20.679,-33.262501,8.887501,-6.91875,2177,1053
28-Jun-2024 17:15:36.378,-40.743752,6.95625,-3.675,2177,778
28-Jun-2024 17:15:36.478,-40.818752,6.91875,-3.7125,2177,778
28-Jun-2024 17:15:36.578,-40.856251,6.99375,-3.675,2177,778
28-Jun-2024 17:15:36.678,-40.950001,7.10625,-3.65625,2177,778
28-Jun-2024 17:15:36.778,-40.987503,7.29375,-3.6,2177,778
28-Jun-2024 17:15:36.878,-40.875,7.275,-3.525,2177,778
28-Jun-2024 17:15:36.978,-40.837502,7.33125,-3.54375,2177,778
28-Jun-2024 17:15:37.078,-40.856251,7.3125,-3.46875,2177,778
28-Jun-2024 17:15:37.178,-40.950001,7.3125,-3.3375,2177,778
28-Jun-2024 17:15:37.278,-40.912502,7.3125,-3.3,2177,778
28-Jun-2024 17:15:37.378,-40.96875,7.40625,-3.31875,2177,778
28-Jun-2024 17:15:37.478,-40.931252,7.3875,-3.24375,2177,778
28-Jun-2024 17:15:37.578,-40.856251,7.4625,-3.24375,2177,778
28-Jun-2024 17:15:37.678,-40.987503,7.5,-3.1875,2177,778
28-Jun-2024 17:15:37.778,-41.006252,7.29375,-3.13125,2177,778
28-Jun-2024 17:15:37.878,-41.025002,7.275,-3.0375,2177,778
28-Jun-2024 17:15:37.978,-40.837502,7.275,-3.075,2177,778
28-Jun-2024 17:15:38.078,-40.912502,7.2375,-3.01875,2177,778
28-Jun-2024 17:15:38.178,-40.875,7.14375,-2.90625,2177,778
28-Jun-2024 17:15:38.278,-40.987503,7.05,-2.85,2177,778
28-Jun-2024 17:15:38.378,-41.081253,6.91875,-2.7,2177,778
28-Jun-2024 17:15:38.478,-41.212502,6.7875,-2.64375,2177,778
28-Jun-2024 17:15:38.578,-41.268753,6.88125,-2.64375,2177,778
28-Jun-2024 17:15:38.678,-41.287502,6.80625,-2.56875,2177,778
28-Jun-2024 17:15:38.778,-41.381252,6.73125,-2.49375,2177,778
28-Jun-2024 17:15:38.878,-41.34375,6.75,-2.45625,2177,778
28-Jun-2024 17:15:38.978,-41.381252,6.675,-2.45625,2177,778
28-Jun-2024 17:15:39.078,-41.4375,6.69375,-2.4375,2177,778
28-Jun-2024 17:15:39.178,-41.381252,6.73125,-2.49375,2177,778
28-Jun-2024 17:15:39.278,-41.287502,6.65625,-2.56875,2177,778
28-Jun-2024 17:15:39.378,-41.175003,6.6375,-2.5125,2177,778
28-Jun-2024 17:15:39.478,-41.268753,6.6375,-2.5875,2177,778
28-Jun-2024 17:15:39.578,-41.15625,6.58125,-2.60625,2177,778
28-Jun-2024 17:15:39.678,-41.212502,6.4875,-2.5875,2177,778
28-Jun-2024 17:15:39.778,-41.268753,6.58125,-2.625,2177,778
28-Jun-2024 17:15:39.878,-41.287502,6.58125,-2.56875,2177,778
28-Jun-2024 17:15:39.978,-41.381252,6.45,-2.45625,2177,778
28-Jun-2024 17:15:40.078,-41.306252,6.46875,-2.49375,2177,778
28-Jun-2024 17:15:40.178,-41.456253,6.4125,-2.56875,2177,778
28-Jun-2024 17:15:40.278,-41.4375,6.4875,-2.60625,2177,778
28-Jun-2024 17:15:40.378,-41.475002,6.54375,-2.68125,2177,778
28-Jun-2024 17:15:40.478,-41.512501,6.6375,-2.71875,2177,778
28-Jun-2024 17:15:40.578,-41.400002,6.58125,-2.7375,2177,778
28-Jun-2024 17:15:40.678,-41.400002,6.58125,-2.85,2177,778
28-Jun-2024 17:15:40.778,-41.418751,6.73125,-3.01875,2177,778
28-Jun-2024 17:15:40.878,-41.418751,6.80625,-3.1125,2177,778
28-Jun-2024 17:15:40.978,-41.362503,6.9,-3.1125,2177,778
28-Jun-2024 17:15:41.078,-41.231251,6.7875,-3.20625,2177,778
28-Jun-2024 17:15:41.178,-41.231251,6.825,-3.16875,2177,778
28-Jun-2024 17:15:41.278,-41.043751,6.80625,-3.225,2177,778
28-Jun-2024 17:15:41.378,-41.006252,6.73125,-3.13125,2177,778
28-Jun-2024 17:15:41.478,-40.912502,6.65625,-3.09375,2177,778
28-Jun-2024 17:15:41.578,-40.893753,6.65625,-3.15,2177,778
28-Jun-2024 17:15:41.678,-40.893753,6.61875,-3.05625,2177,778
28-Jun-2024 17:15:41.778,-40.837502,6.6,-3.13125,2177,778
28-Jun-2024 17:15:41.878,-40.912502,6.69375,-3.09375,2177,778
28-Jun-2024 17:15:41.978,-40.950001,6.65625,-3.13125,2177,778
28-Jun-2024 17:15:42.078,-40.987503,6.65625,-3.16875,2177,778
28-Jun-2024 17:15:42.178,-41.100002,6.7125,-3.20625,2177,778
28-Jun-2024 17:15:42.278,-41.043751,6.76875,-3.1875,2177,778
28-Jun-2024 17:15:42.378,-40.96875,6.73125,-3.1875,2177,778
28-Jun-2024 17:15:42.478,-41.137501,6.7875,-3.15,2177,778
28-Jun-2024 17:15:42.578,-41.006252,6.825,-3.0375,2177,778
28-Jun-2024 17:15:42.678,-40.987503,6.75,-3.05625,2177,778
28-Jun-2024 17:15:42.778,-40.987503,6.675,-3.075,2177,778
28-Jun-2024 17:15:42.878,-41.025002,6.65625,-3.01875,2177,778
28-Jun-2024 17:15:42.978,-40.987503,6.675,-3.075,2177,778
28-Jun-2024 17:15:43.078,-41.0625,6.525,-3.075,2177,778
28-Jun-2024 17:15:43.178,-41.025002,6.46875,-2.9625,2177,778
28-Jun-2024 17:15:43.278,-40.893753,6.45,-3.0375,2177,778
28-Jun-2024 17:15:43.378,-40.950001,6.39375,-3,2177,778
28-Jun-2024 17:15:43.478,-40.950001,6.45,-2.94375,2177,778
28-Jun-2024 17:15:43.578,-41.081253,6.4875,-2.75625,2177,778
28-Jun-2024 17:15:43.678,-41.006252,6.46875,-2.79375,2177,778
28-Jun-2024 17:15:43.778,-40.987503,6.46875,-2.8125,2177,778
28-Jun-2024 17:15:43.878,-40.987503,6.61875,-2.8875,2177,778
28-Jun-2024 17:15:43.978,-40.987503,6.54375,-2.9625,2177,778
28-Jun-2024 17:15:44.078,-40.912502,6.525,-3,2177,778
28-Jun-2024 17:15:44.178,-40.931252,6.525,-3.15,2177,778
28-Jun-2024 17:15:44.278,-40.96875,6.5625,-3.1125,2177,778
28-Jun-2024 17:15:44.378,-40.856251,6.6,-3.31875,2177,778
28-Jun-2024 17:15:44.478,-40.875,6.54375,-3.39375,2177,778
28-Jun-2024 17:15:44.578,-40.893753,6.50625,-3.43125,2177,778
28-Jun-2024 17:15:44.678,-40.800003,6.45,-3.43125,2177,778
28-Jun-2024 17:15:44.778,-40.818752,6.50625,-3.58125,2177,778
28-Jun-2024 17:15:44.878,-40.875,6.5625,-3.6375,2177,778
28-Jun-2024 17:15:44.978,-40.950001,6.58125,-3.65625,2177,778
28-Jun-2024 17:15:45.078,-40.950001,6.4125,-3.6375,2177,778
28-Jun-2024 17:15:45.178,-40.96875,6.35625,-3.65625,2177,778
28-Jun-2024 17:15:45.278,-40.96875,6.39375,-3.46875,2177,778
28-Jun-2024 17:15:45.378,-41.100002,6.39375,-3.58125,2177,778
28-Jun-2024 17:15:45.478,-41.15625,6.3375,-3.54375,2177,778
28-Jun-2024 17:15:45.578,-41.231251,6.3375,-3.43125,2177,778
28-Jun-2024 17:15:45.678,-41.287502,6.1875,-3.375,2177,778
28-Jun-2024 17:15:45.778,-41.175003,6.15,-3.4125,2177,778
28-Jun-2024 17:15:45.878,-41.100002,6.24375,-3.525,2177,778
28-Jun-2024 17:15:45.978,-41.043751,6.3,-3.6,2177,778
28-Jun-2024 17:15:46.078,-41.0625,6.375,-3.73125,2177,778
28-Jun-2024 17:15:46.178,-40.875,6.31875,-3.6375,2177,778
28-Jun-2024 17:15:46.278,-40.893753,6.4125,-3.65625,2177,778
28-Jun-2024 17:15:59.378,-59.268753,13.968751,4.66875,2312,827
28-Jun-2024 17:15:59.478,-59.343754,14.118751,4.74375,2312,827
28-Jun-2024 17:15:59.578,-59.475002,14.325001,4.63125,2312,827
28-Jun-2024 17:15:59.678,-59.400002,14.26875,4.36875,2312,827
28-Jun-2024 17:15:59.778,-59.587502,14.2875,4.18125,2312,827
28-Jun-2024 17:15:59.878,-59.681252,14.212501,4.03125,2312,827
28-Jun-2024 17:15:59.978,-59.737503,14.043751,3.88125,2312,827
28-Jun-2024 17:16:00.078,-59.737503,14.00625,3.84375,2312,827
28-Jun-2024 17:16:00.178,-59.718754,14.043751,3.65625,2312,827
28-Jun-2024 17:16:00.278,-59.700001,13.875001,3.525,2312,827
28-Jun-2024 17:16:00.378,-59.700001,13.856251,3.46875,2312,827
28-Jun-2024 17:16:00.478,-59.700001,13.931251,3.50625,2312,827
28-Jun-2024 17:16:00.578,-59.625004,13.81875,3.5625,2312,827
28-Jun-2024 17:16:00.678,-59.512501,13.856251,3.6,2312,827
28-Jun-2024 17:16:00.778,-59.493752,13.9875,3.69375,2312,827
28-Jun-2024 17:16:00.878,-59.437504,13.9875,3.76875,2312,827
28-Jun-2024 17:16:00.978,-59.493752,13.9125,3.975,2312,827
28-Jun-2024 17:16:01.078,-59.456253,14.025001,4.10625,2312,827
28-Jun-2024 17:16:01.178,-59.456253,14.118751,4.2,2312,827
28-Jun-2024 17:16:01.278,-59.418751,14.08125,4.25625,2312,827
28-Jun-2024 17:16:01.378,-59.400002,14.306251,4.33125,2312,827
28-Jun-2024 17:16:01.478,-59.475002,14.3625,4.33125,2312,827
28-Jun-2024 17:16:01.578,-59.418751,14.38125,4.40625,2312,827
28-Jun-2024 17:16:01.678,-59.475002,14.45625,4.3875,2312,827
28-Jun-2024 17:16:01.778,-59.418751,14.55,4.33125,2312,827
28-Jun-2024 17:16:01.878,-59.381252,14.55,4.275,2312,827
28-Jun-2024 17:16:01.978,-59.287502,14.493751,4.2,2312,827
28-Jun-2024 17:16:02.078,-59.325001,14.475,4.18125,2312,827
28-Jun-2024 17:16:02.178,-59.400002,14.400001,4.10625,2312,827
28-Jun-2024 17:16:02.278,-59.362503,14.3625,4.18125,2312,827
28-Jun-2024 17:16:02.378,-59.418751,14.475,4.1625,2312,827
28-Jun-2024 17:16:02.478,-59.456253,14.400001,4.1625,2312,827
28-Jun-2024 17:16:02.577,-59.418751,14.418751,4.2,2312,827
28-Jun-2024 17:16:02.678,-59.531254,14.437501,4.1625,2312,827
28-Jun-2024 17:16:02.778,-59.550003,14.325001,4.2375,2312,827
28-Jun-2024 17:16:02.878,-59.550003,14.343751,4.33125,2312,827
28-Jun-2024 17:16:02.978,-59.475002,14.19375,4.425,2312,827
28-Jun-2024 17:16:03.078,-59.418751,14.19375,4.36875,2312,827
28-Jun-2024 17:16:03.178,-59.362503,14.00625,4.36875,2312,827
28-Jun-2024 17:16:03.278,-59.175003,14.118751,4.4625,2312,827
28-Jun-2024 17:16:03.378,-59.268753,14.08125,4.48125,2312,827
28-Jun-2024 17:16:03.478,-59.156254,14.00625,4.575,2312,827
28-Jun-2024 17:16:03.578,-59.175003,14.156251,4.575,2312,827
28-Jun-2024 17:16:03.678,-59.062504,14.19375,4.55625,2312,827
28-Jun-2024 17:16:03.778,-59.118752,14.26875,4.575,2312,827
28-Jun-2024 17:16:03.878,-59.043751,14.26875,4.63125,2312,827
28-Jun-2024 17:16:03.978,-58.987503,14.400001,4.55625,2312,827
28-Jun-2024 17:16:04.078,-59.025002,14.418751,4.575,2312,827
28-Jun-2024 17:16:04.178,-58.931252,14.306251,4.5375,2312,827
28-Jun-2024 17:16:04.278,-58.950001,14.3625,4.5,2312,827
28-Jun-2024 17:16:04.378,-58.837502,14.343751,4.5375,2312,827
28-Jun-2024 17:16:04.478,-58.893753,14.2875,4.5375,2312,827
28-Jun-2024 17:16:04.578,-58.818752,14.343751,4.48125,2312,827
28-Jun-2024 17:16:04.678,-58.968754,14.418751,4.5375,2312,827
28-Jun-2024 17:16:04.778,-59.081253,14.325001,4.70625,2312,827
28-Jun-2024 17:16:04.878,-59.156254,14.231251,4.63125,2312,827
28-Jun-2024 17:16:04.978,-59.193752,14.212501,4.6125,2312,827
28-Jun-2024 17:16:05.078,-59.268753,14.250001,4.55625,2312,827
28-Jun-2024 17:16:05.178,-59.268753,14.19375,4.5,2312,827
28-Jun-2024 17:16:05.278,-59.362503,14.156251,4.44375,2312,827
28-Jun-2024 17:16:05.378,-59.362503,14.118751,4.575,2312,827
28-Jun-2024 17:16:05.478,-59.306252,14.00625,4.51875,2312,827
28-Jun-2024 17:16:05.578,-59.212502,14.137501,4.44375,2312,827
28-Jun-2024 17:16:05.678,-59.100002,14.19375,4.40625,2312,827
28-Jun-2024 17:16:05.778,-58.968754,14.3625,4.55625,2312,827
28-Jun-2024 17:16:05.878,-58.837502,14.38125,4.51875,2312,827
28-Jun-2024 17:16:05.978,-58.818752,14.400001,4.59375,2312,827
28-Jun-2024 17:16:06.078,-58.612503,14.493751,4.575,2312,827
28-Jun-2024 17:16:06.178,-58.593754,14.55,4.48125,2312,827
28-Jun-2024 17:16:06.277,-58.687504,14.681251,4.5,2312,827
28-Jun-2024 17:16:06.378,-58.668751,14.681251,4.4625,2312,827
28-Jun-2024 17:16:06.478,-58.650002,14.625001,4.5,2312,827
28-Jun-2024 17:16:06.578,-58.875004,14.531251,4.48125,2312,827
28-Jun-2024 17:16:06.678,-58.987503,14.45625,4.575,2312,827
28-Jun-2024 17:16:06.778,-59.137501,14.512501,4.70625,2312,827
28-Jun-2024 17:16:06.878,-59.362503,14.512501,4.8,2312,827
28-Jun-2024 17:16:06.978,-59.418751,14.56875,4.85625,2312,827
28-Jun-2024 17:16:07.078,-59.268753,14.55,4.96875,2312,827
28-Jun-2024 17:16:07.178,-59.325001,14.475,5.04375,2312,827
28-Jun-2024 17:16:07.278,-59.400002,14.587501,5.1,2312,827
28-Jun-2024 17:16:07.378,-59.343754,14.625001,5.00625,2312,827
28-Jun-2024 17:16:07.478,-59.325001,14.75625,4.95,2312,827
28-Jun-2024 17:16:07.578,-59.212502,14.7375,4.8375,2312,827
28-Jun-2024 17:16:07.678,-59.043751,14.793751,4.78125,2312,827
28-Jun-2024 17:16:07.778,-58.912502,14.775001,4.725,2312,827
28-Jun-2024 17:16:07.878,-58.987503,14.812501,4.48125,2312,827
28-Jun-2024 17:16:07.978,-58.987503,14.812501,4.4625,2312,827
28-Jun-2024 17:16:08.078,-59.043751,14.793751,4.35,2312,827
28-Jun-2024 17:16:08.178,-59.006252,14.793751,4.275,2312,827
28-Jun-2024 17:16:08.278,-59.006252,14.75625,4.3125,2312,827
28-Jun-2024 17:16:08.378,-59.100002,14.75625,4.29375,2312,827
28-Jun-2024 17:16:08.478,-59.231251,14.718751,4.29375,2312,827
28-Jun-2024 17:16:08.578,-59.381252,14.625001,4.3125,2312,827
28-Jun-2024 17:16:08.678,-59.325001,14.56875,4.48125,2312,827
28-Jun-2024 17:16:08.778,-59.212502,14.681251,4.4625,2312,827
28-Jun-2024 17:16:08.878,-59.231251,14.718751,4.51875,2312,827
28-Jun-2024 17:16:08.978,-59.193752,14.6625,4.70625,2312,827
28-Jun-2024 17:16:09.078,-59.175003,14.6625,4.6875,2312,827
28-Jun-2024 17:16:09.178,-59.137501,14.64375,4.7625,2312,827
28-Jun-2024 17:16:09.278,-59.025002,14.75625,4.85625,2312,827
28-Jun-2024 17:16:32.277,32.831253,-2.775,-22.143751,2186,827
28-Jun-2024 17:16:32.377,32.71875,-2.71875,-22.21875,2186,827
28-Jun-2024 17:16:32.477,32.71875,-2.68125,-22.181252,2186,827
28-Jun-2024 17:16:32.577,32.700001,-2.6625,-22.237501,2186,827
28-Jun-2024 17:16:32.677,32.850002,-2.60625,-22.368752,2186,827
28-Jun-2024 17:16:32.777,32.868752,-2.53125,-22.387501,2186,827
28-Jun-2024 17:16:32.877,32.793751,-2.53125,-22.368752,2186,827
28-Jun-2024 17:16:32.977,32.700001,-2.5125,-22.35,2186,827
28-Jun-2024 17:16:33.077,32.868752,-2.55,-22.35,2186,827
28-Jun-2024 17:16:33.177,32.943752,-2.55,-22.21875,2186,827
28-Jun-2024 17:16:33.277,32.962502,-2.5125,-22.125,2186,827
28-Jun-2024 17:16:33.377,33.018753,-2.5125,-22.03125,2186,827
28-Jun-2024 17:16:33.477,32.943752,-2.4,-21.88125,2186,827
28-Jun-2024 17:16:33.577,32.925003,-2.41875,-21.84375,2186,827
28-Jun-2024 17:16:33.677,32.943752,-2.4,-21.84375,2186,827
28-Jun-2024 17:16:33.777,33.037502,-2.175,-21.75,2186,827
28-Jun-2024 17:16:33.877,32.981251,-2.04375,-21.675001,2186,827
28-Jun-2024 17:16:33.977,33.037502,-2.11875,-21.7875,2186,827
28-Jun-2024 17:16:34.077,33.018753,-2.11875,-21.806252,2186,827
28-Jun-2024 17:16:34.177,33.037502,-2.175,-21.806252,2186,827
28-Jun-2024 17:16:34.277,33.112503,-2.2875,-21.7875,2186,827
28-Jun-2024 17:16:34.377,33.168751,-2.25,-21.825001,2186,827
28-Jun-2024 17:16:34.477,33.1875,-2.19375,-21.825001,2186,827
28-Jun-2024 17:16:34.577,33.206253,-2.3625,-21.900002,2186,827
28-Jun-2024 17:16:34.677,33.243752,-2.4,-21.956251,2186,827
28-Jun-2024 17:16:34.777,33.206253,-2.30625,-21.956251,2186,827
28-Jun-2024 17:16:34.876,33.28125,-2.26875,-21.993752,2186,827
28-Jun-2024 17:16:34.977,33.243752,-2.34375,-22.03125,2186,827
28-Jun-2024 17:16:35.077,33.318752,-2.25,-22.143751,2186,827
28-Jun-2024 17:16:35.177,33.318752,-2.30625,-22.106251,2186,827
28-Jun-2024 17:16:35.277,33.375,-2.325,-22.087502,2186,827
28-Jun-2024 17:16:35.377,33.1875,-2.38125,-22.087502,2186,827
28-Jun-2024 17:16:35.477,33.150002,-2.45625,-22.087502,2186,827
28-Jun-2024 17:16:35.577,33.206253,-2.49375,-21.956251,2186,827
28-Jun-2024 17:16:35.677,33.112503,-2.49375,-21.88125,2186,827
28-Jun-2024 17:16:35.777,33.1875,-2.41875,-21.88125,2186,827
28-Jun-2024 17:16:35.877,33.112503,-2.475,-21.712502,2186,827
28-Jun-2024 17:16:35.977,33.112503,-2.5125,-21.712502,2186,827
28-Jun-2024 17:16:36.077,33.112503,-2.55,-21.731251,2186,827
28-Jun-2024 17:16:36.177,33.28125,-2.60625,-21.712502,2186,827
28-Jun-2024 17:16:36.277,33.262501,-2.64375,-21.637501,2186,827
28-Jun-2024 17:16:36.377,33.1875,-2.68125,-21.69375,2186,827
28-Jun-2024 17:16:36.477,33.28125,-2.8125,-21.75,2186,827
28-Jun-2024 17:16:36.577,33.075001,-2.86875,-21.731251,2186,827
28-Jun-2024 17:16:36.677,33.131252,-3,-21.806252,2186,827
28-Jun-2024 17:16:36.777,33.075001,-2.90625,-21.862501,2186,827
28-Jun-2024 17:16:36.877,33,-2.775,-21.7875,2186,827
28-Jun-2024 17:16:36.977,32.962502,-2.775,-21.712502,2186,827
28-Jun-2024 17:16:37.077,33,-2.68125,-21.7875,2186,827
28-Jun-2024 17:16:37.177,33.056252,-2.71875,-21.712502,2186,827
28-Jun-2024 17:16:37.277,32.962502,-2.8125,-21.618752,2186,827
28-Jun-2024 17:16:37.377,33.075001,-2.7375,-21.525002,2186,827
28-Jun-2024 17:16:37.477,33.09375,-2.60625,-21.581251,2186,827
28-Jun-2024 17:16:37.577,33.168751,-2.60625,-21.525002,2186,827
28-Jun-2024 17:16:37.677,33.225002,-2.83125,-21.6,2186,827
28-Jun-2024 17:16:37.777,33.206253,-2.83125,-21.6,2186,827
28-Jun-2024 17:16:37.877,33.1875,-2.85,-21.6,2186,827
28-Jun-2024 17:16:37.977,33.206253,-2.6625,-21.675001,2186,827
28-Jun-2024 17:16:38.077,33.206253,-2.625,-21.675001,2186,827
28-Jun-2024 17:16:38.177,33.206253,-2.7375,-21.618752,2186,827
28-Jun-2024 17:16:38.277,33.1875,-2.8125,-21.50625,2186,827
28-Jun-2024 17:16:38.377,33.168751,-2.925,-21.487501,2186,827
28-Jun-2024 17:16:38.477,33.09375,-2.8125,-21.46875,2186,827
28-Jun-2024 17:16:38.577,33.112503,-2.8125,-21.50625,2186,827
28-Jun-2024 17:16:38.677,33.112503,-2.83125,-21.450001,2186,827
28-Jun-2024 17:16:38.777,33.075001,-2.8875,-21.337502,2186,827
28-Jun-2024 17:16:38.877,33.131252,-2.775,-21.393751,2186,827
28-Jun-2024 17:16:38.977,33.168751,-2.5875,-21.46875,2186,827
28-Jun-2024 17:16:39.077,33.112503,-2.625,-21.525002,2186,827
28-Jun-2024 17:16:39.177,33.018753,-2.625,-21.450001,2186,827
28-Jun-2024 17:16:39.277,33.037502,-2.64375,-21.375,2186,827
28-Jun-2024 17:16:39.377,33.018753,-2.55,-21.356251,2186,827
28-Jun-2024 17:16:39.477,33.075001,-2.5875,-21.450001,2186,827
28-Jun-2024 17:16:39.577,33.09375,-2.64375,-21.525002,2186,827
28-Jun-2024 17:16:39.677,33.056252,-2.60625,-21.450001,2186,827
28-Jun-2024 17:16:39.777,33,-2.75625,-21.487501,2186,827
28-Jun-2024 17:16:39.877,32.943752,-2.68125,-21.5625,2186,827
28-Jun-2024 17:16:39.977,32.981251,-2.64375,-21.637501,2186,827
28-Jun-2024 17:16:40.077,33,-2.7,-21.675001,2186,827
28-Jun-2024 17:16:40.177,32.962502,-2.83125,-21.75,2186,827
28-Jun-2024 17:16:40.277,33.037502,-2.7375,-21.675001,2186,827
28-Jun-2024 17:16:40.377,32.962502,-2.75625,-21.675001,2186,827
28-Jun-2024 17:16:40.477,32.943752,-2.85,-21.768751,2186,827
28-Jun-2024 17:16:40.577,33,-2.8875,-21.862501,2186,827
28-Jun-2024 17:16:40.677,33.075001,-2.8875,-21.84375,2186,827
28-Jun-2024 17:16:40.777,33.150002,-2.90625,-21.84375,2186,827
28-Jun-2024 17:16:40.877,33.243752,-2.75625,-21.806252,2186,827
28-Jun-2024 17:16:40.977,33.318752,-2.8125,-21.806252,2186,827
28-Jun-2024 17:16:41.077,33.206253,-2.9625,-21.75,2186,827
28-Jun-2024 17:16:41.177,33.262501,-3.01875,-21.806252,2186,827
28-Jun-2024 17:16:41.277,33.337502,-3,-21.768751,2186,827
28-Jun-2024 17:16:41.377,33.28125,-2.9625,-21.618752,2186,827
28-Jun-2024 17:16:41.477,33.206253,-2.98125,-21.50625,2186,827
28-Jun-2024 17:16:41.577,33.112503,-3.01875,-21.525002,2186,827
28-Jun-2024 17:16:41.677,33.018753,-3.1125,-21.543751,2186,827
28-Jun-2024 17:16:41.777,32.962502,-3.1125,-21.581251,2186,827
28-Jun-2024 17:16:41.877,32.90625,-3.05625,-21.6,2186,827
28-Jun-2024 17:16:41.977,32.868752,-3.05625,-21.4125,2186,827
28-Jun-2024 17:16:42.077,32.756252,-2.98125,-21.450001,2186,827
28-Jun-2024 17:16:42.177,32.90625,-3.05625,-21.50625,2186,827
28-Jun-2024 17:16:55.077,39.525002,0.13125,7.05,2312,1243
28-Jun-2024 17:16:55.177,39.487503,0.13125,7.05,2312,1243
28-Jun-2024 17:16:55.277,39.487503,0.28125,7.10625,2312,1243
28-Jun-2024 17:16:55.377,39.543751,0.39375,7.0875,2312,1243
28-Jun-2024 17:16:55.477,39.618752,0.5625,7.03125,2312,1243
28-Jun-2024 17:16:55.577,39.75,0.6375,7.1625,2312,1243
28-Jun-2024 17:16:55.677,39.862503,0.73125,7.33125,2312,1243
28-Jun-2024 17:16:55.777,39.956253,0.91875,7.275,2312,1243
28-Jun-2024 17:16:55.877,39.9375,1.06875,7.3125,2312,1243
28-Jun-2024 17:16:55.977,39.9375,1.36875,7.3875,2312,1243
28-Jun-2024 17:16:56.077,40.012501,1.40625,7.40625,2312,1243
28-Jun-2024 17:16:56.177,40.012501,1.5,7.4625,2312,1243
28-Jun-2024 17:16:56.277,39.918751,1.6125,7.40625,2312,1243
28-Jun-2024 17:16:56.377,39.975002,1.78125,7.275,2312,1243
28-Jun-2024 17:16:56.477,40.03125,1.78125,7.18125,2312,1243
28-Jun-2024 17:16:56.577,40.012501,1.65,7.2,2312,1243
28-Jun-2024 17:16:56.677,40.050003,1.6875,7.14375,2312,1243
28-Jun-2024 17:16:56.777,40.106251,1.55625,7.125,2312,1243
28-Jun-2024 17:16:56.877,40.143753,1.5375,7.0125,2312,1243
28-Jun-2024 17:16:56.977,40.200001,1.48125,7.0125,2312,1243
28-Jun-2024 17:16:57.077,40.3125,1.35,7.10625,2312,1243
28-Jun-2024 17:16:57.177,40.293751,1.275,7.10625,2312,1243
28-Jun-2024 17:16:57.277,40.3125,1.29375,7.05,2312,1243
28-Jun-2024 17:16:57.377,40.368752,1.40625,6.975,2312,1243
28-Jun-2024 17:16:57.477,40.537502,1.2375,6.975,2312,1243
28-Jun-2024 17:16:57.577,40.631252,1.2375,6.99375,2312,1243
28-Jun-2024 17:16:57.677,40.631252,1.25625,7.125,2312,1243
28-Jun-2024 17:16:57.777,40.650002,1.2,6.99375,2312,1243
28-Jun-2024 17:16:57.877,40.556252,1.1625,6.8625,2312,1243
28-Jun-2024 17:16:57.977,40.443752,1.14375,6.9,2312,1243
28-Jun-2024 17:16:58.077,40.462502,1.2,6.9375,2312,1243
28-Jun-2024 17:16:58.177,40.368752,1.1625,6.95625,2312,1243
28-Jun-2024 17:16:58.277,40.200001,1.29375,6.88125,2312,1243
28-Jun-2024 17:16:58.377,40.106251,1.275,6.8625,2312,1243
28-Jun-2024 17:16:58.477,40.068752,1.21875,6.88125,2312,1243
28-Jun-2024 17:16:58.577,40.03125,1.2375,6.9375,2312,1243
28-Jun-2024 17:16:58.677,40.106251,1.35,7.0875,2312,1243
28-Jun-2024 17:16:58.777,40.256252,1.40625,7.125,2312,1243
28-Jun-2024 17:16:58.877,40.293751,1.40625,7.125,2312,1243
28-Jun-2024 17:16:58.977,40.387501,1.44375,7.2,2312,1243
28-Jun-2024 17:16:59.077,40.462502,1.425,7.2,2312,1243
28-Jun-2024 17:16:59.177,40.537502,1.4625,7.29375,2312,1243
28-Jun-2024 17:16:59.277,40.612503,1.5,7.33125,2312,1243
28-Jun-2024 17:16:59.377,40.556252,1.48125,7.44375,2312,1243
28-Jun-2024 17:16:59.477,40.537502,1.44375,7.425,2312,1243
28-Jun-2024 17:16:59.577,40.575001,1.36875,7.40625,2312,1243
28-Jun-2024 17:16:59.677,40.518753,1.3125,7.425,2312,1243
28-Jun-2024 17:16:59.777,40.425003,1.35,7.48125,2312,1243
28-Jun-2024 17:16:59.877,40.387501,1.36875,7.575,2312,1243
28-Jun-2024 17:16:59.977,40.350002,1.35,7.4625,2312,1243
28-Jun-2024 17:17:00.077,40.3125,1.3875,7.35,2312,1243
28-Jun-2024 17:17:00.177,40.331253,1.48125,7.2,2312,1243
28-Jun-2024 17:17:00.277,40.387501,1.48125,7.2,2312,1243
28-Jun-2024 17:17:00.377,40.275002,1.5375,7.1625,2312,1243
28-Jun-2024 17:17:00.477,40.200001,1.5375,7.14375,2312,1243
28-Jun-2024 17:17:00.577,40.275002,1.44375,7.1625,2312,1243
28-Jun-2024 17:17:00.677,40.293751,1.35,7.125,2312,1243
28-Jun-2024 17:17:00.777,40.125,1.35,7.125,2312,1243
28-Jun-2024 17:17:00.877,40.125,1.29375,7.0875,2312,1243
28-Jun-2024 17:17:00.977,40.162502,1.2,7.2375,2312,1243
28-Jun-2024 17:17:01.077,40.087502,1.03125,7.18125,2312,1243
28-Jun-2024 17:17:01.177,40.03125,0.975,7.2375,2312,1243
28-Jun-2024 17:17:01.277,40.143753,0.975,7.18125,2312,1243
28-Jun-2024 17:17:01.377,40.256252,0.8625,7.10625,2312,1243
28-Jun-2024 17:17:01.477,40.237503,0.88125,7.05,2312,1243
28-Jun-2024 17:17:01.577,40.387501,0.80625,6.975,2312,1243
28-Jun-2024 17:17:01.677,40.350002,0.7875,7.10625,2312,1243
28-Jun-2024 17:17:01.777,40.40625,0.9,6.99375,2312,1243
28-Jun-2024 17:17:01.877,40.518753,1.0125,6.9,2312,1243
28-Jun-2024 17:17:01.977,40.518753,1.05,6.9375,2312,1243
28-Jun-2024 17:17:02.077,40.537502,1.10625,7.03125,2312,1243
28-Jun-2024 17:17:02.177,40.481251,1.275,7.10625,2312,1243
28-Jun-2024 17:17:02.277,40.481251,1.425,7.1625,2312,1243
28-Jun-2024 17:17:02.377,40.5,1.575,7.29375,2312,1243
28-Jun-2024 17:17:02.477,40.518753,1.6125,7.3125,2312,1243
28-Jun-2024 17:17:02.577,40.5,1.51875,7.29375,2312,1243
28-Jun-2024 17:17:02.677,40.425003,1.59375,7.3875,2312,1243
28-Jun-2024 17:17:02.777,40.481251,1.59375,7.33125,2312,1243
28-Jun-2024 17:17:02.877,40.481251,1.55625,7.36875,2312,1243
28-Jun-2024 17:17:02.977,40.425003,1.5,7.275,2312,1243
28-Jun-2024 17:17:03.077,40.40625,1.5,7.36875,2312,1243
28-Jun-2024 17:17:03.177,40.3125,1.40625,7.29375,2312,1243
28-Jun-2024 17:17:03.277,40.368752,1.33125,7.33125,2312,1243
28-Jun-2024 17:17:03.377,40.443752,1.44375,7.5,2312,1243
28-Jun-2024 17:17:03.477,40.387501,1.575,7.51875,2312,1243
28-Jun-2024 17:17:03.577,40.40625,1.65,7.5,2312,1243
28-Jun-2024 17:17:03.677,40.293751,1.65,7.40625,2312,1243
28-Jun-2024 17:17:03.777,40.237503,1.70625,7.4625,2312,1243
28-Jun-2024 17:17:03.877,40.275002,1.59375,7.425,2312,1243
28-Jun-2024 17:17:03.977,40.3125,1.575,7.40625,2312,1243
28-Jun-2024 17:17:04.077,40.256252,1.70625,7.25625,2312,1243
28-Jun-2024 17:17:04.177,40.21875,1.6875,7.0875,2312,1243
28-Jun-2024 17:17:04.277,40.331253,1.575,7.03125,2312,1243
28-Jun-2024 17:17:04.377,40.3125,1.51875,7.10625,2312,1243
28-Jun-2024 17:17:04.477,40.3125,1.48125,7.0875,2312,1243
28-Jun-2024 17:17:04.576,40.5,1.5,6.975,2312,1243
28-Jun-2024 17:17:04.677,40.556252,1.55625,7.0125,2312,1243
28-Jun-2024 17:17:04.777,40.59375,1.63125,7.06875,2312,1243
28-Jun-2024 17:17:04.877,40.612503,1.59375,7.10625,2312,1243
28-Jun-2024 17:17:04.977,40.556252,1.5,7.10625,2312,1243
28-Jun-2024 17:17:24.376,-43.350002,-5.2125,-4.03125,2186,1243
28-Jun-2024 17:17:24.476,-43.200001,-5.15625,-4.0125,2186,1243
28-Jun-2024 17:17:24.576,-43.143753,-5.19375,-4.0875,2186,1243
28-Jun-2024 17:17:24.676,-43.125,-5.11875,-4.18125,2186,1243
28-Jun-2024 17:17:24.776,-43.068752,-5.11875,-4.275,2186,1243
28-Jun-2024 17:17:24.876,-43.050003,-5.175,-4.2,2186,1243
28-Jun-2024 17:17:24.976,-42.993752,-5.0625,-4.21875,2186,1243
28-Jun-2024 17:17:25.076,-43.068752,-5.025,-4.29375,2186,1243
28-Jun-2024 17:17:25.176,-43.106251,-5.11875,-4.2375,2186,1243
28-Jun-2024 17:17:25.276,-43.125,-5.19375,-4.14375,2186,1243
28-Jun-2024 17:17:25.376,-43.200001,-5.2125,-4.18125,2186,1243
28-Jun-2024 17:17:25.476,-43.275002,-5.2875,-4.1625,2186,1243
28-Jun-2024 17:17:25.576,-43.368752,-5.2875,-4.03125,2186,1243
28-Jun-2024 17:17:25.676,-43.387501,-5.23125,-4.0875,2186,1243
28-Jun-2024 17:17:25.776,-43.368752,-5.19375,-4.06875,2186,1243
28-Jun-2024 17:17:25.876,-43.256252,-5.325,-4.03125,2186,1243
28-Jun-2024 17:17:25.976,-43.143753,-5.2125,-4.14375,2186,1243
28-Jun-2024 17:17:26.076,-43.143753,-5.2125,-4.21875,2186,1243
28-Jun-2024 17:17:26.176,-43.068752,-5.2125,-4.10625,2186,1243
28-Jun-2024 17:17:26.276,-42.993752,-5.19375,-4.1625,2186,1243
28-Jun-2024 17:17:26.376,-42.900002,-5.1375,-4.2,2186,1243
28-Jun-2024 17:17:26.476,-42.900002,-5.11875,-4.125,2186,1243
28-Jun-2024 17:17:26.576,-42.975002,-5.0625,-4.0125,2186,1243
28-Jun-2024 17:17:26.676,-42.993752,-5.04375,-3.99375,2186,1243
28-Jun-2024 17:17:26.776,-42.993752,-5.1,-3.88125,2186,1243
28-Jun-2024 17:17:26.876,-43.068752,-4.9875,-3.9375,2186,1243
28-Jun-2024 17:17:26.976,-43.143753,-4.81875,-4.0125,2186,1243
28-Jun-2024 17:17:27.076,-43.162502,-4.81875,-3.95625,2186,1243
28-Jun-2024 17:17:27.176,-43.237503,-4.93125,-3.95625,2186,1243
28-Jun-2024 17:17:27.276,-43.087502,-4.9875,-3.9375,2186,1243
28-Jun-2024 17:17:27.376,-43.068752,-5.025,-3.99375,2186,1243
28-Jun-2024 17:17:27.476,-43.106251,-5.025,-3.99375,2186,1243
28-Jun-2024 17:17:27.576,-43.143753,-4.96875,-4.03125,2186,1243
28-Jun-2024 17:17:27.676,-43.068752,-5.00625,-4.06875,2186,1243
28-Jun-2024 17:17:27.776,-43.03125,-5.1375,-4.0125,2186,1243
28-Jun-2024 17:17:27.876,-42.993752,-4.96875,-4.03125,2186,1243
28-Jun-2024 17:17:27.976,-43.03125,-4.96875,-4.10625,2186,1243
28-Jun-2024 17:17:28.076,-43.068752,-4.96875,-4.125,2186,1243
28-Jun-2024 17:17:28.176,-43.087502,-5.00625,-4.18125,2186,1243
28-Jun-2024 17:17:28.276,-43.068752,-5.00625,-4.14375,2186,1243
28-Jun-2024 17:17:28.376,-43.106251,-5.1,-4.125,2186,1243
28-Jun-2024 17:17:28.476,-43.162502,-5.08125,-4.05,2186,1243
28-Jun-2024 17:17:28.576,-43.256252,-5.1375,-4.06875,2186,1243
28-Jun-2024 17:17:28.676,-43.256252,-5.2125,-3.99375,2186,1243
28-Jun-2024 17:17:28.776,-43.21875,-5.19375,-3.91875,2186,1243
28-Jun-2024 17:17:28.876,-43.293751,-5.175,-3.9375,2186,1243
28-Jun-2024 17:17:28.976,-43.368752,-5.1375,-3.88125,2186,1243
28-Jun-2024 17:17:29.076,-43.462502,-5.175,-3.88125,2186,1243
28-Jun-2024 17:17:29.176,-43.425003,-5.19375,-3.8625,2186,1243
28-Jun-2024 17:17:29.276,-43.3125,-5.30625,-3.9,2186,1243
28-Jun-2024 17:17:29.376,-43.350002,-5.30625,-3.9375,2186,1243
28-Jun-2024 17:17:29.476,-43.3125,-5.325,-4.0125,2186,1243
28-Jun-2024 17:17:29.576,-43.293751,-5.325,-4.0125,2186,1243
28-Jun-2024 17:17:29.676,-43.331253,-5.325,-4.0875,2186,1243
28-Jun-2024 17:17:29.776,-43.256252,-5.25,-4.05,2186,1243
28-Jun-2024 17:17:29.876,-43.125,-5.1,-4.05,2186,1243
28-Jun-2024 17:17:29.976,-43.050003,-5.0625,-4.1625,2186,1243
28-Jun-2024 17:17:30.076,-43.181252,-5.08125,-4.10625,2186,1243
28-Jun-2024 17:17:30.176,-43.03125,-5.11875,-4.03125,2186,1243
28-Jun-2024 17:17:30.276,-43.050003,-5.23125,-4.0875,2186,1243
28-Jun-2024 17:17:30.376,-42.993752,-5.26875,-4.125,2186,1243
28-Jun-2024 17:17:30.476,-42.918751,-5.30625,-4.06875,2186,1243
28-Jun-2024 17:17:30.576,-42.918751,-5.41875,-4.0875,2186,1243
28-Jun-2024 17:17:30.676,-42.956253,-5.53125,-4.0875,2186,1243
28-Jun-2024 17:17:30.776,-43.03125,-5.49375,-4.05,2186,1243
28-Jun-2024 17:17:30.876,-42.9375,-5.4375,-4.03125,2186,1243
28-Jun-2024 17:17:30.976,-42.918751,-5.4375,-4.0125,2186,1243
28-Jun-2024 17:17:31.076,-42.975002,-5.45625,-3.9,2186,1243
28-Jun-2024 17:17:31.176,-43.087502,-5.56875,-3.9375,2186,1243
28-Jun-2024 17:17:31.276,-43.162502,-5.56875,-4.05,2186,1243
28-Jun-2024 17:17:31.376,-43.21875,-5.60625,-4.03125,2186,1243
28-Jun-2024 17:17:31.476,-43.181252,-5.6625,-4.0875,2186,1243
28-Jun-2024 17:17:31.576,-43.181252,-5.7375,-4.0125,2186,1243
28-Jun-2024 17:17:31.676,-43.256252,-5.7375,-4.125,2186,1243
28-Jun-2024 17:17:31.776,-43.3125,-5.55,-4.18125,2186,1243
28-Jun-2024 17:17:31.876,-43.3125,-5.45625,-4.21875,2186,1243
28-Jun-2024 17:17:31.976,-43.293751,-5.3625,-4.2,2186,1243
28-Jun-2024 17:17:32.076,-43.181252,-5.325,-4.18125,2186,1243
28-Jun-2024 17:17:32.176,-43.143753,-5.3625,-4.21875,2186,1243
28-Jun-2024 17:17:32.276,-43.012501,-5.30625,-4.275,2186,1243
28-Jun-2024 17:17:32.376,-43.050003,-5.25,-4.40625,2186,1243
28-Jun-2024 17:17:32.476,-43.012501,-5.30625,-4.425,2186,1243
28-Jun-2024 17:17:32.576,-42.956253,-5.475,-4.44375,2186,1243
28-Jun-2024 17:17:32.676,-42.900002,-5.60625,-4.4625,2186,1243
28-Jun-2024 17:17:32.776,-42.84375,-5.71875,-4.55625,2186,1243
28-Jun-2024 17:17:32.876,-42.881252,-5.79375,-4.5375,2186,1243
28-Jun-2024 17:17:32.976,-42.975002,-5.79375,-4.66875,2186,1243
28-Jun-2024 17:17:33.076,-43.21875,-5.85,-4.66875,2186,1243
28-Jun-2024 17:17:33.176,-43.162502,-5.8875,-4.63125,2186,1243
28-Jun-2024 17:17:33.276,-43.125,-5.8875,-4.575,2186,1243
28-Jun-2024 17:17:33.376,-43.143753,-5.83125,-4.48125,2186,1243
28-Jun-2024 17:17:33.476,-43.181252,-5.775,-4.575,2186,1243
28-Jun-2024 17:17:33.576,-43.237503,-5.71875,-4.44375,2186,1243
28-Jun-2024 17:17:33.676,-43.3125,-5.7,-4.55625,2186,1243
28-Jun-2024 17:17:33.776,-43.293751,-5.6625,-4.51875,2186,1243
28-Jun-2024 17:17:33.876,-43.275002,-5.7,-4.48125,2186,1243
28-Jun-2024 17:17:33.976,-43.3125,-5.775,-4.4625,2186,1243
28-Jun-2024 17:17:34.076,-43.293751,-5.85,-4.425,2186,1243
28-Jun-2024 17:17:34.176,-43.350002,-5.8875,-4.55625,2186,1243
28-Jun-2024 17:17:34.276,-43.331253,-5.75625,-4.5,2186,1243
