xFormers not available
/unav/venv/lib/python3.10/site-packages/timm/models/layers/__init__.py:48: FutureWarning: Importing from timm.models.layers is deprecated, please import via timm.layers
  warnings.warn(f"Importing from {__name__} is deprecated, please import via timm.layers", FutureWarning)
xFormers not available
/home/nattachart.tak/PhD/Trial_New_UNav/UNav/unav/core/third_party/LightGlue/lightglue/lightglue.py:15: FutureWarning: `torch.cuda.amp.custom_fwd(args...)` is deprecated. Please use `torch.amp.custom_fwd(args..., device_type='cuda')` instead.
  @torch.cuda.amp.custom_fwd(cast_inputs=torch.float32)
/home/nattachart.tak/PhD/Trial_New_UNav/UNav/unav/core/third_party/SuperPoint_SuperGlue/extractors/SuperGluePretrainedNetwork/models/superpoint.py:138: FutureWarning: You are using `torch.load` with `weights_only=False` (the current default value), which uses the default pickle module implicitly. It is possible to construct malicious pickle data which will execute arbitrary code during unpickling (See https://github.com/pytorch/pytorch/blob/main/SECURITY.md#untrusted-models for more details). In a future release, the default value for `weights_only` will be flipped to `True`. This limits the functions that could be executed during unpickling. Arbitrary objects will no longer be allowed to be loaded via this mode unless they are explicitly allowlisted by the user via `torch.serialization.add_safe_globals`. We recommend you start setting `weights_only=True` for any use case where you don't have full control of the loaded file. Please open an issue on GitHub for any issues related to this experimental feature.
  self.load_state_dict(torch.load(str(path)))
Using cache found in /home/nattachart.tak/.cache/torch/hub/facebookresearch_dinov2_main
/home/nattachart.tak/.cache/torch/hub/facebookresearch_dinov2_main/dinov2/layers/swiglu_ffn.py:51: UserWarning: xFormers is not available (SwiGLU)
  warnings.warn("xFormers is not available (SwiGLU)")
/home/nattachart.tak/.cache/torch/hub/facebookresearch_dinov2_main/dinov2/layers/attention.py:33: UserWarning: xFormers is not available (Attention)
  warnings.warn("xFormers is not available (Attention)")
/home/nattachart.tak/.cache/torch/hub/facebookresearch_dinov2_main/dinov2/layers/block.py:40: UserWarning: xFormers is not available (Block)
  warnings.warn("xFormers is not available (Block)")
INFO:dinov2:using MLP layer as FFN
/home/nattachart.tak/PhD/Trial_New_UNav/UNav/unav/core/third_party/salad/feature_extract.py:41: FutureWarning: You are using `torch.load` with `weights_only=False` (the current default value), which uses the default pickle module implicitly. It is possible to construct malicious pickle data which will execute arbitrary code during unpickling (See https://github.com/pytorch/pytorch/blob/main/SECURITY.md#untrusted-models for more details). In a future release, the default value for `weights_only` will be flipped to `True`. This limits the functions that could be executed during unpickling. Arbitrary objects will no longer be allowed to be loaded via this mode unless they are explicitly allowlisted by the user via `torch.serialization.add_safe_globals`. We recommend you start setting `weights_only=True` for any use case where you don't have full control of the loaded file. Please open an issue on GitHub for any issues related to this experimental feature.
  saved_state = torch.load(ckpt_path, map_location=self.device)
/unav/venv/lib/python3.10/site-packages/torch/nested/__init__.py:107: UserWarning: The PyTorch API of nested tensors is in prototype stage and will change in the near future. (Triggered internally at ../aten/src/ATen/NestedTensorImpl.cpp:178.)
  return torch._nested_tensor_from_tensor_list(ts, dtype, None, device, None)
Seed set to: 42 (type: <class 'int'>)
[INFO] Initializing models: Local -> superpoint+lightglue | Global -> DinoV2Salad
Loaded SuperPoint model
Loaded model from /home/nattachart.tak/Data/experiments/Mapping/data/unav2-data/parameters/DinoV2Salad/ckpts/dino_salad.ckpt successfully!
[✓] Loaded COLMAP model for ('Mahidol_University', 'ICT', '1.1_DinoV2Salad'): 6030 frames
[✓] Loaded global features for ('Mahidol_University', 'ICT', '1.1_DinoV2Salad'): 9 images
[✓] Loaded transform matrix for ('Mahidol_University', 'ICT', '1.1_DinoV2Salad'): shape=(2, 4)
[INFO] All map and feature loading complete.
Best map key: None
Number of candidates after local matching: 0
PnP pairs 2D shape: (0, 2) 3D shape: (0, 3)
Multiframe time (ms): 0
Not enough 2D-3D correspondences for pose estimation.
Best map key: None
Number of candidates after local matching: 0
PnP pairs 2D shape: (0, 2) 3D shape: (0, 3)
Multiframe time (ms): 0
Not enough 2D-3D correspondences for pose estimation.
Best map key: ('Mahidol_University', 'ICT', '1.1_DinoV2Salad')
Number of candidates after local matching: 1
PnP pairs 2D shape: (59, 2) 3D shape: (59, 3)
Multiframe time (ms): 29
Floorplan Pose (x, y, angle): {'xy': array([2014.99213062,  618.88447335]), 'ang': 147.7795875280191}
Best map key: None
Number of candidates after local matching: 0
PnP pairs 2D shape: (0, 2) 3D shape: (0, 3)
Multiframe time (ms): 0
Not enough 2D-3D correspondences for pose estimation.
Best map key: None
Number of candidates after local matching: 0
PnP pairs 2D shape: (0, 2) 3D shape: (0, 3)
Multiframe time (ms): 0
Not enough 2D-3D correspondences for pose estimation.
Best map key: None
Number of candidates after local matching: 0
PnP pairs 2D shape: (0, 2) 3D shape: (0, 3)
Multiframe time (ms): 1
Not enough 2D-3D correspondences for pose estimation.
Best map key: None
Number of candidates after local matching: 0
PnP pairs 2D shape: (0, 2) 3D shape: (0, 3)
Multiframe time (ms): 0
Not enough 2D-3D correspondences for pose estimation.
Best map key: None
Number of candidates after local matching: 0
PnP pairs 2D shape: (0, 2) 3D shape: (0, 3)
Multiframe time (ms): 0
Not enough 2D-3D correspondences for pose estimation.
Best map key: None
Number of candidates after local matching: 0
PnP pairs 2D shape: (0, 2) 3D shape: (0, 3)
Multiframe time (ms): 0
Not enough 2D-3D correspondences for pose estimation.
Best map key: None
Number of candidates after local matching: 0
PnP pairs 2D shape: (0, 2) 3D shape: (0, 3)
Multiframe time (ms): 0
Not enough 2D-3D correspondences for pose estimation.
Best map key: None
Number of candidates after local matching: 0
PnP pairs 2D shape: (0, 2) 3D shape: (0, 3)
Multiframe time (ms): 0
Not enough 2D-3D correspondences for pose estimation.
Best map key: None
Number of candidates after local matching: 0
PnP pairs 2D shape: (0, 2) 3D shape: (0, 3)
Multiframe time (ms): 0
Not enough 2D-3D correspondences for pose estimation.
Best map key: None
Number of candidates after local matching: 0
PnP pairs 2D shape: (0, 2) 3D shape: (0, 3)
Multiframe time (ms): 0
Not enough 2D-3D correspondences for pose estimation.
Best map key: None
Number of candidates after local matching: 0
PnP pairs 2D shape: (0, 2) 3D shape: (0, 3)
Multiframe time (ms): 0
Not enough 2D-3D correspondences for pose estimation.
Best map key: None
Number of candidates after local matching: 0
PnP pairs 2D shape: (0, 2) 3D shape: (0, 3)
Multiframe time (ms): 0
Not enough 2D-3D correspondences for pose estimation.
Best map key: None
Number of candidates after local matching: 0
PnP pairs 2D shape: (0, 2) 3D shape: (0, 3)
Multiframe time (ms): 0
Not enough 2D-3D correspondences for pose estimation.
Best map key: None
Number of candidates after local matching: 0
PnP pairs 2D shape: (0, 2) 3D shape: (0, 3)
Multiframe time (ms): 0
Not enough 2D-3D correspondences for pose estimation.
Best map key: None
Number of candidates after local matching: 0
PnP pairs 2D shape: (0, 2) 3D shape: (0, 3)
Multiframe time (ms): 1
Not enough 2D-3D correspondences for pose estimation.
Best map key: None
Number of candidates after local matching: 0
PnP pairs 2D shape: (0, 2) 3D shape: (0, 3)
Multiframe time (ms): 0
Not enough 2D-3D correspondences for pose estimation.
Best map key: None
Number of candidates after local matching: 0
PnP pairs 2D shape: (0, 2) 3D shape: (0, 3)
Multiframe time (ms): 0
Not enough 2D-3D correspondences for pose estimation.
Best map key: None
Number of candidates after local matching: 0
PnP pairs 2D shape: (0, 2) 3D shape: (0, 3)
Multiframe time (ms): 0
Not enough 2D-3D correspondences for pose estimation.
Best map key: None
Number of candidates after local matching: 0
PnP pairs 2D shape: (0, 2) 3D shape: (0, 3)
Multiframe time (ms): 0
Not enough 2D-3D correspondences for pose estimation.
Best map key: None
Number of candidates after local matching: 0
PnP pairs 2D shape: (0, 2) 3D shape: (0, 3)
Multiframe time (ms): 0
Not enough 2D-3D correspondences for pose estimation.
Best map key: None
Number of candidates after local matching: 0
PnP pairs 2D shape: (0, 2) 3D shape: (0, 3)
Multiframe time (ms): 0
Not enough 2D-3D correspondences for pose estimation.
Best map key: None
Number of candidates after local matching: 0
PnP pairs 2D shape: (0, 2) 3D shape: (0, 3)
Multiframe time (ms): 0
Not enough 2D-3D correspondences for pose estimation.
Best map key: None
Number of candidates after local matching: 0
PnP pairs 2D shape: (0, 2) 3D shape: (0, 3)
Multiframe time (ms): 0
Not enough 2D-3D correspondences for pose estimation.
Best map key: None
Number of candidates after local matching: 0
PnP pairs 2D shape: (0, 2) 3D shape: (0, 3)
Multiframe time (ms): 0
Not enough 2D-3D correspondences for pose estimation.
Best map key: None
Number of candidates after local matching: 0
PnP pairs 2D shape: (0, 2) 3D shape: (0, 3)
Multiframe time (ms): 0
Not enough 2D-3D correspondences for pose estimation.
Best map key: None
Number of candidates after local matching: 0
PnP pairs 2D shape: (0, 2) 3D shape: (0, 3)
Multiframe time (ms): 0
Not enough 2D-3D correspondences for pose estimation.
Best map key: None
Number of candidates after local matching: 0
PnP pairs 2D shape: (0, 2) 3D shape: (0, 3)
Multiframe time (ms): 0
Not enough 2D-3D correspondences for pose estimation.
Best map key: None
Number of candidates after local matching: 0
PnP pairs 2D shape: (0, 2) 3D shape: (0, 3)
Multiframe time (ms): 0
Not enough 2D-3D correspondences for pose estimation.
Best map key: None
Number of candidates after local matching: 0
PnP pairs 2D shape: (0, 2) 3D shape: (0, 3)
Multiframe time (ms): 0
Not enough 2D-3D correspondences for pose estimation.
Best map key: None
Number of candidates after local matching: 0
PnP pairs 2D shape: (0, 2) 3D shape: (0, 3)
Multiframe time (ms): 0
Not enough 2D-3D correspondences for pose estimation.
Best map key: None
Number of candidates after local matching: 0
PnP pairs 2D shape: (0, 2) 3D shape: (0, 3)
Multiframe time (ms): 0
Not enough 2D-3D correspondences for pose estimation.
Best map key: ('Mahidol_University', 'ICT', '1.1_DinoV2Salad')
Number of candidates after local matching: 1
PnP pairs 2D shape: (50, 2) 3D shape: (50, 3)
Multiframe time (ms): 36
Floorplan Pose (x, y, angle): {'xy': array([2086.29779015,  779.87044059]), 'ang': 140.52299423027725}
Best map key: None
Number of candidates after local matching: 0
PnP pairs 2D shape: (0, 2) 3D shape: (0, 3)
Multiframe time (ms): 0
Not enough 2D-3D correspondences for pose estimation.
Best map key: None
Number of candidates after local matching: 0
PnP pairs 2D shape: (0, 2) 3D shape: (0, 3)
Multiframe time (ms): 0
Not enough 2D-3D correspondences for pose estimation.
Best map key: None
Number of candidates after local matching: 0
PnP pairs 2D shape: (0, 2) 3D shape: (0, 3)
Multiframe time (ms): 0
Not enough 2D-3D correspondences for pose estimation.
Best map key: None
Number of candidates after local matching: 0
PnP pairs 2D shape: (0, 2) 3D shape: (0, 3)
Multiframe time (ms): 0
Not enough 2D-3D correspondences for pose estimation.
Best map key: None
Number of candidates after local matching: 0
PnP pairs 2D shape: (0, 2) 3D shape: (0, 3)
Multiframe time (ms): 0
Not enough 2D-3D correspondences for pose estimation.
Best map key: None
Number of candidates after local matching: 0
PnP pairs 2D shape: (0, 2) 3D shape: (0, 3)
Multiframe time (ms): 0
Not enough 2D-3D correspondences for pose estimation.
Best map key: None
Number of candidates after local matching: 0
PnP pairs 2D shape: (0, 2) 3D shape: (0, 3)
Multiframe time (ms): 0
Not enough 2D-3D correspondences for pose estimation.
Best map key: None
Number of candidates after local matching: 0
PnP pairs 2D shape: (0, 2) 3D shape: (0, 3)
Multiframe time (ms): 0
Not enough 2D-3D correspondences for pose estimation.
Best map key: None
Number of candidates after local matching: 0
PnP pairs 2D shape: (0, 2) 3D shape: (0, 3)
Multiframe time (ms): 0
Not enough 2D-3D correspondences for pose estimation.
Best map key: None
Number of candidates after local matching: 0
PnP pairs 2D shape: (0, 2) 3D shape: (0, 3)
Multiframe time (ms): 0
Not enough 2D-3D correspondences for pose estimation.
Best map key: ('Mahidol_University', 'ICT', '1.1_DinoV2Salad')
Number of candidates after local matching: 1
PnP pairs 2D shape: (66, 2) 3D shape: (66, 3)
Multiframe time (ms): 43
Floorplan Pose (x, y, angle): {'xy': array([2042.68051463,  610.25642121]), 'ang': 39.1469453978901}
Best map key: None
Number of candidates after local matching: 0
PnP pairs 2D shape: (0, 2) 3D shape: (0, 3)
Multiframe time (ms): 0
Not enough 2D-3D correspondences for pose estimation.
Best map key: None
Number of candidates after local matching: 0
PnP pairs 2D shape: (0, 2) 3D shape: (0, 3)
Multiframe time (ms): 0
Not enough 2D-3D correspondences for pose estimation.
Best map key: None
Number of candidates after local matching: 0
PnP pairs 2D shape: (0, 2) 3D shape: (0, 3)
Multiframe time (ms): 0
Not enough 2D-3D correspondences for pose estimation.
Best map key: None
Number of candidates after local matching: 0
PnP pairs 2D shape: (0, 2) 3D shape: (0, 3)
Multiframe time (ms): 0
Not enough 2D-3D correspondences for pose estimation.
Best map key: None
Number of candidates after local matching: 0
PnP pairs 2D shape: (0, 2) 3D shape: (0, 3)
Multiframe time (ms): 0
Not enough 2D-3D correspondences for pose estimation.
Best map key: None
Number of candidates after local matching: 0
PnP pairs 2D shape: (0, 2) 3D shape: (0, 3)
Multiframe time (ms): 0
Not enough 2D-3D correspondences for pose estimation.
Best map key: None
Number of candidates after local matching: 0
PnP pairs 2D shape: (0, 2) 3D shape: (0, 3)
Multiframe time (ms): 0
Not enough 2D-3D correspondences for pose estimation.
Best map key: None
Number of candidates after local matching: 0
PnP pairs 2D shape: (0, 2) 3D shape: (0, 3)
Multiframe time (ms): 0
Not enough 2D-3D correspondences for pose estimation.
Best map key: ('Mahidol_University', 'ICT', '1.1_DinoV2Salad')
Number of candidates after local matching: 1
PnP pairs 2D shape: (62, 2) 3D shape: (62, 3)
Multiframe time (ms): 19
Floorplan Pose (x, y, angle): {'xy': array([2080.74214048,  704.90214105]), 'ang': 161.91958029740235}
Best map key: None
Number of candidates after local matching: 0
PnP pairs 2D shape: (0, 2) 3D shape: (0, 3)
Multiframe time (ms): 0
Not enough 2D-3D correspondences for pose estimation.
Best map key: None
Number of candidates after local matching: 0
PnP pairs 2D shape: (0, 2) 3D shape: (0, 3)
Multiframe time (ms): 0
Not enough 2D-3D correspondences for pose estimation.
Best map key: None
Number of candidates after local matching: 0
PnP pairs 2D shape: (0, 2) 3D shape: (0, 3)
Multiframe time (ms): 0
Not enough 2D-3D correspondences for pose estimation.
Best map key: None
Number of candidates after local matching: 0
PnP pairs 2D shape: (0, 2) 3D shape: (0, 3)
Multiframe time (ms): 0
Not enough 2D-3D correspondences for pose estimation.
Best map key: None
Number of candidates after local matching: 0
PnP pairs 2D shape: (0, 2) 3D shape: (0, 3)
Multiframe time (ms): 0
Not enough 2D-3D correspondences for pose estimation.
Best map key: None
Number of candidates after local matching: 0
PnP pairs 2D shape: (0, 2) 3D shape: (0, 3)
Multiframe time (ms): 0
Not enough 2D-3D correspondences for pose estimation.
Best map key: ('Mahidol_University', 'ICT', '1.1_DinoV2Salad')
Number of candidates after local matching: 3
PnP pairs 2D shape: (201, 2) 3D shape: (201, 3)
Multiframe time (ms): 20
Floorplan Pose (x, y, angle): {'xy': array([2073.83235558,  711.6729804 ]), 'ang': 65.7158919228872}
Best map key: None
Number of candidates after local matching: 0
PnP pairs 2D shape: (0, 2) 3D shape: (0, 3)
Multiframe time (ms): 0
Not enough 2D-3D correspondences for pose estimation.
Best map key: None
Number of candidates after local matching: 0
PnP pairs 2D shape: (0, 2) 3D shape: (0, 3)
Multiframe time (ms): 0
Not enough 2D-3D correspondences for pose estimation.
Best map key: None
Number of candidates after local matching: 0
PnP pairs 2D shape: (0, 2) 3D shape: (0, 3)
Multiframe time (ms): 0
Not enough 2D-3D correspondences for pose estimation.
Best map key: None
Number of candidates after local matching: 0
PnP pairs 2D shape: (0, 2) 3D shape: (0, 3)
Multiframe time (ms): 0
Not enough 2D-3D correspondences for pose estimation.
Best map key: None
Number of candidates after local matching: 0
PnP pairs 2D shape: (0, 2) 3D shape: (0, 3)
Multiframe time (ms): 0
Not enough 2D-3D correspondences for pose estimation.
Best map key: None
Number of candidates after local matching: 0
PnP pairs 2D shape: (0, 2) 3D shape: (0, 3)
Multiframe time (ms): 0
Not enough 2D-3D correspondences for pose estimation.
Best map key: None
Number of candidates after local matching: 0
PnP pairs 2D shape: (0, 2) 3D shape: (0, 3)
Multiframe time (ms): 0
Not enough 2D-3D correspondences for pose estimation.
Best map key: ('Mahidol_University', 'ICT', '1.1_DinoV2Salad')
Number of candidates after local matching: 1
PnP pairs 2D shape: (59, 2) 3D shape: (59, 3)
Multiframe time (ms): 13
Floorplan Pose (x, y, angle): {'xy': array([2085.43193207,  757.47073814]), 'ang': 23.92723215337742}
Best map key: None
Number of candidates after local matching: 0
PnP pairs 2D shape: (0, 2) 3D shape: (0, 3)
Multiframe time (ms): 0
Not enough 2D-3D correspondences for pose estimation.
Best map key: None
Number of candidates after local matching: 0
PnP pairs 2D shape: (0, 2) 3D shape: (0, 3)
Multiframe time (ms): 0
Not enough 2D-3D correspondences for pose estimation.
Best map key: None
Number of candidates after local matching: 0
PnP pairs 2D shape: (0, 2) 3D shape: (0, 3)
Multiframe time (ms): 0
Not enough 2D-3D correspondences for pose estimation.
Best map key: None
Number of candidates after local matching: 0
PnP pairs 2D shape: (0, 2) 3D shape: (0, 3)
Multiframe time (ms): 0
Not enough 2D-3D correspondences for pose estimation.
Best map key: None
Number of candidates after local matching: 0
PnP pairs 2D shape: (0, 2) 3D shape: (0, 3)
Multiframe time (ms): 0
Not enough 2D-3D correspondences for pose estimation.
Best map key: None
Number of candidates after local matching: 0
PnP pairs 2D shape: (0, 2) 3D shape: (0, 3)
Multiframe time (ms): 0
Not enough 2D-3D correspondences for pose estimation.
Best map key: None
Number of candidates after local matching: 0
PnP pairs 2D shape: (0, 2) 3D shape: (0, 3)
Multiframe time (ms): 0
Not enough 2D-3D correspondences for pose estimation.
Best map key: None
Number of candidates after local matching: 0
PnP pairs 2D shape: (0, 2) 3D shape: (0, 3)
Multiframe time (ms): 0
Not enough 2D-3D correspondences for pose estimation.
Best map key: None
Number of candidates after local matching: 0
PnP pairs 2D shape: (0, 2) 3D shape: (0, 3)
Multiframe time (ms): 0
Not enough 2D-3D correspondences for pose estimation.
Best map key: None
Number of candidates after local matching: 0
PnP pairs 2D shape: (0, 2) 3D shape: (0, 3)
Multiframe time (ms): 0
Not enough 2D-3D correspondences for pose estimation.
Best map key: None
Number of candidates after local matching: 0
PnP pairs 2D shape: (0, 2) 3D shape: (0, 3)
Multiframe time (ms): 0
Not enough 2D-3D correspondences for pose estimation.
Best map key: None
Number of candidates after local matching: 0
PnP pairs 2D shape: (0, 2) 3D shape: (0, 3)
Multiframe time (ms): 0
Not enough 2D-3D correspondences for pose estimation.
Best map key: None
Number of candidates after local matching: 0
PnP pairs 2D shape: (0, 2) 3D shape: (0, 3)
Multiframe time (ms): 0
Not enough 2D-3D correspondences for pose estimation.
Best map key: None
Number of candidates after local matching: 0
PnP pairs 2D shape: (0, 2) 3D shape: (0, 3)
Multiframe time (ms): 0
Not enough 2D-3D correspondences for pose estimation.
Best map key: None
Number of candidates after local matching: 0
PnP pairs 2D shape: (0, 2) 3D shape: (0, 3)
Multiframe time (ms): 0
Not enough 2D-3D correspondences for pose estimation.
Best map key: None
Number of candidates after local matching: 0
PnP pairs 2D shape: (0, 2) 3D shape: (0, 3)
Multiframe time (ms): 0
Not enough 2D-3D correspondences for pose estimation.
Best map key: None
Number of candidates after local matching: 0
PnP pairs 2D shape: (0, 2) 3D shape: (0, 3)
Multiframe time (ms): 0
Not enough 2D-3D correspondences for pose estimation.
Best map key: None
Number of candidates after local matching: 0
PnP pairs 2D shape: (0, 2) 3D shape: (0, 3)
Multiframe time (ms): 0
Not enough 2D-3D correspondences for pose estimation.
Best map key: None
Number of candidates after local matching: 0
PnP pairs 2D shape: (0, 2) 3D shape: (0, 3)
Multiframe time (ms): 0
Not enough 2D-3D correspondences for pose estimation.
Best map key: None
Number of candidates after local matching: 0
PnP pairs 2D shape: (0, 2) 3D shape: (0, 3)
Multiframe time (ms): 0
Not enough 2D-3D correspondences for pose estimation.
Best map key: None
Number of candidates after local matching: 0
PnP pairs 2D shape: (0, 2) 3D shape: (0, 3)
Multiframe time (ms): 0
Not enough 2D-3D correspondences for pose estimation.
Best map key: None
Number of candidates after local matching: 0
PnP pairs 2D shape: (0, 2) 3D shape: (0, 3)
Multiframe time (ms): 0
Not enough 2D-3D correspondences for pose estimation.
Best map key: None
Number of candidates after local matching: 0
PnP pairs 2D shape: (0, 2) 3D shape: (0, 3)
Multiframe time (ms): 0
Not enough 2D-3D correspondences for pose estimation.
Best map key: None
Number of candidates after local matching: 0
PnP pairs 2D shape: (0, 2) 3D shape: (0, 3)
Multiframe time (ms): 0
Not enough 2D-3D correspondences for pose estimation.
Best map key: None
Number of candidates after local matching: 0
PnP pairs 2D shape: (0, 2) 3D shape: (0, 3)
Multiframe time (ms): 1
Not enough 2D-3D correspondences for pose estimation.
Best map key: None
Number of candidates after local matching: 0
PnP pairs 2D shape: (0, 2) 3D shape: (0, 3)
Multiframe time (ms): 0
Not enough 2D-3D correspondences for pose estimation.
Best map key: None
Number of candidates after local matching: 0
PnP pairs 2D shape: (0, 2) 3D shape: (0, 3)
Multiframe time (ms): 0
Not enough 2D-3D correspondences for pose estimation.
Best map key: None
Number of candidates after local matching: 0
PnP pairs 2D shape: (0, 2) 3D shape: (0, 3)
Multiframe time (ms): 0
Not enough 2D-3D correspondences for pose estimation.
Best map key: None
Number of candidates after local matching: 0
PnP pairs 2D shape: (0, 2) 3D shape: (0, 3)
Multiframe time (ms): 0
Not enough 2D-3D correspondences for pose estimation.
Best map key: None
Number of candidates after local matching: 0
PnP pairs 2D shape: (0, 2) 3D shape: (0, 3)
Multiframe time (ms): 0
Not enough 2D-3D correspondences for pose estimation.
Best map key: None
Number of candidates after local matching: 0
PnP pairs 2D shape: (0, 2) 3D shape: (0, 3)
Multiframe time (ms): 0
Not enough 2D-3D correspondences for pose estimation.
Best map key: None
Number of candidates after local matching: 0
PnP pairs 2D shape: (0, 2) 3D shape: (0, 3)
Multiframe time (ms): 0
Not enough 2D-3D correspondences for pose estimation.
Best map key: None
Number of candidates after local matching: 0
PnP pairs 2D shape: (0, 2) 3D shape: (0, 3)
Multiframe time (ms): 0
Not enough 2D-3D correspondences for pose estimation.
Best map key: None
Number of candidates after local matching: 0
PnP pairs 2D shape: (0, 2) 3D shape: (0, 3)
Multiframe time (ms): 0
Not enough 2D-3D correspondences for pose estimation.
Best map key: None
Number of candidates after local matching: 0
PnP pairs 2D shape: (0, 2) 3D shape: (0, 3)
Multiframe time (ms): 0
Not enough 2D-3D correspondences for pose estimation.
Best map key: None
Number of candidates after local matching: 0
PnP pairs 2D shape: (0, 2) 3D shape: (0, 3)
Multiframe time (ms): 0
Not enough 2D-3D correspondences for pose estimation.
Best map key: None
Number of candidates after local matching: 0
PnP pairs 2D shape: (0, 2) 3D shape: (0, 3)
Multiframe time (ms): 0
Not enough 2D-3D correspondences for pose estimation.
Best map key: None
Number of candidates after local matching: 0
PnP pairs 2D shape: (0, 2) 3D shape: (0, 3)
Multiframe time (ms): 0
Not enough 2D-3D correspondences for pose estimation.
Best map key: None
Number of candidates after local matching: 0
PnP pairs 2D shape: (0, 2) 3D shape: (0, 3)
Multiframe time (ms): 0
Not enough 2D-3D correspondences for pose estimation.
Best map key: None
Number of candidates after local matching: 0
PnP pairs 2D shape: (0, 2) 3D shape: (0, 3)
Multiframe time (ms): 0
Not enough 2D-3D correspondences for pose estimation.
Best map key: None
Number of candidates after local matching: 0
PnP pairs 2D shape: (0, 2) 3D shape: (0, 3)
Multiframe time (ms): 0
Not enough 2D-3D correspondences for pose estimation.
Best map key: None
Number of candidates after local matching: 0
PnP pairs 2D shape: (0, 2) 3D shape: (0, 3)
Multiframe time (ms): 0
Not enough 2D-3D correspondences for pose estimation.
Best map key: None
Number of candidates after local matching: 0
PnP pairs 2D shape: (0, 2) 3D shape: (0, 3)
Multiframe time (ms): 0
Not enough 2D-3D correspondences for pose estimation.
Best map key: None
Number of candidates after local matching: 0
PnP pairs 2D shape: (0, 2) 3D shape: (0, 3)
Multiframe time (ms): 0
Not enough 2D-3D correspondences for pose estimation.
Best map key: ('Mahidol_University', 'ICT', '1.1_DinoV2Salad')
Number of candidates after local matching: 1
PnP pairs 2D shape: (51, 2) 3D shape: (51, 3)
Multiframe time (ms): 12
Floorplan Pose (x, y, angle): {'xy': array([2123.39907816,  812.92700707]), 'ang': 6.449098378628447}
Best map key: None
Number of candidates after local matching: 0
PnP pairs 2D shape: (0, 2) 3D shape: (0, 3)
Multiframe time (ms): 0
Not enough 2D-3D correspondences for pose estimation.
Best map key: None
Number of candidates after local matching: 0
PnP pairs 2D shape: (0, 2) 3D shape: (0, 3)
Multiframe time (ms): 0
Not enough 2D-3D correspondences for pose estimation.
Best map key: None
Number of candidates after local matching: 0
PnP pairs 2D shape: (0, 2) 3D shape: (0, 3)
Multiframe time (ms): 1
Not enough 2D-3D correspondences for pose estimation.
Best map key: None
Number of candidates after local matching: 0
PnP pairs 2D shape: (0, 2) 3D shape: (0, 3)
Multiframe time (ms): 0
Not enough 2D-3D correspondences for pose estimation.
Best map key: None
Number of candidates after local matching: 0
PnP pairs 2D shape: (0, 2) 3D shape: (0, 3)
Multiframe time (ms): 0
Not enough 2D-3D correspondences for pose estimation.
Best map key: None
Number of candidates after local matching: 0
PnP pairs 2D shape: (0, 2) 3D shape: (0, 3)
Multiframe time (ms): 0
Not enough 2D-3D correspondences for pose estimation.
Best map key: None
Number of candidates after local matching: 0
PnP pairs 2D shape: (0, 2) 3D shape: (0, 3)
Multiframe time (ms): 0
Not enough 2D-3D correspondences for pose estimation.
Best map key: None
Number of candidates after local matching: 0
PnP pairs 2D shape: (0, 2) 3D shape: (0, 3)
Multiframe time (ms): 0
Not enough 2D-3D correspondences for pose estimation.
Best map key: None
Number of candidates after local matching: 0
PnP pairs 2D shape: (0, 2) 3D shape: (0, 3)
Multiframe time (ms): 0
Not enough 2D-3D correspondences for pose estimation.
Best map key: None
Number of candidates after local matching: 0
PnP pairs 2D shape: (0, 2) 3D shape: (0, 3)
Multiframe time (ms): 0
Not enough 2D-3D correspondences for pose estimation.
Best map key: None
Number of candidates after local matching: 0
PnP pairs 2D shape: (0, 2) 3D shape: (0, 3)
Multiframe time (ms): 0
Not enough 2D-3D correspondences for pose estimation.
Best map key: None
Number of candidates after local matching: 0
PnP pairs 2D shape: (0, 2) 3D shape: (0, 3)
Multiframe time (ms): 0
Not enough 2D-3D correspondences for pose estimation.
Best map key: None
Number of candidates after local matching: 0
PnP pairs 2D shape: (0, 2) 3D shape: (0, 3)
Multiframe time (ms): 0
Not enough 2D-3D correspondences for pose estimation.
Best map key: ('Mahidol_University', 'ICT', '1.1_DinoV2Salad')
Number of candidates after local matching: 3
PnP pairs 2D shape: (172, 2) 3D shape: (172, 3)
Multiframe time (ms): 24
Floorplan Pose (x, y, angle): {'xy': array([2023.75603195,  611.8669006 ]), 'ang': 143.6252724353775}
Best map key: None
Number of candidates after local matching: 0
PnP pairs 2D shape: (0, 2) 3D shape: (0, 3)
Multiframe time (ms): 0
Not enough 2D-3D correspondences for pose estimation.
Best map key: None
Number of candidates after local matching: 0
PnP pairs 2D shape: (0, 2) 3D shape: (0, 3)
Multiframe time (ms): 0
Not enough 2D-3D correspondences for pose estimation.
Best map key: None
Number of candidates after local matching: 0
PnP pairs 2D shape: (0, 2) 3D shape: (0, 3)
Multiframe time (ms): 0
Not enough 2D-3D correspondences for pose estimation.
Best map key: None
Number of candidates after local matching: 0
PnP pairs 2D shape: (0, 2) 3D shape: (0, 3)
Multiframe time (ms): 0
Not enough 2D-3D correspondences for pose estimation.
Best map key: None
Number of candidates after local matching: 0
PnP pairs 2D shape: (0, 2) 3D shape: (0, 3)
Multiframe time (ms): 0
Not enough 2D-3D correspondences for pose estimation.
Best map key: None
Number of candidates after local matching: 0
PnP pairs 2D shape: (0, 2) 3D shape: (0, 3)
Multiframe time (ms): 1
Not enough 2D-3D correspondences for pose estimation.
Best map key: None
Number of candidates after local matching: 0
PnP pairs 2D shape: (0, 2) 3D shape: (0, 3)
Multiframe time (ms): 0
Not enough 2D-3D correspondences for pose estimation.
Best map key: None
Number of candidates after local matching: 0
PnP pairs 2D shape: (0, 2) 3D shape: (0, 3)
Multiframe time (ms): 0
Not enough 2D-3D correspondences for pose estimation.
Best map key: None
Number of candidates after local matching: 0
PnP pairs 2D shape: (0, 2) 3D shape: (0, 3)
Multiframe time (ms): 0
Not enough 2D-3D correspondences for pose estimation.
Best map key: None
Number of candidates after local matching: 0
PnP pairs 2D shape: (0, 2) 3D shape: (0, 3)
Multiframe time (ms): 0
Not enough 2D-3D correspondences for pose estimation.
Best map key: None
Number of candidates after local matching: 0
PnP pairs 2D shape: (0, 2) 3D shape: (0, 3)
Multiframe time (ms): 0
Not enough 2D-3D correspondences for pose estimation.
Best map key: None
Number of candidates after local matching: 0
PnP pairs 2D shape: (0, 2) 3D shape: (0, 3)
Multiframe time (ms): 0
Not enough 2D-3D correspondences for pose estimation.
Best map key: None
Number of candidates after local matching: 0
PnP pairs 2D shape: (0, 2) 3D shape: (0, 3)
Multiframe time (ms): 0
Not enough 2D-3D correspondences for pose estimation.
Best map key: None
Number of candidates after local matching: 0
PnP pairs 2D shape: (0, 2) 3D shape: (0, 3)
Multiframe time (ms): 0
Not enough 2D-3D correspondences for pose estimation.
Best map key: None
Number of candidates after local matching: 0
PnP pairs 2D shape: (0, 2) 3D shape: (0, 3)
Multiframe time (ms): 0
Not enough 2D-3D correspondences for pose estimation.
Best map key: None
Number of candidates after local matching: 0
PnP pairs 2D shape: (0, 2) 3D shape: (0, 3)
Multiframe time (ms): 0
Not enough 2D-3D correspondences for pose estimation.
Best map key: None
Number of candidates after local matching: 0
PnP pairs 2D shape: (0, 2) 3D shape: (0, 3)
Multiframe time (ms): 0
Not enough 2D-3D correspondences for pose estimation.
Best map key: None
Number of candidates after local matching: 0
PnP pairs 2D shape: (0, 2) 3D shape: (0, 3)
Multiframe time (ms): 0
Not enough 2D-3D correspondences for pose estimation.
Best map key: None
Number of candidates after local matching: 0
PnP pairs 2D shape: (0, 2) 3D shape: (0, 3)
Multiframe time (ms): 0
Not enough 2D-3D correspondences for pose estimation.
Best map key: None
Number of candidates after local matching: 0
PnP pairs 2D shape: (0, 2) 3D shape: (0, 3)
Multiframe time (ms): 0
Not enough 2D-3D correspondences for pose estimation.
Best map key: None
Number of candidates after local matching: 0
PnP pairs 2D shape: (0, 2) 3D shape: (0, 3)
Multiframe time (ms): 0
Not enough 2D-3D correspondences for pose estimation.
Best map key: None
Number of candidates after local matching: 0
PnP pairs 2D shape: (0, 2) 3D shape: (0, 3)
Multiframe time (ms): 0
Not enough 2D-3D correspondences for pose estimation.
Best map key: None
Number of candidates after local matching: 0
PnP pairs 2D shape: (0, 2) 3D shape: (0, 3)
Multiframe time (ms): 0
Not enough 2D-3D correspondences for pose estimation.
Best map key: None
Number of candidates after local matching: 0
PnP pairs 2D shape: (0, 2) 3D shape: (0, 3)
Multiframe time (ms): 1
Not enough 2D-3D correspondences for pose estimation.
Best map key: None
Number of candidates after local matching: 0
PnP pairs 2D shape: (0, 2) 3D shape: (0, 3)
Multiframe time (ms): 0
Not enough 2D-3D correspondences for pose estimation.
Best map key: None
Number of candidates after local matching: 0
PnP pairs 2D shape: (0, 2) 3D shape: (0, 3)
Multiframe time (ms): 0
Not enough 2D-3D correspondences for pose estimation.
Best map key: None
Number of candidates after local matching: 0
PnP pairs 2D shape: (0, 2) 3D shape: (0, 3)
Multiframe time (ms): 0
Not enough 2D-3D correspondences for pose estimation.
Best map key: None
Number of candidates after local matching: 0
PnP pairs 2D shape: (0, 2) 3D shape: (0, 3)
Multiframe time (ms): 0
Not enough 2D-3D correspondences for pose estimation.
Best map key: None
Number of candidates after local matching: 0
PnP pairs 2D shape: (0, 2) 3D shape: (0, 3)
Multiframe time (ms): 0
Not enough 2D-3D correspondences for pose estimation.
Best map key: None
Number of candidates after local matching: 0
PnP pairs 2D shape: (0, 2) 3D shape: (0, 3)
Multiframe time (ms): 0
Not enough 2D-3D correspondences for pose estimation.
Best map key: None
Number of candidates after local matching: 0
PnP pairs 2D shape: (0, 2) 3D shape: (0, 3)
Multiframe time (ms): 0
Not enough 2D-3D correspondences for pose estimation.
Best map key: None
Number of candidates after local matching: 0
PnP pairs 2D shape: (0, 2) 3D shape: (0, 3)
Multiframe time (ms): 0
Not enough 2D-3D correspondences for pose estimation.
Best map key: None
Number of candidates after local matching: 0
PnP pairs 2D shape: (0, 2) 3D shape: (0, 3)
Multiframe time (ms): 0
Not enough 2D-3D correspondences for pose estimation.
Best map key: None
Number of candidates after local matching: 0
PnP pairs 2D shape: (0, 2) 3D shape: (0, 3)
Multiframe time (ms): 0
Not enough 2D-3D correspondences for pose estimation.
Best map key: None
Number of candidates after local matching: 0
PnP pairs 2D shape: (0, 2) 3D shape: (0, 3)
Multiframe time (ms): 0
Not enough 2D-3D correspondences for pose estimation.
Best map key: None
Number of candidates after local matching: 0
PnP pairs 2D shape: (0, 2) 3D shape: (0, 3)
Multiframe time (ms): 0
Not enough 2D-3D correspondences for pose estimation.
Best map key: None
Number of candidates after local matching: 0
PnP pairs 2D shape: (0, 2) 3D shape: (0, 3)
Multiframe time (ms): 0
Not enough 2D-3D correspondences for pose estimation.
Best map key: None
Number of candidates after local matching: 0
PnP pairs 2D shape: (0, 2) 3D shape: (0, 3)
Multiframe time (ms): 0
Not enough 2D-3D correspondences for pose estimation.
Best map key: None
Number of candidates after local matching: 0
PnP pairs 2D shape: (0, 2) 3D shape: (0, 3)
Multiframe time (ms): 0
Not enough 2D-3D correspondences for pose estimation.
Best map key: None
Number of candidates after local matching: 0
PnP pairs 2D shape: (0, 2) 3D shape: (0, 3)
Multiframe time (ms): 0
Not enough 2D-3D correspondences for pose estimation.
Best map key: None
Number of candidates after local matching: 0
PnP pairs 2D shape: (0, 2) 3D shape: (0, 3)
Multiframe time (ms): 0
Not enough 2D-3D correspondences for pose estimation.
Best map key: None
Number of candidates after local matching: 0
PnP pairs 2D shape: (0, 2) 3D shape: (0, 3)
Multiframe time (ms): 0
Not enough 2D-3D correspondences for pose estimation.
Best map key: None
Number of candidates after local matching: 0
PnP pairs 2D shape: (0, 2) 3D shape: (0, 3)
Multiframe time (ms): 0
Not enough 2D-3D correspondences for pose estimation.
Best map key: None
Number of candidates after local matching: 0
PnP pairs 2D shape: (0, 2) 3D shape: (0, 3)
Multiframe time (ms): 0
Not enough 2D-3D correspondences for pose estimation.
Best map key: None
Number of candidates after local matching: 0
PnP pairs 2D shape: (0, 2) 3D shape: (0, 3)
Multiframe time (ms): 0
Not enough 2D-3D correspondences for pose estimation.
Best map key: None
Number of candidates after local matching: 0
PnP pairs 2D shape: (0, 2) 3D shape: (0, 3)
Multiframe time (ms): 0
Not enough 2D-3D correspondences for pose estimation.
Best map key: None
Number of candidates after local matching: 0
PnP pairs 2D shape: (0, 2) 3D shape: (0, 3)
Multiframe time (ms): 0
Not enough 2D-3D correspondences for pose estimation.
Best map key: None
Number of candidates after local matching: 0
PnP pairs 2D shape: (0, 2) 3D shape: (0, 3)
Multiframe time (ms): 0
Not enough 2D-3D correspondences for pose estimation.
Best map key: None
Number of candidates after local matching: 0
PnP pairs 2D shape: (0, 2) 3D shape: (0, 3)
Multiframe time (ms): 0
Not enough 2D-3D correspondences for pose estimation.
Best map key: ('Mahidol_University', 'ICT', '1.1_DinoV2Salad')
Number of candidates after local matching: 1
PnP pairs 2D shape: (53, 2) 3D shape: (53, 3)
Multiframe time (ms): 21
Floorplan Pose (x, y, angle): {'xy': array([1996.26850229,  867.47353937]), 'ang': 150.06645078493088}
Best map key: None
Number of candidates after local matching: 0
PnP pairs 2D shape: (0, 2) 3D shape: (0, 3)
Multiframe time (ms): 0
Not enough 2D-3D correspondences for pose estimation.
Best map key: None
Number of candidates after local matching: 0
PnP pairs 2D shape: (0, 2) 3D shape: (0, 3)
Multiframe time (ms): 1
Not enough 2D-3D correspondences for pose estimation.
Best map key: None
Number of candidates after local matching: 0
PnP pairs 2D shape: (0, 2) 3D shape: (0, 3)
Multiframe time (ms): 0
Not enough 2D-3D correspondences for pose estimation.
Best map key: None
Number of candidates after local matching: 0
PnP pairs 2D shape: (0, 2) 3D shape: (0, 3)
Multiframe time (ms): 0
Not enough 2D-3D correspondences for pose estimation.
Best map key: None
Number of candidates after local matching: 0
PnP pairs 2D shape: (0, 2) 3D shape: (0, 3)
Multiframe time (ms): 0
Not enough 2D-3D correspondences for pose estimation.
Best map key: None
Number of candidates after local matching: 0
PnP pairs 2D shape: (0, 2) 3D shape: (0, 3)
Multiframe time (ms): 0
Not enough 2D-3D correspondences for pose estimation.
Best map key: None
Number of candidates after local matching: 0
PnP pairs 2D shape: (0, 2) 3D shape: (0, 3)
Multiframe time (ms): 0
Not enough 2D-3D correspondences for pose estimation.
Best map key: None
Number of candidates after local matching: 0
PnP pairs 2D shape: (0, 2) 3D shape: (0, 3)
Multiframe time (ms): 0
Not enough 2D-3D correspondences for pose estimation.
Best map key: None
Number of candidates after local matching: 0
PnP pairs 2D shape: (0, 2) 3D shape: (0, 3)
Multiframe time (ms): 0
Not enough 2D-3D correspondences for pose estimation.
Best map key: None
Number of candidates after local matching: 0
PnP pairs 2D shape: (0, 2) 3D shape: (0, 3)
Multiframe time (ms): 0
Not enough 2D-3D correspondences for pose estimation.
Best map key: None
Number of candidates after local matching: 0
PnP pairs 2D shape: (0, 2) 3D shape: (0, 3)
Multiframe time (ms): 0
Not enough 2D-3D correspondences for pose estimation.
Best map key: None
Number of candidates after local matching: 0
PnP pairs 2D shape: (0, 2) 3D shape: (0, 3)
Multiframe time (ms): 0
Not enough 2D-3D correspondences for pose estimation.
Best map key: None
Number of candidates after local matching: 0
PnP pairs 2D shape: (0, 2) 3D shape: (0, 3)
Multiframe time (ms): 0
Not enough 2D-3D correspondences for pose estimation.
Best map key: None
Number of candidates after local matching: 0
PnP pairs 2D shape: (0, 2) 3D shape: (0, 3)
Multiframe time (ms): 0
Not enough 2D-3D correspondences for pose estimation.
Best map key: None
Number of candidates after local matching: 0
PnP pairs 2D shape: (0, 2) 3D shape: (0, 3)
Multiframe time (ms): 0
Not enough 2D-3D correspondences for pose estimation.
Best map key: None
Number of candidates after local matching: 0
PnP pairs 2D shape: (0, 2) 3D shape: (0, 3)
Multiframe time (ms): 0
Not enough 2D-3D correspondences for pose estimation.
Best map key: None
Number of candidates after local matching: 0
PnP pairs 2D shape: (0, 2) 3D shape: (0, 3)
Multiframe time (ms): 0
Not enough 2D-3D correspondences for pose estimation.
Best map key: None
Number of candidates after local matching: 0
PnP pairs 2D shape: (0, 2) 3D shape: (0, 3)
Multiframe time (ms): 0
Not enough 2D-3D correspondences for pose estimation.
Best map key: None
Number of candidates after local matching: 0
PnP pairs 2D shape: (0, 2) 3D shape: (0, 3)
Multiframe time (ms): 0
Not enough 2D-3D correspondences for pose estimation.
Best map key: None
Number of candidates after local matching: 0
PnP pairs 2D shape: (0, 2) 3D shape: (0, 3)
Multiframe time (ms): 0
Not enough 2D-3D correspondences for pose estimation.
Best map key: None
Number of candidates after local matching: 0
PnP pairs 2D shape: (0, 2) 3D shape: (0, 3)
Multiframe time (ms): 0
Not enough 2D-3D correspondences for pose estimation.
Best map key: None
Number of candidates after local matching: 0
PnP pairs 2D shape: (0, 2) 3D shape: (0, 3)
Multiframe time (ms): 0
Not enough 2D-3D correspondences for pose estimation.
Best map key: None
Number of candidates after local matching: 0
PnP pairs 2D shape: (0, 2) 3D shape: (0, 3)
Multiframe time (ms): 0
Not enough 2D-3D correspondences for pose estimation.
Best map key: None
Number of candidates after local matching: 0
PnP pairs 2D shape: (0, 2) 3D shape: (0, 3)
Multiframe time (ms): 0
Not enough 2D-3D correspondences for pose estimation.
Best map key: ('Mahidol_University', 'ICT', '1.1_DinoV2Salad')
Number of candidates after local matching: 3
PnP pairs 2D shape: (191, 2) 3D shape: (191, 3)
Multiframe time (ms): 26
Floorplan Pose (x, y, angle): {'xy': array([2093.85575328,  703.93901624]), 'ang': 221.8244716130748}
Best map key: None
Number of candidates after local matching: 0
PnP pairs 2D shape: (0, 2) 3D shape: (0, 3)
Multiframe time (ms): 0
Not enough 2D-3D correspondences for pose estimation.
Best map key: None
Number of candidates after local matching: 0
PnP pairs 2D shape: (0, 2) 3D shape: (0, 3)
Multiframe time (ms): 0
Not enough 2D-3D correspondences for pose estimation.
Best map key: None
Number of candidates after local matching: 0
PnP pairs 2D shape: (0, 2) 3D shape: (0, 3)
Multiframe time (ms): 0
Not enough 2D-3D correspondences for pose estimation.
Best map key: None
Number of candidates after local matching: 0
PnP pairs 2D shape: (0, 2) 3D shape: (0, 3)
Multiframe time (ms): 0
Not enough 2D-3D correspondences for pose estimation.
Best map key: None
Number of candidates after local matching: 0
PnP pairs 2D shape: (0, 2) 3D shape: (0, 3)
Multiframe time (ms): 0
Not enough 2D-3D correspondences for pose estimation.
Best map key: None
Number of candidates after local matching: 0
PnP pairs 2D shape: (0, 2) 3D shape: (0, 3)
Multiframe time (ms): 0
Not enough 2D-3D correspondences for pose estimation.
Best map key: None
Number of candidates after local matching: 0
PnP pairs 2D shape: (0, 2) 3D shape: (0, 3)
Multiframe time (ms): 0
Not enough 2D-3D correspondences for pose estimation.
Best map key: None
Number of candidates after local matching: 0
PnP pairs 2D shape: (0, 2) 3D shape: (0, 3)
Multiframe time (ms): 0
Not enough 2D-3D correspondences for pose estimation.
Best map key: None
Number of candidates after local matching: 0
PnP pairs 2D shape: (0, 2) 3D shape: (0, 3)
Multiframe time (ms): 0
Not enough 2D-3D correspondences for pose estimation.
Best map key: None
Number of candidates after local matching: 0
PnP pairs 2D shape: (0, 2) 3D shape: (0, 3)
Multiframe time (ms): 0
Not enough 2D-3D correspondences for pose estimation.
Best map key: None
Number of candidates after local matching: 0
PnP pairs 2D shape: (0, 2) 3D shape: (0, 3)
Multiframe time (ms): 0
Not enough 2D-3D correspondences for pose estimation.
Best map key: None
Number of candidates after local matching: 0
PnP pairs 2D shape: (0, 2) 3D shape: (0, 3)
Multiframe time (ms): 0
Not enough 2D-3D correspondences for pose estimation.
Best map key: None
Number of candidates after local matching: 0
PnP pairs 2D shape: (0, 2) 3D shape: (0, 3)
Multiframe time (ms): 0
Not enough 2D-3D correspondences for pose estimation.
Best map key: None
Number of candidates after local matching: 0
PnP pairs 2D shape: (0, 2) 3D shape: (0, 3)
Multiframe time (ms): 0
Not enough 2D-3D correspondences for pose estimation.
Best map key: None
Number of candidates after local matching: 0
PnP pairs 2D shape: (0, 2) 3D shape: (0, 3)
Multiframe time (ms): 0
Not enough 2D-3D correspondences for pose estimation.
Best map key: None
Number of candidates after local matching: 0
PnP pairs 2D shape: (0, 2) 3D shape: (0, 3)
Multiframe time (ms): 0
Not enough 2D-3D correspondences for pose estimation.
Best map key: None
Number of candidates after local matching: 0
PnP pairs 2D shape: (0, 2) 3D shape: (0, 3)
Multiframe time (ms): 0
Not enough 2D-3D correspondences for pose estimation.
Best map key: None
Number of candidates after local matching: 0
PnP pairs 2D shape: (0, 2) 3D shape: (0, 3)
Multiframe time (ms): 0
Not enough 2D-3D correspondences for pose estimation.
Best map key: None
Number of candidates after local matching: 0
PnP pairs 2D shape: (0, 2) 3D shape: (0, 3)
Multiframe time (ms): 0
Not enough 2D-3D correspondences for pose estimation.
Best map key: None
Number of candidates after local matching: 0
PnP pairs 2D shape: (0, 2) 3D shape: (0, 3)
Multiframe time (ms): 0
Not enough 2D-3D correspondences for pose estimation.
Best map key: None
Number of candidates after local matching: 0
PnP pairs 2D shape: (0, 2) 3D shape: (0, 3)
Multiframe time (ms): 0
Not enough 2D-3D correspondences for pose estimation.
Best map key: None
Number of candidates after local matching: 0
PnP pairs 2D shape: (0, 2) 3D shape: (0, 3)
Multiframe time (ms): 0
Not enough 2D-3D correspondences for pose estimation.
Best map key: None
Number of candidates after local matching: 0
PnP pairs 2D shape: (0, 2) 3D shape: (0, 3)
Multiframe time (ms): 0
Not enough 2D-3D correspondences for pose estimation.
Best map key: None
Number of candidates after local matching: 0
PnP pairs 2D shape: (0, 2) 3D shape: (0, 3)
Multiframe time (ms): 0
Not enough 2D-3D correspondences for pose estimation.
Best map key: None
Number of candidates after local matching: 0
PnP pairs 2D shape: (0, 2) 3D shape: (0, 3)
Multiframe time (ms): 0
Not enough 2D-3D correspondences for pose estimation.
Best map key: None
Number of candidates after local matching: 0
PnP pairs 2D shape: (0, 2) 3D shape: (0, 3)
Multiframe time (ms): 0
Not enough 2D-3D correspondences for pose estimation.
Best map key: None
Number of candidates after local matching: 0
PnP pairs 2D shape: (0, 2) 3D shape: (0, 3)
Multiframe time (ms): 0
Not enough 2D-3D correspondences for pose estimation.
Best map key: None
Number of candidates after local matching: 0
PnP pairs 2D shape: (0, 2) 3D shape: (0, 3)
Multiframe time (ms): 0
Not enough 2D-3D correspondences for pose estimation.
Best map key: None
Number of candidates after local matching: 0
PnP pairs 2D shape: (0, 2) 3D shape: (0, 3)
Multiframe time (ms): 0
Not enough 2D-3D correspondences for pose estimation.
Best map key: None
Number of candidates after local matching: 0
PnP pairs 2D shape: (0, 2) 3D shape: (0, 3)
Multiframe time (ms): 0
Not enough 2D-3D correspondences for pose estimation.
Best map key: None
Number of candidates after local matching: 0
PnP pairs 2D shape: (0, 2) 3D shape: (0, 3)
Multiframe time (ms): 0
Not enough 2D-3D correspondences for pose estimation.
Best map key: None
Number of candidates after local matching: 0
PnP pairs 2D shape: (0, 2) 3D shape: (0, 3)
Multiframe time (ms): 0
Not enough 2D-3D correspondences for pose estimation.
Best map key: None
Number of candidates after local matching: 0
PnP pairs 2D shape: (0, 2) 3D shape: (0, 3)
Multiframe time (ms): 0
Not enough 2D-3D correspondences for pose estimation.
Best map key: None
Number of candidates after local matching: 0
PnP pairs 2D shape: (0, 2) 3D shape: (0, 3)
Multiframe time (ms): 0
Not enough 2D-3D correspondences for pose estimation.
Best map key: None
Number of candidates after local matching: 0
PnP pairs 2D shape: (0, 2) 3D shape: (0, 3)
Multiframe time (ms): 0
Not enough 2D-3D correspondences for pose estimation.
Best map key: None
Number of candidates after local matching: 0
PnP pairs 2D shape: (0, 2) 3D shape: (0, 3)
Multiframe time (ms): 0
Not enough 2D-3D correspondences for pose estimation.
Best map key: None
Number of candidates after local matching: 0
PnP pairs 2D shape: (0, 2) 3D shape: (0, 3)
Multiframe time (ms): 0
Not enough 2D-3D correspondences for pose estimation.
Best map key: None
Number of candidates after local matching: 0
PnP pairs 2D shape: (0, 2) 3D shape: (0, 3)
Multiframe time (ms): 0
Not enough 2D-3D correspondences for pose estimation.
Best map key: None
Number of candidates after local matching: 0
PnP pairs 2D shape: (0, 2) 3D shape: (0, 3)
Multiframe time (ms): 0
Not enough 2D-3D correspondences for pose estimation.
Best map key: None
Number of candidates after local matching: 0
PnP pairs 2D shape: (0, 2) 3D shape: (0, 3)
Multiframe time (ms): 0
Not enough 2D-3D correspondences for pose estimation.
Best map key: None
Number of candidates after local matching: 0
PnP pairs 2D shape: (0, 2) 3D shape: (0, 3)
Multiframe time (ms): 0
Not enough 2D-3D correspondences for pose estimation.
Best map key: None
Number of candidates after local matching: 0
PnP pairs 2D shape: (0, 2) 3D shape: (0, 3)
Multiframe time (ms): 0
Not enough 2D-3D correspondences for pose estimation.
Best map key: None
Number of candidates after local matching: 0
PnP pairs 2D shape: (0, 2) 3D shape: (0, 3)
Multiframe time (ms): 0
Not enough 2D-3D correspondences for pose estimation.
Best map key: None
Number of candidates after local matching: 0
PnP pairs 2D shape: (0, 2) 3D shape: (0, 3)
Multiframe time (ms): 0
Not enough 2D-3D correspondences for pose estimation.
Best map key: None
Number of candidates after local matching: 0
PnP pairs 2D shape: (0, 2) 3D shape: (0, 3)
Multiframe time (ms): 0
Not enough 2D-3D correspondences for pose estimation.
Best map key: None
Number of candidates after local matching: 0
PnP pairs 2D shape: (0, 2) 3D shape: (0, 3)
Multiframe time (ms): 0
Not enough 2D-3D correspondences for pose estimation.
Best map key: ('Mahidol_University', 'ICT', '1.1_DinoV2Salad')
Number of candidates after local matching: 4
PnP pairs 2D shape: (306, 2) 3D shape: (306, 3)
Multiframe time (ms): 45
Floorplan Pose (x, y, angle): {'xy': array([2067.66297191,  680.54471273]), 'ang': 229.92331789521012}
Best map key: None
Number of candidates after local matching: 0
PnP pairs 2D shape: (0, 2) 3D shape: (0, 3)
Multiframe time (ms): 0
Not enough 2D-3D correspondences for pose estimation.
Best map key: None
Number of candidates after local matching: 0
PnP pairs 2D shape: (0, 2) 3D shape: (0, 3)
Multiframe time (ms): 0
Not enough 2D-3D correspondences for pose estimation.
Best map key: None
Number of candidates after local matching: 0
PnP pairs 2D shape: (0, 2) 3D shape: (0, 3)
Multiframe time (ms): 0
Not enough 2D-3D correspondences for pose estimation.
Best map key: None
Number of candidates after local matching: 0
PnP pairs 2D shape: (0, 2) 3D shape: (0, 3)
Multiframe time (ms): 0
Not enough 2D-3D correspondences for pose estimation.
Best map key: None
Number of candidates after local matching: 0
PnP pairs 2D shape: (0, 2) 3D shape: (0, 3)
Multiframe time (ms): 0
Not enough 2D-3D correspondences for pose estimation.
Best map key: None
Number of candidates after local matching: 0
PnP pairs 2D shape: (0, 2) 3D shape: (0, 3)
Multiframe time (ms): 0
Not enough 2D-3D correspondences for pose estimation.
Best map key: None
Number of candidates after local matching: 0
PnP pairs 2D shape: (0, 2) 3D shape: (0, 3)
Multiframe time (ms): 0
Not enough 2D-3D correspondences for pose estimation.
Best map key: None
Number of candidates after local matching: 0
PnP pairs 2D shape: (0, 2) 3D shape: (0, 3)
Multiframe time (ms): 0
Not enough 2D-3D correspondences for pose estimation.
Best map key: None
Number of candidates after local matching: 0
PnP pairs 2D shape: (0, 2) 3D shape: (0, 3)
Multiframe time (ms): 0
Not enough 2D-3D correspondences for pose estimation.
Best map key: None
Number of candidates after local matching: 0
PnP pairs 2D shape: (0, 2) 3D shape: (0, 3)
Multiframe time (ms): 0
Not enough 2D-3D correspondences for pose estimation.
Best map key: None
Number of candidates after local matching: 0
PnP pairs 2D shape: (0, 2) 3D shape: (0, 3)
Multiframe time (ms): 0
Not enough 2D-3D correspondences for pose estimation.
Best map key: None
Number of candidates after local matching: 0
PnP pairs 2D shape: (0, 2) 3D shape: (0, 3)
Multiframe time (ms): 0
Not enough 2D-3D correspondences for pose estimation.
Best map key: ('Mahidol_University', 'ICT', '1.1_DinoV2Salad')
Number of candidates after local matching: 3
PnP pairs 2D shape: (181, 2) 3D shape: (181, 3)
Multiframe time (ms): 18
Floorplan Pose (x, y, angle): {'xy': array([2048.70799725,  751.22748878]), 'ang': 68.18176728040639}
Best map key: None
Number of candidates after local matching: 0
PnP pairs 2D shape: (0, 2) 3D shape: (0, 3)
Multiframe time (ms): 0
Not enough 2D-3D correspondences for pose estimation.
Best map key: None
Number of candidates after local matching: 0
PnP pairs 2D shape: (0, 2) 3D shape: (0, 3)
Multiframe time (ms): 0
Not enough 2D-3D correspondences for pose estimation.
Best map key: None
Number of candidates after local matching: 0
PnP pairs 2D shape: (0, 2) 3D shape: (0, 3)
Multiframe time (ms): 0
Not enough 2D-3D correspondences for pose estimation.
Best map key: None
Number of candidates after local matching: 0
PnP pairs 2D shape: (0, 2) 3D shape: (0, 3)
Multiframe time (ms): 0
Not enough 2D-3D correspondences for pose estimation.
Best map key: None
Number of candidates after local matching: 0
PnP pairs 2D shape: (0, 2) 3D shape: (0, 3)
Multiframe time (ms): 1
Not enough 2D-3D correspondences for pose estimation.
Best map key: None
Number of candidates after local matching: 0
PnP pairs 2D shape: (0, 2) 3D shape: (0, 3)
Multiframe time (ms): 0
Not enough 2D-3D correspondences for pose estimation.
Best map key: None
Number of candidates after local matching: 0
PnP pairs 2D shape: (0, 2) 3D shape: (0, 3)
Multiframe time (ms): 0
Not enough 2D-3D correspondences for pose estimation.
Best map key: None
Number of candidates after local matching: 0
PnP pairs 2D shape: (0, 2) 3D shape: (0, 3)
Multiframe time (ms): 0
Not enough 2D-3D correspondences for pose estimation.
Best map key: None
Number of candidates after local matching: 0
PnP pairs 2D shape: (0, 2) 3D shape: (0, 3)
Multiframe time (ms): 0
Not enough 2D-3D correspondences for pose estimation.
Best map key: None
Number of candidates after local matching: 0
PnP pairs 2D shape: (0, 2) 3D shape: (0, 3)
Multiframe time (ms): 0
Not enough 2D-3D correspondences for pose estimation.
Best map key: None
Number of candidates after local matching: 0
PnP pairs 2D shape: (0, 2) 3D shape: (0, 3)
Multiframe time (ms): 0
Not enough 2D-3D correspondences for pose estimation.
Best map key: None
Number of candidates after local matching: 0
PnP pairs 2D shape: (0, 2) 3D shape: (0, 3)
Multiframe time (ms): 0
Not enough 2D-3D correspondences for pose estimation.
Best map key: None
Number of candidates after local matching: 0
PnP pairs 2D shape: (0, 2) 3D shape: (0, 3)
Multiframe time (ms): 0
Not enough 2D-3D correspondences for pose estimation.
Best map key: None
Number of candidates after local matching: 0
PnP pairs 2D shape: (0, 2) 3D shape: (0, 3)
Multiframe time (ms): 0
Not enough 2D-3D correspondences for pose estimation.
Best map key: None
Number of candidates after local matching: 0
PnP pairs 2D shape: (0, 2) 3D shape: (0, 3)
Multiframe time (ms): 0
Not enough 2D-3D correspondences for pose estimation.
Best map key: None
Number of candidates after local matching: 0
PnP pairs 2D shape: (0, 2) 3D shape: (0, 3)
Multiframe time (ms): 0
Not enough 2D-3D correspondences for pose estimation.
Best map key: None
Number of candidates after local matching: 0
PnP pairs 2D shape: (0, 2) 3D shape: (0, 3)
Multiframe time (ms): 0
Not enough 2D-3D correspondences for pose estimation.
Best map key: None
Number of candidates after local matching: 0
PnP pairs 2D shape: (0, 2) 3D shape: (0, 3)
Multiframe time (ms): 0
Not enough 2D-3D correspondences for pose estimation.
Best map key: None
Number of candidates after local matching: 0
PnP pairs 2D shape: (0, 2) 3D shape: (0, 3)
Multiframe time (ms): 0
Not enough 2D-3D correspondences for pose estimation.
Best map key: None
Number of candidates after local matching: 0
PnP pairs 2D shape: (0, 2) 3D shape: (0, 3)
Multiframe time (ms): 0
Not enough 2D-3D correspondences for pose estimation.
Best map key: None
Number of candidates after local matching: 0
PnP pairs 2D shape: (0, 2) 3D shape: (0, 3)
Multiframe time (ms): 0
Not enough 2D-3D correspondences for pose estimation.
Best map key: None
Number of candidates after local matching: 0
PnP pairs 2D shape: (0, 2) 3D shape: (0, 3)
Multiframe time (ms): 0
Not enough 2D-3D correspondences for pose estimation.
Best map key: None
Number of candidates after local matching: 0
PnP pairs 2D shape: (0, 2) 3D shape: (0, 3)
Multiframe time (ms): 0
Not enough 2D-3D correspondences for pose estimation.
Best map key: None
Number of candidates after local matching: 0
PnP pairs 2D shape: (0, 2) 3D shape: (0, 3)
Multiframe time (ms): 0
Not enough 2D-3D correspondences for pose estimation.
Best map key: None
Number of candidates after local matching: 0
PnP pairs 2D shape: (0, 2) 3D shape: (0, 3)
Multiframe time (ms): 0
Not enough 2D-3D correspondences for pose estimation.
Best map key: None
Number of candidates after local matching: 0
PnP pairs 2D shape: (0, 2) 3D shape: (0, 3)
Multiframe time (ms): 0
Not enough 2D-3D correspondences for pose estimation.
Best map key: None
Number of candidates after local matching: 0
PnP pairs 2D shape: (0, 2) 3D shape: (0, 3)
Multiframe time (ms): 0
Not enough 2D-3D correspondences for pose estimation.
Best map key: None
Number of candidates after local matching: 0
PnP pairs 2D shape: (0, 2) 3D shape: (0, 3)
Multiframe time (ms): 0
Not enough 2D-3D correspondences for pose estimation.
Best map key: None
Number of candidates after local matching: 0
PnP pairs 2D shape: (0, 2) 3D shape: (0, 3)
Multiframe time (ms): 0
Not enough 2D-3D correspondences for pose estimation.
Best map key: None
Number of candidates after local matching: 0
PnP pairs 2D shape: (0, 2) 3D shape: (0, 3)
Multiframe time (ms): 0
Not enough 2D-3D correspondences for pose estimation.
Best map key: None
Number of candidates after local matching: 0
PnP pairs 2D shape: (0, 2) 3D shape: (0, 3)
Multiframe time (ms): 0
Not enough 2D-3D correspondences for pose estimation.
Best map key: None
Number of candidates after local matching: 0
PnP pairs 2D shape: (0, 2) 3D shape: (0, 3)
Multiframe time (ms): 0
Not enough 2D-3D correspondences for pose estimation.
Best map key: None
Number of candidates after local matching: 0
PnP pairs 2D shape: (0, 2) 3D shape: (0, 3)
Multiframe time (ms): 0
Not enough 2D-3D correspondences for pose estimation.
Best map key: None
Number of candidates after local matching: 0
PnP pairs 2D shape: (0, 2) 3D shape: (0, 3)
Multiframe time (ms): 0
Not enough 2D-3D correspondences for pose estimation.
Best map key: None
Number of candidates after local matching: 0
PnP pairs 2D shape: (0, 2) 3D shape: (0, 3)
Multiframe time (ms): 0
Not enough 2D-3D correspondences for pose estimation.
Best map key: None
Number of candidates after local matching: 0
PnP pairs 2D shape: (0, 2) 3D shape: (0, 3)
Multiframe time (ms): 0
Not enough 2D-3D correspondences for pose estimation.
Best map key: None
Number of candidates after local matching: 0
PnP pairs 2D shape: (0, 2) 3D shape: (0, 3)
Multiframe time (ms): 0
Not enough 2D-3D correspondences for pose estimation.
Best map key: None
Number of candidates after local matching: 0
PnP pairs 2D shape: (0, 2) 3D shape: (0, 3)
Multiframe time (ms): 0
Not enough 2D-3D correspondences for pose estimation.
Best map key: None
Number of candidates after local matching: 0
PnP pairs 2D shape: (0, 2) 3D shape: (0, 3)
Multiframe time (ms): 0
Not enough 2D-3D correspondences for pose estimation.
Best map key: ('Mahidol_University', 'ICT', '1.1_DinoV2Salad')
Number of candidates after local matching: 1
PnP pairs 2D shape: (53, 2) 3D shape: (53, 3)
Multiframe time (ms): 9
Floorplan Pose (x, y, angle): {'xy': array([2037.63619938,  644.23182921]), 'ang': 36.369024068735534}
Best map key: None
Number of candidates after local matching: 0
PnP pairs 2D shape: (0, 2) 3D shape: (0, 3)
Multiframe time (ms): 0
Not enough 2D-3D correspondences for pose estimation.
Best map key: None
Number of candidates after local matching: 0
PnP pairs 2D shape: (0, 2) 3D shape: (0, 3)
Multiframe time (ms): 0
Not enough 2D-3D correspondences for pose estimation.
Best map key: None
Number of candidates after local matching: 0
PnP pairs 2D shape: (0, 2) 3D shape: (0, 3)
Multiframe time (ms): 0
Not enough 2D-3D correspondences for pose estimation.
Best map key: None
Number of candidates after local matching: 0
PnP pairs 2D shape: (0, 2) 3D shape: (0, 3)
Multiframe time (ms): 0
Not enough 2D-3D correspondences for pose estimation.
Best map key: None
Number of candidates after local matching: 0
PnP pairs 2D shape: (0, 2) 3D shape: (0, 3)
Multiframe time (ms): 0
Not enough 2D-3D correspondences for pose estimation.
Best map key: None
Number of candidates after local matching: 0
PnP pairs 2D shape: (0, 2) 3D shape: (0, 3)
Multiframe time (ms): 0
Not enough 2D-3D correspondences for pose estimation.
Best map key: None
Number of candidates after local matching: 0
PnP pairs 2D shape: (0, 2) 3D shape: (0, 3)
Multiframe time (ms): 0
Not enough 2D-3D correspondences for pose estimation.
Best map key: None
Number of candidates after local matching: 0
PnP pairs 2D shape: (0, 2) 3D shape: (0, 3)
Multiframe time (ms): 0
Not enough 2D-3D correspondences for pose estimation.
Best map key: None
Number of candidates after local matching: 0
PnP pairs 2D shape: (0, 2) 3D shape: (0, 3)
Multiframe time (ms): 0
Not enough 2D-3D correspondences for pose estimation.
Best map key: None
Number of candidates after local matching: 0
PnP pairs 2D shape: (0, 2) 3D shape: (0, 3)
Multiframe time (ms): 0
Not enough 2D-3D correspondences for pose estimation.
Best map key: None
Number of candidates after local matching: 0
PnP pairs 2D shape: (0, 2) 3D shape: (0, 3)
Multiframe time (ms): 0
Not enough 2D-3D correspondences for pose estimation.
Best map key: None
Number of candidates after local matching: 0
PnP pairs 2D shape: (0, 2) 3D shape: (0, 3)
Multiframe time (ms): 0
Not enough 2D-3D correspondences for pose estimation.
Best map key: None
Number of candidates after local matching: 0
PnP pairs 2D shape: (0, 2) 3D shape: (0, 3)
Multiframe time (ms): 0
Not enough 2D-3D correspondences for pose estimation.
Best map key: None
Number of candidates after local matching: 0
PnP pairs 2D shape: (0, 2) 3D shape: (0, 3)
Multiframe time (ms): 0
Not enough 2D-3D correspondences for pose estimation.
Best map key: None
Number of candidates after local matching: 0
PnP pairs 2D shape: (0, 2) 3D shape: (0, 3)
Multiframe time (ms): 0
Not enough 2D-3D correspondences for pose estimation.
Best map key: None
Number of candidates after local matching: 0
PnP pairs 2D shape: (0, 2) 3D shape: (0, 3)
Multiframe time (ms): 0
Not enough 2D-3D correspondences for pose estimation.
Best map key: None
Number of candidates after local matching: 0
PnP pairs 2D shape: (0, 2) 3D shape: (0, 3)
Multiframe time (ms): 0
Not enough 2D-3D correspondences for pose estimation.
Best map key: None
Number of candidates after local matching: 0
PnP pairs 2D shape: (0, 2) 3D shape: (0, 3)
Multiframe time (ms): 0
Not enough 2D-3D correspondences for pose estimation.
Best map key: None
Number of candidates after local matching: 0
PnP pairs 2D shape: (0, 2) 3D shape: (0, 3)
Multiframe time (ms): 0
Not enough 2D-3D correspondences for pose estimation.
Best map key: None
Number of candidates after local matching: 0
PnP pairs 2D shape: (0, 2) 3D shape: (0, 3)
Multiframe time (ms): 0
Not enough 2D-3D correspondences for pose estimation.
Best map key: None
Number of candidates after local matching: 0
PnP pairs 2D shape: (0, 2) 3D shape: (0, 3)
Multiframe time (ms): 0
Not enough 2D-3D correspondences for pose estimation.
Best map key: None
Number of candidates after local matching: 0
PnP pairs 2D shape: (0, 2) 3D shape: (0, 3)
Multiframe time (ms): 0
Not enough 2D-3D correspondences for pose estimation.
Best map key: None
Number of candidates after local matching: 0
PnP pairs 2D shape: (0, 2) 3D shape: (0, 3)
Multiframe time (ms): 0
Not enough 2D-3D correspondences for pose estimation.
Best map key: None
Number of candidates after local matching: 0
PnP pairs 2D shape: (0, 2) 3D shape: (0, 3)
Multiframe time (ms): 0
Not enough 2D-3D correspondences for pose estimation.
Best map key: None
Number of candidates after local matching: 0
PnP pairs 2D shape: (0, 2) 3D shape: (0, 3)
Multiframe time (ms): 0
Not enough 2D-3D correspondences for pose estimation.
Best map key: None
Number of candidates after local matching: 0
PnP pairs 2D shape: (0, 2) 3D shape: (0, 3)
Multiframe time (ms): 0
Not enough 2D-3D correspondences for pose estimation.
Best map key: None
Number of candidates after local matching: 0
PnP pairs 2D shape: (0, 2) 3D shape: (0, 3)
Multiframe time (ms): 0
Not enough 2D-3D correspondences for pose estimation.
Best map key: None
Number of candidates after local matching: 0
PnP pairs 2D shape: (0, 2) 3D shape: (0, 3)
Multiframe time (ms): 0
Not enough 2D-3D correspondences for pose estimation.
Best map key: ('Mahidol_University', 'ICT', '1.1_DinoV2Salad')
Number of candidates after local matching: 5
PnP pairs 2D shape: (343, 2) 3D shape: (343, 3)
Multiframe time (ms): 37
Floorplan Pose (x, y, angle): {'xy': array([1987.16066584,  669.45400266]), 'ang': 168.45668644923413}
Best map key: None
Number of candidates after local matching: 0
PnP pairs 2D shape: (0, 2) 3D shape: (0, 3)
Multiframe time (ms): 0
Not enough 2D-3D correspondences for pose estimation.
Best map key: ('Mahidol_University', 'ICT', '1.1_DinoV2Salad')
Number of candidates after local matching: 3
PnP pairs 2D shape: (267, 2) 3D shape: (267, 3)
Multiframe time (ms): 23
Floorplan Pose (x, y, angle): {'xy': array([2032.58786907,  651.7108337 ]), 'ang': 238.30306077703187}
Best map key: None
Number of candidates after local matching: 0
PnP pairs 2D shape: (0, 2) 3D shape: (0, 3)
Multiframe time (ms): 1
Not enough 2D-3D correspondences for pose estimation.
Best map key: None
Number of candidates after local matching: 0
PnP pairs 2D shape: (0, 2) 3D shape: (0, 3)
Multiframe time (ms): 0
Not enough 2D-3D correspondences for pose estimation.
Best map key: None
Number of candidates after local matching: 0
PnP pairs 2D shape: (0, 2) 3D shape: (0, 3)
Multiframe time (ms): 0
Not enough 2D-3D correspondences for pose estimation.
Best map key: ('Mahidol_University', 'ICT', '1.1_DinoV2Salad')
Number of candidates after local matching: 5
PnP pairs 2D shape: (805, 2) 3D shape: (805, 3)
Multiframe time (ms): 60
Floorplan Pose (x, y, angle): {'xy': array([2030.10059036,  601.7050781 ]), 'ang': 186.81523736463933}
Best map key: None
Number of candidates after local matching: 0
PnP pairs 2D shape: (0, 2) 3D shape: (0, 3)
Multiframe time (ms): 0
Not enough 2D-3D correspondences for pose estimation.
Best map key: None
Number of candidates after local matching: 0
PnP pairs 2D shape: (0, 2) 3D shape: (0, 3)
Multiframe time (ms): 0
Not enough 2D-3D correspondences for pose estimation.
Best map key: None
Number of candidates after local matching: 0
PnP pairs 2D shape: (0, 2) 3D shape: (0, 3)
Multiframe time (ms): 0
Not enough 2D-3D correspondences for pose estimation.
Best map key: None
Number of candidates after local matching: 0
PnP pairs 2D shape: (0, 2) 3D shape: (0, 3)
Multiframe time (ms): 0
Not enough 2D-3D correspondences for pose estimation.
Best map key: None
Number of candidates after local matching: 0
PnP pairs 2D shape: (0, 2) 3D shape: (0, 3)
Multiframe time (ms): 0
Not enough 2D-3D correspondences for pose estimation.
Best map key: None
Number of candidates after local matching: 0
PnP pairs 2D shape: (0, 2) 3D shape: (0, 3)
Multiframe time (ms): 0
Not enough 2D-3D correspondences for pose estimation.
Best map key: None
Number of candidates after local matching: 0
PnP pairs 2D shape: (0, 2) 3D shape: (0, 3)
Multiframe time (ms): 0
Not enough 2D-3D correspondences for pose estimation.
Best map key: None
Number of candidates after local matching: 0
PnP pairs 2D shape: (0, 2) 3D shape: (0, 3)
Multiframe time (ms): 0
Not enough 2D-3D correspondences for pose estimation.
Best map key: None
Number of candidates after local matching: 0
PnP pairs 2D shape: (0, 2) 3D shape: (0, 3)
Multiframe time (ms): 0
Not enough 2D-3D correspondences for pose estimation.
Best map key: None
Number of candidates after local matching: 0
PnP pairs 2D shape: (0, 2) 3D shape: (0, 3)
Multiframe time (ms): 1
Not enough 2D-3D correspondences for pose estimation.
Best map key: None
Number of candidates after local matching: 0
PnP pairs 2D shape: (0, 2) 3D shape: (0, 3)
Multiframe time (ms): 0
Not enough 2D-3D correspondences for pose estimation.
Best map key: None
Number of candidates after local matching: 0
PnP pairs 2D shape: (0, 2) 3D shape: (0, 3)
Multiframe time (ms): 0
Not enough 2D-3D correspondences for pose estimation.
Best map key: None
Number of candidates after local matching: 0
PnP pairs 2D shape: (0, 2) 3D shape: (0, 3)
Multiframe time (ms): 0
Not enough 2D-3D correspondences for pose estimation.
Best map key: None
Number of candidates after local matching: 0
PnP pairs 2D shape: (0, 2) 3D shape: (0, 3)
Multiframe time (ms): 0
Not enough 2D-3D correspondences for pose estimation.
Best map key: None
Number of candidates after local matching: 0
PnP pairs 2D shape: (0, 2) 3D shape: (0, 3)
Multiframe time (ms): 0
Not enough 2D-3D correspondences for pose estimation.
Best map key: None
Number of candidates after local matching: 0
PnP pairs 2D shape: (0, 2) 3D shape: (0, 3)
Multiframe time (ms): 0
Not enough 2D-3D correspondences for pose estimation.
Best map key: None
Number of candidates after local matching: 0
PnP pairs 2D shape: (0, 2) 3D shape: (0, 3)
Multiframe time (ms): 0
Not enough 2D-3D correspondences for pose estimation.
Best map key: None
Number of candidates after local matching: 0
PnP pairs 2D shape: (0, 2) 3D shape: (0, 3)
Multiframe time (ms): 0
Not enough 2D-3D correspondences for pose estimation.
Best map key: None
Number of candidates after local matching: 0
PnP pairs 2D shape: (0, 2) 3D shape: (0, 3)
Multiframe time (ms): 0
Not enough 2D-3D correspondences for pose estimation.
Best map key: None
Number of candidates after local matching: 0
PnP pairs 2D shape: (0, 2) 3D shape: (0, 3)
Multiframe time (ms): 0
Not enough 2D-3D correspondences for pose estimation.
Best map key: None
Number of candidates after local matching: 0
PnP pairs 2D shape: (0, 2) 3D shape: (0, 3)
Multiframe time (ms): 0
Not enough 2D-3D correspondences for pose estimation.
Best map key: None
Number of candidates after local matching: 0
PnP pairs 2D shape: (0, 2) 3D shape: (0, 3)
Multiframe time (ms): 0
Not enough 2D-3D correspondences for pose estimation.
Best map key: None
Number of candidates after local matching: 0
PnP pairs 2D shape: (0, 2) 3D shape: (0, 3)
Multiframe time (ms): 0
Not enough 2D-3D correspondences for pose estimation.
Best map key: None
Number of candidates after local matching: 0
PnP pairs 2D shape: (0, 2) 3D shape: (0, 3)
Multiframe time (ms): 0
Not enough 2D-3D correspondences for pose estimation.
Best map key: ('Mahidol_University', 'ICT', '1.1_DinoV2Salad')
Number of candidates after local matching: 4
PnP pairs 2D shape: (340, 2) 3D shape: (340, 3)
Multiframe time (ms): 35
Floorplan Pose (x, y, angle): {'xy': array([2055.10115661,  653.68271364]), 'ang': 213.71491614570107}
Best map key: None
Number of candidates after local matching: 0
PnP pairs 2D shape: (0, 2) 3D shape: (0, 3)
Multiframe time (ms): 0
Not enough 2D-3D correspondences for pose estimation.
Best map key: ('Mahidol_University', 'ICT', '1.1_DinoV2Salad')
Number of candidates after local matching: 2
PnP pairs 2D shape: (123, 2) 3D shape: (123, 3)
Multiframe time (ms): 23
Floorplan Pose (x, y, angle): {'xy': array([2037.54386679,  620.0943204 ]), 'ang': 240.48111857391578}
Best map key: None
Number of candidates after local matching: 0
PnP pairs 2D shape: (0, 2) 3D shape: (0, 3)
Multiframe time (ms): 0
Not enough 2D-3D correspondences for pose estimation.
Best map key: None
Number of candidates after local matching: 0
PnP pairs 2D shape: (0, 2) 3D shape: (0, 3)
Multiframe time (ms): 0
Not enough 2D-3D correspondences for pose estimation.
Best map key: None
Number of candidates after local matching: 0
PnP pairs 2D shape: (0, 2) 3D shape: (0, 3)
Multiframe time (ms): 0
Not enough 2D-3D correspondences for pose estimation.
Best map key: None
Number of candidates after local matching: 0
PnP pairs 2D shape: (0, 2) 3D shape: (0, 3)
Multiframe time (ms): 0
Not enough 2D-3D correspondences for pose estimation.
Best map key: None
Number of candidates after local matching: 0
PnP pairs 2D shape: (0, 2) 3D shape: (0, 3)
Multiframe time (ms): 0
Not enough 2D-3D correspondences for pose estimation.
Best map key: ('Mahidol_University', 'ICT', '1.1_DinoV2Salad')
Number of candidates after local matching: 1
PnP pairs 2D shape: (63, 2) 3D shape: (63, 3)
Multiframe time (ms): 30
Floorplan Pose (x, y, angle): {'xy': array([2038.60506392,  623.42552478]), 'ang': 34.21632587840622}
Best map key: None
Number of candidates after local matching: 0
PnP pairs 2D shape: (0, 2) 3D shape: (0, 3)
Multiframe time (ms): 0
Not enough 2D-3D correspondences for pose estimation.
Best map key: None
Number of candidates after local matching: 0
PnP pairs 2D shape: (0, 2) 3D shape: (0, 3)
Multiframe time (ms): 0
Not enough 2D-3D correspondences for pose estimation.
Best map key: ('Mahidol_University', 'ICT', '1.1_DinoV2Salad')
Number of candidates after local matching: 1
PnP pairs 2D shape: (57, 2) 3D shape: (57, 3)
Multiframe time (ms): 13
Floorplan Pose (x, y, angle): {'xy': array([1907.0389408 ,  743.19439259]), 'ang': 188.39862668438607}
Best map key: None
Number of candidates after local matching: 0
PnP pairs 2D shape: (0, 2) 3D shape: (0, 3)
Multiframe time (ms): 0
Not enough 2D-3D correspondences for pose estimation.
Best map key: None
Number of candidates after local matching: 0
PnP pairs 2D shape: (0, 2) 3D shape: (0, 3)
Multiframe time (ms): 0
Not enough 2D-3D correspondences for pose estimation.
Best map key: None
Number of candidates after local matching: 0
PnP pairs 2D shape: (0, 2) 3D shape: (0, 3)
Multiframe time (ms): 0
Not enough 2D-3D correspondences for pose estimation.
Best map key: None
Number of candidates after local matching: 0
PnP pairs 2D shape: (0, 2) 3D shape: (0, 3)
Multiframe time (ms): 0
Not enough 2D-3D correspondences for pose estimation.
Best map key: None
Number of candidates after local matching: 0
PnP pairs 2D shape: (0, 2) 3D shape: (0, 3)
Multiframe time (ms): 0
Not enough 2D-3D correspondences for pose estimation.
Best map key: None
Number of candidates after local matching: 0
PnP pairs 2D shape: (0, 2) 3D shape: (0, 3)
Multiframe time (ms): 0
Not enough 2D-3D correspondences for pose estimation.
Best map key: None
Number of candidates after local matching: 0
PnP pairs 2D shape: (0, 2) 3D shape: (0, 3)
Multiframe time (ms): 0
Not enough 2D-3D correspondences for pose estimation.
Best map key: None
Number of candidates after local matching: 0
PnP pairs 2D shape: (0, 2) 3D shape: (0, 3)
Multiframe time (ms): 0
Not enough 2D-3D correspondences for pose estimation.
Best map key: None
Number of candidates after local matching: 0
PnP pairs 2D shape: (0, 2) 3D shape: (0, 3)
Multiframe time (ms): 0
Not enough 2D-3D correspondences for pose estimation.
Best map key: None
Number of candidates after local matching: 0
PnP pairs 2D shape: (0, 2) 3D shape: (0, 3)
Multiframe time (ms): 0
Not enough 2D-3D correspondences for pose estimation.
Best map key: None
Number of candidates after local matching: 0
PnP pairs 2D shape: (0, 2) 3D shape: (0, 3)
Multiframe time (ms): 0
Not enough 2D-3D correspondences for pose estimation.
Best map key: None
Number of candidates after local matching: 0
PnP pairs 2D shape: (0, 2) 3D shape: (0, 3)
Multiframe time (ms): 0
Not enough 2D-3D correspondences for pose estimation.
Best map key: None
Number of candidates after local matching: 0
PnP pairs 2D shape: (0, 2) 3D shape: (0, 3)
Multiframe time (ms): 0
Not enough 2D-3D correspondences for pose estimation.
Best map key: None
Number of candidates after local matching: 0
PnP pairs 2D shape: (0, 2) 3D shape: (0, 3)
Multiframe time (ms): 0
Not enough 2D-3D correspondences for pose estimation.
Best map key: None
Number of candidates after local matching: 0
PnP pairs 2D shape: (0, 2) 3D shape: (0, 3)
Multiframe time (ms): 0
Not enough 2D-3D correspondences for pose estimation.
Best map key: None
Number of candidates after local matching: 0
PnP pairs 2D shape: (0, 2) 3D shape: (0, 3)
Multiframe time (ms): 0
Not enough 2D-3D correspondences for pose estimation.
Best map key: None
Number of candidates after local matching: 0
PnP pairs 2D shape: (0, 2) 3D shape: (0, 3)
Multiframe time (ms): 0
Not enough 2D-3D correspondences for pose estimation.
Best map key: None
Number of candidates after local matching: 0
PnP pairs 2D shape: (0, 2) 3D shape: (0, 3)
Multiframe time (ms): 1
Not enough 2D-3D correspondences for pose estimation.
Best map key: None
Number of candidates after local matching: 0
PnP pairs 2D shape: (0, 2) 3D shape: (0, 3)
Multiframe time (ms): 0
Not enough 2D-3D correspondences for pose estimation.
Best map key: None
Number of candidates after local matching: 0
PnP pairs 2D shape: (0, 2) 3D shape: (0, 3)
Multiframe time (ms): 0
Not enough 2D-3D correspondences for pose estimation.
Best map key: None
Number of candidates after local matching: 0
PnP pairs 2D shape: (0, 2) 3D shape: (0, 3)
Multiframe time (ms): 0
Not enough 2D-3D correspondences for pose estimation.
Best map key: None
Number of candidates after local matching: 0
PnP pairs 2D shape: (0, 2) 3D shape: (0, 3)
Multiframe time (ms): 0
Not enough 2D-3D correspondences for pose estimation.
Best map key: None
Number of candidates after local matching: 0
PnP pairs 2D shape: (0, 2) 3D shape: (0, 3)
Multiframe time (ms): 0
Not enough 2D-3D correspondences for pose estimation.
Best map key: None
Number of candidates after local matching: 0
PnP pairs 2D shape: (0, 2) 3D shape: (0, 3)
Multiframe time (ms): 0
Not enough 2D-3D correspondences for pose estimation.
Best map key: None
Number of candidates after local matching: 0
PnP pairs 2D shape: (0, 2) 3D shape: (0, 3)
Multiframe time (ms): 0
Not enough 2D-3D correspondences for pose estimation.
Best map key: None
Number of candidates after local matching: 0
PnP pairs 2D shape: (0, 2) 3D shape: (0, 3)
Multiframe time (ms): 0
Not enough 2D-3D correspondences for pose estimation.
Best map key: None
Number of candidates after local matching: 0
PnP pairs 2D shape: (0, 2) 3D shape: (0, 3)
Multiframe time (ms): 0
Not enough 2D-3D correspondences for pose estimation.
Best map key: None
Number of candidates after local matching: 0
PnP pairs 2D shape: (0, 2) 3D shape: (0, 3)
Multiframe time (ms): 0
Not enough 2D-3D correspondences for pose estimation.
Best map key: None
Number of candidates after local matching: 0
PnP pairs 2D shape: (0, 2) 3D shape: (0, 3)
Multiframe time (ms): 0
Not enough 2D-3D correspondences for pose estimation.
Best map key: None
Number of candidates after local matching: 0
PnP pairs 2D shape: (0, 2) 3D shape: (0, 3)
Multiframe time (ms): 0
Not enough 2D-3D correspondences for pose estimation.
Best map key: None
Number of candidates after local matching: 0
PnP pairs 2D shape: (0, 2) 3D shape: (0, 3)
Multiframe time (ms): 0
Not enough 2D-3D correspondences for pose estimation.
Best map key: None
Number of candidates after local matching: 0
PnP pairs 2D shape: (0, 2) 3D shape: (0, 3)
Multiframe time (ms): 0
Not enough 2D-3D correspondences for pose estimation.
Best map key: None
Number of candidates after local matching: 0
PnP pairs 2D shape: (0, 2) 3D shape: (0, 3)
Multiframe time (ms): 1
Not enough 2D-3D correspondences for pose estimation.
Best map key: None
Number of candidates after local matching: 0
PnP pairs 2D shape: (0, 2) 3D shape: (0, 3)
Multiframe time (ms): 0
Not enough 2D-3D correspondences for pose estimation.
Best map key: None
Number of candidates after local matching: 0
PnP pairs 2D shape: (0, 2) 3D shape: (0, 3)
Multiframe time (ms): 1
Not enough 2D-3D correspondences for pose estimation.
Best map key: None
Number of candidates after local matching: 0
PnP pairs 2D shape: (0, 2) 3D shape: (0, 3)
Multiframe time (ms): 0
Not enough 2D-3D correspondences for pose estimation.
Best map key: None
Number of candidates after local matching: 0
PnP pairs 2D shape: (0, 2) 3D shape: (0, 3)
Multiframe time (ms): 0
Not enough 2D-3D correspondences for pose estimation.
Best map key: None
Number of candidates after local matching: 0
PnP pairs 2D shape: (0, 2) 3D shape: (0, 3)
Multiframe time (ms): 0
Not enough 2D-3D correspondences for pose estimation.
Best map key: None
Number of candidates after local matching: 0
PnP pairs 2D shape: (0, 2) 3D shape: (0, 3)
Multiframe time (ms): 0
Not enough 2D-3D correspondences for pose estimation.
Best map key: None
Number of candidates after local matching: 0
PnP pairs 2D shape: (0, 2) 3D shape: (0, 3)
Multiframe time (ms): 0
Not enough 2D-3D correspondences for pose estimation.
Best map key: None
Number of candidates after local matching: 0
PnP pairs 2D shape: (0, 2) 3D shape: (0, 3)
Multiframe time (ms): 0
Not enough 2D-3D correspondences for pose estimation.
Best map key: None
Number of candidates after local matching: 0
PnP pairs 2D shape: (0, 2) 3D shape: (0, 3)
Multiframe time (ms): 0
Not enough 2D-3D correspondences for pose estimation.
Best map key: None
Number of candidates after local matching: 0
PnP pairs 2D shape: (0, 2) 3D shape: (0, 3)
Multiframe time (ms): 0
Not enough 2D-3D correspondences for pose estimation.
Best map key: None
Number of candidates after local matching: 0
PnP pairs 2D shape: (0, 2) 3D shape: (0, 3)
Multiframe time (ms): 0
Not enough 2D-3D correspondences for pose estimation.
Best map key: None
Number of candidates after local matching: 0
PnP pairs 2D shape: (0, 2) 3D shape: (0, 3)
Multiframe time (ms): 0
Not enough 2D-3D correspondences for pose estimation.
Best map key: None
Number of candidates after local matching: 0
PnP pairs 2D shape: (0, 2) 3D shape: (0, 3)
Multiframe time (ms): 0
Not enough 2D-3D correspondences for pose estimation.
Best map key: None
Number of candidates after local matching: 0
PnP pairs 2D shape: (0, 2) 3D shape: (0, 3)
Multiframe time (ms): 0
Not enough 2D-3D correspondences for pose estimation.
Best map key: None
Number of candidates after local matching: 0
PnP pairs 2D shape: (0, 2) 3D shape: (0, 3)
Multiframe time (ms): 1
Not enough 2D-3D correspondences for pose estimation.
Best map key: None
Number of candidates after local matching: 0
PnP pairs 2D shape: (0, 2) 3D shape: (0, 3)
Multiframe time (ms): 0
Not enough 2D-3D correspondences for pose estimation.
Best map key: None
Number of candidates after local matching: 0
PnP pairs 2D shape: (0, 2) 3D shape: (0, 3)
Multiframe time (ms): 0
Not enough 2D-3D correspondences for pose estimation.
Best map key: None
Number of candidates after local matching: 0
PnP pairs 2D shape: (0, 2) 3D shape: (0, 3)
Multiframe time (ms): 0
Not enough 2D-3D correspondences for pose estimation.
Best map key: None
Number of candidates after local matching: 0
PnP pairs 2D shape: (0, 2) 3D shape: (0, 3)
Multiframe time (ms): 0
Not enough 2D-3D correspondences for pose estimation.
Best map key: None
Number of candidates after local matching: 0
PnP pairs 2D shape: (0, 2) 3D shape: (0, 3)
Multiframe time (ms): 0
Not enough 2D-3D correspondences for pose estimation.
Best map key: None
Number of candidates after local matching: 0
PnP pairs 2D shape: (0, 2) 3D shape: (0, 3)
Multiframe time (ms): 0
Not enough 2D-3D correspondences for pose estimation.
Best map key: None
Number of candidates after local matching: 0
PnP pairs 2D shape: (0, 2) 3D shape: (0, 3)
Multiframe time (ms): 0
Not enough 2D-3D correspondences for pose estimation.
Best map key: None
Number of candidates after local matching: 0
PnP pairs 2D shape: (0, 2) 3D shape: (0, 3)
Multiframe time (ms): 0
Not enough 2D-3D correspondences for pose estimation.
Best map key: None
Number of candidates after local matching: 0
PnP pairs 2D shape: (0, 2) 3D shape: (0, 3)
Multiframe time (ms): 0
Not enough 2D-3D correspondences for pose estimation.
Best map key: None
Number of candidates after local matching: 0
PnP pairs 2D shape: (0, 2) 3D shape: (0, 3)
Multiframe time (ms): 0
Not enough 2D-3D correspondences for pose estimation.
Best map key: None
Number of candidates after local matching: 0
PnP pairs 2D shape: (0, 2) 3D shape: (0, 3)
Multiframe time (ms): 0
Not enough 2D-3D correspondences for pose estimation.
Best map key: None
Number of candidates after local matching: 0
PnP pairs 2D shape: (0, 2) 3D shape: (0, 3)
Multiframe time (ms): 0
Not enough 2D-3D correspondences for pose estimation.
Best map key: None
Number of candidates after local matching: 0
PnP pairs 2D shape: (0, 2) 3D shape: (0, 3)
Multiframe time (ms): 0
Not enough 2D-3D correspondences for pose estimation.
Best map key: None
Number of candidates after local matching: 0
PnP pairs 2D shape: (0, 2) 3D shape: (0, 3)
Multiframe time (ms): 0
Not enough 2D-3D correspondences for pose estimation.
Best map key: None
Number of candidates after local matching: 0
PnP pairs 2D shape: (0, 2) 3D shape: (0, 3)
Multiframe time (ms): 0
Not enough 2D-3D correspondences for pose estimation.
Best map key: None
Number of candidates after local matching: 0
PnP pairs 2D shape: (0, 2) 3D shape: (0, 3)
Multiframe time (ms): 0
Not enough 2D-3D correspondences for pose estimation.
Best map key: None
Number of candidates after local matching: 0
PnP pairs 2D shape: (0, 2) 3D shape: (0, 3)
Multiframe time (ms): 0
Not enough 2D-3D correspondences for pose estimation.
Best map key: None
Number of candidates after local matching: 0
PnP pairs 2D shape: (0, 2) 3D shape: (0, 3)
Multiframe time (ms): 0
Not enough 2D-3D correspondences for pose estimation.
Best map key: None
Number of candidates after local matching: 0
PnP pairs 2D shape: (0, 2) 3D shape: (0, 3)
Multiframe time (ms): 1
Not enough 2D-3D correspondences for pose estimation.
Best map key: None
Number of candidates after local matching: 0
PnP pairs 2D shape: (0, 2) 3D shape: (0, 3)
Multiframe time (ms): 0
Not enough 2D-3D correspondences for pose estimation.
Best map key: None
Number of candidates after local matching: 0
PnP pairs 2D shape: (0, 2) 3D shape: (0, 3)
Multiframe time (ms): 0
Not enough 2D-3D correspondences for pose estimation.
Best map key: None
Number of candidates after local matching: 0
PnP pairs 2D shape: (0, 2) 3D shape: (0, 3)
Multiframe time (ms): 0
Not enough 2D-3D correspondences for pose estimation.
Best map key: None
Number of candidates after local matching: 0
PnP pairs 2D shape: (0, 2) 3D shape: (0, 3)
Multiframe time (ms): 0
Not enough 2D-3D correspondences for pose estimation.
Best map key: None
Number of candidates after local matching: 0
PnP pairs 2D shape: (0, 2) 3D shape: (0, 3)
Multiframe time (ms): 0
Not enough 2D-3D correspondences for pose estimation.
Best map key: None
Number of candidates after local matching: 0
PnP pairs 2D shape: (0, 2) 3D shape: (0, 3)
Multiframe time (ms): 0
Not enough 2D-3D correspondences for pose estimation.
Best map key: None
Number of candidates after local matching: 0
PnP pairs 2D shape: (0, 2) 3D shape: (0, 3)
Multiframe time (ms): 0
Not enough 2D-3D correspondences for pose estimation.
Best map key: None
Number of candidates after local matching: 0
PnP pairs 2D shape: (0, 2) 3D shape: (0, 3)
Multiframe time (ms): 0
Not enough 2D-3D correspondences for pose estimation.
Best map key: None
Number of candidates after local matching: 0
PnP pairs 2D shape: (0, 2) 3D shape: (0, 3)
Multiframe time (ms): 0
Not enough 2D-3D correspondences for pose estimation.
Best map key: None
Number of candidates after local matching: 0
PnP pairs 2D shape: (0, 2) 3D shape: (0, 3)
Multiframe time (ms): 0
Not enough 2D-3D correspondences for pose estimation.
Best map key: None
Number of candidates after local matching: 0
PnP pairs 2D shape: (0, 2) 3D shape: (0, 3)
Multiframe time (ms): 0
Not enough 2D-3D correspondences for pose estimation.
Best map key: None
Number of candidates after local matching: 0
PnP pairs 2D shape: (0, 2) 3D shape: (0, 3)
Multiframe time (ms): 0
Not enough 2D-3D correspondences for pose estimation.
Best map key: None
Number of candidates after local matching: 0
PnP pairs 2D shape: (0, 2) 3D shape: (0, 3)
Multiframe time (ms): 0
Not enough 2D-3D correspondences for pose estimation.
Best map key: None
Number of candidates after local matching: 0
PnP pairs 2D shape: (0, 2) 3D shape: (0, 3)
Multiframe time (ms): 0
Not enough 2D-3D correspondences for pose estimation.
Best map key: None
Number of candidates after local matching: 0
PnP pairs 2D shape: (0, 2) 3D shape: (0, 3)
Multiframe time (ms): 0
Not enough 2D-3D correspondences for pose estimation.
Best map key: None
Number of candidates after local matching: 0
PnP pairs 2D shape: (0, 2) 3D shape: (0, 3)
Multiframe time (ms): 0
Not enough 2D-3D correspondences for pose estimation.
Best map key: None
Number of candidates after local matching: 0
PnP pairs 2D shape: (0, 2) 3D shape: (0, 3)
Multiframe time (ms): 0
Not enough 2D-3D correspondences for pose estimation.
Best map key: None
Number of candidates after local matching: 0
PnP pairs 2D shape: (0, 2) 3D shape: (0, 3)
Multiframe time (ms): 0
Not enough 2D-3D correspondences for pose estimation.
Best map key: None
Number of candidates after local matching: 0
PnP pairs 2D shape: (0, 2) 3D shape: (0, 3)
Multiframe time (ms): 0
Not enough 2D-3D correspondences for pose estimation.
Best map key: None
Number of candidates after local matching: 0
PnP pairs 2D shape: (0, 2) 3D shape: (0, 3)
Multiframe time (ms): 0
Not enough 2D-3D correspondences for pose estimation.
Best map key: None
Number of candidates after local matching: 0
PnP pairs 2D shape: (0, 2) 3D shape: (0, 3)
Multiframe time (ms): 0
Not enough 2D-3D correspondences for pose estimation.
Best map key: None
Number of candidates after local matching: 0
PnP pairs 2D shape: (0, 2) 3D shape: (0, 3)
Multiframe time (ms): 0
Not enough 2D-3D correspondences for pose estimation.
Best map key: None
Number of candidates after local matching: 0
PnP pairs 2D shape: (0, 2) 3D shape: (0, 3)
Multiframe time (ms): 0
Not enough 2D-3D correspondences for pose estimation.
Best map key: None
Number of candidates after local matching: 0
PnP pairs 2D shape: (0, 2) 3D shape: (0, 3)
Multiframe time (ms): 0
Not enough 2D-3D correspondences for pose estimation.
Best map key: None
Number of candidates after local matching: 0
PnP pairs 2D shape: (0, 2) 3D shape: (0, 3)
Multiframe time (ms): 0
Not enough 2D-3D correspondences for pose estimation.
Best map key: None
Number of candidates after local matching: 0
PnP pairs 2D shape: (0, 2) 3D shape: (0, 3)
Multiframe time (ms): 0
Not enough 2D-3D correspondences for pose estimation.
Best map key: None
Number of candidates after local matching: 0
PnP pairs 2D shape: (0, 2) 3D shape: (0, 3)
Multiframe time (ms): 0
Not enough 2D-3D correspondences for pose estimation.
Best map key: None
Number of candidates after local matching: 0
PnP pairs 2D shape: (0, 2) 3D shape: (0, 3)
Multiframe time (ms): 0
Not enough 2D-3D correspondences for pose estimation.
Best map key: None
Number of candidates after local matching: 0
PnP pairs 2D shape: (0, 2) 3D shape: (0, 3)
Multiframe time (ms): 0
Not enough 2D-3D correspondences for pose estimation.
Best map key: None
Number of candidates after local matching: 0
PnP pairs 2D shape: (0, 2) 3D shape: (0, 3)
Multiframe time (ms): 0
Not enough 2D-3D correspondences for pose estimation.
Best map key: None
Number of candidates after local matching: 0
PnP pairs 2D shape: (0, 2) 3D shape: (0, 3)
Multiframe time (ms): 0
Not enough 2D-3D correspondences for pose estimation.
Best map key: None
Number of candidates after local matching: 0
PnP pairs 2D shape: (0, 2) 3D shape: (0, 3)
Multiframe time (ms): 0
Not enough 2D-3D correspondences for pose estimation.
Best map key: None
Number of candidates after local matching: 0
PnP pairs 2D shape: (0, 2) 3D shape: (0, 3)
Multiframe time (ms): 0
Not enough 2D-3D correspondences for pose estimation.
Best map key: None
Number of candidates after local matching: 0
PnP pairs 2D shape: (0, 2) 3D shape: (0, 3)
Multiframe time (ms): 0
Not enough 2D-3D correspondences for pose estimation.
Best map key: None
Number of candidates after local matching: 0
PnP pairs 2D shape: (0, 2) 3D shape: (0, 3)
Multiframe time (ms): 0
Not enough 2D-3D correspondences for pose estimation.
Best map key: None
Number of candidates after local matching: 0
PnP pairs 2D shape: (0, 2) 3D shape: (0, 3)
Multiframe time (ms): 0
Not enough 2D-3D correspondences for pose estimation.
Best map key: None
Number of candidates after local matching: 0
PnP pairs 2D shape: (0, 2) 3D shape: (0, 3)
Multiframe time (ms): 0
Not enough 2D-3D correspondences for pose estimation.
Best map key: None
Number of candidates after local matching: 0
PnP pairs 2D shape: (0, 2) 3D shape: (0, 3)
Multiframe time (ms): 0
Not enough 2D-3D correspondences for pose estimation.
Best map key: None
Number of candidates after local matching: 0
PnP pairs 2D shape: (0, 2) 3D shape: (0, 3)
Multiframe time (ms): 0
Not enough 2D-3D correspondences for pose estimation.
Best map key: None
Number of candidates after local matching: 0
PnP pairs 2D shape: (0, 2) 3D shape: (0, 3)
Multiframe time (ms): 1
Not enough 2D-3D correspondences for pose estimation.
Best map key: None
Number of candidates after local matching: 0
PnP pairs 2D shape: (0, 2) 3D shape: (0, 3)
Multiframe time (ms): 0
Not enough 2D-3D correspondences for pose estimation.
Best map key: None
Number of candidates after local matching: 0
PnP pairs 2D shape: (0, 2) 3D shape: (0, 3)
Multiframe time (ms): 1
Not enough 2D-3D correspondences for pose estimation.
Best map key: None
Number of candidates after local matching: 0
PnP pairs 2D shape: (0, 2) 3D shape: (0, 3)
Multiframe time (ms): 0
Not enough 2D-3D correspondences for pose estimation.
Best map key: None
Number of candidates after local matching: 0
PnP pairs 2D shape: (0, 2) 3D shape: (0, 3)
Multiframe time (ms): 0
Not enough 2D-3D correspondences for pose estimation.
Best map key: ('Mahidol_University', 'ICT', '1.1_DinoV2Salad')
Number of candidates after local matching: 4
PnP pairs 2D shape: (293, 2) 3D shape: (293, 3)
Multiframe time (ms): 26
Floorplan Pose (x, y, angle): {'xy': array([2043.65424143,  631.29726284]), 'ang': 228.27183317421589}
Best map key: None
Number of candidates after local matching: 0
PnP pairs 2D shape: (0, 2) 3D shape: (0, 3)
Multiframe time (ms): 0
Not enough 2D-3D correspondences for pose estimation.
Best map key: None
Number of candidates after local matching: 0
PnP pairs 2D shape: (0, 2) 3D shape: (0, 3)
Multiframe time (ms): 0
Not enough 2D-3D correspondences for pose estimation.
Best map key: None
Number of candidates after local matching: 0
PnP pairs 2D shape: (0, 2) 3D shape: (0, 3)
Multiframe time (ms): 0
Not enough 2D-3D correspondences for pose estimation.
Best map key: None
Number of candidates after local matching: 0
PnP pairs 2D shape: (0, 2) 3D shape: (0, 3)
Multiframe time (ms): 0
Not enough 2D-3D correspondences for pose estimation.
Best map key: None
Number of candidates after local matching: 0
PnP pairs 2D shape: (0, 2) 3D shape: (0, 3)
Multiframe time (ms): 0
Not enough 2D-3D correspondences for pose estimation.
Best map key: None
Number of candidates after local matching: 0
PnP pairs 2D shape: (0, 2) 3D shape: (0, 3)
Multiframe time (ms): 0
Not enough 2D-3D correspondences for pose estimation.
Best map key: None
Number of candidates after local matching: 0
PnP pairs 2D shape: (0, 2) 3D shape: (0, 3)
Multiframe time (ms): 0
Not enough 2D-3D correspondences for pose estimation.
Best map key: None
Number of candidates after local matching: 0
PnP pairs 2D shape: (0, 2) 3D shape: (0, 3)
Multiframe time (ms): 0
Not enough 2D-3D correspondences for pose estimation.
Best map key: None
Number of candidates after local matching: 0
PnP pairs 2D shape: (0, 2) 3D shape: (0, 3)
Multiframe time (ms): 0
Not enough 2D-3D correspondences for pose estimation.
Best map key: None
Number of candidates after local matching: 0
PnP pairs 2D shape: (0, 2) 3D shape: (0, 3)
Multiframe time (ms): 0
Not enough 2D-3D correspondences for pose estimation.
Best map key: None
Number of candidates after local matching: 0
PnP pairs 2D shape: (0, 2) 3D shape: (0, 3)
Multiframe time (ms): 0
Not enough 2D-3D correspondences for pose estimation.
Best map key: None
Number of candidates after local matching: 0
PnP pairs 2D shape: (0, 2) 3D shape: (0, 3)
Multiframe time (ms): 0
Not enough 2D-3D correspondences for pose estimation.
Best map key: None
Number of candidates after local matching: 0
PnP pairs 2D shape: (0, 2) 3D shape: (0, 3)
Multiframe time (ms): 0
Not enough 2D-3D correspondences for pose estimation.
Best map key: None
Number of candidates after local matching: 0
PnP pairs 2D shape: (0, 2) 3D shape: (0, 3)
Multiframe time (ms): 0
Not enough 2D-3D correspondences for pose estimation.
Best map key: None
Number of candidates after local matching: 0
PnP pairs 2D shape: (0, 2) 3D shape: (0, 3)
Multiframe time (ms): 0
Not enough 2D-3D correspondences for pose estimation.
Best map key: None
Number of candidates after local matching: 0
PnP pairs 2D shape: (0, 2) 3D shape: (0, 3)
Multiframe time (ms): 0
Not enough 2D-3D correspondences for pose estimation.
Best map key: None
Number of candidates after local matching: 0
PnP pairs 2D shape: (0, 2) 3D shape: (0, 3)
Multiframe time (ms): 0
Not enough 2D-3D correspondences for pose estimation.
Best map key: None
Number of candidates after local matching: 0
PnP pairs 2D shape: (0, 2) 3D shape: (0, 3)
Multiframe time (ms): 0
Not enough 2D-3D correspondences for pose estimation.
Best map key: None
Number of candidates after local matching: 0
PnP pairs 2D shape: (0, 2) 3D shape: (0, 3)
Multiframe time (ms): 0
Not enough 2D-3D correspondences for pose estimation.
Best map key: None
Number of candidates after local matching: 0
PnP pairs 2D shape: (0, 2) 3D shape: (0, 3)
Multiframe time (ms): 0
Not enough 2D-3D correspondences for pose estimation.
Best map key: None
Number of candidates after local matching: 0
PnP pairs 2D shape: (0, 2) 3D shape: (0, 3)
Multiframe time (ms): 0
Not enough 2D-3D correspondences for pose estimation.
Best map key: None
Number of candidates after local matching: 0
PnP pairs 2D shape: (0, 2) 3D shape: (0, 3)
Multiframe time (ms): 0
Not enough 2D-3D correspondences for pose estimation.
Best map key: None
Number of candidates after local matching: 0
PnP pairs 2D shape: (0, 2) 3D shape: (0, 3)
Multiframe time (ms): 0
Not enough 2D-3D correspondences for pose estimation.
Best map key: ('Mahidol_University', 'ICT', '1.1_DinoV2Salad')
Number of candidates after local matching: 4
PnP pairs 2D shape: (267, 2) 3D shape: (267, 3)
Multiframe time (ms): 42
Floorplan Pose (x, y, angle): {'xy': array([1977.58545378,  670.43750039]), 'ang': 169.23293273952834}
Best map key: None
Number of candidates after local matching: 0
PnP pairs 2D shape: (0, 2) 3D shape: (0, 3)
Multiframe time (ms): 0
Not enough 2D-3D correspondences for pose estimation.
Best map key: None
Number of candidates after local matching: 0
PnP pairs 2D shape: (0, 2) 3D shape: (0, 3)
Multiframe time (ms): 0
Not enough 2D-3D correspondences for pose estimation.
Best map key: None
Number of candidates after local matching: 0
PnP pairs 2D shape: (0, 2) 3D shape: (0, 3)
Multiframe time (ms): 0
Not enough 2D-3D correspondences for pose estimation.
Best map key: None
Number of candidates after local matching: 0
PnP pairs 2D shape: (0, 2) 3D shape: (0, 3)
Multiframe time (ms): 0
Not enough 2D-3D correspondences for pose estimation.
Best map key: None
Number of candidates after local matching: 0
PnP pairs 2D shape: (0, 2) 3D shape: (0, 3)
Multiframe time (ms): 0
Not enough 2D-3D correspondences for pose estimation.
Best map key: None
Number of candidates after local matching: 0
PnP pairs 2D shape: (0, 2) 3D shape: (0, 3)
Multiframe time (ms): 0
Not enough 2D-3D correspondences for pose estimation.
Best map key: ('Mahidol_University', 'ICT', '1.1_DinoV2Salad')
Number of candidates after local matching: 5
PnP pairs 2D shape: (311, 2) 3D shape: (311, 3)
Multiframe time (ms): 72
Floorplan Pose (x, y, angle): {'xy': array([2038.04337768,  658.46898811]), 'ang': 191.8481782969272}
Best map key: None
Number of candidates after local matching: 0
PnP pairs 2D shape: (0, 2) 3D shape: (0, 3)
Multiframe time (ms): 0
Not enough 2D-3D correspondences for pose estimation.
Best map key: ('Mahidol_University', 'ICT', '1.1_DinoV2Salad')
Number of candidates after local matching: 2
PnP pairs 2D shape: (120, 2) 3D shape: (120, 3)
Multiframe time (ms): 12
Floorplan Pose (x, y, angle): {'xy': array([2036.77541393,  613.43765926]), 'ang': 254.7869527495626}
Best map key: ('Mahidol_University', 'ICT', '1.1_DinoV2Salad')
Number of candidates after local matching: 4
PnP pairs 2D shape: (362, 2) 3D shape: (362, 3)
Multiframe time (ms): 31
Floorplan Pose (x, y, angle): {'xy': array([2052.18845745,  647.36852286]), 'ang': 219.6495266822355}
Best map key: None
Number of candidates after local matching: 0
PnP pairs 2D shape: (0, 2) 3D shape: (0, 3)
Multiframe time (ms): 0
Not enough 2D-3D correspondences for pose estimation.
Best map key: None
Number of candidates after local matching: 0
PnP pairs 2D shape: (0, 2) 3D shape: (0, 3)
Multiframe time (ms): 0
Not enough 2D-3D correspondences for pose estimation.
Best map key: None
Number of candidates after local matching: 0
PnP pairs 2D shape: (0, 2) 3D shape: (0, 3)
Multiframe time (ms): 0
Not enough 2D-3D correspondences for pose estimation.
Best map key: None
Number of candidates after local matching: 0
PnP pairs 2D shape: (0, 2) 3D shape: (0, 3)
Multiframe time (ms): 0
Not enough 2D-3D correspondences for pose estimation.
Best map key: None
Number of candidates after local matching: 0
PnP pairs 2D shape: (0, 2) 3D shape: (0, 3)
Multiframe time (ms): 0
Not enough 2D-3D correspondences for pose estimation.
Best map key: None
Number of candidates after local matching: 0
PnP pairs 2D shape: (0, 2) 3D shape: (0, 3)
Multiframe time (ms): 0
Not enough 2D-3D correspondences for pose estimation.
Best map key: None
Number of candidates after local matching: 0
PnP pairs 2D shape: (0, 2) 3D shape: (0, 3)
Multiframe time (ms): 0
Not enough 2D-3D correspondences for pose estimation.
Best map key: None
Number of candidates after local matching: 0
PnP pairs 2D shape: (0, 2) 3D shape: (0, 3)
Multiframe time (ms): 0
Not enough 2D-3D correspondences for pose estimation.
Best map key: None
Number of candidates after local matching: 0
PnP pairs 2D shape: (0, 2) 3D shape: (0, 3)
Multiframe time (ms): 0
Not enough 2D-3D correspondences for pose estimation.
Best map key: None
Number of candidates after local matching: 0
PnP pairs 2D shape: (0, 2) 3D shape: (0, 3)
Multiframe time (ms): 0
Not enough 2D-3D correspondences for pose estimation.
Best map key: None
Number of candidates after local matching: 0
PnP pairs 2D shape: (0, 2) 3D shape: (0, 3)
Multiframe time (ms): 0
Not enough 2D-3D correspondences for pose estimation.
Best map key: None
Number of candidates after local matching: 0
PnP pairs 2D shape: (0, 2) 3D shape: (0, 3)
Multiframe time (ms): 0
Not enough 2D-3D correspondences for pose estimation.
Best map key: None
Number of candidates after local matching: 0
PnP pairs 2D shape: (0, 2) 3D shape: (0, 3)
Multiframe time (ms): 1
Not enough 2D-3D correspondences for pose estimation.
Best map key: None
Number of candidates after local matching: 0
PnP pairs 2D shape: (0, 2) 3D shape: (0, 3)
Multiframe time (ms): 0
Not enough 2D-3D correspondences for pose estimation.
Best map key: None
Number of candidates after local matching: 0
PnP pairs 2D shape: (0, 2) 3D shape: (0, 3)
Multiframe time (ms): 0
Not enough 2D-3D correspondences for pose estimation.
Best map key: None
Number of candidates after local matching: 0
PnP pairs 2D shape: (0, 2) 3D shape: (0, 3)
Multiframe time (ms): 0
Not enough 2D-3D correspondences for pose estimation.
Best map key: None
Number of candidates after local matching: 0
PnP pairs 2D shape: (0, 2) 3D shape: (0, 3)
Multiframe time (ms): 0
Not enough 2D-3D correspondences for pose estimation.
Best map key: None
Number of candidates after local matching: 0
PnP pairs 2D shape: (0, 2) 3D shape: (0, 3)
Multiframe time (ms): 0
Not enough 2D-3D correspondences for pose estimation.
Best map key: None
Number of candidates after local matching: 0
PnP pairs 2D shape: (0, 2) 3D shape: (0, 3)
Multiframe time (ms): 0
Not enough 2D-3D correspondences for pose estimation.
Best map key: None
Number of candidates after local matching: 0
PnP pairs 2D shape: (0, 2) 3D shape: (0, 3)
Multiframe time (ms): 0
Not enough 2D-3D correspondences for pose estimation.
Best map key: None
Number of candidates after local matching: 0
PnP pairs 2D shape: (0, 2) 3D shape: (0, 3)
Multiframe time (ms): 0
Not enough 2D-3D correspondences for pose estimation.
Best map key: None
Number of candidates after local matching: 0
PnP pairs 2D shape: (0, 2) 3D shape: (0, 3)
Multiframe time (ms): 0
Not enough 2D-3D correspondences for pose estimation.
Best map key: None
Number of candidates after local matching: 0
PnP pairs 2D shape: (0, 2) 3D shape: (0, 3)
Multiframe time (ms): 0
Not enough 2D-3D correspondences for pose estimation.
Best map key: ('Mahidol_University', 'ICT', '1.1_DinoV2Salad')
Number of candidates after local matching: 2
PnP pairs 2D shape: (185, 2) 3D shape: (185, 3)
Multiframe time (ms): 48
Floorplan Pose (x, y, angle): {'xy': array([2033.83084814,  598.10496133]), 'ang': 245.53744508310484}
Best map key: None
Number of candidates after local matching: 0
PnP pairs 2D shape: (0, 2) 3D shape: (0, 3)
Multiframe time (ms): 0
Not enough 2D-3D correspondences for pose estimation.
Best map key: None
Number of candidates after local matching: 0
PnP pairs 2D shape: (0, 2) 3D shape: (0, 3)
Multiframe time (ms): 0
Not enough 2D-3D correspondences for pose estimation.
Best map key: None
Number of candidates after local matching: 0
PnP pairs 2D shape: (0, 2) 3D shape: (0, 3)
Multiframe time (ms): 0
Not enough 2D-3D correspondences for pose estimation.
Best map key: ('Mahidol_University', 'ICT', '1.1_DinoV2Salad')
Number of candidates after local matching: 1
PnP pairs 2D shape: (52, 2) 3D shape: (52, 3)
Multiframe time (ms): 16
Floorplan Pose (x, y, angle): {'xy': array([1968.55916132,  653.54611259]), 'ang': 145.26886238168333}
Best map key: None
Number of candidates after local matching: 0
PnP pairs 2D shape: (0, 2) 3D shape: (0, 3)
Multiframe time (ms): 0
Not enough 2D-3D correspondences for pose estimation.
Best map key: None
Number of candidates after local matching: 0
PnP pairs 2D shape: (0, 2) 3D shape: (0, 3)
Multiframe time (ms): 0
Not enough 2D-3D correspondences for pose estimation.
Best map key: None
Number of candidates after local matching: 0
PnP pairs 2D shape: (0, 2) 3D shape: (0, 3)
Multiframe time (ms): 0
Not enough 2D-3D correspondences for pose estimation.
Best map key: None
Number of candidates after local matching: 0
PnP pairs 2D shape: (0, 2) 3D shape: (0, 3)
Multiframe time (ms): 0
Not enough 2D-3D correspondences for pose estimation.
Best map key: None
Number of candidates after local matching: 0
PnP pairs 2D shape: (0, 2) 3D shape: (0, 3)
Multiframe time (ms): 0
Not enough 2D-3D correspondences for pose estimation.
Best map key: None
Number of candidates after local matching: 0
PnP pairs 2D shape: (0, 2) 3D shape: (0, 3)
Multiframe time (ms): 0
Not enough 2D-3D correspondences for pose estimation.
Best map key: None
Number of candidates after local matching: 0
PnP pairs 2D shape: (0, 2) 3D shape: (0, 3)
Multiframe time (ms): 0
Not enough 2D-3D correspondences for pose estimation.
Best map key: None
Number of candidates after local matching: 0
PnP pairs 2D shape: (0, 2) 3D shape: (0, 3)
Multiframe time (ms): 0
Not enough 2D-3D correspondences for pose estimation.
Best map key: None
Number of candidates after local matching: 0
PnP pairs 2D shape: (0, 2) 3D shape: (0, 3)
Multiframe time (ms): 0
Not enough 2D-3D correspondences for pose estimation.
Best map key: None
Number of candidates after local matching: 0
PnP pairs 2D shape: (0, 2) 3D shape: (0, 3)
Multiframe time (ms): 0
Not enough 2D-3D correspondences for pose estimation.
Best map key: None
Number of candidates after local matching: 0
PnP pairs 2D shape: (0, 2) 3D shape: (0, 3)
Multiframe time (ms): 0
Not enough 2D-3D correspondences for pose estimation.
Best map key: None
Number of candidates after local matching: 0
PnP pairs 2D shape: (0, 2) 3D shape: (0, 3)
Multiframe time (ms): 0
Not enough 2D-3D correspondences for pose estimation.
Best map key: None
Number of candidates after local matching: 0
PnP pairs 2D shape: (0, 2) 3D shape: (0, 3)
Multiframe time (ms): 0
Not enough 2D-3D correspondences for pose estimation.
Best map key: None
Number of candidates after local matching: 0
PnP pairs 2D shape: (0, 2) 3D shape: (0, 3)
Multiframe time (ms): 0
Not enough 2D-3D correspondences for pose estimation.
Best map key: None
Number of candidates after local matching: 0
PnP pairs 2D shape: (0, 2) 3D shape: (0, 3)
Multiframe time (ms): 0
Not enough 2D-3D correspondences for pose estimation.
Best map key: None
Number of candidates after local matching: 0
PnP pairs 2D shape: (0, 2) 3D shape: (0, 3)
Multiframe time (ms): 0
Not enough 2D-3D correspondences for pose estimation.
Best map key: None
Number of candidates after local matching: 0
PnP pairs 2D shape: (0, 2) 3D shape: (0, 3)
Multiframe time (ms): 0
Not enough 2D-3D correspondences for pose estimation.
Best map key: None
Number of candidates after local matching: 0
PnP pairs 2D shape: (0, 2) 3D shape: (0, 3)
Multiframe time (ms): 0
Not enough 2D-3D correspondences for pose estimation.
Best map key: None
Number of candidates after local matching: 0
PnP pairs 2D shape: (0, 2) 3D shape: (0, 3)
Multiframe time (ms): 0
Not enough 2D-3D correspondences for pose estimation.
Best map key: None
Number of candidates after local matching: 0
PnP pairs 2D shape: (0, 2) 3D shape: (0, 3)
Multiframe time (ms): 0
Not enough 2D-3D correspondences for pose estimation.
Best map key: ('Mahidol_University', 'ICT', '1.1_DinoV2Salad')
Number of candidates after local matching: 6
PnP pairs 2D shape: (379, 2) 3D shape: (379, 3)
Multiframe time (ms): 59
Floorplan Pose (x, y, angle): {'xy': array([1994.44505979,  635.81826485]), 'ang': 175.73598802274955}
Best map key: None
Number of candidates after local matching: 0
PnP pairs 2D shape: (0, 2) 3D shape: (0, 3)
Multiframe time (ms): 0
Not enough 2D-3D correspondences for pose estimation.
Best map key: None
Number of candidates after local matching: 0
PnP pairs 2D shape: (0, 2) 3D shape: (0, 3)
Multiframe time (ms): 0
Not enough 2D-3D correspondences for pose estimation.
Best map key: None
Number of candidates after local matching: 0
PnP pairs 2D shape: (0, 2) 3D shape: (0, 3)
Multiframe time (ms): 0
Not enough 2D-3D correspondences for pose estimation.
Best map key: None
Number of candidates after local matching: 0
PnP pairs 2D shape: (0, 2) 3D shape: (0, 3)
Multiframe time (ms): 0
Not enough 2D-3D correspondences for pose estimation.
Best map key: None
Number of candidates after local matching: 0
PnP pairs 2D shape: (0, 2) 3D shape: (0, 3)
Multiframe time (ms): 0
Not enough 2D-3D correspondences for pose estimation.
Best map key: None
Number of candidates after local matching: 0
PnP pairs 2D shape: (0, 2) 3D shape: (0, 3)
Multiframe time (ms): 0
Not enough 2D-3D correspondences for pose estimation.
Best map key: None
Number of candidates after local matching: 0
PnP pairs 2D shape: (0, 2) 3D shape: (0, 3)
Multiframe time (ms): 0
Not enough 2D-3D correspondences for pose estimation.
Best map key: None
Number of candidates after local matching: 0
PnP pairs 2D shape: (0, 2) 3D shape: (0, 3)
Multiframe time (ms): 0
Not enough 2D-3D correspondences for pose estimation.
Best map key: ('Mahidol_University', 'ICT', '1.1_DinoV2Salad')
Number of candidates after local matching: 4
PnP pairs 2D shape: (326, 2) 3D shape: (326, 3)
Multiframe time (ms): 29
Floorplan Pose (x, y, angle): {'xy': array([2049.65865642,  679.25596629]), 'ang': 96.804693737448}
Best map key: None
Number of candidates after local matching: 0
PnP pairs 2D shape: (0, 2) 3D shape: (0, 3)
Multiframe time (ms): 0
Not enough 2D-3D correspondences for pose estimation.
Best map key: None
Number of candidates after local matching: 0
PnP pairs 2D shape: (0, 2) 3D shape: (0, 3)
Multiframe time (ms): 0
Not enough 2D-3D correspondences for pose estimation.
Best map key: None
Number of candidates after local matching: 0
PnP pairs 2D shape: (0, 2) 3D shape: (0, 3)
Multiframe time (ms): 0
Not enough 2D-3D correspondences for pose estimation.
Best map key: None
Number of candidates after local matching: 0
PnP pairs 2D shape: (0, 2) 3D shape: (0, 3)
Multiframe time (ms): 0
Not enough 2D-3D correspondences for pose estimation.
Best map key: None
Number of candidates after local matching: 0
PnP pairs 2D shape: (0, 2) 3D shape: (0, 3)
Multiframe time (ms): 0
Not enough 2D-3D correspondences for pose estimation.
Best map key: None
Number of candidates after local matching: 0
PnP pairs 2D shape: (0, 2) 3D shape: (0, 3)
Multiframe time (ms): 0
Not enough 2D-3D correspondences for pose estimation.
Best map key: None
Number of candidates after local matching: 0
PnP pairs 2D shape: (0, 2) 3D shape: (0, 3)
Multiframe time (ms): 0
Not enough 2D-3D correspondences for pose estimation.
Best map key: None
Number of candidates after local matching: 0
PnP pairs 2D shape: (0, 2) 3D shape: (0, 3)
Multiframe time (ms): 0
Not enough 2D-3D correspondences for pose estimation.
Best map key: None
Number of candidates after local matching: 0
PnP pairs 2D shape: (0, 2) 3D shape: (0, 3)
Multiframe time (ms): 0
Not enough 2D-3D correspondences for pose estimation.
Best map key: None
Number of candidates after local matching: 0
PnP pairs 2D shape: (0, 2) 3D shape: (0, 3)
Multiframe time (ms): 0
Not enough 2D-3D correspondences for pose estimation.
Best map key: ('Mahidol_University', 'ICT', '1.1_DinoV2Salad')
Number of candidates after local matching: 3
PnP pairs 2D shape: (241, 2) 3D shape: (241, 3)
Multiframe time (ms): 18
Floorplan Pose (x, y, angle): {'xy': array([2071.22209488,  684.57263319]), 'ang': 95.04384488250342}
Best map key: None
Number of candidates after local matching: 0
PnP pairs 2D shape: (0, 2) 3D shape: (0, 3)
Multiframe time (ms): 0
Not enough 2D-3D correspondences for pose estimation.
Best map key: None
Number of candidates after local matching: 0
PnP pairs 2D shape: (0, 2) 3D shape: (0, 3)
Multiframe time (ms): 0
Not enough 2D-3D correspondences for pose estimation.
Best map key: None
Number of candidates after local matching: 0
PnP pairs 2D shape: (0, 2) 3D shape: (0, 3)
Multiframe time (ms): 0
Not enough 2D-3D correspondences for pose estimation.
Best map key: None
Number of candidates after local matching: 0
PnP pairs 2D shape: (0, 2) 3D shape: (0, 3)
Multiframe time (ms): 0
Not enough 2D-3D correspondences for pose estimation.
Best map key: None
Number of candidates after local matching: 0
PnP pairs 2D shape: (0, 2) 3D shape: (0, 3)
Multiframe time (ms): 0
Not enough 2D-3D correspondences for pose estimation.
Best map key: ('Mahidol_University', 'ICT', '1.1_DinoV2Salad')
Number of candidates after local matching: 1
PnP pairs 2D shape: (61, 2) 3D shape: (61, 3)
Multiframe time (ms): 15
Floorplan Pose (x, y, angle): {'xy': array([2016.60863579,  798.68483601]), 'ang': 98.22968634343107}
Best map key: None
Number of candidates after local matching: 0
PnP pairs 2D shape: (0, 2) 3D shape: (0, 3)
Multiframe time (ms): 0
Not enough 2D-3D correspondences for pose estimation.
Best map key: None
Number of candidates after local matching: 0
PnP pairs 2D shape: (0, 2) 3D shape: (0, 3)
Multiframe time (ms): 0
Not enough 2D-3D correspondences for pose estimation.
Best map key: None
Number of candidates after local matching: 0
PnP pairs 2D shape: (0, 2) 3D shape: (0, 3)
Multiframe time (ms): 0
Not enough 2D-3D correspondences for pose estimation.
Best map key: None
Number of candidates after local matching: 0
PnP pairs 2D shape: (0, 2) 3D shape: (0, 3)
Multiframe time (ms): 0
Not enough 2D-3D correspondences for pose estimation.
Best map key: None
Number of candidates after local matching: 0
PnP pairs 2D shape: (0, 2) 3D shape: (0, 3)
Multiframe time (ms): 0
Not enough 2D-3D correspondences for pose estimation.
Best map key: None
Number of candidates after local matching: 0
PnP pairs 2D shape: (0, 2) 3D shape: (0, 3)
Multiframe time (ms): 0
Not enough 2D-3D correspondences for pose estimation.
Best map key: None
Number of candidates after local matching: 0
PnP pairs 2D shape: (0, 2) 3D shape: (0, 3)
Multiframe time (ms): 0
Not enough 2D-3D correspondences for pose estimation.
Best map key: None
Number of candidates after local matching: 0
PnP pairs 2D shape: (0, 2) 3D shape: (0, 3)
Multiframe time (ms): 0
Not enough 2D-3D correspondences for pose estimation.
Best map key: None
Number of candidates after local matching: 0
PnP pairs 2D shape: (0, 2) 3D shape: (0, 3)
Multiframe time (ms): 0
Not enough 2D-3D correspondences for pose estimation.
Best map key: ('Mahidol_University', 'ICT', '1.1_DinoV2Salad')
Number of candidates after local matching: 1
PnP pairs 2D shape: (65, 2) 3D shape: (65, 3)
Multiframe time (ms): 13
Floorplan Pose (x, y, angle): {'xy': array([2011.63417342,  621.7092913 ]), 'ang': 149.0486681878506}
Best map key: None
Number of candidates after local matching: 0
PnP pairs 2D shape: (0, 2) 3D shape: (0, 3)
Multiframe time (ms): 0
Not enough 2D-3D correspondences for pose estimation.
Best map key: None
Number of candidates after local matching: 0
PnP pairs 2D shape: (0, 2) 3D shape: (0, 3)
Multiframe time (ms): 0
Not enough 2D-3D correspondences for pose estimation.
Best map key: None
Number of candidates after local matching: 0
PnP pairs 2D shape: (0, 2) 3D shape: (0, 3)
Multiframe time (ms): 0
Not enough 2D-3D correspondences for pose estimation.
Best map key: None
Number of candidates after local matching: 0
PnP pairs 2D shape: (0, 2) 3D shape: (0, 3)
Multiframe time (ms): 0
Not enough 2D-3D correspondences for pose estimation.
Best map key: None
Number of candidates after local matching: 0
PnP pairs 2D shape: (0, 2) 3D shape: (0, 3)
Multiframe time (ms): 0
Not enough 2D-3D correspondences for pose estimation.
Best map key: None
Number of candidates after local matching: 0
PnP pairs 2D shape: (0, 2) 3D shape: (0, 3)
Multiframe time (ms): 0
Not enough 2D-3D correspondences for pose estimation.
Best map key: None
Number of candidates after local matching: 0
PnP pairs 2D shape: (0, 2) 3D shape: (0, 3)
Multiframe time (ms): 0
Not enough 2D-3D correspondences for pose estimation.
Best map key: None
Number of candidates after local matching: 0
PnP pairs 2D shape: (0, 2) 3D shape: (0, 3)
Multiframe time (ms): 0
Not enough 2D-3D correspondences for pose estimation.
Best map key: None
Number of candidates after local matching: 0
PnP pairs 2D shape: (0, 2) 3D shape: (0, 3)
Multiframe time (ms): 0
Not enough 2D-3D correspondences for pose estimation.
Best map key: None
Number of candidates after local matching: 0
PnP pairs 2D shape: (0, 2) 3D shape: (0, 3)
Multiframe time (ms): 0
Not enough 2D-3D correspondences for pose estimation.
Best map key: None
Number of candidates after local matching: 0
PnP pairs 2D shape: (0, 2) 3D shape: (0, 3)
Multiframe time (ms): 0
Not enough 2D-3D correspondences for pose estimation.
Best map key: None
Number of candidates after local matching: 0
PnP pairs 2D shape: (0, 2) 3D shape: (0, 3)
Multiframe time (ms): 0
Not enough 2D-3D correspondences for pose estimation.
Best map key: None
Number of candidates after local matching: 0
PnP pairs 2D shape: (0, 2) 3D shape: (0, 3)
Multiframe time (ms): 0
Not enough 2D-3D correspondences for pose estimation.
Best map key: None
Number of candidates after local matching: 0
PnP pairs 2D shape: (0, 2) 3D shape: (0, 3)
Multiframe time (ms): 0
Not enough 2D-3D correspondences for pose estimation.
Best map key: None
Number of candidates after local matching: 0
PnP pairs 2D shape: (0, 2) 3D shape: (0, 3)
Multiframe time (ms): 0
Not enough 2D-3D correspondences for pose estimation.
Best map key: None
Number of candidates after local matching: 0
PnP pairs 2D shape: (0, 2) 3D shape: (0, 3)
Multiframe time (ms): 0
Not enough 2D-3D correspondences for pose estimation.
Best map key: None
Number of candidates after local matching: 0
PnP pairs 2D shape: (0, 2) 3D shape: (0, 3)
Multiframe time (ms): 0
Not enough 2D-3D correspondences for pose estimation.
Best map key: None
Number of candidates after local matching: 0
PnP pairs 2D shape: (0, 2) 3D shape: (0, 3)
Multiframe time (ms): 0
Not enough 2D-3D correspondences for pose estimation.
Best map key: None
Number of candidates after local matching: 0
PnP pairs 2D shape: (0, 2) 3D shape: (0, 3)
Multiframe time (ms): 0
Not enough 2D-3D correspondences for pose estimation.
Best map key: None
Number of candidates after local matching: 0
PnP pairs 2D shape: (0, 2) 3D shape: (0, 3)
Multiframe time (ms): 0
Not enough 2D-3D correspondences for pose estimation.
Best map key: None
Number of candidates after local matching: 0
PnP pairs 2D shape: (0, 2) 3D shape: (0, 3)
Multiframe time (ms): 0
Not enough 2D-3D correspondences for pose estimation.
Best map key: None
Number of candidates after local matching: 0
PnP pairs 2D shape: (0, 2) 3D shape: (0, 3)
Multiframe time (ms): 0
Not enough 2D-3D correspondences for pose estimation.
Best map key: None
Number of candidates after local matching: 0
PnP pairs 2D shape: (0, 2) 3D shape: (0, 3)
Multiframe time (ms): 0
Not enough 2D-3D correspondences for pose estimation.
Best map key: None
Number of candidates after local matching: 0
PnP pairs 2D shape: (0, 2) 3D shape: (0, 3)
Multiframe time (ms): 0
Not enough 2D-3D correspondences for pose estimation.
Best map key: None
Number of candidates after local matching: 0
PnP pairs 2D shape: (0, 2) 3D shape: (0, 3)
Multiframe time (ms): 0
Not enough 2D-3D correspondences for pose estimation.
Best map key: None
Number of candidates after local matching: 0
PnP pairs 2D shape: (0, 2) 3D shape: (0, 3)
Multiframe time (ms): 0
Not enough 2D-3D correspondences for pose estimation.
Best map key: None
Number of candidates after local matching: 0
PnP pairs 2D shape: (0, 2) 3D shape: (0, 3)
Multiframe time (ms): 0
Not enough 2D-3D correspondences for pose estimation.
Best map key: None
Number of candidates after local matching: 0
PnP pairs 2D shape: (0, 2) 3D shape: (0, 3)
Multiframe time (ms): 0
Not enough 2D-3D correspondences for pose estimation.
Best map key: None
Number of candidates after local matching: 0
PnP pairs 2D shape: (0, 2) 3D shape: (0, 3)
Multiframe time (ms): 0
Not enough 2D-3D correspondences for pose estimation.
Best map key: None
Number of candidates after local matching: 0
PnP pairs 2D shape: (0, 2) 3D shape: (0, 3)
Multiframe time (ms): 0
Not enough 2D-3D correspondences for pose estimation.
Best map key: None
Number of candidates after local matching: 0
PnP pairs 2D shape: (0, 2) 3D shape: (0, 3)
Multiframe time (ms): 0
Not enough 2D-3D correspondences for pose estimation.
Best map key: None
Number of candidates after local matching: 0
PnP pairs 2D shape: (0, 2) 3D shape: (0, 3)
Multiframe time (ms): 0
Not enough 2D-3D correspondences for pose estimation.
Best map key: None
Number of candidates after local matching: 0
PnP pairs 2D shape: (0, 2) 3D shape: (0, 3)
Multiframe time (ms): 0
Not enough 2D-3D correspondences for pose estimation.
Best map key: None
Number of candidates after local matching: 0
PnP pairs 2D shape: (0, 2) 3D shape: (0, 3)
Multiframe time (ms): 0
Not enough 2D-3D correspondences for pose estimation.
Best map key: None
Number of candidates after local matching: 0
PnP pairs 2D shape: (0, 2) 3D shape: (0, 3)
Multiframe time (ms): 0
Not enough 2D-3D correspondences for pose estimation.
Best map key: None
Number of candidates after local matching: 0
PnP pairs 2D shape: (0, 2) 3D shape: (0, 3)
Multiframe time (ms): 0
Not enough 2D-3D correspondences for pose estimation.
Best map key: None
Number of candidates after local matching: 0
PnP pairs 2D shape: (0, 2) 3D shape: (0, 3)
Multiframe time (ms): 0
Not enough 2D-3D correspondences for pose estimation.
Best map key: None
Number of candidates after local matching: 0
PnP pairs 2D shape: (0, 2) 3D shape: (0, 3)
Multiframe time (ms): 0
Not enough 2D-3D correspondences for pose estimation.
Best map key: None
Number of candidates after local matching: 0
PnP pairs 2D shape: (0, 2) 3D shape: (0, 3)
Multiframe time (ms): 0
Not enough 2D-3D correspondences for pose estimation.
Best map key: None
Number of candidates after local matching: 0
PnP pairs 2D shape: (0, 2) 3D shape: (0, 3)
Multiframe time (ms): 0
Not enough 2D-3D correspondences for pose estimation.
Best map key: None
Number of candidates after local matching: 0
PnP pairs 2D shape: (0, 2) 3D shape: (0, 3)
Multiframe time (ms): 0
Not enough 2D-3D correspondences for pose estimation.
Best map key: None
Number of candidates after local matching: 0
PnP pairs 2D shape: (0, 2) 3D shape: (0, 3)
Multiframe time (ms): 1
Not enough 2D-3D correspondences for pose estimation.
Best map key: None
Number of candidates after local matching: 0
PnP pairs 2D shape: (0, 2) 3D shape: (0, 3)
Multiframe time (ms): 0
Not enough 2D-3D correspondences for pose estimation.
Best map key: None
Number of candidates after local matching: 0
PnP pairs 2D shape: (0, 2) 3D shape: (0, 3)
Multiframe time (ms): 0
Not enough 2D-3D correspondences for pose estimation.
Best map key: None
Number of candidates after local matching: 0
PnP pairs 2D shape: (0, 2) 3D shape: (0, 3)
Multiframe time (ms): 0
Not enough 2D-3D correspondences for pose estimation.
Best map key: None
Number of candidates after local matching: 0
PnP pairs 2D shape: (0, 2) 3D shape: (0, 3)
Multiframe time (ms): 0
Not enough 2D-3D correspondences for pose estimation.
Best map key: None
Number of candidates after local matching: 0
PnP pairs 2D shape: (0, 2) 3D shape: (0, 3)
Multiframe time (ms): 0
Not enough 2D-3D correspondences for pose estimation.
Best map key: None
Number of candidates after local matching: 0
PnP pairs 2D shape: (0, 2) 3D shape: (0, 3)
Multiframe time (ms): 0
Not enough 2D-3D correspondences for pose estimation.
Best map key: None
Number of candidates after local matching: 0
PnP pairs 2D shape: (0, 2) 3D shape: (0, 3)
Multiframe time (ms): 0
Not enough 2D-3D correspondences for pose estimation.
Best map key: None
Number of candidates after local matching: 0
PnP pairs 2D shape: (0, 2) 3D shape: (0, 3)
Multiframe time (ms): 0
Not enough 2D-3D correspondences for pose estimation.
Best map key: None
Number of candidates after local matching: 0
PnP pairs 2D shape: (0, 2) 3D shape: (0, 3)
Multiframe time (ms): 0
Not enough 2D-3D correspondences for pose estimation.
Best map key: ('Mahidol_University', 'ICT', '1.1_DinoV2Salad')
Number of candidates after local matching: 3
PnP pairs 2D shape: (174, 2) 3D shape: (174, 3)
Multiframe time (ms): 21
Floorplan Pose (x, y, angle): {'xy': array([1850.87684366,  728.81701442]), 'ang': 187.10730149081522}
Best map key: None
Number of candidates after local matching: 0
PnP pairs 2D shape: (0, 2) 3D shape: (0, 3)
Multiframe time (ms): 0
Not enough 2D-3D correspondences for pose estimation.
Best map key: None
Number of candidates after local matching: 0
PnP pairs 2D shape: (0, 2) 3D shape: (0, 3)
Multiframe time (ms): 0
Not enough 2D-3D correspondences for pose estimation.
Best map key: None
Number of candidates after local matching: 0
PnP pairs 2D shape: (0, 2) 3D shape: (0, 3)
Multiframe time (ms): 0
Not enough 2D-3D correspondences for pose estimation.
Best map key: None
Number of candidates after local matching: 0
PnP pairs 2D shape: (0, 2) 3D shape: (0, 3)
Multiframe time (ms): 0
Not enough 2D-3D correspondences for pose estimation.
Best map key: None
Number of candidates after local matching: 0
PnP pairs 2D shape: (0, 2) 3D shape: (0, 3)
Multiframe time (ms): 0
Not enough 2D-3D correspondences for pose estimation.
Best map key: None
Number of candidates after local matching: 0
PnP pairs 2D shape: (0, 2) 3D shape: (0, 3)
Multiframe time (ms): 0
Not enough 2D-3D correspondences for pose estimation.
Best map key: ('Mahidol_University', 'ICT', '1.1_DinoV2Salad')
Number of candidates after local matching: 3
PnP pairs 2D shape: (199, 2) 3D shape: (199, 3)
Multiframe time (ms): 21
Floorplan Pose (x, y, angle): {'xy': array([2075.87853199,  716.46211275]), 'ang': 66.4103275052301}
Best map key: None
Number of candidates after local matching: 0
PnP pairs 2D shape: (0, 2) 3D shape: (0, 3)
Multiframe time (ms): 0
Not enough 2D-3D correspondences for pose estimation.
Best map key: None
Number of candidates after local matching: 0
PnP pairs 2D shape: (0, 2) 3D shape: (0, 3)
Multiframe time (ms): 0
Not enough 2D-3D correspondences for pose estimation.
Best map key: None
Number of candidates after local matching: 0
PnP pairs 2D shape: (0, 2) 3D shape: (0, 3)
Multiframe time (ms): 0
Not enough 2D-3D correspondences for pose estimation.
Best map key: None
Number of candidates after local matching: 0
PnP pairs 2D shape: (0, 2) 3D shape: (0, 3)
Multiframe time (ms): 0
Not enough 2D-3D correspondences for pose estimation.
Best map key: None
Number of candidates after local matching: 0
PnP pairs 2D shape: (0, 2) 3D shape: (0, 3)
Multiframe time (ms): 1
Not enough 2D-3D correspondences for pose estimation.
Best map key: None
Number of candidates after local matching: 0
PnP pairs 2D shape: (0, 2) 3D shape: (0, 3)
Multiframe time (ms): 0
Not enough 2D-3D correspondences for pose estimation.
Best map key: None
Number of candidates after local matching: 0
PnP pairs 2D shape: (0, 2) 3D shape: (0, 3)
Multiframe time (ms): 1
Not enough 2D-3D correspondences for pose estimation.
Best map key: ('Mahidol_University', 'ICT', '1.1_DinoV2Salad')
Number of candidates after local matching: 1
PnP pairs 2D shape: (59, 2) 3D shape: (59, 3)
Multiframe time (ms): 16
Floorplan Pose (x, y, angle): {'xy': array([2085.43193207,  757.47073814]), 'ang': 23.92723215337742}
Best map key: ('Mahidol_University', 'ICT', '1.1_DinoV2Salad')
Number of candidates after local matching: 1
PnP pairs 2D shape: (51, 2) 3D shape: (51, 3)
Multiframe time (ms): 10
Floorplan Pose (x, y, angle): {'xy': array([2052.62249304,  762.25261045]), 'ang': 83.29482686611539}
Best map key: None
Number of candidates after local matching: 0
PnP pairs 2D shape: (0, 2) 3D shape: (0, 3)
Multiframe time (ms): 0
Not enough 2D-3D correspondences for pose estimation.
Best map key: None
Number of candidates after local matching: 0
PnP pairs 2D shape: (0, 2) 3D shape: (0, 3)
Multiframe time (ms): 0
Not enough 2D-3D correspondences for pose estimation.
Best map key: None
Number of candidates after local matching: 0
PnP pairs 2D shape: (0, 2) 3D shape: (0, 3)
Multiframe time (ms): 0
Not enough 2D-3D correspondences for pose estimation.
Best map key: None
Number of candidates after local matching: 0
PnP pairs 2D shape: (0, 2) 3D shape: (0, 3)
Multiframe time (ms): 0
Not enough 2D-3D correspondences for pose estimation.
Best map key: None
Number of candidates after local matching: 0
PnP pairs 2D shape: (0, 2) 3D shape: (0, 3)
Multiframe time (ms): 0
Not enough 2D-3D correspondences for pose estimation.
Best map key: None
Number of candidates after local matching: 0
PnP pairs 2D shape: (0, 2) 3D shape: (0, 3)
Multiframe time (ms): 0
Not enough 2D-3D correspondences for pose estimation.
Best map key: None
Number of candidates after local matching: 0
PnP pairs 2D shape: (0, 2) 3D shape: (0, 3)
Multiframe time (ms): 0
Not enough 2D-3D correspondences for pose estimation.
Best map key: None
Number of candidates after local matching: 0
PnP pairs 2D shape: (0, 2) 3D shape: (0, 3)
Multiframe time (ms): 0
Not enough 2D-3D correspondences for pose estimation.
Best map key: None
Number of candidates after local matching: 0
PnP pairs 2D shape: (0, 2) 3D shape: (0, 3)
Multiframe time (ms): 0
Not enough 2D-3D correspondences for pose estimation.
Best map key: None
Number of candidates after local matching: 0
PnP pairs 2D shape: (0, 2) 3D shape: (0, 3)
Multiframe time (ms): 0
Not enough 2D-3D correspondences for pose estimation.
Best map key: None
Number of candidates after local matching: 0
PnP pairs 2D shape: (0, 2) 3D shape: (0, 3)
Multiframe time (ms): 0
Not enough 2D-3D correspondences for pose estimation.
Best map key: None
Number of candidates after local matching: 0
PnP pairs 2D shape: (0, 2) 3D shape: (0, 3)
Multiframe time (ms): 0
Not enough 2D-3D correspondences for pose estimation.
Best map key: None
Number of candidates after local matching: 0
PnP pairs 2D shape: (0, 2) 3D shape: (0, 3)
Multiframe time (ms): 0
Not enough 2D-3D correspondences for pose estimation.
Best map key: None
Number of candidates after local matching: 0
PnP pairs 2D shape: (0, 2) 3D shape: (0, 3)
Multiframe time (ms): 0
Not enough 2D-3D correspondences for pose estimation.
Best map key: None
Number of candidates after local matching: 0
PnP pairs 2D shape: (0, 2) 3D shape: (0, 3)
Multiframe time (ms): 0
Not enough 2D-3D correspondences for pose estimation.
Best map key: None
Number of candidates after local matching: 0
PnP pairs 2D shape: (0, 2) 3D shape: (0, 3)
Multiframe time (ms): 0
Not enough 2D-3D correspondences for pose estimation.
Best map key: None
Number of candidates after local matching: 0
PnP pairs 2D shape: (0, 2) 3D shape: (0, 3)
Multiframe time (ms): 1
Not enough 2D-3D correspondences for pose estimation.
Best map key: None
Number of candidates after local matching: 0
PnP pairs 2D shape: (0, 2) 3D shape: (0, 3)
Multiframe time (ms): 0
Not enough 2D-3D correspondences for pose estimation.
Best map key: None
Number of candidates after local matching: 0
PnP pairs 2D shape: (0, 2) 3D shape: (0, 3)
Multiframe time (ms): 0
Not enough 2D-3D correspondences for pose estimation.
Best map key: None
Number of candidates after local matching: 0
PnP pairs 2D shape: (0, 2) 3D shape: (0, 3)
Multiframe time (ms): 0
Not enough 2D-3D correspondences for pose estimation.
Best map key: None
Number of candidates after local matching: 0
PnP pairs 2D shape: (0, 2) 3D shape: (0, 3)
Multiframe time (ms): 0
Not enough 2D-3D correspondences for pose estimation.
Best map key: None
Number of candidates after local matching: 0
PnP pairs 2D shape: (0, 2) 3D shape: (0, 3)
Multiframe time (ms): 0
Not enough 2D-3D correspondences for pose estimation.
Best map key: None
Number of candidates after local matching: 0
PnP pairs 2D shape: (0, 2) 3D shape: (0, 3)
Multiframe time (ms): 0
Not enough 2D-3D correspondences for pose estimation.
Best map key: None
Number of candidates after local matching: 0
PnP pairs 2D shape: (0, 2) 3D shape: (0, 3)
Multiframe time (ms): 1
Not enough 2D-3D correspondences for pose estimation.
Best map key: None
Number of candidates after local matching: 0
PnP pairs 2D shape: (0, 2) 3D shape: (0, 3)
Multiframe time (ms): 0
Not enough 2D-3D correspondences for pose estimation.
Best map key: None
Number of candidates after local matching: 0
PnP pairs 2D shape: (0, 2) 3D shape: (0, 3)
Multiframe time (ms): 0
Not enough 2D-3D correspondences for pose estimation.
Best map key: None
Number of candidates after local matching: 0
PnP pairs 2D shape: (0, 2) 3D shape: (0, 3)
Multiframe time (ms): 0
Not enough 2D-3D correspondences for pose estimation.
Best map key: None
Number of candidates after local matching: 0
PnP pairs 2D shape: (0, 2) 3D shape: (0, 3)
Multiframe time (ms): 0
Not enough 2D-3D correspondences for pose estimation.
Best map key: None
Number of candidates after local matching: 0
PnP pairs 2D shape: (0, 2) 3D shape: (0, 3)
Multiframe time (ms): 1
Not enough 2D-3D correspondences for pose estimation.
Best map key: None
Number of candidates after local matching: 0
PnP pairs 2D shape: (0, 2) 3D shape: (0, 3)
Multiframe time (ms): 0
Not enough 2D-3D correspondences for pose estimation.
Best map key: None
Number of candidates after local matching: 0
PnP pairs 2D shape: (0, 2) 3D shape: (0, 3)
Multiframe time (ms): 0
Not enough 2D-3D correspondences for pose estimation.
Best map key: None
Number of candidates after local matching: 0
PnP pairs 2D shape: (0, 2) 3D shape: (0, 3)
Multiframe time (ms): 0
Not enough 2D-3D correspondences for pose estimation.
Best map key: None
Number of candidates after local matching: 0
PnP pairs 2D shape: (0, 2) 3D shape: (0, 3)
Multiframe time (ms): 0
Not enough 2D-3D correspondences for pose estimation.
Best map key: None
Number of candidates after local matching: 0
PnP pairs 2D shape: (0, 2) 3D shape: (0, 3)
Multiframe time (ms): 0
Not enough 2D-3D correspondences for pose estimation.
Best map key: None
Number of candidates after local matching: 0
PnP pairs 2D shape: (0, 2) 3D shape: (0, 3)
Multiframe time (ms): 0
Not enough 2D-3D correspondences for pose estimation.
Best map key: None
Number of candidates after local matching: 0
PnP pairs 2D shape: (0, 2) 3D shape: (0, 3)
Multiframe time (ms): 0
Not enough 2D-3D correspondences for pose estimation.
Best map key: None
Number of candidates after local matching: 0
PnP pairs 2D shape: (0, 2) 3D shape: (0, 3)
Multiframe time (ms): 0
Not enough 2D-3D correspondences for pose estimation.
Best map key: None
Number of candidates after local matching: 0
PnP pairs 2D shape: (0, 2) 3D shape: (0, 3)
Multiframe time (ms): 0
Not enough 2D-3D correspondences for pose estimation.
Best map key: None
Number of candidates after local matching: 0
PnP pairs 2D shape: (0, 2) 3D shape: (0, 3)
Multiframe time (ms): 0
Not enough 2D-3D correspondences for pose estimation.
Best map key: None
Number of candidates after local matching: 0
PnP pairs 2D shape: (0, 2) 3D shape: (0, 3)
Multiframe time (ms): 0
Not enough 2D-3D correspondences for pose estimation.
Best map key: None
Number of candidates after local matching: 0
PnP pairs 2D shape: (0, 2) 3D shape: (0, 3)
Multiframe time (ms): 0
Not enough 2D-3D correspondences for pose estimation.
Best map key: None
Number of candidates after local matching: 0
PnP pairs 2D shape: (0, 2) 3D shape: (0, 3)
Multiframe time (ms): 0
Not enough 2D-3D correspondences for pose estimation.
Best map key: None
Number of candidates after local matching: 0
PnP pairs 2D shape: (0, 2) 3D shape: (0, 3)
Multiframe time (ms): 0
Not enough 2D-3D correspondences for pose estimation.
Best map key: ('Mahidol_University', 'ICT', '1.1_DinoV2Salad')
Number of candidates after local matching: 1
PnP pairs 2D shape: (51, 2) 3D shape: (51, 3)
Multiframe time (ms): 10
Floorplan Pose (x, y, angle): {'xy': array([2119.62379442,  812.67827061]), 'ang': 6.966117810119526}
Best map key: None
Number of candidates after local matching: 0
PnP pairs 2D shape: (0, 2) 3D shape: (0, 3)
Multiframe time (ms): 0
Not enough 2D-3D correspondences for pose estimation.
Best map key: None
Number of candidates after local matching: 0
PnP pairs 2D shape: (0, 2) 3D shape: (0, 3)
Multiframe time (ms): 0
Not enough 2D-3D correspondences for pose estimation.
Best map key: None
Number of candidates after local matching: 0
PnP pairs 2D shape: (0, 2) 3D shape: (0, 3)
Multiframe time (ms): 0
Not enough 2D-3D correspondences for pose estimation.
Best map key: None
Number of candidates after local matching: 0
PnP pairs 2D shape: (0, 2) 3D shape: (0, 3)
Multiframe time (ms): 0
Not enough 2D-3D correspondences for pose estimation.
Best map key: None
Number of candidates after local matching: 0
PnP pairs 2D shape: (0, 2) 3D shape: (0, 3)
Multiframe time (ms): 0
Not enough 2D-3D correspondences for pose estimation.
Best map key: None
Number of candidates after local matching: 0
PnP pairs 2D shape: (0, 2) 3D shape: (0, 3)
Multiframe time (ms): 0
Not enough 2D-3D correspondences for pose estimation.
Best map key: None
Number of candidates after local matching: 0
PnP pairs 2D shape: (0, 2) 3D shape: (0, 3)
Multiframe time (ms): 0
Not enough 2D-3D correspondences for pose estimation.
Best map key: None
Number of candidates after local matching: 0
PnP pairs 2D shape: (0, 2) 3D shape: (0, 3)
Multiframe time (ms): 0
Not enough 2D-3D correspondences for pose estimation.
Best map key: None
Number of candidates after local matching: 0
PnP pairs 2D shape: (0, 2) 3D shape: (0, 3)
Multiframe time (ms): 0
Not enough 2D-3D correspondences for pose estimation.
Best map key: None
Number of candidates after local matching: 0
PnP pairs 2D shape: (0, 2) 3D shape: (0, 3)
Multiframe time (ms): 0
Not enough 2D-3D correspondences for pose estimation.
Best map key: None
Number of candidates after local matching: 0
PnP pairs 2D shape: (0, 2) 3D shape: (0, 3)
Multiframe time (ms): 0
Not enough 2D-3D correspondences for pose estimation.
Best map key: None
Number of candidates after local matching: 0
PnP pairs 2D shape: (0, 2) 3D shape: (0, 3)
Multiframe time (ms): 0
Not enough 2D-3D correspondences for pose estimation.
Best map key: None
Number of candidates after local matching: 0
PnP pairs 2D shape: (0, 2) 3D shape: (0, 3)
Multiframe time (ms): 0
Not enough 2D-3D correspondences for pose estimation.
Best map key: ('Mahidol_University', 'ICT', '1.1_DinoV2Salad')
Number of candidates after local matching: 3
PnP pairs 2D shape: (183, 2) 3D shape: (183, 3)
Multiframe time (ms): 22
Floorplan Pose (x, y, angle): {'xy': array([1991.99326449,  640.05294994]), 'ang': 146.21550501059235}
Best map key: None
Number of candidates after local matching: 0
PnP pairs 2D shape: (0, 2) 3D shape: (0, 3)
Multiframe time (ms): 1
Not enough 2D-3D correspondences for pose estimation.
Best map key: None
Number of candidates after local matching: 0
PnP pairs 2D shape: (0, 2) 3D shape: (0, 3)
Multiframe time (ms): 0
Not enough 2D-3D correspondences for pose estimation.
Best map key: None
Number of candidates after local matching: 0
PnP pairs 2D shape: (0, 2) 3D shape: (0, 3)
Multiframe time (ms): 0
Not enough 2D-3D correspondences for pose estimation.
Best map key: None
Number of candidates after local matching: 0
PnP pairs 2D shape: (0, 2) 3D shape: (0, 3)
Multiframe time (ms): 0
Not enough 2D-3D correspondences for pose estimation.
Best map key: None
Number of candidates after local matching: 0
PnP pairs 2D shape: (0, 2) 3D shape: (0, 3)
Multiframe time (ms): 0
Not enough 2D-3D correspondences for pose estimation.
Best map key: None
Number of candidates after local matching: 0
PnP pairs 2D shape: (0, 2) 3D shape: (0, 3)
Multiframe time (ms): 0
Not enough 2D-3D correspondences for pose estimation.
Best map key: None
Number of candidates after local matching: 0
PnP pairs 2D shape: (0, 2) 3D shape: (0, 3)
Multiframe time (ms): 0
Not enough 2D-3D correspondences for pose estimation.
Best map key: None
Number of candidates after local matching: 0
PnP pairs 2D shape: (0, 2) 3D shape: (0, 3)
Multiframe time (ms): 0
Not enough 2D-3D correspondences for pose estimation.
Best map key: None
Number of candidates after local matching: 0
PnP pairs 2D shape: (0, 2) 3D shape: (0, 3)
Multiframe time (ms): 0
Not enough 2D-3D correspondences for pose estimation.
Best map key: None
Number of candidates after local matching: 0
PnP pairs 2D shape: (0, 2) 3D shape: (0, 3)
Multiframe time (ms): 1
Not enough 2D-3D correspondences for pose estimation.
Best map key: None
Number of candidates after local matching: 0
PnP pairs 2D shape: (0, 2) 3D shape: (0, 3)
Multiframe time (ms): 0
Not enough 2D-3D correspondences for pose estimation.
Best map key: None
Number of candidates after local matching: 0
PnP pairs 2D shape: (0, 2) 3D shape: (0, 3)
Multiframe time (ms): 0
Not enough 2D-3D correspondences for pose estimation.
Best map key: None
Number of candidates after local matching: 0
PnP pairs 2D shape: (0, 2) 3D shape: (0, 3)
Multiframe time (ms): 0
Not enough 2D-3D correspondences for pose estimation.
Best map key: None
Number of candidates after local matching: 0
PnP pairs 2D shape: (0, 2) 3D shape: (0, 3)
Multiframe time (ms): 0
Not enough 2D-3D correspondences for pose estimation.
Best map key: None
Number of candidates after local matching: 0
PnP pairs 2D shape: (0, 2) 3D shape: (0, 3)
Multiframe time (ms): 0
Not enough 2D-3D correspondences for pose estimation.
Best map key: None
Number of candidates after local matching: 0
PnP pairs 2D shape: (0, 2) 3D shape: (0, 3)
Multiframe time (ms): 0
Not enough 2D-3D correspondences for pose estimation.
Best map key: None
Number of candidates after local matching: 0
PnP pairs 2D shape: (0, 2) 3D shape: (0, 3)
Multiframe time (ms): 0
Not enough 2D-3D correspondences for pose estimation.
Best map key: ('Mahidol_University', 'ICT', '1.1_DinoV2Salad')
Number of candidates after local matching: 1
PnP pairs 2D shape: (50, 2) 3D shape: (50, 3)
Multiframe time (ms): 10
Floorplan Pose (x, y, angle): {'xy': array([2009.50287945,  874.32170675]), 'ang': 120.82759881365976}
Best map key: None
Number of candidates after local matching: 0
PnP pairs 2D shape: (0, 2) 3D shape: (0, 3)
Multiframe time (ms): 0
Not enough 2D-3D correspondences for pose estimation.
Best map key: None
Number of candidates after local matching: 0
PnP pairs 2D shape: (0, 2) 3D shape: (0, 3)
Multiframe time (ms): 0
Not enough 2D-3D correspondences for pose estimation.
Best map key: None
Number of candidates after local matching: 0
PnP pairs 2D shape: (0, 2) 3D shape: (0, 3)
Multiframe time (ms): 0
Not enough 2D-3D correspondences for pose estimation.
Best map key: None
Number of candidates after local matching: 0
PnP pairs 2D shape: (0, 2) 3D shape: (0, 3)
Multiframe time (ms): 0
Not enough 2D-3D correspondences for pose estimation.
Best map key: None
Number of candidates after local matching: 0
PnP pairs 2D shape: (0, 2) 3D shape: (0, 3)
Multiframe time (ms): 0
Not enough 2D-3D correspondences for pose estimation.
Best map key: None
Number of candidates after local matching: 0
PnP pairs 2D shape: (0, 2) 3D shape: (0, 3)
Multiframe time (ms): 0
Not enough 2D-3D correspondences for pose estimation.
Best map key: None
Number of candidates after local matching: 0
PnP pairs 2D shape: (0, 2) 3D shape: (0, 3)
Multiframe time (ms): 0
Not enough 2D-3D correspondences for pose estimation.
Best map key: None
Number of candidates after local matching: 0
PnP pairs 2D shape: (0, 2) 3D shape: (0, 3)
Multiframe time (ms): 0
Not enough 2D-3D correspondences for pose estimation.
Best map key: None
Number of candidates after local matching: 0
PnP pairs 2D shape: (0, 2) 3D shape: (0, 3)
Multiframe time (ms): 0
Not enough 2D-3D correspondences for pose estimation.
Best map key: None
Number of candidates after local matching: 0
PnP pairs 2D shape: (0, 2) 3D shape: (0, 3)
Multiframe time (ms): 0
Not enough 2D-3D correspondences for pose estimation.
Best map key: None
Number of candidates after local matching: 0
PnP pairs 2D shape: (0, 2) 3D shape: (0, 3)
Multiframe time (ms): 0
Not enough 2D-3D correspondences for pose estimation.
Best map key: None
Number of candidates after local matching: 0
PnP pairs 2D shape: (0, 2) 3D shape: (0, 3)
Multiframe time (ms): 0
Not enough 2D-3D correspondences for pose estimation.
Best map key: None
Number of candidates after local matching: 0
PnP pairs 2D shape: (0, 2) 3D shape: (0, 3)
Multiframe time (ms): 0
Not enough 2D-3D correspondences for pose estimation.
Best map key: None
Number of candidates after local matching: 0
PnP pairs 2D shape: (0, 2) 3D shape: (0, 3)
Multiframe time (ms): 0
Not enough 2D-3D correspondences for pose estimation.
Best map key: None
Number of candidates after local matching: 0
PnP pairs 2D shape: (0, 2) 3D shape: (0, 3)
Multiframe time (ms): 0
Not enough 2D-3D correspondences for pose estimation.
Best map key: None
Number of candidates after local matching: 0
PnP pairs 2D shape: (0, 2) 3D shape: (0, 3)
Multiframe time (ms): 0
Not enough 2D-3D correspondences for pose estimation.
Best map key: None
Number of candidates after local matching: 0
PnP pairs 2D shape: (0, 2) 3D shape: (0, 3)
Multiframe time (ms): 0
Not enough 2D-3D correspondences for pose estimation.
Best map key: None
Number of candidates after local matching: 0
PnP pairs 2D shape: (0, 2) 3D shape: (0, 3)
Multiframe time (ms): 0
Not enough 2D-3D correspondences for pose estimation.
Best map key: None
Number of candidates after local matching: 0
PnP pairs 2D shape: (0, 2) 3D shape: (0, 3)
Multiframe time (ms): 1
Not enough 2D-3D correspondences for pose estimation.
Best map key: None
Number of candidates after local matching: 0
PnP pairs 2D shape: (0, 2) 3D shape: (0, 3)
Multiframe time (ms): 0
Not enough 2D-3D correspondences for pose estimation.
Best map key: None
Number of candidates after local matching: 0
PnP pairs 2D shape: (0, 2) 3D shape: (0, 3)
Multiframe time (ms): 0
Not enough 2D-3D correspondences for pose estimation.
Best map key: None
Number of candidates after local matching: 0
PnP pairs 2D shape: (0, 2) 3D shape: (0, 3)
Multiframe time (ms): 0
Not enough 2D-3D correspondences for pose estimation.
Best map key: None
Number of candidates after local matching: 0
PnP pairs 2D shape: (0, 2) 3D shape: (0, 3)
Multiframe time (ms): 0
Not enough 2D-3D correspondences for pose estimation.
Best map key: None
Number of candidates after local matching: 0
PnP pairs 2D shape: (0, 2) 3D shape: (0, 3)
Multiframe time (ms): 0
Not enough 2D-3D correspondences for pose estimation.
Best map key: None
Number of candidates after local matching: 0
PnP pairs 2D shape: (0, 2) 3D shape: (0, 3)
Multiframe time (ms): 0
Not enough 2D-3D correspondences for pose estimation.
Best map key: None
Number of candidates after local matching: 0
PnP pairs 2D shape: (0, 2) 3D shape: (0, 3)
Multiframe time (ms): 0
Not enough 2D-3D correspondences for pose estimation.
Best map key: None
Number of candidates after local matching: 0
PnP pairs 2D shape: (0, 2) 3D shape: (0, 3)
Multiframe time (ms): 0
Not enough 2D-3D correspondences for pose estimation.
Best map key: None
Number of candidates after local matching: 0
PnP pairs 2D shape: (0, 2) 3D shape: (0, 3)
Multiframe time (ms): 0
Not enough 2D-3D correspondences for pose estimation.
Best map key: None
Number of candidates after local matching: 0
PnP pairs 2D shape: (0, 2) 3D shape: (0, 3)
Multiframe time (ms): 0
Not enough 2D-3D correspondences for pose estimation.
Best map key: None
Number of candidates after local matching: 0
PnP pairs 2D shape: (0, 2) 3D shape: (0, 3)
Multiframe time (ms): 0
Not enough 2D-3D correspondences for pose estimation.
Best map key: None
Number of candidates after local matching: 0
PnP pairs 2D shape: (0, 2) 3D shape: (0, 3)
Multiframe time (ms): 0
Not enough 2D-3D correspondences for pose estimation.
Best map key: None
Number of candidates after local matching: 0
PnP pairs 2D shape: (0, 2) 3D shape: (0, 3)
Multiframe time (ms): 0
Not enough 2D-3D correspondences for pose estimation.
Best map key: None
Number of candidates after local matching: 0
PnP pairs 2D shape: (0, 2) 3D shape: (0, 3)
Multiframe time (ms): 0
Not enough 2D-3D correspondences for pose estimation.
Best map key: None
Number of candidates after local matching: 0
PnP pairs 2D shape: (0, 2) 3D shape: (0, 3)
Multiframe time (ms): 0
Not enough 2D-3D correspondences for pose estimation.
Best map key: None
Number of candidates after local matching: 0
PnP pairs 2D shape: (0, 2) 3D shape: (0, 3)
Multiframe time (ms): 0
Not enough 2D-3D correspondences for pose estimation.
Best map key: None
Number of candidates after local matching: 0
PnP pairs 2D shape: (0, 2) 3D shape: (0, 3)
Multiframe time (ms): 0
Not enough 2D-3D correspondences for pose estimation.
Best map key: None
Number of candidates after local matching: 0
PnP pairs 2D shape: (0, 2) 3D shape: (0, 3)
Multiframe time (ms): 0
Not enough 2D-3D correspondences for pose estimation.
Best map key: None
Number of candidates after local matching: 0
PnP pairs 2D shape: (0, 2) 3D shape: (0, 3)
Multiframe time (ms): 0
Not enough 2D-3D correspondences for pose estimation.
Best map key: None
Number of candidates after local matching: 0
PnP pairs 2D shape: (0, 2) 3D shape: (0, 3)
Multiframe time (ms): 0
Not enough 2D-3D correspondences for pose estimation.
Best map key: None
Number of candidates after local matching: 0
PnP pairs 2D shape: (0, 2) 3D shape: (0, 3)
Multiframe time (ms): 0
Not enough 2D-3D correspondences for pose estimation.
Best map key: None
Number of candidates after local matching: 0
PnP pairs 2D shape: (0, 2) 3D shape: (0, 3)
Multiframe time (ms): 0
Not enough 2D-3D correspondences for pose estimation.
Best map key: None
Number of candidates after local matching: 0
PnP pairs 2D shape: (0, 2) 3D shape: (0, 3)
Multiframe time (ms): 0
Not enough 2D-3D correspondences for pose estimation.
Best map key: None
Number of candidates after local matching: 0
PnP pairs 2D shape: (0, 2) 3D shape: (0, 3)
Multiframe time (ms): 0
Not enough 2D-3D correspondences for pose estimation.
Best map key: None
Number of candidates after local matching: 0
PnP pairs 2D shape: (0, 2) 3D shape: (0, 3)
Multiframe time (ms): 0
Not enough 2D-3D correspondences for pose estimation.
Best map key: None
Number of candidates after local matching: 0
PnP pairs 2D shape: (0, 2) 3D shape: (0, 3)
Multiframe time (ms): 0
Not enough 2D-3D correspondences for pose estimation.
Best map key: None
Number of candidates after local matching: 0
PnP pairs 2D shape: (0, 2) 3D shape: (0, 3)
Multiframe time (ms): 0
Not enough 2D-3D correspondences for pose estimation.
Best map key: None
Number of candidates after local matching: 0
PnP pairs 2D shape: (0, 2) 3D shape: (0, 3)
Multiframe time (ms): 0
Not enough 2D-3D correspondences for pose estimation.
Best map key: None
Number of candidates after local matching: 0
PnP pairs 2D shape: (0, 2) 3D shape: (0, 3)
Multiframe time (ms): 0
Not enough 2D-3D correspondences for pose estimation.
Best map key: None
Number of candidates after local matching: 0
PnP pairs 2D shape: (0, 2) 3D shape: (0, 3)
Multiframe time (ms): 0
Not enough 2D-3D correspondences for pose estimation.
Best map key: None
Number of candidates after local matching: 0
PnP pairs 2D shape: (0, 2) 3D shape: (0, 3)
Multiframe time (ms): 0
Not enough 2D-3D correspondences for pose estimation.
Best map key: None
Number of candidates after local matching: 0
PnP pairs 2D shape: (0, 2) 3D shape: (0, 3)
Multiframe time (ms): 0
Not enough 2D-3D correspondences for pose estimation.
Best map key: None
Number of candidates after local matching: 0
PnP pairs 2D shape: (0, 2) 3D shape: (0, 3)
Multiframe time (ms): 0
Not enough 2D-3D correspondences for pose estimation.
Best map key: None
Number of candidates after local matching: 0
PnP pairs 2D shape: (0, 2) 3D shape: (0, 3)
Multiframe time (ms): 0
Not enough 2D-3D correspondences for pose estimation.
Best map key: None
Number of candidates after local matching: 0
PnP pairs 2D shape: (0, 2) 3D shape: (0, 3)
Multiframe time (ms): 0
Not enough 2D-3D correspondences for pose estimation.
Best map key: None
Number of candidates after local matching: 0
PnP pairs 2D shape: (0, 2) 3D shape: (0, 3)
Multiframe time (ms): 0
Not enough 2D-3D correspondences for pose estimation.
Best map key: None
Number of candidates after local matching: 0
PnP pairs 2D shape: (0, 2) 3D shape: (0, 3)
Multiframe time (ms): 0
Not enough 2D-3D correspondences for pose estimation.
Best map key: ('Mahidol_University', 'ICT', '1.1_DinoV2Salad')
Number of candidates after local matching: 3
PnP pairs 2D shape: (184, 2) 3D shape: (184, 3)
Multiframe time (ms): 22
Floorplan Pose (x, y, angle): {'xy': array([2108.6004952 ,  705.36913596]), 'ang': 219.0473780815839}
Best map key: None
Number of candidates after local matching: 0
PnP pairs 2D shape: (0, 2) 3D shape: (0, 3)
Multiframe time (ms): 0
Not enough 2D-3D correspondences for pose estimation.
Best map key: None
Number of candidates after local matching: 0
PnP pairs 2D shape: (0, 2) 3D shape: (0, 3)
Multiframe time (ms): 0
Not enough 2D-3D correspondences for pose estimation.
Best map key: None
Number of candidates after local matching: 0
PnP pairs 2D shape: (0, 2) 3D shape: (0, 3)
Multiframe time (ms): 0
Not enough 2D-3D correspondences for pose estimation.
Best map key: None
Number of candidates after local matching: 0
PnP pairs 2D shape: (0, 2) 3D shape: (0, 3)
Multiframe time (ms): 0
Not enough 2D-3D correspondences for pose estimation.
Best map key: None
Number of candidates after local matching: 0
PnP pairs 2D shape: (0, 2) 3D shape: (0, 3)
Multiframe time (ms): 0
Not enough 2D-3D correspondences for pose estimation.
Best map key: None
Number of candidates after local matching: 0
PnP pairs 2D shape: (0, 2) 3D shape: (0, 3)
Multiframe time (ms): 0
Not enough 2D-3D correspondences for pose estimation.
Best map key: None
Number of candidates after local matching: 0
PnP pairs 2D shape: (0, 2) 3D shape: (0, 3)
Multiframe time (ms): 0
Not enough 2D-3D correspondences for pose estimation.
Best map key: None
Number of candidates after local matching: 0
PnP pairs 2D shape: (0, 2) 3D shape: (0, 3)
Multiframe time (ms): 0
Not enough 2D-3D correspondences for pose estimation.
Best map key: None
Number of candidates after local matching: 0
PnP pairs 2D shape: (0, 2) 3D shape: (0, 3)
Multiframe time (ms): 0
Not enough 2D-3D correspondences for pose estimation.
Best map key: None
Number of candidates after local matching: 0
PnP pairs 2D shape: (0, 2) 3D shape: (0, 3)
Multiframe time (ms): 0
Not enough 2D-3D correspondences for pose estimation.
Best map key: None
Number of candidates after local matching: 0
PnP pairs 2D shape: (0, 2) 3D shape: (0, 3)
Multiframe time (ms): 0
Not enough 2D-3D correspondences for pose estimation.
Best map key: None
Number of candidates after local matching: 0
PnP pairs 2D shape: (0, 2) 3D shape: (0, 3)
Multiframe time (ms): 0
Not enough 2D-3D correspondences for pose estimation.
Best map key: None
Number of candidates after local matching: 0
PnP pairs 2D shape: (0, 2) 3D shape: (0, 3)
Multiframe time (ms): 0
Not enough 2D-3D correspondences for pose estimation.
Best map key: None
Number of candidates after local matching: 0
PnP pairs 2D shape: (0, 2) 3D shape: (0, 3)
Multiframe time (ms): 0
Not enough 2D-3D correspondences for pose estimation.
Best map key: None
Number of candidates after local matching: 0
PnP pairs 2D shape: (0, 2) 3D shape: (0, 3)
Multiframe time (ms): 0
Not enough 2D-3D correspondences for pose estimation.
Best map key: None
Number of candidates after local matching: 0
PnP pairs 2D shape: (0, 2) 3D shape: (0, 3)
Multiframe time (ms): 0
Not enough 2D-3D correspondences for pose estimation.
Best map key: None
Number of candidates after local matching: 0
PnP pairs 2D shape: (0, 2) 3D shape: (0, 3)
Multiframe time (ms): 0
Not enough 2D-3D correspondences for pose estimation.
Best map key: None
Number of candidates after local matching: 0
PnP pairs 2D shape: (0, 2) 3D shape: (0, 3)
Multiframe time (ms): 0
Not enough 2D-3D correspondences for pose estimation.
Best map key: None
Number of candidates after local matching: 0
PnP pairs 2D shape: (0, 2) 3D shape: (0, 3)
Multiframe time (ms): 0
Not enough 2D-3D correspondences for pose estimation.
Best map key: None
Number of candidates after local matching: 0
PnP pairs 2D shape: (0, 2) 3D shape: (0, 3)
Multiframe time (ms): 0
Not enough 2D-3D correspondences for pose estimation.
Best map key: None
Number of candidates after local matching: 0
PnP pairs 2D shape: (0, 2) 3D shape: (0, 3)
Multiframe time (ms): 0
Not enough 2D-3D correspondences for pose estimation.
Best map key: None
Number of candidates after local matching: 0
PnP pairs 2D shape: (0, 2) 3D shape: (0, 3)
Multiframe time (ms): 0
Not enough 2D-3D correspondences for pose estimation.
Best map key: None
Number of candidates after local matching: 0
PnP pairs 2D shape: (0, 2) 3D shape: (0, 3)
Multiframe time (ms): 0
Not enough 2D-3D correspondences for pose estimation.
Best map key: None
Number of candidates after local matching: 0
PnP pairs 2D shape: (0, 2) 3D shape: (0, 3)
Multiframe time (ms): 0
Not enough 2D-3D correspondences for pose estimation.
Best map key: None
Number of candidates after local matching: 0
PnP pairs 2D shape: (0, 2) 3D shape: (0, 3)
Multiframe time (ms): 0
Not enough 2D-3D correspondences for pose estimation.
Best map key: None
Number of candidates after local matching: 0
PnP pairs 2D shape: (0, 2) 3D shape: (0, 3)
Multiframe time (ms): 0
Not enough 2D-3D correspondences for pose estimation.
Best map key: None
Number of candidates after local matching: 0
PnP pairs 2D shape: (0, 2) 3D shape: (0, 3)
Multiframe time (ms): 0
Not enough 2D-3D correspondences for pose estimation.
Best map key: None
Number of candidates after local matching: 0
PnP pairs 2D shape: (0, 2) 3D shape: (0, 3)
Multiframe time (ms): 0
Not enough 2D-3D correspondences for pose estimation.
Best map key: None
Number of candidates after local matching: 0
PnP pairs 2D shape: (0, 2) 3D shape: (0, 3)
Multiframe time (ms): 0
Not enough 2D-3D correspondences for pose estimation.
Best map key: None
Number of candidates after local matching: 0
PnP pairs 2D shape: (0, 2) 3D shape: (0, 3)
Multiframe time (ms): 0
Not enough 2D-3D correspondences for pose estimation.
Best map key: None
Number of candidates after local matching: 0
PnP pairs 2D shape: (0, 2) 3D shape: (0, 3)
Multiframe time (ms): 0
Not enough 2D-3D correspondences for pose estimation.
Best map key: None
Number of candidates after local matching: 0
PnP pairs 2D shape: (0, 2) 3D shape: (0, 3)
Multiframe time (ms): 0
Not enough 2D-3D correspondences for pose estimation.
Best map key: None
Number of candidates after local matching: 0
PnP pairs 2D shape: (0, 2) 3D shape: (0, 3)
Multiframe time (ms): 0
Not enough 2D-3D correspondences for pose estimation.
Best map key: None
Number of candidates after local matching: 0
PnP pairs 2D shape: (0, 2) 3D shape: (0, 3)
Multiframe time (ms): 0
Not enough 2D-3D correspondences for pose estimation.
Best map key: None
Number of candidates after local matching: 0
PnP pairs 2D shape: (0, 2) 3D shape: (0, 3)
Multiframe time (ms): 0
Not enough 2D-3D correspondences for pose estimation.
Best map key: None
Number of candidates after local matching: 0
PnP pairs 2D shape: (0, 2) 3D shape: (0, 3)
Multiframe time (ms): 1
Not enough 2D-3D correspondences for pose estimation.
Best map key: None
Number of candidates after local matching: 0
PnP pairs 2D shape: (0, 2) 3D shape: (0, 3)
Multiframe time (ms): 0
Not enough 2D-3D correspondences for pose estimation.
Best map key: None
Number of candidates after local matching: 0
PnP pairs 2D shape: (0, 2) 3D shape: (0, 3)
Multiframe time (ms): 0
Not enough 2D-3D correspondences for pose estimation.
Best map key: None
Number of candidates after local matching: 0
PnP pairs 2D shape: (0, 2) 3D shape: (0, 3)
Multiframe time (ms): 0
Not enough 2D-3D correspondences for pose estimation.
Best map key: None
Number of candidates after local matching: 0
PnP pairs 2D shape: (0, 2) 3D shape: (0, 3)
Multiframe time (ms): 0
Not enough 2D-3D correspondences for pose estimation.
Best map key: None
Number of candidates after local matching: 0
PnP pairs 2D shape: (0, 2) 3D shape: (0, 3)
Multiframe time (ms): 0
Not enough 2D-3D correspondences for pose estimation.
Best map key: None
Number of candidates after local matching: 0
PnP pairs 2D shape: (0, 2) 3D shape: (0, 3)
Multiframe time (ms): 0
Not enough 2D-3D correspondences for pose estimation.
Best map key: None
Number of candidates after local matching: 0
PnP pairs 2D shape: (0, 2) 3D shape: (0, 3)
Multiframe time (ms): 0
Not enough 2D-3D correspondences for pose estimation.
Best map key: None
Number of candidates after local matching: 0
PnP pairs 2D shape: (0, 2) 3D shape: (0, 3)
Multiframe time (ms): 0
Not enough 2D-3D correspondences for pose estimation.
Best map key: None
Number of candidates after local matching: 0
PnP pairs 2D shape: (0, 2) 3D shape: (0, 3)
Multiframe time (ms): 0
Not enough 2D-3D correspondences for pose estimation.
Best map key: None
Number of candidates after local matching: 0
PnP pairs 2D shape: (0, 2) 3D shape: (0, 3)
Multiframe time (ms): 0
Not enough 2D-3D correspondences for pose estimation.
Best map key: ('Mahidol_University', 'ICT', '1.1_DinoV2Salad')
Number of candidates after local matching: 4
PnP pairs 2D shape: (315, 2) 3D shape: (315, 3)
Multiframe time (ms): 26
Floorplan Pose (x, y, angle): {'xy': array([2065.55973887,  676.49937668]), 'ang': 229.39570129355687}
Best map key: None
Number of candidates after local matching: 0
PnP pairs 2D shape: (0, 2) 3D shape: (0, 3)
Multiframe time (ms): 0
Not enough 2D-3D correspondences for pose estimation.
Best map key: None
Number of candidates after local matching: 0
PnP pairs 2D shape: (0, 2) 3D shape: (0, 3)
Multiframe time (ms): 1
Not enough 2D-3D correspondences for pose estimation.
Best map key: None
Number of candidates after local matching: 0
PnP pairs 2D shape: (0, 2) 3D shape: (0, 3)
Multiframe time (ms): 0
Not enough 2D-3D correspondences for pose estimation.
Best map key: None
Number of candidates after local matching: 0
PnP pairs 2D shape: (0, 2) 3D shape: (0, 3)
Multiframe time (ms): 0
Not enough 2D-3D correspondences for pose estimation.
Best map key: None
Number of candidates after local matching: 0
PnP pairs 2D shape: (0, 2) 3D shape: (0, 3)
Multiframe time (ms): 0
Not enough 2D-3D correspondences for pose estimation.
Best map key: None
Number of candidates after local matching: 0
PnP pairs 2D shape: (0, 2) 3D shape: (0, 3)
Multiframe time (ms): 0
Not enough 2D-3D correspondences for pose estimation.
Best map key: None
Number of candidates after local matching: 0
PnP pairs 2D shape: (0, 2) 3D shape: (0, 3)
Multiframe time (ms): 0
Not enough 2D-3D correspondences for pose estimation.
Best map key: None
Number of candidates after local matching: 0
PnP pairs 2D shape: (0, 2) 3D shape: (0, 3)
Multiframe time (ms): 0
Not enough 2D-3D correspondences for pose estimation.
Best map key: None
Number of candidates after local matching: 0
PnP pairs 2D shape: (0, 2) 3D shape: (0, 3)
Multiframe time (ms): 0
Not enough 2D-3D correspondences for pose estimation.
Best map key: None
Number of candidates after local matching: 0
PnP pairs 2D shape: (0, 2) 3D shape: (0, 3)
Multiframe time (ms): 0
Not enough 2D-3D correspondences for pose estimation.
Best map key: None
Number of candidates after local matching: 0
PnP pairs 2D shape: (0, 2) 3D shape: (0, 3)
Multiframe time (ms): 0
Not enough 2D-3D correspondences for pose estimation.
Best map key: None
Number of candidates after local matching: 0
PnP pairs 2D shape: (0, 2) 3D shape: (0, 3)
Multiframe time (ms): 1
Not enough 2D-3D correspondences for pose estimation.
Best map key: ('Mahidol_University', 'ICT', '1.1_DinoV2Salad')
Number of candidates after local matching: 4
PnP pairs 2D shape: (238, 2) 3D shape: (238, 3)
Multiframe time (ms): 37
Floorplan Pose (x, y, angle): {'xy': array([2046.47872515,  742.65959986]), 'ang': 72.53923726043118}
Best map key: None
Number of candidates after local matching: 0
PnP pairs 2D shape: (0, 2) 3D shape: (0, 3)
Multiframe time (ms): 0
Not enough 2D-3D correspondences for pose estimation.
Best map key: None
Number of candidates after local matching: 0
PnP pairs 2D shape: (0, 2) 3D shape: (0, 3)
Multiframe time (ms): 0
Not enough 2D-3D correspondences for pose estimation.
Best map key: None
Number of candidates after local matching: 0
PnP pairs 2D shape: (0, 2) 3D shape: (0, 3)
Multiframe time (ms): 0
Not enough 2D-3D correspondences for pose estimation.
Best map key: None
Number of candidates after local matching: 0
PnP pairs 2D shape: (0, 2) 3D shape: (0, 3)
Multiframe time (ms): 0
Not enough 2D-3D correspondences for pose estimation.
Best map key: None
Number of candidates after local matching: 0
PnP pairs 2D shape: (0, 2) 3D shape: (0, 3)
Multiframe time (ms): 0
Not enough 2D-3D correspondences for pose estimation.
Best map key: None
Number of candidates after local matching: 0
PnP pairs 2D shape: (0, 2) 3D shape: (0, 3)
Multiframe time (ms): 0
Not enough 2D-3D correspondences for pose estimation.
Best map key: None
Number of candidates after local matching: 0
PnP pairs 2D shape: (0, 2) 3D shape: (0, 3)
Multiframe time (ms): 0
Not enough 2D-3D correspondences for pose estimation.
Best map key: None
Number of candidates after local matching: 0
PnP pairs 2D shape: (0, 2) 3D shape: (0, 3)
Multiframe time (ms): 0
Not enough 2D-3D correspondences for pose estimation.
Best map key: None
Number of candidates after local matching: 0
PnP pairs 2D shape: (0, 2) 3D shape: (0, 3)
Multiframe time (ms): 0
Not enough 2D-3D correspondences for pose estimation.
Best map key: None
Number of candidates after local matching: 0
PnP pairs 2D shape: (0, 2) 3D shape: (0, 3)
Multiframe time (ms): 0
Not enough 2D-3D correspondences for pose estimation.
Best map key: None
Number of candidates after local matching: 0
PnP pairs 2D shape: (0, 2) 3D shape: (0, 3)
Multiframe time (ms): 0
Not enough 2D-3D correspondences for pose estimation.
Best map key: None
Number of candidates after local matching: 0
PnP pairs 2D shape: (0, 2) 3D shape: (0, 3)
Multiframe time (ms): 0
Not enough 2D-3D correspondences for pose estimation.
Best map key: None
Number of candidates after local matching: 0
PnP pairs 2D shape: (0, 2) 3D shape: (0, 3)
Multiframe time (ms): 0
Not enough 2D-3D correspondences for pose estimation.
Best map key: None
Number of candidates after local matching: 0
PnP pairs 2D shape: (0, 2) 3D shape: (0, 3)
Multiframe time (ms): 0
Not enough 2D-3D correspondences for pose estimation.
Best map key: None
Number of candidates after local matching: 0
PnP pairs 2D shape: (0, 2) 3D shape: (0, 3)
Multiframe time (ms): 0
Not enough 2D-3D correspondences for pose estimation.
Best map key: None
Number of candidates after local matching: 0
PnP pairs 2D shape: (0, 2) 3D shape: (0, 3)
Multiframe time (ms): 0
Not enough 2D-3D correspondences for pose estimation.
Best map key: None
Number of candidates after local matching: 0
PnP pairs 2D shape: (0, 2) 3D shape: (0, 3)
Multiframe time (ms): 0
Not enough 2D-3D correspondences for pose estimation.
Best map key: None
Number of candidates after local matching: 0
PnP pairs 2D shape: (0, 2) 3D shape: (0, 3)
Multiframe time (ms): 0
Not enough 2D-3D correspondences for pose estimation.
Best map key: None
Number of candidates after local matching: 0
PnP pairs 2D shape: (0, 2) 3D shape: (0, 3)
Multiframe time (ms): 0
Not enough 2D-3D correspondences for pose estimation.
Best map key: None
Number of candidates after local matching: 0
PnP pairs 2D shape: (0, 2) 3D shape: (0, 3)
Multiframe time (ms): 0
Not enough 2D-3D correspondences for pose estimation.
Best map key: None
Number of candidates after local matching: 0
PnP pairs 2D shape: (0, 2) 3D shape: (0, 3)
Multiframe time (ms): 0
Not enough 2D-3D correspondences for pose estimation.
Best map key: None
Number of candidates after local matching: 0
PnP pairs 2D shape: (0, 2) 3D shape: (0, 3)
Multiframe time (ms): 0
Not enough 2D-3D correspondences for pose estimation.
Best map key: None
Number of candidates after local matching: 0
PnP pairs 2D shape: (0, 2) 3D shape: (0, 3)
Multiframe time (ms): 0
Not enough 2D-3D correspondences for pose estimation.
Best map key: None
Number of candidates after local matching: 0
PnP pairs 2D shape: (0, 2) 3D shape: (0, 3)
Multiframe time (ms): 0
Not enough 2D-3D correspondences for pose estimation.
Best map key: None
Number of candidates after local matching: 0
PnP pairs 2D shape: (0, 2) 3D shape: (0, 3)
Multiframe time (ms): 0
Not enough 2D-3D correspondences for pose estimation.
Best map key: None
Number of candidates after local matching: 0
PnP pairs 2D shape: (0, 2) 3D shape: (0, 3)
Multiframe time (ms): 0
Not enough 2D-3D correspondences for pose estimation.
Best map key: None
Number of candidates after local matching: 0
PnP pairs 2D shape: (0, 2) 3D shape: (0, 3)
Multiframe time (ms): 0
Not enough 2D-3D correspondences for pose estimation.
Best map key: None
Number of candidates after local matching: 0
PnP pairs 2D shape: (0, 2) 3D shape: (0, 3)
Multiframe time (ms): 0
Not enough 2D-3D correspondences for pose estimation.
Best map key: None
Number of candidates after local matching: 0
PnP pairs 2D shape: (0, 2) 3D shape: (0, 3)
Multiframe time (ms): 0
Not enough 2D-3D correspondences for pose estimation.
Best map key: None
Number of candidates after local matching: 0
PnP pairs 2D shape: (0, 2) 3D shape: (0, 3)
Multiframe time (ms): 0
Not enough 2D-3D correspondences for pose estimation.
Best map key: None
Number of candidates after local matching: 0
PnP pairs 2D shape: (0, 2) 3D shape: (0, 3)
Multiframe time (ms): 0
Not enough 2D-3D correspondences for pose estimation.
Best map key: None
Number of candidates after local matching: 0
PnP pairs 2D shape: (0, 2) 3D shape: (0, 3)
Multiframe time (ms): 0
Not enough 2D-3D correspondences for pose estimation.
Best map key: None
Number of candidates after local matching: 0
PnP pairs 2D shape: (0, 2) 3D shape: (0, 3)
Multiframe time (ms): 0
Not enough 2D-3D correspondences for pose estimation.
Best map key: None
Number of candidates after local matching: 0
PnP pairs 2D shape: (0, 2) 3D shape: (0, 3)
Multiframe time (ms): 0
Not enough 2D-3D correspondences for pose estimation.
Best map key: None
Number of candidates after local matching: 0
PnP pairs 2D shape: (0, 2) 3D shape: (0, 3)
Multiframe time (ms): 0
Not enough 2D-3D correspondences for pose estimation.
Best map key: None
Number of candidates after local matching: 0
PnP pairs 2D shape: (0, 2) 3D shape: (0, 3)
Multiframe time (ms): 0
Not enough 2D-3D correspondences for pose estimation.
Best map key: None
Number of candidates after local matching: 0
PnP pairs 2D shape: (0, 2) 3D shape: (0, 3)
Multiframe time (ms): 0
Not enough 2D-3D correspondences for pose estimation.
Best map key: None
Number of candidates after local matching: 0
PnP pairs 2D shape: (0, 2) 3D shape: (0, 3)
Multiframe time (ms): 0
Not enough 2D-3D correspondences for pose estimation.
Best map key: None
Number of candidates after local matching: 0
PnP pairs 2D shape: (0, 2) 3D shape: (0, 3)
Multiframe time (ms): 0
Not enough 2D-3D correspondences for pose estimation.
Best map key: ('Mahidol_University', 'ICT', '1.1_DinoV2Salad')
Number of candidates after local matching: 2
PnP pairs 2D shape: (125, 2) 3D shape: (125, 3)
Multiframe time (ms): 14
Floorplan Pose (x, y, angle): {'xy': array([2049.38927058,  660.52286866]), 'ang': 33.48632984867843}
Best map key: None
Number of candidates after local matching: 0
PnP pairs 2D shape: (0, 2) 3D shape: (0, 3)
Multiframe time (ms): 0
Not enough 2D-3D correspondences for pose estimation.
Best map key: None
Number of candidates after local matching: 0
PnP pairs 2D shape: (0, 2) 3D shape: (0, 3)
Multiframe time (ms): 0
Not enough 2D-3D correspondences for pose estimation.
Best map key: None
Number of candidates after local matching: 0
PnP pairs 2D shape: (0, 2) 3D shape: (0, 3)
Multiframe time (ms): 0
Not enough 2D-3D correspondences for pose estimation.
Best map key: None
Number of candidates after local matching: 0
PnP pairs 2D shape: (0, 2) 3D shape: (0, 3)
Multiframe time (ms): 0
Not enough 2D-3D correspondences for pose estimation.
Best map key: None
Number of candidates after local matching: 0
PnP pairs 2D shape: (0, 2) 3D shape: (0, 3)
Multiframe time (ms): 0
Not enough 2D-3D correspondences for pose estimation.
Best map key: None
Number of candidates after local matching: 0
PnP pairs 2D shape: (0, 2) 3D shape: (0, 3)
Multiframe time (ms): 0
Not enough 2D-3D correspondences for pose estimation.
Best map key: None
Number of candidates after local matching: 0
PnP pairs 2D shape: (0, 2) 3D shape: (0, 3)
Multiframe time (ms): 0
Not enough 2D-3D correspondences for pose estimation.
Best map key: None
Number of candidates after local matching: 0
PnP pairs 2D shape: (0, 2) 3D shape: (0, 3)
Multiframe time (ms): 0
Not enough 2D-3D correspondences for pose estimation.
Best map key: None
Number of candidates after local matching: 0
PnP pairs 2D shape: (0, 2) 3D shape: (0, 3)
Multiframe time (ms): 0
Not enough 2D-3D correspondences for pose estimation.
Best map key: None
Number of candidates after local matching: 0
PnP pairs 2D shape: (0, 2) 3D shape: (0, 3)
Multiframe time (ms): 0
Not enough 2D-3D correspondences for pose estimation.
Best map key: None
Number of candidates after local matching: 0
PnP pairs 2D shape: (0, 2) 3D shape: (0, 3)
Multiframe time (ms): 0
Not enough 2D-3D correspondences for pose estimation.
Best map key: None
Number of candidates after local matching: 0
PnP pairs 2D shape: (0, 2) 3D shape: (0, 3)
Multiframe time (ms): 0
Not enough 2D-3D correspondences for pose estimation.
Best map key: None
Number of candidates after local matching: 0
PnP pairs 2D shape: (0, 2) 3D shape: (0, 3)
Multiframe time (ms): 0
Not enough 2D-3D correspondences for pose estimation.
Best map key: None
Number of candidates after local matching: 0
PnP pairs 2D shape: (0, 2) 3D shape: (0, 3)
Multiframe time (ms): 0
Not enough 2D-3D correspondences for pose estimation.
Best map key: None
Number of candidates after local matching: 0
PnP pairs 2D shape: (0, 2) 3D shape: (0, 3)
Multiframe time (ms): 0
Not enough 2D-3D correspondences for pose estimation.
Best map key: None
Number of candidates after local matching: 0
PnP pairs 2D shape: (0, 2) 3D shape: (0, 3)
Multiframe time (ms): 0
Not enough 2D-3D correspondences for pose estimation.
Best map key: None
Number of candidates after local matching: 0
PnP pairs 2D shape: (0, 2) 3D shape: (0, 3)
Multiframe time (ms): 0
Not enough 2D-3D correspondences for pose estimation.
Best map key: None
Number of candidates after local matching: 0
PnP pairs 2D shape: (0, 2) 3D shape: (0, 3)
Multiframe time (ms): 0
Not enough 2D-3D correspondences for pose estimation.
Best map key: None
Number of candidates after local matching: 0
PnP pairs 2D shape: (0, 2) 3D shape: (0, 3)
Multiframe time (ms): 0
Not enough 2D-3D correspondences for pose estimation.
Best map key: None
Number of candidates after local matching: 0
PnP pairs 2D shape: (0, 2) 3D shape: (0, 3)
Multiframe time (ms): 0
Not enough 2D-3D correspondences for pose estimation.
Best map key: None
Number of candidates after local matching: 0
PnP pairs 2D shape: (0, 2) 3D shape: (0, 3)
Multiframe time (ms): 0
Not enough 2D-3D correspondences for pose estimation.
Best map key: None
Number of candidates after local matching: 0
PnP pairs 2D shape: (0, 2) 3D shape: (0, 3)
Multiframe time (ms): 0
Not enough 2D-3D correspondences for pose estimation.
Best map key: None
Number of candidates after local matching: 0
PnP pairs 2D shape: (0, 2) 3D shape: (0, 3)
Multiframe time (ms): 0
Not enough 2D-3D correspondences for pose estimation.
Best map key: None
Number of candidates after local matching: 0
PnP pairs 2D shape: (0, 2) 3D shape: (0, 3)
Multiframe time (ms): 0
Not enough 2D-3D correspondences for pose estimation.
Best map key: None
Number of candidates after local matching: 0
PnP pairs 2D shape: (0, 2) 3D shape: (0, 3)
Multiframe time (ms): 0
Not enough 2D-3D correspondences for pose estimation.
Best map key: None
Number of candidates after local matching: 0
PnP pairs 2D shape: (0, 2) 3D shape: (0, 3)
Multiframe time (ms): 0
Not enough 2D-3D correspondences for pose estimation.
Best map key: None
Number of candidates after local matching: 0
PnP pairs 2D shape: (0, 2) 3D shape: (0, 3)
Multiframe time (ms): 0
Not enough 2D-3D correspondences for pose estimation.
Best map key: None
Number of candidates after local matching: 0
PnP pairs 2D shape: (0, 2) 3D shape: (0, 3)
Multiframe time (ms): 0
Not enough 2D-3D correspondences for pose estimation.
Best map key: ('Mahidol_University', 'ICT', '1.1_DinoV2Salad')
Number of candidates after local matching: 6
PnP pairs 2D shape: (383, 2) 3D shape: (383, 3)
Multiframe time (ms): 28
Floorplan Pose (x, y, angle): {'xy': array([1989.0795209 ,  670.69417397]), 'ang': 168.1146741541701}
Best map key: None
Number of candidates after local matching: 0
PnP pairs 2D shape: (0, 2) 3D shape: (0, 3)
Multiframe time (ms): 0
Not enough 2D-3D correspondences for pose estimation.
Best map key: ('Mahidol_University', 'ICT', '1.1_DinoV2Salad')
Number of candidates after local matching: 3
PnP pairs 2D shape: (237, 2) 3D shape: (237, 3)
Multiframe time (ms): 19
Floorplan Pose (x, y, angle): {'xy': array([2025.9268845 ,  653.51619908]), 'ang': 237.67125982738236}
Best map key: None
Number of candidates after local matching: 0
PnP pairs 2D shape: (0, 2) 3D shape: (0, 3)
Multiframe time (ms): 0
Not enough 2D-3D correspondences for pose estimation.
Best map key: None
Number of candidates after local matching: 0
PnP pairs 2D shape: (0, 2) 3D shape: (0, 3)
Multiframe time (ms): 0
Not enough 2D-3D correspondences for pose estimation.
Best map key: None
Number of candidates after local matching: 0
PnP pairs 2D shape: (0, 2) 3D shape: (0, 3)
Multiframe time (ms): 0
Not enough 2D-3D correspondences for pose estimation.
Best map key: ('Mahidol_University', 'ICT', '1.1_DinoV2Salad')
Number of candidates after local matching: 6
PnP pairs 2D shape: (928, 2) 3D shape: (928, 3)
Multiframe time (ms): 58
Floorplan Pose (x, y, angle): {'xy': array([2031.47407319,  601.80681658]), 'ang': 186.98278648073097}
Best map key: None
Number of candidates after local matching: 0
PnP pairs 2D shape: (0, 2) 3D shape: (0, 3)
Multiframe time (ms): 0
Not enough 2D-3D correspondences for pose estimation.
Best map key: None
Number of candidates after local matching: 0
PnP pairs 2D shape: (0, 2) 3D shape: (0, 3)
Multiframe time (ms): 0
Not enough 2D-3D correspondences for pose estimation.
Best map key: None
Number of candidates after local matching: 0
PnP pairs 2D shape: (0, 2) 3D shape: (0, 3)
Multiframe time (ms): 0
Not enough 2D-3D correspondences for pose estimation.
Best map key: None
Number of candidates after local matching: 0
PnP pairs 2D shape: (0, 2) 3D shape: (0, 3)
Multiframe time (ms): 0
Not enough 2D-3D correspondences for pose estimation.
Best map key: None
Number of candidates after local matching: 0
PnP pairs 2D shape: (0, 2) 3D shape: (0, 3)
Multiframe time (ms): 0
Not enough 2D-3D correspondences for pose estimation.
Best map key: None
Number of candidates after local matching: 0
PnP pairs 2D shape: (0, 2) 3D shape: (0, 3)
Multiframe time (ms): 0
Not enough 2D-3D correspondences for pose estimation.
Best map key: None
Number of candidates after local matching: 0
PnP pairs 2D shape: (0, 2) 3D shape: (0, 3)
Multiframe time (ms): 0
Not enough 2D-3D correspondences for pose estimation.
Best map key: None
Number of candidates after local matching: 0
PnP pairs 2D shape: (0, 2) 3D shape: (0, 3)
Multiframe time (ms): 0
Not enough 2D-3D correspondences for pose estimation.
Best map key: None
Number of candidates after local matching: 0
PnP pairs 2D shape: (0, 2) 3D shape: (0, 3)
Multiframe time (ms): 0
Not enough 2D-3D correspondences for pose estimation.
Best map key: None
Number of candidates after local matching: 0
PnP pairs 2D shape: (0, 2) 3D shape: (0, 3)
Multiframe time (ms): 0
Not enough 2D-3D correspondences for pose estimation.
Best map key: None
Number of candidates after local matching: 0
PnP pairs 2D shape: (0, 2) 3D shape: (0, 3)
Multiframe time (ms): 0
Not enough 2D-3D correspondences for pose estimation.
Best map key: None
Number of candidates after local matching: 0
PnP pairs 2D shape: (0, 2) 3D shape: (0, 3)
Multiframe time (ms): 0
Not enough 2D-3D correspondences for pose estimation.
Best map key: ('Mahidol_University', 'ICT', '1.1_DinoV2Salad')
Number of candidates after local matching: 1
PnP pairs 2D shape: (65, 2) 3D shape: (65, 3)
Multiframe time (ms): 13
Floorplan Pose (x, y, angle): {'xy': array([1999.09284103,  625.57231899]), 'ang': 163.7365629286218}
Best map key: None
Number of candidates after local matching: 0
PnP pairs 2D shape: (0, 2) 3D shape: (0, 3)
Multiframe time (ms): 0
Not enough 2D-3D correspondences for pose estimation.
Best map key: None
Number of candidates after local matching: 0
PnP pairs 2D shape: (0, 2) 3D shape: (0, 3)
Multiframe time (ms): 0
Not enough 2D-3D correspondences for pose estimation.
Best map key: None
Number of candidates after local matching: 0
PnP pairs 2D shape: (0, 2) 3D shape: (0, 3)
Multiframe time (ms): 0
Not enough 2D-3D correspondences for pose estimation.
Best map key: None
Number of candidates after local matching: 0
PnP pairs 2D shape: (0, 2) 3D shape: (0, 3)
Multiframe time (ms): 0
Not enough 2D-3D correspondences for pose estimation.
Best map key: None
Number of candidates after local matching: 0
PnP pairs 2D shape: (0, 2) 3D shape: (0, 3)
Multiframe time (ms): 1
Not enough 2D-3D correspondences for pose estimation.
Best map key: None
Number of candidates after local matching: 0
PnP pairs 2D shape: (0, 2) 3D shape: (0, 3)
Multiframe time (ms): 0
Not enough 2D-3D correspondences for pose estimation.
Best map key: None
Number of candidates after local matching: 0
PnP pairs 2D shape: (0, 2) 3D shape: (0, 3)
Multiframe time (ms): 0
Not enough 2D-3D correspondences for pose estimation.
Best map key: None
Number of candidates after local matching: 0
PnP pairs 2D shape: (0, 2) 3D shape: (0, 3)
Multiframe time (ms): 0
Not enough 2D-3D correspondences for pose estimation.
Best map key: None
Number of candidates after local matching: 0
PnP pairs 2D shape: (0, 2) 3D shape: (0, 3)
Multiframe time (ms): 0
Not enough 2D-3D correspondences for pose estimation.
Best map key: None
Number of candidates after local matching: 0
PnP pairs 2D shape: (0, 2) 3D shape: (0, 3)
Multiframe time (ms): 0
Not enough 2D-3D correspondences for pose estimation.
Best map key: None
Number of candidates after local matching: 0
PnP pairs 2D shape: (0, 2) 3D shape: (0, 3)
Multiframe time (ms): 0
Not enough 2D-3D correspondences for pose estimation.
Best map key: ('Mahidol_University', 'ICT', '1.1_DinoV2Salad')
Number of candidates after local matching: 5
PnP pairs 2D shape: (395, 2) 3D shape: (395, 3)
Multiframe time (ms): 31
Floorplan Pose (x, y, angle): {'xy': array([2044.82259966,  646.21683159]), 'ang': 214.06465577167455}
Best map key: None
Number of candidates after local matching: 0
PnP pairs 2D shape: (0, 2) 3D shape: (0, 3)
Multiframe time (ms): 0
Not enough 2D-3D correspondences for pose estimation.
Best map key: ('Mahidol_University', 'ICT', '1.1_DinoV2Salad')
Number of candidates after local matching: 2
PnP pairs 2D shape: (122, 2) 3D shape: (122, 3)
Multiframe time (ms): 21
Floorplan Pose (x, y, angle): {'xy': array([2039.67030185,  626.84246419]), 'ang': 249.24437803231444}
Best map key: None
Number of candidates after local matching: 0
PnP pairs 2D shape: (0, 2) 3D shape: (0, 3)
Multiframe time (ms): 0
Not enough 2D-3D correspondences for pose estimation.
Best map key: None
Number of candidates after local matching: 0
PnP pairs 2D shape: (0, 2) 3D shape: (0, 3)
Multiframe time (ms): 0
Not enough 2D-3D correspondences for pose estimation.
Best map key: None
Number of candidates after local matching: 0
PnP pairs 2D shape: (0, 2) 3D shape: (0, 3)
Multiframe time (ms): 0
Not enough 2D-3D correspondences for pose estimation.
Best map key: None
Number of candidates after local matching: 0
PnP pairs 2D shape: (0, 2) 3D shape: (0, 3)
Multiframe time (ms): 0
Not enough 2D-3D correspondences for pose estimation.
Best map key: None
Number of candidates after local matching: 0
PnP pairs 2D shape: (0, 2) 3D shape: (0, 3)
Multiframe time (ms): 0
Not enough 2D-3D correspondences for pose estimation.
Best map key: ('Mahidol_University', 'ICT', '1.1_DinoV2Salad')
Number of candidates after local matching: 1
PnP pairs 2D shape: (69, 2) 3D shape: (69, 3)
Multiframe time (ms): 14
Floorplan Pose (x, y, angle): {'xy': array([2016.15525977,  594.60788629]), 'ang': 39.81204210136852}
Best map key: None
Number of candidates after local matching: 0
PnP pairs 2D shape: (0, 2) 3D shape: (0, 3)
Multiframe time (ms): 0
Not enough 2D-3D correspondences for pose estimation.
Best map key: None
Number of candidates after local matching: 0
PnP pairs 2D shape: (0, 2) 3D shape: (0, 3)
Multiframe time (ms): 0
Not enough 2D-3D correspondences for pose estimation.
Best map key: ('Mahidol_University', 'ICT', '1.1_DinoV2Salad')
Number of candidates after local matching: 3
PnP pairs 2D shape: (160, 2) 3D shape: (160, 3)
Multiframe time (ms): 18
Floorplan Pose (x, y, angle): {'xy': array([1973.79400879,  659.54734631]), 'ang': 140.7221707804782}
Best map key: None
Number of candidates after local matching: 0
PnP pairs 2D shape: (0, 2) 3D shape: (0, 3)
Multiframe time (ms): 0
Not enough 2D-3D correspondences for pose estimation.
Best map key: None
Number of candidates after local matching: 0
PnP pairs 2D shape: (0, 2) 3D shape: (0, 3)
Multiframe time (ms): 0
Not enough 2D-3D correspondences for pose estimation.
Best map key: None
Number of candidates after local matching: 0
PnP pairs 2D shape: (0, 2) 3D shape: (0, 3)
Multiframe time (ms): 0
Not enough 2D-3D correspondences for pose estimation.
Best map key: None
Number of candidates after local matching: 0
PnP pairs 2D shape: (0, 2) 3D shape: (0, 3)
Multiframe time (ms): 0
Not enough 2D-3D correspondences for pose estimation.
Best map key: None
Number of candidates after local matching: 0
PnP pairs 2D shape: (0, 2) 3D shape: (0, 3)
Multiframe time (ms): 0
Not enough 2D-3D correspondences for pose estimation.
Best map key: None
Number of candidates after local matching: 0
PnP pairs 2D shape: (0, 2) 3D shape: (0, 3)
Multiframe time (ms): 0
Not enough 2D-3D correspondences for pose estimation.
Best map key: None
Number of candidates after local matching: 0
PnP pairs 2D shape: (0, 2) 3D shape: (0, 3)
Multiframe time (ms): 0
Not enough 2D-3D correspondences for pose estimation.
Best map key: None
Number of candidates after local matching: 0
PnP pairs 2D shape: (0, 2) 3D shape: (0, 3)
Multiframe time (ms): 0
Not enough 2D-3D correspondences for pose estimation.
Best map key: None
Number of candidates after local matching: 0
PnP pairs 2D shape: (0, 2) 3D shape: (0, 3)
Multiframe time (ms): 0
Not enough 2D-3D correspondences for pose estimation.
Best map key: None
Number of candidates after local matching: 0
PnP pairs 2D shape: (0, 2) 3D shape: (0, 3)
Multiframe time (ms): 0
Not enough 2D-3D correspondences for pose estimation.
Best map key: None
Number of candidates after local matching: 0
PnP pairs 2D shape: (0, 2) 3D shape: (0, 3)
Multiframe time (ms): 0
Not enough 2D-3D correspondences for pose estimation.
Best map key: None
Number of candidates after local matching: 0
PnP pairs 2D shape: (0, 2) 3D shape: (0, 3)
Multiframe time (ms): 0
Not enough 2D-3D correspondences for pose estimation.
Best map key: None
Number of candidates after local matching: 0
PnP pairs 2D shape: (0, 2) 3D shape: (0, 3)
Multiframe time (ms): 0
Not enough 2D-3D correspondences for pose estimation.
Best map key: None
Number of candidates after local matching: 0
PnP pairs 2D shape: (0, 2) 3D shape: (0, 3)
Multiframe time (ms): 0
Not enough 2D-3D correspondences for pose estimation.
Best map key: None
Number of candidates after local matching: 0
PnP pairs 2D shape: (0, 2) 3D shape: (0, 3)
Multiframe time (ms): 0
Not enough 2D-3D correspondences for pose estimation.
Best map key: None
Number of candidates after local matching: 0
PnP pairs 2D shape: (0, 2) 3D shape: (0, 3)
Multiframe time (ms): 0
Not enough 2D-3D correspondences for pose estimation.
Best map key: None
Number of candidates after local matching: 0
PnP pairs 2D shape: (0, 2) 3D shape: (0, 3)
Multiframe time (ms): 0
Not enough 2D-3D correspondences for pose estimation.
Best map key: None
Number of candidates after local matching: 0
PnP pairs 2D shape: (0, 2) 3D shape: (0, 3)
Multiframe time (ms): 0
Not enough 2D-3D correspondences for pose estimation.
Best map key: None
Number of candidates after local matching: 0
PnP pairs 2D shape: (0, 2) 3D shape: (0, 3)
Multiframe time (ms): 0
Not enough 2D-3D correspondences for pose estimation.
Best map key: None
Number of candidates after local matching: 0
PnP pairs 2D shape: (0, 2) 3D shape: (0, 3)
Multiframe time (ms): 0
Not enough 2D-3D correspondences for pose estimation.
Best map key: None
Number of candidates after local matching: 0
PnP pairs 2D shape: (0, 2) 3D shape: (0, 3)
Multiframe time (ms): 0
Not enough 2D-3D correspondences for pose estimation.
Best map key: None
Number of candidates after local matching: 0
PnP pairs 2D shape: (0, 2) 3D shape: (0, 3)
Multiframe time (ms): 0
Not enough 2D-3D correspondences for pose estimation.
Best map key: None
Number of candidates after local matching: 0
PnP pairs 2D shape: (0, 2) 3D shape: (0, 3)
Multiframe time (ms): 0
Not enough 2D-3D correspondences for pose estimation.
Best map key: None
Number of candidates after local matching: 0
PnP pairs 2D shape: (0, 2) 3D shape: (0, 3)
Multiframe time (ms): 0
Not enough 2D-3D correspondences for pose estimation.
Best map key: None
Number of candidates after local matching: 0
PnP pairs 2D shape: (0, 2) 3D shape: (0, 3)
Multiframe time (ms): 0
Not enough 2D-3D correspondences for pose estimation.
Best map key: None
Number of candidates after local matching: 0
PnP pairs 2D shape: (0, 2) 3D shape: (0, 3)
Multiframe time (ms): 0
Not enough 2D-3D correspondences for pose estimation.
Best map key: None
Number of candidates after local matching: 0
PnP pairs 2D shape: (0, 2) 3D shape: (0, 3)
Multiframe time (ms): 0
Not enough 2D-3D correspondences for pose estimation.
Best map key: None
Number of candidates after local matching: 0
PnP pairs 2D shape: (0, 2) 3D shape: (0, 3)
Multiframe time (ms): 0
Not enough 2D-3D correspondences for pose estimation.
Best map key: None
Number of candidates after local matching: 0
PnP pairs 2D shape: (0, 2) 3D shape: (0, 3)
Multiframe time (ms): 0
Not enough 2D-3D correspondences for pose estimation.
Best map key: None
Number of candidates after local matching: 0
PnP pairs 2D shape: (0, 2) 3D shape: (0, 3)
Multiframe time (ms): 0
Not enough 2D-3D correspondences for pose estimation.
Best map key: None
Number of candidates after local matching: 0
PnP pairs 2D shape: (0, 2) 3D shape: (0, 3)
Multiframe time (ms): 0
Not enough 2D-3D correspondences for pose estimation.
Best map key: None
Number of candidates after local matching: 0
PnP pairs 2D shape: (0, 2) 3D shape: (0, 3)
Multiframe time (ms): 0
Not enough 2D-3D correspondences for pose estimation.
Best map key: None
Number of candidates after local matching: 0
PnP pairs 2D shape: (0, 2) 3D shape: (0, 3)
Multiframe time (ms): 1
Not enough 2D-3D correspondences for pose estimation.
Best map key: None
Number of candidates after local matching: 0
PnP pairs 2D shape: (0, 2) 3D shape: (0, 3)
Multiframe time (ms): 0
Not enough 2D-3D correspondences for pose estimation.
Best map key: None
Number of candidates after local matching: 0
PnP pairs 2D shape: (0, 2) 3D shape: (0, 3)
Multiframe time (ms): 0
Not enough 2D-3D correspondences for pose estimation.
Best map key: None
Number of candidates after local matching: 0
PnP pairs 2D shape: (0, 2) 3D shape: (0, 3)
Multiframe time (ms): 0
Not enough 2D-3D correspondences for pose estimation.
Best map key: None
Number of candidates after local matching: 0
PnP pairs 2D shape: (0, 2) 3D shape: (0, 3)
Multiframe time (ms): 0
Not enough 2D-3D correspondences for pose estimation.
Best map key: None
Number of candidates after local matching: 0
PnP pairs 2D shape: (0, 2) 3D shape: (0, 3)
Multiframe time (ms): 0
Not enough 2D-3D correspondences for pose estimation.
Best map key: None
Number of candidates after local matching: 0
PnP pairs 2D shape: (0, 2) 3D shape: (0, 3)
Multiframe time (ms): 0
Not enough 2D-3D correspondences for pose estimation.
Best map key: None
Number of candidates after local matching: 0
PnP pairs 2D shape: (0, 2) 3D shape: (0, 3)
Multiframe time (ms): 0
Not enough 2D-3D correspondences for pose estimation.
Best map key: None
Number of candidates after local matching: 0
PnP pairs 2D shape: (0, 2) 3D shape: (0, 3)
Multiframe time (ms): 0
Not enough 2D-3D correspondences for pose estimation.
Best map key: None
Number of candidates after local matching: 0
PnP pairs 2D shape: (0, 2) 3D shape: (0, 3)
Multiframe time (ms): 0
Not enough 2D-3D correspondences for pose estimation.
Best map key: None
Number of candidates after local matching: 0
PnP pairs 2D shape: (0, 2) 3D shape: (0, 3)
Multiframe time (ms): 0
Not enough 2D-3D correspondences for pose estimation.
Best map key: None
Number of candidates after local matching: 0
PnP pairs 2D shape: (0, 2) 3D shape: (0, 3)
Multiframe time (ms): 0
Not enough 2D-3D correspondences for pose estimation.
Best map key: None
Number of candidates after local matching: 0
PnP pairs 2D shape: (0, 2) 3D shape: (0, 3)
Multiframe time (ms): 0
Not enough 2D-3D correspondences for pose estimation.
Best map key: None
Number of candidates after local matching: 0
PnP pairs 2D shape: (0, 2) 3D shape: (0, 3)
Multiframe time (ms): 0
Not enough 2D-3D correspondences for pose estimation.
Best map key: None
Number of candidates after local matching: 0
PnP pairs 2D shape: (0, 2) 3D shape: (0, 3)
Multiframe time (ms): 0
Not enough 2D-3D correspondences for pose estimation.
Best map key: None
Number of candidates after local matching: 0
PnP pairs 2D shape: (0, 2) 3D shape: (0, 3)
Multiframe time (ms): 0
Not enough 2D-3D correspondences for pose estimation.
Best map key: None
Number of candidates after local matching: 0
PnP pairs 2D shape: (0, 2) 3D shape: (0, 3)
Multiframe time (ms): 0
Not enough 2D-3D correspondences for pose estimation.
Best map key: None
Number of candidates after local matching: 0
PnP pairs 2D shape: (0, 2) 3D shape: (0, 3)
Multiframe time (ms): 0
Not enough 2D-3D correspondences for pose estimation.
Best map key: None
Number of candidates after local matching: 0
PnP pairs 2D shape: (0, 2) 3D shape: (0, 3)
Multiframe time (ms): 0
Not enough 2D-3D correspondences for pose estimation.
Best map key: None
Number of candidates after local matching: 0
PnP pairs 2D shape: (0, 2) 3D shape: (0, 3)
Multiframe time (ms): 0
Not enough 2D-3D correspondences for pose estimation.
Best map key: None
Number of candidates after local matching: 0
PnP pairs 2D shape: (0, 2) 3D shape: (0, 3)
Multiframe time (ms): 0
Not enough 2D-3D correspondences for pose estimation.
Best map key: None
Number of candidates after local matching: 0
PnP pairs 2D shape: (0, 2) 3D shape: (0, 3)
Multiframe time (ms): 0
Not enough 2D-3D correspondences for pose estimation.
Best map key: None
Number of candidates after local matching: 0
PnP pairs 2D shape: (0, 2) 3D shape: (0, 3)
Multiframe time (ms): 0
Not enough 2D-3D correspondences for pose estimation.
Best map key: None
Number of candidates after local matching: 0
PnP pairs 2D shape: (0, 2) 3D shape: (0, 3)
Multiframe time (ms): 0
Not enough 2D-3D correspondences for pose estimation.
Best map key: None
Number of candidates after local matching: 0
PnP pairs 2D shape: (0, 2) 3D shape: (0, 3)
Multiframe time (ms): 1
Not enough 2D-3D correspondences for pose estimation.
Best map key: None
Number of candidates after local matching: 0
PnP pairs 2D shape: (0, 2) 3D shape: (0, 3)
Multiframe time (ms): 0
Not enough 2D-3D correspondences for pose estimation.
Best map key: None
Number of candidates after local matching: 0
PnP pairs 2D shape: (0, 2) 3D shape: (0, 3)
Multiframe time (ms): 0
Not enough 2D-3D correspondences for pose estimation.
Best map key: None
Number of candidates after local matching: 0
PnP pairs 2D shape: (0, 2) 3D shape: (0, 3)
Multiframe time (ms): 0
Not enough 2D-3D correspondences for pose estimation.
Best map key: None
Number of candidates after local matching: 0
PnP pairs 2D shape: (0, 2) 3D shape: (0, 3)
Multiframe time (ms): 0
Not enough 2D-3D correspondences for pose estimation.
Best map key: None
Number of candidates after local matching: 0
PnP pairs 2D shape: (0, 2) 3D shape: (0, 3)
Multiframe time (ms): 1
Not enough 2D-3D correspondences for pose estimation.
Best map key: None
Number of candidates after local matching: 0
PnP pairs 2D shape: (0, 2) 3D shape: (0, 3)
Multiframe time (ms): 0
Not enough 2D-3D correspondences for pose estimation.
Best map key: None
Number of candidates after local matching: 0
PnP pairs 2D shape: (0, 2) 3D shape: (0, 3)
Multiframe time (ms): 0
Not enough 2D-3D correspondences for pose estimation.
Best map key: None
Number of candidates after local matching: 0
PnP pairs 2D shape: (0, 2) 3D shape: (0, 3)
Multiframe time (ms): 0
Not enough 2D-3D correspondences for pose estimation.
Best map key: None
Number of candidates after local matching: 0
PnP pairs 2D shape: (0, 2) 3D shape: (0, 3)
Multiframe time (ms): 0
Not enough 2D-3D correspondences for pose estimation.
Best map key: None
Number of candidates after local matching: 0
PnP pairs 2D shape: (0, 2) 3D shape: (0, 3)
Multiframe time (ms): 0
Not enough 2D-3D correspondences for pose estimation.
Best map key: None
Number of candidates after local matching: 0
PnP pairs 2D shape: (0, 2) 3D shape: (0, 3)
Multiframe time (ms): 0
Not enough 2D-3D correspondences for pose estimation.
Best map key: None
Number of candidates after local matching: 0
PnP pairs 2D shape: (0, 2) 3D shape: (0, 3)
Multiframe time (ms): 0
Not enough 2D-3D correspondences for pose estimation.
Best map key: None
Number of candidates after local matching: 0
PnP pairs 2D shape: (0, 2) 3D shape: (0, 3)
Multiframe time (ms): 0
Not enough 2D-3D correspondences for pose estimation.
Best map key: None
Number of candidates after local matching: 0
PnP pairs 2D shape: (0, 2) 3D shape: (0, 3)
Multiframe time (ms): 0
Not enough 2D-3D correspondences for pose estimation.
Best map key: None
Number of candidates after local matching: 0
PnP pairs 2D shape: (0, 2) 3D shape: (0, 3)
Multiframe time (ms): 0
Not enough 2D-3D correspondences for pose estimation.
Best map key: None
Number of candidates after local matching: 0
PnP pairs 2D shape: (0, 2) 3D shape: (0, 3)
Multiframe time (ms): 0
Not enough 2D-3D correspondences for pose estimation.
Best map key: None
Number of candidates after local matching: 0
PnP pairs 2D shape: (0, 2) 3D shape: (0, 3)
Multiframe time (ms): 0
Not enough 2D-3D correspondences for pose estimation.
Best map key: None
Number of candidates after local matching: 0
PnP pairs 2D shape: (0, 2) 3D shape: (0, 3)
Multiframe time (ms): 0
Not enough 2D-3D correspondences for pose estimation.
Best map key: None
Number of candidates after local matching: 0
PnP pairs 2D shape: (0, 2) 3D shape: (0, 3)
Multiframe time (ms): 1
Not enough 2D-3D correspondences for pose estimation.
Best map key: None
Number of candidates after local matching: 0
PnP pairs 2D shape: (0, 2) 3D shape: (0, 3)
Multiframe time (ms): 0
Not enough 2D-3D correspondences for pose estimation.
Best map key: None
Number of candidates after local matching: 0
PnP pairs 2D shape: (0, 2) 3D shape: (0, 3)
Multiframe time (ms): 0
Not enough 2D-3D correspondences for pose estimation.
Best map key: None
Number of candidates after local matching: 0
PnP pairs 2D shape: (0, 2) 3D shape: (0, 3)
Multiframe time (ms): 0
Not enough 2D-3D correspondences for pose estimation.
Best map key: None
Number of candidates after local matching: 0
PnP pairs 2D shape: (0, 2) 3D shape: (0, 3)
Multiframe time (ms): 0
Not enough 2D-3D correspondences for pose estimation.
Best map key: None
Number of candidates after local matching: 0
PnP pairs 2D shape: (0, 2) 3D shape: (0, 3)
Multiframe time (ms): 0
Not enough 2D-3D correspondences for pose estimation.
Best map key: None
Number of candidates after local matching: 0
PnP pairs 2D shape: (0, 2) 3D shape: (0, 3)
Multiframe time (ms): 1
Not enough 2D-3D correspondences for pose estimation.
Best map key: None
Number of candidates after local matching: 0
PnP pairs 2D shape: (0, 2) 3D shape: (0, 3)
Multiframe time (ms): 0
Not enough 2D-3D correspondences for pose estimation.
Best map key: None
Number of candidates after local matching: 0
PnP pairs 2D shape: (0, 2) 3D shape: (0, 3)
Multiframe time (ms): 0
Not enough 2D-3D correspondences for pose estimation.
Best map key: None
Number of candidates after local matching: 0
PnP pairs 2D shape: (0, 2) 3D shape: (0, 3)
Multiframe time (ms): 0
Not enough 2D-3D correspondences for pose estimation.
Best map key: None
Number of candidates after local matching: 0
PnP pairs 2D shape: (0, 2) 3D shape: (0, 3)
Multiframe time (ms): 0
Not enough 2D-3D correspondences for pose estimation.
Best map key: None
Number of candidates after local matching: 0
PnP pairs 2D shape: (0, 2) 3D shape: (0, 3)
Multiframe time (ms): 0
Not enough 2D-3D correspondences for pose estimation.
Best map key: None
Number of candidates after local matching: 0
PnP pairs 2D shape: (0, 2) 3D shape: (0, 3)
Multiframe time (ms): 0
Not enough 2D-3D correspondences for pose estimation.
Best map key: None
Number of candidates after local matching: 0
PnP pairs 2D shape: (0, 2) 3D shape: (0, 3)
Multiframe time (ms): 0
Not enough 2D-3D correspondences for pose estimation.
Best map key: None
Number of candidates after local matching: 0
PnP pairs 2D shape: (0, 2) 3D shape: (0, 3)
Multiframe time (ms): 0
Not enough 2D-3D correspondences for pose estimation.
Best map key: None
Number of candidates after local matching: 0
PnP pairs 2D shape: (0, 2) 3D shape: (0, 3)
Multiframe time (ms): 0
Not enough 2D-3D correspondences for pose estimation.
Best map key: None
Number of candidates after local matching: 0
PnP pairs 2D shape: (0, 2) 3D shape: (0, 3)
Multiframe time (ms): 0
Not enough 2D-3D correspondences for pose estimation.
Best map key: None
Number of candidates after local matching: 0
PnP pairs 2D shape: (0, 2) 3D shape: (0, 3)
Multiframe time (ms): 0
Not enough 2D-3D correspondences for pose estimation.
Best map key: None
Number of candidates after local matching: 0
PnP pairs 2D shape: (0, 2) 3D shape: (0, 3)
Multiframe time (ms): 0
Not enough 2D-3D correspondences for pose estimation.
Best map key: None
Number of candidates after local matching: 0
PnP pairs 2D shape: (0, 2) 3D shape: (0, 3)
Multiframe time (ms): 0
Not enough 2D-3D correspondences for pose estimation.
Best map key: None
Number of candidates after local matching: 0
PnP pairs 2D shape: (0, 2) 3D shape: (0, 3)
Multiframe time (ms): 0
Not enough 2D-3D correspondences for pose estimation.
Best map key: None
Number of candidates after local matching: 0
PnP pairs 2D shape: (0, 2) 3D shape: (0, 3)
Multiframe time (ms): 0
Not enough 2D-3D correspondences for pose estimation.
Best map key: None
Number of candidates after local matching: 0
PnP pairs 2D shape: (0, 2) 3D shape: (0, 3)
Multiframe time (ms): 0
Not enough 2D-3D correspondences for pose estimation.
Best map key: None
Number of candidates after local matching: 0
PnP pairs 2D shape: (0, 2) 3D shape: (0, 3)
Multiframe time (ms): 0
Not enough 2D-3D correspondences for pose estimation.
Best map key: None
Number of candidates after local matching: 0
PnP pairs 2D shape: (0, 2) 3D shape: (0, 3)
Multiframe time (ms): 0
Not enough 2D-3D correspondences for pose estimation.
Best map key: None
Number of candidates after local matching: 0
PnP pairs 2D shape: (0, 2) 3D shape: (0, 3)
Multiframe time (ms): 1
Not enough 2D-3D correspondences for pose estimation.
Best map key: None
Number of candidates after local matching: 0
PnP pairs 2D shape: (0, 2) 3D shape: (0, 3)
Multiframe time (ms): 0
Not enough 2D-3D correspondences for pose estimation.
Best map key: None
Number of candidates after local matching: 0
PnP pairs 2D shape: (0, 2) 3D shape: (0, 3)
Multiframe time (ms): 0
Not enough 2D-3D correspondences for pose estimation.
Best map key: None
Number of candidates after local matching: 0
PnP pairs 2D shape: (0, 2) 3D shape: (0, 3)
Multiframe time (ms): 0
Not enough 2D-3D correspondences for pose estimation.
Best map key: None
Number of candidates after local matching: 0
PnP pairs 2D shape: (0, 2) 3D shape: (0, 3)
Multiframe time (ms): 0
Not enough 2D-3D correspondences for pose estimation.
Best map key: None
Number of candidates after local matching: 0
PnP pairs 2D shape: (0, 2) 3D shape: (0, 3)
Multiframe time (ms): 0
Not enough 2D-3D correspondences for pose estimation.
Best map key: None
Number of candidates after local matching: 0
PnP pairs 2D shape: (0, 2) 3D shape: (0, 3)
Multiframe time (ms): 0
Not enough 2D-3D correspondences for pose estimation.
Best map key: None
Number of candidates after local matching: 0
PnP pairs 2D shape: (0, 2) 3D shape: (0, 3)
Multiframe time (ms): 0
Not enough 2D-3D correspondences for pose estimation.
Best map key: None
Number of candidates after local matching: 0
PnP pairs 2D shape: (0, 2) 3D shape: (0, 3)
Multiframe time (ms): 0
Not enough 2D-3D correspondences for pose estimation.
Best map key: None
Number of candidates after local matching: 0
PnP pairs 2D shape: (0, 2) 3D shape: (0, 3)
Multiframe time (ms): 0
Not enough 2D-3D correspondences for pose estimation.
Best map key: None
Number of candidates after local matching: 0
PnP pairs 2D shape: (0, 2) 3D shape: (0, 3)
Multiframe time (ms): 1
Not enough 2D-3D correspondences for pose estimation.
Best map key: ('Mahidol_University', 'ICT', '1.1_DinoV2Salad')
Number of candidates after local matching: 4
PnP pairs 2D shape: (330, 2) 3D shape: (330, 3)
Multiframe time (ms): 34
Floorplan Pose (x, y, angle): {'xy': array([2033.02959861,  622.82933731]), 'ang': 231.14386449244344}
Best map key: None
Number of candidates after local matching: 0
PnP pairs 2D shape: (0, 2) 3D shape: (0, 3)
Multiframe time (ms): 0
Not enough 2D-3D correspondences for pose estimation.
Best map key: None
Number of candidates after local matching: 0
PnP pairs 2D shape: (0, 2) 3D shape: (0, 3)
Multiframe time (ms): 0
Not enough 2D-3D correspondences for pose estimation.
Best map key: None
Number of candidates after local matching: 0
PnP pairs 2D shape: (0, 2) 3D shape: (0, 3)
Multiframe time (ms): 0
Not enough 2D-3D correspondences for pose estimation.
Best map key: None
Number of candidates after local matching: 0
PnP pairs 2D shape: (0, 2) 3D shape: (0, 3)
Multiframe time (ms): 0
Not enough 2D-3D correspondences for pose estimation.
Best map key: None
Number of candidates after local matching: 0
PnP pairs 2D shape: (0, 2) 3D shape: (0, 3)
Multiframe time (ms): 0
Not enough 2D-3D correspondences for pose estimation.
Best map key: None
Number of candidates after local matching: 0
PnP pairs 2D shape: (0, 2) 3D shape: (0, 3)
Multiframe time (ms): 0
Not enough 2D-3D correspondences for pose estimation.
Best map key: None
Number of candidates after local matching: 0
PnP pairs 2D shape: (0, 2) 3D shape: (0, 3)
Multiframe time (ms): 0
Not enough 2D-3D correspondences for pose estimation.
Best map key: None
Number of candidates after local matching: 0
PnP pairs 2D shape: (0, 2) 3D shape: (0, 3)
Multiframe time (ms): 0
Not enough 2D-3D correspondences for pose estimation.
Best map key: None
Number of candidates after local matching: 0
PnP pairs 2D shape: (0, 2) 3D shape: (0, 3)
Multiframe time (ms): 0
Not enough 2D-3D correspondences for pose estimation.
Best map key: None
Number of candidates after local matching: 0
PnP pairs 2D shape: (0, 2) 3D shape: (0, 3)
Multiframe time (ms): 0
Not enough 2D-3D correspondences for pose estimation.
Best map key: None
Number of candidates after local matching: 0
PnP pairs 2D shape: (0, 2) 3D shape: (0, 3)
Multiframe time (ms): 0
Not enough 2D-3D correspondences for pose estimation.
Best map key: None
Number of candidates after local matching: 0
PnP pairs 2D shape: (0, 2) 3D shape: (0, 3)
Multiframe time (ms): 0
Not enough 2D-3D correspondences for pose estimation.
Best map key: None
Number of candidates after local matching: 0
PnP pairs 2D shape: (0, 2) 3D shape: (0, 3)
Multiframe time (ms): 0
Not enough 2D-3D correspondences for pose estimation.
Best map key: None
Number of candidates after local matching: 0
PnP pairs 2D shape: (0, 2) 3D shape: (0, 3)
Multiframe time (ms): 0
Not enough 2D-3D correspondences for pose estimation.
Best map key: None
Number of candidates after local matching: 0
PnP pairs 2D shape: (0, 2) 3D shape: (0, 3)
Multiframe time (ms): 0
Not enough 2D-3D correspondences for pose estimation.
Best map key: None
Number of candidates after local matching: 0
PnP pairs 2D shape: (0, 2) 3D shape: (0, 3)
Multiframe time (ms): 0
Not enough 2D-3D correspondences for pose estimation.
Best map key: None
Number of candidates after local matching: 0
PnP pairs 2D shape: (0, 2) 3D shape: (0, 3)
Multiframe time (ms): 0
Not enough 2D-3D correspondences for pose estimation.
Best map key: None
Number of candidates after local matching: 0
PnP pairs 2D shape: (0, 2) 3D shape: (0, 3)
Multiframe time (ms): 0
Not enough 2D-3D correspondences for pose estimation.
Best map key: None
Number of candidates after local matching: 0
PnP pairs 2D shape: (0, 2) 3D shape: (0, 3)
Multiframe time (ms): 0
Not enough 2D-3D correspondences for pose estimation.
Best map key: None
Number of candidates after local matching: 0
PnP pairs 2D shape: (0, 2) 3D shape: (0, 3)
Multiframe time (ms): 0
Not enough 2D-3D correspondences for pose estimation.
Best map key: None
Number of candidates after local matching: 0
PnP pairs 2D shape: (0, 2) 3D shape: (0, 3)
Multiframe time (ms): 0
Not enough 2D-3D correspondences for pose estimation.
Best map key: None
Number of candidates after local matching: 0
PnP pairs 2D shape: (0, 2) 3D shape: (0, 3)
Multiframe time (ms): 0
Not enough 2D-3D correspondences for pose estimation.
Best map key: None
Number of candidates after local matching: 0
PnP pairs 2D shape: (0, 2) 3D shape: (0, 3)
Multiframe time (ms): 0
Not enough 2D-3D correspondences for pose estimation.
Best map key: ('Mahidol_University', 'ICT', '1.1_DinoV2Salad')
Number of candidates after local matching: 4
PnP pairs 2D shape: (276, 2) 3D shape: (276, 3)
Multiframe time (ms): 25
Floorplan Pose (x, y, angle): {'xy': array([1979.76568554,  669.69072587]), 'ang': 169.61908566208808}
Best map key: None
Number of candidates after local matching: 0
PnP pairs 2D shape: (0, 2) 3D shape: (0, 3)
Multiframe time (ms): 0
Not enough 2D-3D correspondences for pose estimation.
Best map key: None
Number of candidates after local matching: 0
PnP pairs 2D shape: (0, 2) 3D shape: (0, 3)
Multiframe time (ms): 0
Not enough 2D-3D correspondences for pose estimation.
Best map key: None
Number of candidates after local matching: 0
PnP pairs 2D shape: (0, 2) 3D shape: (0, 3)
Multiframe time (ms): 0
Not enough 2D-3D correspondences for pose estimation.
Best map key: None
Number of candidates after local matching: 0
PnP pairs 2D shape: (0, 2) 3D shape: (0, 3)
Multiframe time (ms): 0
Not enough 2D-3D correspondences for pose estimation.
Best map key: None
Number of candidates after local matching: 0
PnP pairs 2D shape: (0, 2) 3D shape: (0, 3)
Multiframe time (ms): 0
Not enough 2D-3D correspondences for pose estimation.
Best map key: None
Number of candidates after local matching: 0
PnP pairs 2D shape: (0, 2) 3D shape: (0, 3)
Multiframe time (ms): 0
Not enough 2D-3D correspondences for pose estimation.
Best map key: ('Mahidol_University', 'ICT', '1.1_DinoV2Salad')
Number of candidates after local matching: 6
PnP pairs 2D shape: (384, 2) 3D shape: (384, 3)
Multiframe time (ms): 73
Floorplan Pose (x, y, angle): {'xy': array([2011.23585639,  637.16250373]), 'ang': 184.73292042438598}
Best map key: None
Number of candidates after local matching: 0
PnP pairs 2D shape: (0, 2) 3D shape: (0, 3)
Multiframe time (ms): 0
Not enough 2D-3D correspondences for pose estimation.
Best map key: ('Mahidol_University', 'ICT', '1.1_DinoV2Salad')
Number of candidates after local matching: 2
PnP pairs 2D shape: (114, 2) 3D shape: (114, 3)
Multiframe time (ms): 15
Floorplan Pose (x, y, angle): {'xy': array([2034.85139814,  615.84339543]), 'ang': 254.12322529181557}
Best map key: ('Mahidol_University', 'ICT', '1.1_DinoV2Salad')
Number of candidates after local matching: 4
PnP pairs 2D shape: (332, 2) 3D shape: (332, 3)
Multiframe time (ms): 30
Floorplan Pose (x, y, angle): {'xy': array([2048.37577745,  646.12032155]), 'ang': 219.557873226255}
Best map key: None
Number of candidates after local matching: 0
PnP pairs 2D shape: (0, 2) 3D shape: (0, 3)
Multiframe time (ms): 0
Not enough 2D-3D correspondences for pose estimation.
Best map key: None
Number of candidates after local matching: 0
PnP pairs 2D shape: (0, 2) 3D shape: (0, 3)
Multiframe time (ms): 0
Not enough 2D-3D correspondences for pose estimation.
Best map key: None
Number of candidates after local matching: 0
PnP pairs 2D shape: (0, 2) 3D shape: (0, 3)
Multiframe time (ms): 0
Not enough 2D-3D correspondences for pose estimation.
Best map key: None
Number of candidates after local matching: 0
PnP pairs 2D shape: (0, 2) 3D shape: (0, 3)
Multiframe time (ms): 0
Not enough 2D-3D correspondences for pose estimation.
Best map key: None
Number of candidates after local matching: 0
PnP pairs 2D shape: (0, 2) 3D shape: (0, 3)
Multiframe time (ms): 0
Not enough 2D-3D correspondences for pose estimation.
Best map key: None
Number of candidates after local matching: 0
PnP pairs 2D shape: (0, 2) 3D shape: (0, 3)
Multiframe time (ms): 0
Not enough 2D-3D correspondences for pose estimation.
Best map key: None
Number of candidates after local matching: 0
PnP pairs 2D shape: (0, 2) 3D shape: (0, 3)
Multiframe time (ms): 0
Not enough 2D-3D correspondences for pose estimation.
Best map key: None
Number of candidates after local matching: 0
PnP pairs 2D shape: (0, 2) 3D shape: (0, 3)
Multiframe time (ms): 0
Not enough 2D-3D correspondences for pose estimation.
Best map key: None
Number of candidates after local matching: 0
PnP pairs 2D shape: (0, 2) 3D shape: (0, 3)
Multiframe time (ms): 0
Not enough 2D-3D correspondences for pose estimation.
Best map key: None
Number of candidates after local matching: 0
PnP pairs 2D shape: (0, 2) 3D shape: (0, 3)
Multiframe time (ms): 0
Not enough 2D-3D correspondences for pose estimation.
Best map key: None
Number of candidates after local matching: 0
PnP pairs 2D shape: (0, 2) 3D shape: (0, 3)
Multiframe time (ms): 0
Not enough 2D-3D correspondences for pose estimation.
Best map key: None
Number of candidates after local matching: 0
PnP pairs 2D shape: (0, 2) 3D shape: (0, 3)
Multiframe time (ms): 0
Not enough 2D-3D correspondences for pose estimation.
Best map key: None
Number of candidates after local matching: 0
PnP pairs 2D shape: (0, 2) 3D shape: (0, 3)
Multiframe time (ms): 0
Not enough 2D-3D correspondences for pose estimation.
Best map key: None
Number of candidates after local matching: 0
PnP pairs 2D shape: (0, 2) 3D shape: (0, 3)
Multiframe time (ms): 0
Not enough 2D-3D correspondences for pose estimation.
Best map key: None
Number of candidates after local matching: 0
PnP pairs 2D shape: (0, 2) 3D shape: (0, 3)
Multiframe time (ms): 0
Not enough 2D-3D correspondences for pose estimation.
Best map key: None
Number of candidates after local matching: 0
PnP pairs 2D shape: (0, 2) 3D shape: (0, 3)
Multiframe time (ms): 0
Not enough 2D-3D correspondences for pose estimation.
Best map key: None
Number of candidates after local matching: 0
PnP pairs 2D shape: (0, 2) 3D shape: (0, 3)
Multiframe time (ms): 0
Not enough 2D-3D correspondences for pose estimation.
Best map key: None
Number of candidates after local matching: 0
PnP pairs 2D shape: (0, 2) 3D shape: (0, 3)
Multiframe time (ms): 0
Not enough 2D-3D correspondences for pose estimation.
Best map key: None
Number of candidates after local matching: 0
PnP pairs 2D shape: (0, 2) 3D shape: (0, 3)
Multiframe time (ms): 0
Not enough 2D-3D correspondences for pose estimation.
Best map key: None
Number of candidates after local matching: 0
PnP pairs 2D shape: (0, 2) 3D shape: (0, 3)
Multiframe time (ms): 0
Not enough 2D-3D correspondences for pose estimation.
Best map key: None
Number of candidates after local matching: 0
PnP pairs 2D shape: (0, 2) 3D shape: (0, 3)
Multiframe time (ms): 0
Not enough 2D-3D correspondences for pose estimation.
Best map key: None
Number of candidates after local matching: 0
PnP pairs 2D shape: (0, 2) 3D shape: (0, 3)
Multiframe time (ms): 0
Not enough 2D-3D correspondences for pose estimation.
Best map key: None
Number of candidates after local matching: 0
PnP pairs 2D shape: (0, 2) 3D shape: (0, 3)
Multiframe time (ms): 0
Not enough 2D-3D correspondences for pose estimation.
Best map key: ('Mahidol_University', 'ICT', '1.1_DinoV2Salad')
Number of candidates after local matching: 2
PnP pairs 2D shape: (178, 2) 3D shape: (178, 3)
Multiframe time (ms): 23
Floorplan Pose (x, y, angle): {'xy': array([2036.09621228,  603.36240904]), 'ang': 245.60728983059101}
Best map key: None
Number of candidates after local matching: 0
PnP pairs 2D shape: (0, 2) 3D shape: (0, 3)
Multiframe time (ms): 0
Not enough 2D-3D correspondences for pose estimation.
Best map key: None
Number of candidates after local matching: 0
PnP pairs 2D shape: (0, 2) 3D shape: (0, 3)
Multiframe time (ms): 0
Not enough 2D-3D correspondences for pose estimation.
Best map key: None
Number of candidates after local matching: 0
PnP pairs 2D shape: (0, 2) 3D shape: (0, 3)
Multiframe time (ms): 0
Not enough 2D-3D correspondences for pose estimation.
Best map key: ('Mahidol_University', 'ICT', '1.1_DinoV2Salad')
Number of candidates after local matching: 2
PnP pairs 2D shape: (103, 2) 3D shape: (103, 3)
Multiframe time (ms): 17
Floorplan Pose (x, y, angle): {'xy': array([1973.72389786,  653.32956498]), 'ang': 135.01270089318618}
Best map key: None
Number of candidates after local matching: 0
PnP pairs 2D shape: (0, 2) 3D shape: (0, 3)
Multiframe time (ms): 0
Not enough 2D-3D correspondences for pose estimation.
Best map key: None
Number of candidates after local matching: 0
PnP pairs 2D shape: (0, 2) 3D shape: (0, 3)
Multiframe time (ms): 0
Not enough 2D-3D correspondences for pose estimation.
Best map key: None
Number of candidates after local matching: 0
PnP pairs 2D shape: (0, 2) 3D shape: (0, 3)
Multiframe time (ms): 0
Not enough 2D-3D correspondences for pose estimation.
Best map key: None
Number of candidates after local matching: 0
PnP pairs 2D shape: (0, 2) 3D shape: (0, 3)
Multiframe time (ms): 0
Not enough 2D-3D correspondences for pose estimation.
Best map key: None
Number of candidates after local matching: 0
PnP pairs 2D shape: (0, 2) 3D shape: (0, 3)
Multiframe time (ms): 0
Not enough 2D-3D correspondences for pose estimation.
Best map key: None
Number of candidates after local matching: 0
PnP pairs 2D shape: (0, 2) 3D shape: (0, 3)
Multiframe time (ms): 0
Not enough 2D-3D correspondences for pose estimation.
Best map key: None
Number of candidates after local matching: 0
PnP pairs 2D shape: (0, 2) 3D shape: (0, 3)
Multiframe time (ms): 0
Not enough 2D-3D correspondences for pose estimation.
Best map key: None
Number of candidates after local matching: 0
PnP pairs 2D shape: (0, 2) 3D shape: (0, 3)
Multiframe time (ms): 0
Not enough 2D-3D correspondences for pose estimation.
Best map key: None
Number of candidates after local matching: 0
PnP pairs 2D shape: (0, 2) 3D shape: (0, 3)
Multiframe time (ms): 0
Not enough 2D-3D correspondences for pose estimation.
Best map key: None
Number of candidates after local matching: 0
PnP pairs 2D shape: (0, 2) 3D shape: (0, 3)
Multiframe time (ms): 0
Not enough 2D-3D correspondences for pose estimation.
Best map key: None
Number of candidates after local matching: 0
PnP pairs 2D shape: (0, 2) 3D shape: (0, 3)
Multiframe time (ms): 1
Not enough 2D-3D correspondences for pose estimation.
Best map key: None
Number of candidates after local matching: 0
PnP pairs 2D shape: (0, 2) 3D shape: (0, 3)
Multiframe time (ms): 0
Not enough 2D-3D correspondences for pose estimation.
Best map key: None
Number of candidates after local matching: 0
PnP pairs 2D shape: (0, 2) 3D shape: (0, 3)
Multiframe time (ms): 0
Not enough 2D-3D correspondences for pose estimation.
Best map key: None
Number of candidates after local matching: 0
PnP pairs 2D shape: (0, 2) 3D shape: (0, 3)
Multiframe time (ms): 0
Not enough 2D-3D correspondences for pose estimation.
Best map key: None
Number of candidates after local matching: 0
PnP pairs 2D shape: (0, 2) 3D shape: (0, 3)
Multiframe time (ms): 0
Not enough 2D-3D correspondences for pose estimation.
Best map key: None
Number of candidates after local matching: 0
PnP pairs 2D shape: (0, 2) 3D shape: (0, 3)
Multiframe time (ms): 0
Not enough 2D-3D correspondences for pose estimation.
Best map key: None
Number of candidates after local matching: 0
PnP pairs 2D shape: (0, 2) 3D shape: (0, 3)
Multiframe time (ms): 0
Not enough 2D-3D correspondences for pose estimation.
Best map key: None
Number of candidates after local matching: 0
PnP pairs 2D shape: (0, 2) 3D shape: (0, 3)
Multiframe time (ms): 0
Not enough 2D-3D correspondences for pose estimation.
Best map key: None
Number of candidates after local matching: 0
PnP pairs 2D shape: (0, 2) 3D shape: (0, 3)
Multiframe time (ms): 0
Not enough 2D-3D correspondences for pose estimation.
Best map key: None
Number of candidates after local matching: 0
PnP pairs 2D shape: (0, 2) 3D shape: (0, 3)
Multiframe time (ms): 0
Not enough 2D-3D correspondences for pose estimation.
Best map key: ('Mahidol_University', 'ICT', '1.1_DinoV2Salad')
Number of candidates after local matching: 5
PnP pairs 2D shape: (329, 2) 3D shape: (329, 3)
Multiframe time (ms): 28
Floorplan Pose (x, y, angle): {'xy': array([1991.75461359,  642.0875419 ]), 'ang': 174.05800718646339}
Best map key: None
Number of candidates after local matching: 0
PnP pairs 2D shape: (0, 2) 3D shape: (0, 3)
Multiframe time (ms): 1
Not enough 2D-3D correspondences for pose estimation.
Best map key: None
Number of candidates after local matching: 0
PnP pairs 2D shape: (0, 2) 3D shape: (0, 3)
Multiframe time (ms): 0
Not enough 2D-3D correspondences for pose estimation.
Best map key: None
Number of candidates after local matching: 0
PnP pairs 2D shape: (0, 2) 3D shape: (0, 3)
Multiframe time (ms): 0
Not enough 2D-3D correspondences for pose estimation.
Best map key: None
Number of candidates after local matching: 0
PnP pairs 2D shape: (0, 2) 3D shape: (0, 3)
Multiframe time (ms): 0
Not enough 2D-3D correspondences for pose estimation.
Best map key: None
Number of candidates after local matching: 0
PnP pairs 2D shape: (0, 2) 3D shape: (0, 3)
Multiframe time (ms): 0
Not enough 2D-3D correspondences for pose estimation.
Best map key: None
Number of candidates after local matching: 0
PnP pairs 2D shape: (0, 2) 3D shape: (0, 3)
Multiframe time (ms): 0
Not enough 2D-3D correspondences for pose estimation.
Best map key: None
Number of candidates after local matching: 0
PnP pairs 2D shape: (0, 2) 3D shape: (0, 3)
Multiframe time (ms): 0
Not enough 2D-3D correspondences for pose estimation.
Best map key: None
Number of candidates after local matching: 0
PnP pairs 2D shape: (0, 2) 3D shape: (0, 3)
Multiframe time (ms): 0
Not enough 2D-3D correspondences for pose estimation.
Best map key: ('Mahidol_University', 'ICT', '1.1_DinoV2Salad')
Number of candidates after local matching: 4
PnP pairs 2D shape: (289, 2) 3D shape: (289, 3)
Multiframe time (ms): 32
Floorplan Pose (x, y, angle): {'xy': array([2045.61674779,  662.20097261]), 'ang': 95.93924701532649}
Best map key: None
Number of candidates after local matching: 0
PnP pairs 2D shape: (0, 2) 3D shape: (0, 3)
Multiframe time (ms): 0
Not enough 2D-3D correspondences for pose estimation.
Best map key: None
Number of candidates after local matching: 0
PnP pairs 2D shape: (0, 2) 3D shape: (0, 3)
Multiframe time (ms): 0
Not enough 2D-3D correspondences for pose estimation.
Best map key: None
Number of candidates after local matching: 0
PnP pairs 2D shape: (0, 2) 3D shape: (0, 3)
Multiframe time (ms): 0
Not enough 2D-3D correspondences for pose estimation.
Best map key: None
Number of candidates after local matching: 0
PnP pairs 2D shape: (0, 2) 3D shape: (0, 3)
Multiframe time (ms): 0
Not enough 2D-3D correspondences for pose estimation.
Best map key: None
Number of candidates after local matching: 0
PnP pairs 2D shape: (0, 2) 3D shape: (0, 3)
Multiframe time (ms): 0
Not enough 2D-3D correspondences for pose estimation.
Best map key: None
Number of candidates after local matching: 0
PnP pairs 2D shape: (0, 2) 3D shape: (0, 3)
Multiframe time (ms): 0
Not enough 2D-3D correspondences for pose estimation.
Best map key: None
Number of candidates after local matching: 0
PnP pairs 2D shape: (0, 2) 3D shape: (0, 3)
Multiframe time (ms): 0
Not enough 2D-3D correspondences for pose estimation.
Best map key: None
Number of candidates after local matching: 0
PnP pairs 2D shape: (0, 2) 3D shape: (0, 3)
Multiframe time (ms): 0
Not enough 2D-3D correspondences for pose estimation.
Best map key: None
Number of candidates after local matching: 0
PnP pairs 2D shape: (0, 2) 3D shape: (0, 3)
Multiframe time (ms): 0
Not enough 2D-3D correspondences for pose estimation.
Best map key: None
Number of candidates after local matching: 0
PnP pairs 2D shape: (0, 2) 3D shape: (0, 3)
Multiframe time (ms): 0
Not enough 2D-3D correspondences for pose estimation.
Best map key: ('Mahidol_University', 'ICT', '1.1_DinoV2Salad')
Number of candidates after local matching: 3
PnP pairs 2D shape: (289, 2) 3D shape: (289, 3)
Multiframe time (ms): 23
Floorplan Pose (x, y, angle): {'xy': array([2062.99673457,  679.92757867]), 'ang': 92.00408232887787}
Best map key: None
Number of candidates after local matching: 0
PnP pairs 2D shape: (0, 2) 3D shape: (0, 3)
Multiframe time (ms): 0
Not enough 2D-3D correspondences for pose estimation.
Best map key: None
Number of candidates after local matching: 0
PnP pairs 2D shape: (0, 2) 3D shape: (0, 3)
Multiframe time (ms): 0
Not enough 2D-3D correspondences for pose estimation.
Best map key: None
Number of candidates after local matching: 0
PnP pairs 2D shape: (0, 2) 3D shape: (0, 3)
Multiframe time (ms): 0
Not enough 2D-3D correspondences for pose estimation.
Best map key: None
Number of candidates after local matching: 0
PnP pairs 2D shape: (0, 2) 3D shape: (0, 3)
Multiframe time (ms): 0
Not enough 2D-3D correspondences for pose estimation.
Best map key: None
Number of candidates after local matching: 0
PnP pairs 2D shape: (0, 2) 3D shape: (0, 3)
Multiframe time (ms): 0
Not enough 2D-3D correspondences for pose estimation.
Best map key: None
Number of candidates after local matching: 0
PnP pairs 2D shape: (0, 2) 3D shape: (0, 3)
Multiframe time (ms): 0
Not enough 2D-3D correspondences for pose estimation.
Best map key: None
Number of candidates after local matching: 0
PnP pairs 2D shape: (0, 2) 3D shape: (0, 3)
Multiframe time (ms): 0
Not enough 2D-3D correspondences for pose estimation.
Best map key: None
Number of candidates after local matching: 0
PnP pairs 2D shape: (0, 2) 3D shape: (0, 3)
Multiframe time (ms): 1
Not enough 2D-3D correspondences for pose estimation.
Best map key: None
Number of candidates after local matching: 0
PnP pairs 2D shape: (0, 2) 3D shape: (0, 3)
Multiframe time (ms): 0
Not enough 2D-3D correspondences for pose estimation.
Best map key: None
Number of candidates after local matching: 0
PnP pairs 2D shape: (0, 2) 3D shape: (0, 3)
Multiframe time (ms): 0
Not enough 2D-3D correspondences for pose estimation.
Best map key: None
Number of candidates after local matching: 0
PnP pairs 2D shape: (0, 2) 3D shape: (0, 3)
Multiframe time (ms): 0
Not enough 2D-3D correspondences for pose estimation.
Best map key: None
Number of candidates after local matching: 0
PnP pairs 2D shape: (0, 2) 3D shape: (0, 3)
Multiframe time (ms): 0
Not enough 2D-3D correspondences for pose estimation.
Best map key: None
Number of candidates after local matching: 0
PnP pairs 2D shape: (0, 2) 3D shape: (0, 3)
Multiframe time (ms): 0
Not enough 2D-3D correspondences for pose estimation.
Best map key: None
Number of candidates after local matching: 0
PnP pairs 2D shape: (0, 2) 3D shape: (0, 3)
Multiframe time (ms): 0
Not enough 2D-3D correspondences for pose estimation.
Best map key: None
Number of candidates after local matching: 0
PnP pairs 2D shape: (0, 2) 3D shape: (0, 3)
Multiframe time (ms): 0
Not enough 2D-3D correspondences for pose estimation.
Best map key: None
Number of candidates after local matching: 0
PnP pairs 2D shape: (0, 2) 3D shape: (0, 3)
Multiframe time (ms): 0
Not enough 2D-3D correspondences for pose estimation.
Best map key: None
Number of candidates after local matching: 0
PnP pairs 2D shape: (0, 2) 3D shape: (0, 3)
Multiframe time (ms): 0
Not enough 2D-3D correspondences for pose estimation.
Best map key: None
Number of candidates after local matching: 0
PnP pairs 2D shape: (0, 2) 3D shape: (0, 3)
Multiframe time (ms): 1
Not enough 2D-3D correspondences for pose estimation.
Best map key: None
Number of candidates after local matching: 0
PnP pairs 2D shape: (0, 2) 3D shape: (0, 3)
Multiframe time (ms): 0
Not enough 2D-3D correspondences for pose estimation.
Best map key: None
Number of candidates after local matching: 0
PnP pairs 2D shape: (0, 2) 3D shape: (0, 3)
Multiframe time (ms): 0
Not enough 2D-3D correspondences for pose estimation.
Best map key: None
Number of candidates after local matching: 0
PnP pairs 2D shape: (0, 2) 3D shape: (0, 3)
Multiframe time (ms): 0
Not enough 2D-3D correspondences for pose estimation.
Best map key: None
Number of candidates after local matching: 0
PnP pairs 2D shape: (0, 2) 3D shape: (0, 3)
Multiframe time (ms): 0
Not enough 2D-3D correspondences for pose estimation.
Best map key: None
Number of candidates after local matching: 0
PnP pairs 2D shape: (0, 2) 3D shape: (0, 3)
Multiframe time (ms): 0
Not enough 2D-3D correspondences for pose estimation.
Best map key: None
Number of candidates after local matching: 0
PnP pairs 2D shape: (0, 2) 3D shape: (0, 3)
Multiframe time (ms): 0
Not enough 2D-3D correspondences for pose estimation.
Best map key: None
Number of candidates after local matching: 0
PnP pairs 2D shape: (0, 2) 3D shape: (0, 3)
Multiframe time (ms): 0
Not enough 2D-3D correspondences for pose estimation.
Best map key: None
Number of candidates after local matching: 0
PnP pairs 2D shape: (0, 2) 3D shape: (0, 3)
Multiframe time (ms): 0
Not enough 2D-3D correspondences for pose estimation.
Best map key: None
Number of candidates after local matching: 0
PnP pairs 2D shape: (0, 2) 3D shape: (0, 3)
Multiframe time (ms): 0
Not enough 2D-3D correspondences for pose estimation.
Best map key: None
Number of candidates after local matching: 0
PnP pairs 2D shape: (0, 2) 3D shape: (0, 3)
Multiframe time (ms): 0
Not enough 2D-3D correspondences for pose estimation.
Best map key: None
Number of candidates after local matching: 0
PnP pairs 2D shape: (0, 2) 3D shape: (0, 3)
Multiframe time (ms): 0
Not enough 2D-3D correspondences for pose estimation.
Best map key: None
Number of candidates after local matching: 0
PnP pairs 2D shape: (0, 2) 3D shape: (0, 3)
Multiframe time (ms): 0
Not enough 2D-3D correspondences for pose estimation.
Best map key: None
Number of candidates after local matching: 0
PnP pairs 2D shape: (0, 2) 3D shape: (0, 3)
Multiframe time (ms): 0
Not enough 2D-3D correspondences for pose estimation.
Best map key: None
Number of candidates after local matching: 0
PnP pairs 2D shape: (0, 2) 3D shape: (0, 3)
Multiframe time (ms): 0
Not enough 2D-3D correspondences for pose estimation.
Best map key: None
Number of candidates after local matching: 0
PnP pairs 2D shape: (0, 2) 3D shape: (0, 3)
Multiframe time (ms): 0
Not enough 2D-3D correspondences for pose estimation.
Best map key: None
Number of candidates after local matching: 0
PnP pairs 2D shape: (0, 2) 3D shape: (0, 3)
Multiframe time (ms): 0
Not enough 2D-3D correspondences for pose estimation.
Best map key: None
Number of candidates after local matching: 0
PnP pairs 2D shape: (0, 2) 3D shape: (0, 3)
Multiframe time (ms): 0
Not enough 2D-3D correspondences for pose estimation.
Best map key: None
Number of candidates after local matching: 0
PnP pairs 2D shape: (0, 2) 3D shape: (0, 3)
Multiframe time (ms): 0
Not enough 2D-3D correspondences for pose estimation.
Best map key: None
Number of candidates after local matching: 0
PnP pairs 2D shape: (0, 2) 3D shape: (0, 3)
Multiframe time (ms): 0
Not enough 2D-3D correspondences for pose estimation.
Best map key: None
Number of candidates after local matching: 0
PnP pairs 2D shape: (0, 2) 3D shape: (0, 3)
Multiframe time (ms): 0
Not enough 2D-3D correspondences for pose estimation.
Best map key: None
Number of candidates after local matching: 0
PnP pairs 2D shape: (0, 2) 3D shape: (0, 3)
Multiframe time (ms): 0
Not enough 2D-3D correspondences for pose estimation.
Best map key: None
Number of candidates after local matching: 0
PnP pairs 2D shape: (0, 2) 3D shape: (0, 3)
Multiframe time (ms): 0
Not enough 2D-3D correspondences for pose estimation.
Best map key: None
Number of candidates after local matching: 0
PnP pairs 2D shape: (0, 2) 3D shape: (0, 3)
Multiframe time (ms): 0
Not enough 2D-3D correspondences for pose estimation.
Best map key: None
Number of candidates after local matching: 0
PnP pairs 2D shape: (0, 2) 3D shape: (0, 3)
Multiframe time (ms): 0
Not enough 2D-3D correspondences for pose estimation.
Best map key: None
Number of candidates after local matching: 0
PnP pairs 2D shape: (0, 2) 3D shape: (0, 3)
Multiframe time (ms): 0
Not enough 2D-3D correspondences for pose estimation.
Best map key: None
Number of candidates after local matching: 0
PnP pairs 2D shape: (0, 2) 3D shape: (0, 3)
Multiframe time (ms): 0
Not enough 2D-3D correspondences for pose estimation.
Best map key: None
Number of candidates after local matching: 0
PnP pairs 2D shape: (0, 2) 3D shape: (0, 3)
Multiframe time (ms): 0
Not enough 2D-3D correspondences for pose estimation.
Best map key: None
Number of candidates after local matching: 0
PnP pairs 2D shape: (0, 2) 3D shape: (0, 3)
Multiframe time (ms): 0
Not enough 2D-3D correspondences for pose estimation.
Best map key: None
Number of candidates after local matching: 0
PnP pairs 2D shape: (0, 2) 3D shape: (0, 3)
Multiframe time (ms): 0
Not enough 2D-3D correspondences for pose estimation.
Best map key: None
Number of candidates after local matching: 0
PnP pairs 2D shape: (0, 2) 3D shape: (0, 3)
Multiframe time (ms): 0
Not enough 2D-3D correspondences for pose estimation.
Best map key: None
Number of candidates after local matching: 0
PnP pairs 2D shape: (0, 2) 3D shape: (0, 3)
Multiframe time (ms): 0
Not enough 2D-3D correspondences for pose estimation.
Best map key: None
Number of candidates after local matching: 0
PnP pairs 2D shape: (0, 2) 3D shape: (0, 3)
Multiframe time (ms): 0
Not enough 2D-3D correspondences for pose estimation.
Best map key: None
Number of candidates after local matching: 0
PnP pairs 2D shape: (0, 2) 3D shape: (0, 3)
Multiframe time (ms): 0
Not enough 2D-3D correspondences for pose estimation.
Best map key: None
Number of candidates after local matching: 0
PnP pairs 2D shape: (0, 2) 3D shape: (0, 3)
Multiframe time (ms): 0
Not enough 2D-3D correspondences for pose estimation.
Best map key: None
Number of candidates after local matching: 0
PnP pairs 2D shape: (0, 2) 3D shape: (0, 3)
Multiframe time (ms): 0
Not enough 2D-3D correspondences for pose estimation.
Best map key: None
Number of candidates after local matching: 0
PnP pairs 2D shape: (0, 2) 3D shape: (0, 3)
Multiframe time (ms): 0
Not enough 2D-3D correspondences for pose estimation.
Best map key: None
Number of candidates after local matching: 0
PnP pairs 2D shape: (0, 2) 3D shape: (0, 3)
Multiframe time (ms): 0
Not enough 2D-3D correspondences for pose estimation.
Best map key: None
Number of candidates after local matching: 0
PnP pairs 2D shape: (0, 2) 3D shape: (0, 3)
Multiframe time (ms): 0
Not enough 2D-3D correspondences for pose estimation.
Best map key: None
Number of candidates after local matching: 0
PnP pairs 2D shape: (0, 2) 3D shape: (0, 3)
Multiframe time (ms): 0
Not enough 2D-3D correspondences for pose estimation.
Best map key: None
Number of candidates after local matching: 0
PnP pairs 2D shape: (0, 2) 3D shape: (0, 3)
Multiframe time (ms): 0
Not enough 2D-3D correspondences for pose estimation.
Best map key: None
Number of candidates after local matching: 0
PnP pairs 2D shape: (0, 2) 3D shape: (0, 3)
Multiframe time (ms): 0
Not enough 2D-3D correspondences for pose estimation.
Best map key: None
Number of candidates after local matching: 0
PnP pairs 2D shape: (0, 2) 3D shape: (0, 3)
Multiframe time (ms): 0
Not enough 2D-3D correspondences for pose estimation.
Best map key: None
Number of candidates after local matching: 0
PnP pairs 2D shape: (0, 2) 3D shape: (0, 3)
Multiframe time (ms): 0
Not enough 2D-3D correspondences for pose estimation.
Best map key: None
Number of candidates after local matching: 0
PnP pairs 2D shape: (0, 2) 3D shape: (0, 3)
Multiframe time (ms): 0
Not enough 2D-3D correspondences for pose estimation.
Best map key: None
Number of candidates after local matching: 0
PnP pairs 2D shape: (0, 2) 3D shape: (0, 3)
Multiframe time (ms): 0
Not enough 2D-3D correspondences for pose estimation.
Best map key: None
Number of candidates after local matching: 0
PnP pairs 2D shape: (0, 2) 3D shape: (0, 3)
Multiframe time (ms): 0
Not enough 2D-3D correspondences for pose estimation.
Best map key: None
Number of candidates after local matching: 0
PnP pairs 2D shape: (0, 2) 3D shape: (0, 3)
Multiframe time (ms): 0
Not enough 2D-3D correspondences for pose estimation.
Best map key: None
Number of candidates after local matching: 0
PnP pairs 2D shape: (0, 2) 3D shape: (0, 3)
Multiframe time (ms): 1
Not enough 2D-3D correspondences for pose estimation.
Best map key: None
Number of candidates after local matching: 0
PnP pairs 2D shape: (0, 2) 3D shape: (0, 3)
Multiframe time (ms): 0
Not enough 2D-3D correspondences for pose estimation.
Best map key: ('Mahidol_University', 'ICT', '1.1_DinoV2Salad')
Number of candidates after local matching: 1
PnP pairs 2D shape: (60, 2) 3D shape: (60, 3)
Multiframe time (ms): 10
Floorplan Pose (x, y, angle): {'xy': array([1877.00247686,  735.92178762]), 'ang': 186.84545537311433}
Best map key: None
Number of candidates after local matching: 0
PnP pairs 2D shape: (0, 2) 3D shape: (0, 3)
Multiframe time (ms): 0
Not enough 2D-3D correspondences for pose estimation.
Best map key: None
Number of candidates after local matching: 0
PnP pairs 2D shape: (0, 2) 3D shape: (0, 3)
Multiframe time (ms): 0
Not enough 2D-3D correspondences for pose estimation.
Best map key: None
Number of candidates after local matching: 0
PnP pairs 2D shape: (0, 2) 3D shape: (0, 3)
Multiframe time (ms): 0
Not enough 2D-3D correspondences for pose estimation.
Best map key: None
Number of candidates after local matching: 0
PnP pairs 2D shape: (0, 2) 3D shape: (0, 3)
Multiframe time (ms): 0
Not enough 2D-3D correspondences for pose estimation.
Best map key: None
Number of candidates after local matching: 0
PnP pairs 2D shape: (0, 2) 3D shape: (0, 3)
Multiframe time (ms): 0
Not enough 2D-3D correspondences for pose estimation.
Best map key: None
Number of candidates after local matching: 0
PnP pairs 2D shape: (0, 2) 3D shape: (0, 3)
Multiframe time (ms): 0
Not enough 2D-3D correspondences for pose estimation.
Best map key: ('Mahidol_University', 'ICT', '1.1_DinoV2Salad')
Number of candidates after local matching: 3
PnP pairs 2D shape: (227, 2) 3D shape: (227, 3)
Multiframe time (ms): 21
Floorplan Pose (x, y, angle): {'xy': array([2076.41962701,  716.4240694 ]), 'ang': 66.3055459901199}
Best map key: None
Number of candidates after local matching: 0
PnP pairs 2D shape: (0, 2) 3D shape: (0, 3)
Multiframe time (ms): 0
Not enough 2D-3D correspondences for pose estimation.
Best map key: None
Number of candidates after local matching: 0
PnP pairs 2D shape: (0, 2) 3D shape: (0, 3)
Multiframe time (ms): 0
Not enough 2D-3D correspondences for pose estimation.
Best map key: None
Number of candidates after local matching: 0
PnP pairs 2D shape: (0, 2) 3D shape: (0, 3)
Multiframe time (ms): 0
Not enough 2D-3D correspondences for pose estimation.
Best map key: None
Number of candidates after local matching: 0
PnP pairs 2D shape: (0, 2) 3D shape: (0, 3)
Multiframe time (ms): 0
Not enough 2D-3D correspondences for pose estimation.
Best map key: None
Number of candidates after local matching: 0
PnP pairs 2D shape: (0, 2) 3D shape: (0, 3)
Multiframe time (ms): 0
Not enough 2D-3D correspondences for pose estimation.
Best map key: None
Number of candidates after local matching: 0
PnP pairs 2D shape: (0, 2) 3D shape: (0, 3)
Multiframe time (ms): 0
Not enough 2D-3D correspondences for pose estimation.
Best map key: None
Number of candidates after local matching: 0
PnP pairs 2D shape: (0, 2) 3D shape: (0, 3)
Multiframe time (ms): 0
Not enough 2D-3D correspondences for pose estimation.
Best map key: None
Number of candidates after local matching: 0
PnP pairs 2D shape: (0, 2) 3D shape: (0, 3)
Multiframe time (ms): 0
Not enough 2D-3D correspondences for pose estimation.
Best map key: ('Mahidol_University', 'ICT', '1.1_DinoV2Salad')
Number of candidates after local matching: 1
PnP pairs 2D shape: (60, 2) 3D shape: (60, 3)
Multiframe time (ms): 12
Floorplan Pose (x, y, angle): {'xy': array([2044.04756259,  709.74546984]), 'ang': 84.38286385007108}
Best map key: None
Number of candidates after local matching: 0
PnP pairs 2D shape: (0, 2) 3D shape: (0, 3)
Multiframe time (ms): 0
Not enough 2D-3D correspondences for pose estimation.
Best map key: None
Number of candidates after local matching: 0
PnP pairs 2D shape: (0, 2) 3D shape: (0, 3)
Multiframe time (ms): 0
Not enough 2D-3D correspondences for pose estimation.
Best map key: None
Number of candidates after local matching: 0
PnP pairs 2D shape: (0, 2) 3D shape: (0, 3)
Multiframe time (ms): 0
Not enough 2D-3D correspondences for pose estimation.
Best map key: None
Number of candidates after local matching: 0
PnP pairs 2D shape: (0, 2) 3D shape: (0, 3)
Multiframe time (ms): 0
Not enough 2D-3D correspondences for pose estimation.
Best map key: None
Number of candidates after local matching: 0
PnP pairs 2D shape: (0, 2) 3D shape: (0, 3)
Multiframe time (ms): 0
Not enough 2D-3D correspondences for pose estimation.
Best map key: None
Number of candidates after local matching: 0
PnP pairs 2D shape: (0, 2) 3D shape: (0, 3)
Multiframe time (ms): 0
Not enough 2D-3D correspondences for pose estimation.
Best map key: None
Number of candidates after local matching: 0
PnP pairs 2D shape: (0, 2) 3D shape: (0, 3)
Multiframe time (ms): 0
Not enough 2D-3D correspondences for pose estimation.
Best map key: None
Number of candidates after local matching: 0
PnP pairs 2D shape: (0, 2) 3D shape: (0, 3)
Multiframe time (ms): 0
Not enough 2D-3D correspondences for pose estimation.
Best map key: None
Number of candidates after local matching: 0
PnP pairs 2D shape: (0, 2) 3D shape: (0, 3)
Multiframe time (ms): 0
Not enough 2D-3D correspondences for pose estimation.
Best map key: None
Number of candidates after local matching: 0
PnP pairs 2D shape: (0, 2) 3D shape: (0, 3)
Multiframe time (ms): 0
Not enough 2D-3D correspondences for pose estimation.
Best map key: None
Number of candidates after local matching: 0
PnP pairs 2D shape: (0, 2) 3D shape: (0, 3)
Multiframe time (ms): 0
Not enough 2D-3D correspondences for pose estimation.
Best map key: None
Number of candidates after local matching: 0
PnP pairs 2D shape: (0, 2) 3D shape: (0, 3)
Multiframe time (ms): 0
Not enough 2D-3D correspondences for pose estimation.
Best map key: None
Number of candidates after local matching: 0
PnP pairs 2D shape: (0, 2) 3D shape: (0, 3)
Multiframe time (ms): 0
Not enough 2D-3D correspondences for pose estimation.
Best map key: None
Number of candidates after local matching: 0
PnP pairs 2D shape: (0, 2) 3D shape: (0, 3)
Multiframe time (ms): 0
Not enough 2D-3D correspondences for pose estimation.
Best map key: None
Number of candidates after local matching: 0
PnP pairs 2D shape: (0, 2) 3D shape: (0, 3)
Multiframe time (ms): 0
Not enough 2D-3D correspondences for pose estimation.
Best map key: None
Number of candidates after local matching: 0
PnP pairs 2D shape: (0, 2) 3D shape: (0, 3)
Multiframe time (ms): 0
Not enough 2D-3D correspondences for pose estimation.
Best map key: None
Number of candidates after local matching: 0
PnP pairs 2D shape: (0, 2) 3D shape: (0, 3)
Multiframe time (ms): 0
Not enough 2D-3D correspondences for pose estimation.
Best map key: None
Number of candidates after local matching: 0
PnP pairs 2D shape: (0, 2) 3D shape: (0, 3)
Multiframe time (ms): 0
Not enough 2D-3D correspondences for pose estimation.
Best map key: None
Number of candidates after local matching: 0
PnP pairs 2D shape: (0, 2) 3D shape: (0, 3)
Multiframe time (ms): 0
Not enough 2D-3D correspondences for pose estimation.
Best map key: None
Number of candidates after local matching: 0
PnP pairs 2D shape: (0, 2) 3D shape: (0, 3)
Multiframe time (ms): 0
Not enough 2D-3D correspondences for pose estimation.
Best map key: None
Number of candidates after local matching: 0
PnP pairs 2D shape: (0, 2) 3D shape: (0, 3)
Multiframe time (ms): 0
Not enough 2D-3D correspondences for pose estimation.
Best map key: None
Number of candidates after local matching: 0
PnP pairs 2D shape: (0, 2) 3D shape: (0, 3)
Multiframe time (ms): 1
Not enough 2D-3D correspondences for pose estimation.
Best map key: None
Number of candidates after local matching: 0
PnP pairs 2D shape: (0, 2) 3D shape: (0, 3)
Multiframe time (ms): 0
Not enough 2D-3D correspondences for pose estimation.
Best map key: None
Number of candidates after local matching: 0
PnP pairs 2D shape: (0, 2) 3D shape: (0, 3)
Multiframe time (ms): 0
Not enough 2D-3D correspondences for pose estimation.
Best map key: None
Number of candidates after local matching: 0
PnP pairs 2D shape: (0, 2) 3D shape: (0, 3)
Multiframe time (ms): 0
Not enough 2D-3D correspondences for pose estimation.
Best map key: None
Number of candidates after local matching: 0
PnP pairs 2D shape: (0, 2) 3D shape: (0, 3)
Multiframe time (ms): 0
Not enough 2D-3D correspondences for pose estimation.
Best map key: None
Number of candidates after local matching: 0
PnP pairs 2D shape: (0, 2) 3D shape: (0, 3)
Multiframe time (ms): 0
Not enough 2D-3D correspondences for pose estimation.
Best map key: None
Number of candidates after local matching: 0
PnP pairs 2D shape: (0, 2) 3D shape: (0, 3)
Multiframe time (ms): 0
Not enough 2D-3D correspondences for pose estimation.
Best map key: None
Number of candidates after local matching: 0
PnP pairs 2D shape: (0, 2) 3D shape: (0, 3)
Multiframe time (ms): 0
Not enough 2D-3D correspondences for pose estimation.
Best map key: None
Number of candidates after local matching: 0
PnP pairs 2D shape: (0, 2) 3D shape: (0, 3)
Multiframe time (ms): 0
Not enough 2D-3D correspondences for pose estimation.
Best map key: None
Number of candidates after local matching: 0
PnP pairs 2D shape: (0, 2) 3D shape: (0, 3)
Multiframe time (ms): 0
Not enough 2D-3D correspondences for pose estimation.
Best map key: None
Number of candidates after local matching: 0
PnP pairs 2D shape: (0, 2) 3D shape: (0, 3)
Multiframe time (ms): 0
Not enough 2D-3D correspondences for pose estimation.
Best map key: None
Number of candidates after local matching: 0
PnP pairs 2D shape: (0, 2) 3D shape: (0, 3)
Multiframe time (ms): 0
Not enough 2D-3D correspondences for pose estimation.
Best map key: None
Number of candidates after local matching: 0
PnP pairs 2D shape: (0, 2) 3D shape: (0, 3)
Multiframe time (ms): 0
Not enough 2D-3D correspondences for pose estimation.
Best map key: None
Number of candidates after local matching: 0
PnP pairs 2D shape: (0, 2) 3D shape: (0, 3)
Multiframe time (ms): 0
Not enough 2D-3D correspondences for pose estimation.
Best map key: None
Number of candidates after local matching: 0
PnP pairs 2D shape: (0, 2) 3D shape: (0, 3)
Multiframe time (ms): 1
Not enough 2D-3D correspondences for pose estimation.
Best map key: None
Number of candidates after local matching: 0
PnP pairs 2D shape: (0, 2) 3D shape: (0, 3)
Multiframe time (ms): 0
Not enough 2D-3D correspondences for pose estimation.
Best map key: None
Number of candidates after local matching: 0
PnP pairs 2D shape: (0, 2) 3D shape: (0, 3)
Multiframe time (ms): 0
Not enough 2D-3D correspondences for pose estimation.
Best map key: None
Number of candidates after local matching: 0
PnP pairs 2D shape: (0, 2) 3D shape: (0, 3)
Multiframe time (ms): 0
Not enough 2D-3D correspondences for pose estimation.
Best map key: None
Number of candidates after local matching: 0
PnP pairs 2D shape: (0, 2) 3D shape: (0, 3)
Multiframe time (ms): 0
Not enough 2D-3D correspondences for pose estimation.
Best map key: None
Number of candidates after local matching: 0
PnP pairs 2D shape: (0, 2) 3D shape: (0, 3)
Multiframe time (ms): 0
Not enough 2D-3D correspondences for pose estimation.
Best map key: None
Number of candidates after local matching: 0
PnP pairs 2D shape: (0, 2) 3D shape: (0, 3)
Multiframe time (ms): 0
Not enough 2D-3D correspondences for pose estimation.
Best map key: None
Number of candidates after local matching: 0
PnP pairs 2D shape: (0, 2) 3D shape: (0, 3)
Multiframe time (ms): 0
Not enough 2D-3D correspondences for pose estimation.
Best map key: None
Number of candidates after local matching: 0
PnP pairs 2D shape: (0, 2) 3D shape: (0, 3)
Multiframe time (ms): 0
Not enough 2D-3D correspondences for pose estimation.
Best map key: None
Number of candidates after local matching: 0
PnP pairs 2D shape: (0, 2) 3D shape: (0, 3)
Multiframe time (ms): 0
Not enough 2D-3D correspondences for pose estimation.
Best map key: None
Number of candidates after local matching: 0
PnP pairs 2D shape: (0, 2) 3D shape: (0, 3)
Multiframe time (ms): 0
Not enough 2D-3D correspondences for pose estimation.
Best map key: None
Number of candidates after local matching: 0
PnP pairs 2D shape: (0, 2) 3D shape: (0, 3)
Multiframe time (ms): 0
Not enough 2D-3D correspondences for pose estimation.
Best map key: None
Number of candidates after local matching: 0
PnP pairs 2D shape: (0, 2) 3D shape: (0, 3)
Multiframe time (ms): 0
Not enough 2D-3D correspondences for pose estimation.
Best map key: None
Number of candidates after local matching: 0
PnP pairs 2D shape: (0, 2) 3D shape: (0, 3)
Multiframe time (ms): 0
Not enough 2D-3D correspondences for pose estimation.
Best map key: None
Number of candidates after local matching: 0
PnP pairs 2D shape: (0, 2) 3D shape: (0, 3)
Multiframe time (ms): 0
Not enough 2D-3D correspondences for pose estimation.
Best map key: None
Number of candidates after local matching: 0
PnP pairs 2D shape: (0, 2) 3D shape: (0, 3)
Multiframe time (ms): 0
Not enough 2D-3D correspondences for pose estimation.
Best map key: None
Number of candidates after local matching: 0
PnP pairs 2D shape: (0, 2) 3D shape: (0, 3)
Multiframe time (ms): 0
Not enough 2D-3D correspondences for pose estimation.
Best map key: None
Number of candidates after local matching: 0
PnP pairs 2D shape: (0, 2) 3D shape: (0, 3)
Multiframe time (ms): 0
Not enough 2D-3D correspondences for pose estimation.
Best map key: None
Number of candidates after local matching: 0
PnP pairs 2D shape: (0, 2) 3D shape: (0, 3)
Multiframe time (ms): 0
Not enough 2D-3D correspondences for pose estimation.
Best map key: None
Number of candidates after local matching: 0
PnP pairs 2D shape: (0, 2) 3D shape: (0, 3)
Multiframe time (ms): 0
Not enough 2D-3D correspondences for pose estimation.
Best map key: None
Number of candidates after local matching: 0
PnP pairs 2D shape: (0, 2) 3D shape: (0, 3)
Multiframe time (ms): 0
Not enough 2D-3D correspondences for pose estimation.
Best map key: None
Number of candidates after local matching: 0
PnP pairs 2D shape: (0, 2) 3D shape: (0, 3)
Multiframe time (ms): 0
Not enough 2D-3D correspondences for pose estimation.
Best map key: ('Mahidol_University', 'ICT', '1.1_DinoV2Salad')
Number of candidates after local matching: 3
PnP pairs 2D shape: (168, 2) 3D shape: (168, 3)
Multiframe time (ms): 25
Floorplan Pose (x, y, angle): {'xy': array([2023.75603195,  611.8669006 ]), 'ang': 143.62527243537764}
Best map key: None
Number of candidates after local matching: 0
PnP pairs 2D shape: (0, 2) 3D shape: (0, 3)
Multiframe time (ms): 0
Not enough 2D-3D correspondences for pose estimation.
Best map key: None
Number of candidates after local matching: 0
PnP pairs 2D shape: (0, 2) 3D shape: (0, 3)
Multiframe time (ms): 0
Not enough 2D-3D correspondences for pose estimation.
Best map key: None
Number of candidates after local matching: 0
PnP pairs 2D shape: (0, 2) 3D shape: (0, 3)
Multiframe time (ms): 0
Not enough 2D-3D correspondences for pose estimation.
Best map key: None
Number of candidates after local matching: 0
PnP pairs 2D shape: (0, 2) 3D shape: (0, 3)
Multiframe time (ms): 0
Not enough 2D-3D correspondences for pose estimation.
Best map key: None
Number of candidates after local matching: 0
PnP pairs 2D shape: (0, 2) 3D shape: (0, 3)
Multiframe time (ms): 1
Not enough 2D-3D correspondences for pose estimation.
Best map key: None
Number of candidates after local matching: 0
PnP pairs 2D shape: (0, 2) 3D shape: (0, 3)
Multiframe time (ms): 0
Not enough 2D-3D correspondences for pose estimation.
Best map key: None
Number of candidates after local matching: 0
PnP pairs 2D shape: (0, 2) 3D shape: (0, 3)
Multiframe time (ms): 0
Not enough 2D-3D correspondences for pose estimation.
Best map key: None
Number of candidates after local matching: 0
PnP pairs 2D shape: (0, 2) 3D shape: (0, 3)
Multiframe time (ms): 0
Not enough 2D-3D correspondences for pose estimation.
Best map key: None
Number of candidates after local matching: 0
PnP pairs 2D shape: (0, 2) 3D shape: (0, 3)
Multiframe time (ms): 0
Not enough 2D-3D correspondences for pose estimation.
Best map key: None
Number of candidates after local matching: 0
PnP pairs 2D shape: (0, 2) 3D shape: (0, 3)
Multiframe time (ms): 0
Not enough 2D-3D correspondences for pose estimation.
Best map key: None
Number of candidates after local matching: 0
PnP pairs 2D shape: (0, 2) 3D shape: (0, 3)
Multiframe time (ms): 0
Not enough 2D-3D correspondences for pose estimation.
Best map key: None
Number of candidates after local matching: 0
PnP pairs 2D shape: (0, 2) 3D shape: (0, 3)
Multiframe time (ms): 0
Not enough 2D-3D correspondences for pose estimation.
Best map key: None
Number of candidates after local matching: 0
PnP pairs 2D shape: (0, 2) 3D shape: (0, 3)
Multiframe time (ms): 0
Not enough 2D-3D correspondences for pose estimation.
Best map key: None
Number of candidates after local matching: 0
PnP pairs 2D shape: (0, 2) 3D shape: (0, 3)
Multiframe time (ms): 0
Not enough 2D-3D correspondences for pose estimation.
Best map key: None
Number of candidates after local matching: 0
PnP pairs 2D shape: (0, 2) 3D shape: (0, 3)
Multiframe time (ms): 0
Not enough 2D-3D correspondences for pose estimation.
Best map key: None
Number of candidates after local matching: 0
PnP pairs 2D shape: (0, 2) 3D shape: (0, 3)
Multiframe time (ms): 0
Not enough 2D-3D correspondences for pose estimation.
Best map key: None
Number of candidates after local matching: 0
PnP pairs 2D shape: (0, 2) 3D shape: (0, 3)
Multiframe time (ms): 0
Not enough 2D-3D correspondences for pose estimation.
Best map key: ('Mahidol_University', 'ICT', '1.1_DinoV2Salad')
Number of candidates after local matching: 1
PnP pairs 2D shape: (51, 2) 3D shape: (51, 3)
Multiframe time (ms): 8
Floorplan Pose (x, y, angle): {'xy': array([2009.50287945,  874.32170675]), 'ang': 120.82759881365676}
Best map key: None
Number of candidates after local matching: 0
PnP pairs 2D shape: (0, 2) 3D shape: (0, 3)
Multiframe time (ms): 0
Not enough 2D-3D correspondences for pose estimation.
Best map key: None
Number of candidates after local matching: 0
PnP pairs 2D shape: (0, 2) 3D shape: (0, 3)
Multiframe time (ms): 0
Not enough 2D-3D correspondences for pose estimation.
Best map key: None
Number of candidates after local matching: 0
PnP pairs 2D shape: (0, 2) 3D shape: (0, 3)
Multiframe time (ms): 0
Not enough 2D-3D correspondences for pose estimation.
Best map key: None
Number of candidates after local matching: 0
PnP pairs 2D shape: (0, 2) 3D shape: (0, 3)
Multiframe time (ms): 0
Not enough 2D-3D correspondences for pose estimation.
Best map key: None
Number of candidates after local matching: 0
PnP pairs 2D shape: (0, 2) 3D shape: (0, 3)
Multiframe time (ms): 0
Not enough 2D-3D correspondences for pose estimation.
Best map key: None
Number of candidates after local matching: 0
PnP pairs 2D shape: (0, 2) 3D shape: (0, 3)
Multiframe time (ms): 0
Not enough 2D-3D correspondences for pose estimation.
Best map key: None
Number of candidates after local matching: 0
PnP pairs 2D shape: (0, 2) 3D shape: (0, 3)
Multiframe time (ms): 0
Not enough 2D-3D correspondences for pose estimation.
Best map key: None
Number of candidates after local matching: 0
PnP pairs 2D shape: (0, 2) 3D shape: (0, 3)
Multiframe time (ms): 0
Not enough 2D-3D correspondences for pose estimation.
Best map key: None
Number of candidates after local matching: 0
PnP pairs 2D shape: (0, 2) 3D shape: (0, 3)
Multiframe time (ms): 0
Not enough 2D-3D correspondences for pose estimation.
Best map key: None
Number of candidates after local matching: 0
PnP pairs 2D shape: (0, 2) 3D shape: (0, 3)
Multiframe time (ms): 0
Not enough 2D-3D correspondences for pose estimation.
Best map key: None
Number of candidates after local matching: 0
PnP pairs 2D shape: (0, 2) 3D shape: (0, 3)
Multiframe time (ms): 0
Not enough 2D-3D correspondences for pose estimation.
Best map key: None
Number of candidates after local matching: 0
PnP pairs 2D shape: (0, 2) 3D shape: (0, 3)
Multiframe time (ms): 0
Not enough 2D-3D correspondences for pose estimation.
Best map key: None
Number of candidates after local matching: 0
PnP pairs 2D shape: (0, 2) 3D shape: (0, 3)
Multiframe time (ms): 0
Not enough 2D-3D correspondences for pose estimation.
Best map key: None
Number of candidates after local matching: 0
PnP pairs 2D shape: (0, 2) 3D shape: (0, 3)
Multiframe time (ms): 0
Not enough 2D-3D correspondences for pose estimation.
Best map key: None
Number of candidates after local matching: 0
PnP pairs 2D shape: (0, 2) 3D shape: (0, 3)
Multiframe time (ms): 0
Not enough 2D-3D correspondences for pose estimation.
Best map key: None
Number of candidates after local matching: 0
PnP pairs 2D shape: (0, 2) 3D shape: (0, 3)
Multiframe time (ms): 0
Not enough 2D-3D correspondences for pose estimation.
Best map key: None
Number of candidates after local matching: 0
PnP pairs 2D shape: (0, 2) 3D shape: (0, 3)
Multiframe time (ms): 0
Not enough 2D-3D correspondences for pose estimation.
Best map key: None
Number of candidates after local matching: 0
PnP pairs 2D shape: (0, 2) 3D shape: (0, 3)
Multiframe time (ms): 0
Not enough 2D-3D correspondences for pose estimation.
Best map key: None
Number of candidates after local matching: 0
PnP pairs 2D shape: (0, 2) 3D shape: (0, 3)
Multiframe time (ms): 0
Not enough 2D-3D correspondences for pose estimation.
Best map key: None
Number of candidates after local matching: 0
PnP pairs 2D shape: (0, 2) 3D shape: (0, 3)
Multiframe time (ms): 0
Not enough 2D-3D correspondences for pose estimation.
Best map key: None
Number of candidates after local matching: 0
PnP pairs 2D shape: (0, 2) 3D shape: (0, 3)
Multiframe time (ms): 0
Not enough 2D-3D correspondences for pose estimation.
Best map key: None
Number of candidates after local matching: 0
PnP pairs 2D shape: (0, 2) 3D shape: (0, 3)
Multiframe time (ms): 0
Not enough 2D-3D correspondences for pose estimation.
Best map key: None
Number of candidates after local matching: 0
PnP pairs 2D shape: (0, 2) 3D shape: (0, 3)
Multiframe time (ms): 0
Not enough 2D-3D correspondences for pose estimation.
Best map key: None
Number of candidates after local matching: 0
PnP pairs 2D shape: (0, 2) 3D shape: (0, 3)
Multiframe time (ms): 0
Not enough 2D-3D correspondences for pose estimation.
Best map key: None
Number of candidates after local matching: 0
PnP pairs 2D shape: (0, 2) 3D shape: (0, 3)
Multiframe time (ms): 0
Not enough 2D-3D correspondences for pose estimation.
Best map key: None
Number of candidates after local matching: 0
PnP pairs 2D shape: (0, 2) 3D shape: (0, 3)
Multiframe time (ms): 0
Not enough 2D-3D correspondences for pose estimation.
Best map key: None
Number of candidates after local matching: 0
PnP pairs 2D shape: (0, 2) 3D shape: (0, 3)
Multiframe time (ms): 0
Not enough 2D-3D correspondences for pose estimation.
Best map key: None
Number of candidates after local matching: 0
PnP pairs 2D shape: (0, 2) 3D shape: (0, 3)
Multiframe time (ms): 1
Not enough 2D-3D correspondences for pose estimation.
Best map key: None
Number of candidates after local matching: 0
PnP pairs 2D shape: (0, 2) 3D shape: (0, 3)
Multiframe time (ms): 0
Not enough 2D-3D correspondences for pose estimation.
Best map key: None
Number of candidates after local matching: 0
PnP pairs 2D shape: (0, 2) 3D shape: (0, 3)
Multiframe time (ms): 1
Not enough 2D-3D correspondences for pose estimation.
Best map key: None
Number of candidates after local matching: 0
PnP pairs 2D shape: (0, 2) 3D shape: (0, 3)
Multiframe time (ms): 0
Not enough 2D-3D correspondences for pose estimation.
Best map key: ('Mahidol_University', 'ICT', '1.1_DinoV2Salad')
Number of candidates after local matching: 1
PnP pairs 2D shape: (52, 2) 3D shape: (52, 3)
Multiframe time (ms): 11
Floorplan Pose (x, y, angle): {'xy': array([2040.11647244,  741.92400103]), 'ang': 126.3840487166891}
Best map key: None
Number of candidates after local matching: 0
PnP pairs 2D shape: (0, 2) 3D shape: (0, 3)
Multiframe time (ms): 0
Not enough 2D-3D correspondences for pose estimation.
Best map key: None
Number of candidates after local matching: 0
PnP pairs 2D shape: (0, 2) 3D shape: (0, 3)
Multiframe time (ms): 0
Not enough 2D-3D correspondences for pose estimation.
Best map key: None
Number of candidates after local matching: 0
PnP pairs 2D shape: (0, 2) 3D shape: (0, 3)
Multiframe time (ms): 0
Not enough 2D-3D correspondences for pose estimation.
Best map key: None
Number of candidates after local matching: 0
PnP pairs 2D shape: (0, 2) 3D shape: (0, 3)
Multiframe time (ms): 0
Not enough 2D-3D correspondences for pose estimation.
Best map key: None
Number of candidates after local matching: 0
PnP pairs 2D shape: (0, 2) 3D shape: (0, 3)
Multiframe time (ms): 0
Not enough 2D-3D correspondences for pose estimation.
Best map key: None
Number of candidates after local matching: 0
PnP pairs 2D shape: (0, 2) 3D shape: (0, 3)
Multiframe time (ms): 0
Not enough 2D-3D correspondences for pose estimation.
Best map key: None
Number of candidates after local matching: 0
PnP pairs 2D shape: (0, 2) 3D shape: (0, 3)
Multiframe time (ms): 0
Not enough 2D-3D correspondences for pose estimation.
Best map key: None
Number of candidates after local matching: 0
PnP pairs 2D shape: (0, 2) 3D shape: (0, 3)
Multiframe time (ms): 0
Not enough 2D-3D correspondences for pose estimation.
Best map key: None
Number of candidates after local matching: 0
PnP pairs 2D shape: (0, 2) 3D shape: (0, 3)
Multiframe time (ms): 0
Not enough 2D-3D correspondences for pose estimation.
Best map key: None
Number of candidates after local matching: 0
PnP pairs 2D shape: (0, 2) 3D shape: (0, 3)
Multiframe time (ms): 0
Not enough 2D-3D correspondences for pose estimation.
Best map key: None
Number of candidates after local matching: 0
PnP pairs 2D shape: (0, 2) 3D shape: (0, 3)
Multiframe time (ms): 0
Not enough 2D-3D correspondences for pose estimation.
Best map key: None
Number of candidates after local matching: 0
PnP pairs 2D shape: (0, 2) 3D shape: (0, 3)
Multiframe time (ms): 0
Not enough 2D-3D correspondences for pose estimation.
Best map key: None
Number of candidates after local matching: 0
PnP pairs 2D shape: (0, 2) 3D shape: (0, 3)
Multiframe time (ms): 0
Not enough 2D-3D correspondences for pose estimation.
Best map key: None
Number of candidates after local matching: 0
PnP pairs 2D shape: (0, 2) 3D shape: (0, 3)
Multiframe time (ms): 0
Not enough 2D-3D correspondences for pose estimation.
Best map key: None
Number of candidates after local matching: 0
PnP pairs 2D shape: (0, 2) 3D shape: (0, 3)
Multiframe time (ms): 0
Not enough 2D-3D correspondences for pose estimation.
Best map key: None
Number of candidates after local matching: 0
PnP pairs 2D shape: (0, 2) 3D shape: (0, 3)
Multiframe time (ms): 0
Not enough 2D-3D correspondences for pose estimation.
Best map key: None
Number of candidates after local matching: 0
PnP pairs 2D shape: (0, 2) 3D shape: (0, 3)
Multiframe time (ms): 0
Not enough 2D-3D correspondences for pose estimation.
Best map key: None
Number of candidates after local matching: 0
PnP pairs 2D shape: (0, 2) 3D shape: (0, 3)
Multiframe time (ms): 0
Not enough 2D-3D correspondences for pose estimation.
Best map key: None
Number of candidates after local matching: 0
PnP pairs 2D shape: (0, 2) 3D shape: (0, 3)
Multiframe time (ms): 0
Not enough 2D-3D correspondences for pose estimation.
Best map key: None
Number of candidates after local matching: 0
PnP pairs 2D shape: (0, 2) 3D shape: (0, 3)
Multiframe time (ms): 0
Not enough 2D-3D correspondences for pose estimation.
Best map key: None
Number of candidates after local matching: 0
PnP pairs 2D shape: (0, 2) 3D shape: (0, 3)
Multiframe time (ms): 0
Not enough 2D-3D correspondences for pose estimation.
Best map key: None
Number of candidates after local matching: 0
PnP pairs 2D shape: (0, 2) 3D shape: (0, 3)
Multiframe time (ms): 0
Not enough 2D-3D correspondences for pose estimation.
Best map key: None
Number of candidates after local matching: 0
PnP pairs 2D shape: (0, 2) 3D shape: (0, 3)
Multiframe time (ms): 0
Not enough 2D-3D correspondences for pose estimation.
Best map key: None
Number of candidates after local matching: 0
PnP pairs 2D shape: (0, 2) 3D shape: (0, 3)
Multiframe time (ms): 0
Not enough 2D-3D correspondences for pose estimation.
Best map key: ('Mahidol_University', 'ICT', '1.1_DinoV2Salad')
Number of candidates after local matching: 3
PnP pairs 2D shape: (171, 2) 3D shape: (171, 3)
Multiframe time (ms): 22
Floorplan Pose (x, y, angle): {'xy': array([2080.10992495,  699.61388853]), 'ang': 221.60352159961585}
Best map key: None
Number of candidates after local matching: 0
PnP pairs 2D shape: (0, 2) 3D shape: (0, 3)
Multiframe time (ms): 0
Not enough 2D-3D correspondences for pose estimation.
Best map key: None
Number of candidates after local matching: 0
PnP pairs 2D shape: (0, 2) 3D shape: (0, 3)
Multiframe time (ms): 0
Not enough 2D-3D correspondences for pose estimation.
Best map key: None
Number of candidates after local matching: 0
PnP pairs 2D shape: (0, 2) 3D shape: (0, 3)
Multiframe time (ms): 0
Not enough 2D-3D correspondences for pose estimation.
Best map key: None
Number of candidates after local matching: 0
PnP pairs 2D shape: (0, 2) 3D shape: (0, 3)
Multiframe time (ms): 0
Not enough 2D-3D correspondences for pose estimation.
Best map key: None
Number of candidates after local matching: 0
PnP pairs 2D shape: (0, 2) 3D shape: (0, 3)
Multiframe time (ms): 0
Not enough 2D-3D correspondences for pose estimation.
Best map key: None
Number of candidates after local matching: 0
PnP pairs 2D shape: (0, 2) 3D shape: (0, 3)
Multiframe time (ms): 0
Not enough 2D-3D correspondences for pose estimation.
Best map key: None
Number of candidates after local matching: 0
PnP pairs 2D shape: (0, 2) 3D shape: (0, 3)
Multiframe time (ms): 0
Not enough 2D-3D correspondences for pose estimation.
Best map key: None
Number of candidates after local matching: 0
PnP pairs 2D shape: (0, 2) 3D shape: (0, 3)
Multiframe time (ms): 0
Not enough 2D-3D correspondences for pose estimation.
Best map key: None
Number of candidates after local matching: 0
PnP pairs 2D shape: (0, 2) 3D shape: (0, 3)
Multiframe time (ms): 0
Not enough 2D-3D correspondences for pose estimation.
Best map key: None
Number of candidates after local matching: 0
PnP pairs 2D shape: (0, 2) 3D shape: (0, 3)
Multiframe time (ms): 0
Not enough 2D-3D correspondences for pose estimation.
Best map key: None
Number of candidates after local matching: 0
PnP pairs 2D shape: (0, 2) 3D shape: (0, 3)
Multiframe time (ms): 0
Not enough 2D-3D correspondences for pose estimation.
Best map key: None
Number of candidates after local matching: 0
PnP pairs 2D shape: (0, 2) 3D shape: (0, 3)
Multiframe time (ms): 0
Not enough 2D-3D correspondences for pose estimation.
Best map key: None
Number of candidates after local matching: 0
PnP pairs 2D shape: (0, 2) 3D shape: (0, 3)
Multiframe time (ms): 0
Not enough 2D-3D correspondences for pose estimation.
Best map key: None
Number of candidates after local matching: 0
PnP pairs 2D shape: (0, 2) 3D shape: (0, 3)
Multiframe time (ms): 0
Not enough 2D-3D correspondences for pose estimation.
Best map key: None
Number of candidates after local matching: 0
PnP pairs 2D shape: (0, 2) 3D shape: (0, 3)
Multiframe time (ms): 0
Not enough 2D-3D correspondences for pose estimation.
Best map key: None
Number of candidates after local matching: 0
PnP pairs 2D shape: (0, 2) 3D shape: (0, 3)
Multiframe time (ms): 0
Not enough 2D-3D correspondences for pose estimation.
Best map key: None
Number of candidates after local matching: 0
PnP pairs 2D shape: (0, 2) 3D shape: (0, 3)
Multiframe time (ms): 0
Not enough 2D-3D correspondences for pose estimation.
Best map key: None
Number of candidates after local matching: 0
PnP pairs 2D shape: (0, 2) 3D shape: (0, 3)
Multiframe time (ms): 0
Not enough 2D-3D correspondences for pose estimation.
Best map key: None
Number of candidates after local matching: 0
PnP pairs 2D shape: (0, 2) 3D shape: (0, 3)
Multiframe time (ms): 0
Not enough 2D-3D correspondences for pose estimation.
Best map key: None
Number of candidates after local matching: 0
PnP pairs 2D shape: (0, 2) 3D shape: (0, 3)
Multiframe time (ms): 0
Not enough 2D-3D correspondences for pose estimation.
Best map key: None
Number of candidates after local matching: 0
PnP pairs 2D shape: (0, 2) 3D shape: (0, 3)
Multiframe time (ms): 0
Not enough 2D-3D correspondences for pose estimation.
Best map key: None
Number of candidates after local matching: 0
PnP pairs 2D shape: (0, 2) 3D shape: (0, 3)
Multiframe time (ms): 0
Not enough 2D-3D correspondences for pose estimation.
Best map key: None
Number of candidates after local matching: 0
PnP pairs 2D shape: (0, 2) 3D shape: (0, 3)
Multiframe time (ms): 0
Not enough 2D-3D correspondences for pose estimation.
Best map key: None
Number of candidates after local matching: 0
PnP pairs 2D shape: (0, 2) 3D shape: (0, 3)
Multiframe time (ms): 0
Not enough 2D-3D correspondences for pose estimation.
Best map key: None
Number of candidates after local matching: 0
PnP pairs 2D shape: (0, 2) 3D shape: (0, 3)
Multiframe time (ms): 0
Not enough 2D-3D correspondences for pose estimation.
Best map key: None
Number of candidates after local matching: 0
PnP pairs 2D shape: (0, 2) 3D shape: (0, 3)
Multiframe time (ms): 0
Not enough 2D-3D correspondences for pose estimation.
Best map key: None
Number of candidates after local matching: 0
PnP pairs 2D shape: (0, 2) 3D shape: (0, 3)
Multiframe time (ms): 0
Not enough 2D-3D correspondences for pose estimation.
Best map key: None
Number of candidates after local matching: 0
PnP pairs 2D shape: (0, 2) 3D shape: (0, 3)
Multiframe time (ms): 0
Not enough 2D-3D correspondences for pose estimation.
Best map key: None
Number of candidates after local matching: 0
PnP pairs 2D shape: (0, 2) 3D shape: (0, 3)
Multiframe time (ms): 0
Not enough 2D-3D correspondences for pose estimation.
Best map key: None
Number of candidates after local matching: 0
PnP pairs 2D shape: (0, 2) 3D shape: (0, 3)
Multiframe time (ms): 0
Not enough 2D-3D correspondences for pose estimation.
Best map key: None
Number of candidates after local matching: 0
PnP pairs 2D shape: (0, 2) 3D shape: (0, 3)
Multiframe time (ms): 0
Not enough 2D-3D correspondences for pose estimation.
Best map key: None
Number of candidates after local matching: 0
PnP pairs 2D shape: (0, 2) 3D shape: (0, 3)
Multiframe time (ms): 0
Not enough 2D-3D correspondences for pose estimation.
Best map key: None
Number of candidates after local matching: 0
PnP pairs 2D shape: (0, 2) 3D shape: (0, 3)
Multiframe time (ms): 0
Not enough 2D-3D correspondences for pose estimation.
Best map key: None
Number of candidates after local matching: 0
PnP pairs 2D shape: (0, 2) 3D shape: (0, 3)
Multiframe time (ms): 0
Not enough 2D-3D correspondences for pose estimation.
Best map key: None
Number of candidates after local matching: 0
PnP pairs 2D shape: (0, 2) 3D shape: (0, 3)
Multiframe time (ms): 0
Not enough 2D-3D correspondences for pose estimation.
Best map key: None
Number of candidates after local matching: 0
PnP pairs 2D shape: (0, 2) 3D shape: (0, 3)
Multiframe time (ms): 0
Not enough 2D-3D correspondences for pose estimation.
Best map key: None
Number of candidates after local matching: 0
PnP pairs 2D shape: (0, 2) 3D shape: (0, 3)
Multiframe time (ms): 0
Not enough 2D-3D correspondences for pose estimation.
Best map key: None
Number of candidates after local matching: 0
PnP pairs 2D shape: (0, 2) 3D shape: (0, 3)
Multiframe time (ms): 0
Not enough 2D-3D correspondences for pose estimation.
Best map key: None
Number of candidates after local matching: 0
PnP pairs 2D shape: (0, 2) 3D shape: (0, 3)
Multiframe time (ms): 0
Not enough 2D-3D correspondences for pose estimation.
Best map key: None
Number of candidates after local matching: 0
PnP pairs 2D shape: (0, 2) 3D shape: (0, 3)
Multiframe time (ms): 0
Not enough 2D-3D correspondences for pose estimation.
Best map key: None
Number of candidates after local matching: 0
PnP pairs 2D shape: (0, 2) 3D shape: (0, 3)
Multiframe time (ms): 0
Not enough 2D-3D correspondences for pose estimation.
Best map key: None
Number of candidates after local matching: 0
PnP pairs 2D shape: (0, 2) 3D shape: (0, 3)
Multiframe time (ms): 0
Not enough 2D-3D correspondences for pose estimation.
Best map key: None
Number of candidates after local matching: 0
PnP pairs 2D shape: (0, 2) 3D shape: (0, 3)
Multiframe time (ms): 0
Not enough 2D-3D correspondences for pose estimation.
Best map key: None
Number of candidates after local matching: 0
PnP pairs 2D shape: (0, 2) 3D shape: (0, 3)
Multiframe time (ms): 0
Not enough 2D-3D correspondences for pose estimation.
Best map key: None
Number of candidates after local matching: 0
PnP pairs 2D shape: (0, 2) 3D shape: (0, 3)
Multiframe time (ms): 0
Not enough 2D-3D correspondences for pose estimation.
Best map key: None
Number of candidates after local matching: 0
PnP pairs 2D shape: (0, 2) 3D shape: (0, 3)
Multiframe time (ms): 0
Not enough 2D-3D correspondences for pose estimation.
Best map key: ('Mahidol_University', 'ICT', '1.1_DinoV2Salad')
Number of candidates after local matching: 4
PnP pairs 2D shape: (309, 2) 3D shape: (309, 3)
Multiframe time (ms): 32
Floorplan Pose (x, y, angle): {'xy': array([2068.37110842,  678.93170384]), 'ang': 230.28580009185063}
Best map key: None
Number of candidates after local matching: 0
PnP pairs 2D shape: (0, 2) 3D shape: (0, 3)
Multiframe time (ms): 0
Not enough 2D-3D correspondences for pose estimation.
Best map key: None
Number of candidates after local matching: 0
PnP pairs 2D shape: (0, 2) 3D shape: (0, 3)
Multiframe time (ms): 0
Not enough 2D-3D correspondences for pose estimation.
Best map key: None
Number of candidates after local matching: 0
PnP pairs 2D shape: (0, 2) 3D shape: (0, 3)
Multiframe time (ms): 0
Not enough 2D-3D correspondences for pose estimation.
Best map key: None
Number of candidates after local matching: 0
PnP pairs 2D shape: (0, 2) 3D shape: (0, 3)
Multiframe time (ms): 0
Not enough 2D-3D correspondences for pose estimation.
Best map key: None
Number of candidates after local matching: 0
PnP pairs 2D shape: (0, 2) 3D shape: (0, 3)
Multiframe time (ms): 0
Not enough 2D-3D correspondences for pose estimation.
Best map key: None
Number of candidates after local matching: 0
PnP pairs 2D shape: (0, 2) 3D shape: (0, 3)
Multiframe time (ms): 0
Not enough 2D-3D correspondences for pose estimation.
Best map key: None
Number of candidates after local matching: 0
PnP pairs 2D shape: (0, 2) 3D shape: (0, 3)
Multiframe time (ms): 0
Not enough 2D-3D correspondences for pose estimation.
Best map key: None
Number of candidates after local matching: 0
PnP pairs 2D shape: (0, 2) 3D shape: (0, 3)
Multiframe time (ms): 1
Not enough 2D-3D correspondences for pose estimation.
Best map key: None
Number of candidates after local matching: 0
PnP pairs 2D shape: (0, 2) 3D shape: (0, 3)
Multiframe time (ms): 0
Not enough 2D-3D correspondences for pose estimation.
Best map key: None
Number of candidates after local matching: 0
PnP pairs 2D shape: (0, 2) 3D shape: (0, 3)
Multiframe time (ms): 0
Not enough 2D-3D correspondences for pose estimation.
Best map key: ('Mahidol_University', 'ICT', '1.1_DinoV2Salad')
Number of candidates after local matching: 1
PnP pairs 2D shape: (54, 2) 3D shape: (54, 3)
Multiframe time (ms): 7
Floorplan Pose (x, y, angle): {'xy': array([1768.57655735,  754.97009562]), 'ang': 186.23207227547888}
Best map key: None
Number of candidates after local matching: 0
PnP pairs 2D shape: (0, 2) 3D shape: (0, 3)
Multiframe time (ms): 0
Not enough 2D-3D correspondences for pose estimation.
Best map key: ('Mahidol_University', 'ICT', '1.1_DinoV2Salad')
Number of candidates after local matching: 4
PnP pairs 2D shape: (229, 2) 3D shape: (229, 3)
Multiframe time (ms): 26
Floorplan Pose (x, y, angle): {'xy': array([2048.8921214 ,  744.14237944]), 'ang': 74.96557873324097}
Best map key: None
Number of candidates after local matching: 0
PnP pairs 2D shape: (0, 2) 3D shape: (0, 3)
Multiframe time (ms): 0
Not enough 2D-3D correspondences for pose estimation.
Best map key: None
Number of candidates after local matching: 0
PnP pairs 2D shape: (0, 2) 3D shape: (0, 3)
Multiframe time (ms): 0
Not enough 2D-3D correspondences for pose estimation.
Best map key: None
Number of candidates after local matching: 0
PnP pairs 2D shape: (0, 2) 3D shape: (0, 3)
Multiframe time (ms): 0
Not enough 2D-3D correspondences for pose estimation.
Best map key: None
Number of candidates after local matching: 0
PnP pairs 2D shape: (0, 2) 3D shape: (0, 3)
Multiframe time (ms): 0
Not enough 2D-3D correspondences for pose estimation.
Best map key: None
Number of candidates after local matching: 0
PnP pairs 2D shape: (0, 2) 3D shape: (0, 3)
Multiframe time (ms): 0
Not enough 2D-3D correspondences for pose estimation.
Best map key: None
Number of candidates after local matching: 0
PnP pairs 2D shape: (0, 2) 3D shape: (0, 3)
Multiframe time (ms): 1
Not enough 2D-3D correspondences for pose estimation.
Best map key: None
Number of candidates after local matching: 0
PnP pairs 2D shape: (0, 2) 3D shape: (0, 3)
Multiframe time (ms): 0
Not enough 2D-3D correspondences for pose estimation.
Best map key: None
Number of candidates after local matching: 0
PnP pairs 2D shape: (0, 2) 3D shape: (0, 3)
Multiframe time (ms): 0
Not enough 2D-3D correspondences for pose estimation.
Best map key: None
Number of candidates after local matching: 0
PnP pairs 2D shape: (0, 2) 3D shape: (0, 3)
Multiframe time (ms): 0
Not enough 2D-3D correspondences for pose estimation.
Best map key: None
Number of candidates after local matching: 0
PnP pairs 2D shape: (0, 2) 3D shape: (0, 3)
Multiframe time (ms): 0
Not enough 2D-3D correspondences for pose estimation.
Best map key: None
Number of candidates after local matching: 0
PnP pairs 2D shape: (0, 2) 3D shape: (0, 3)
Multiframe time (ms): 0
Not enough 2D-3D correspondences for pose estimation.
Best map key: None
Number of candidates after local matching: 0
PnP pairs 2D shape: (0, 2) 3D shape: (0, 3)
Multiframe time (ms): 0
Not enough 2D-3D correspondences for pose estimation.
Best map key: None
Number of candidates after local matching: 0
PnP pairs 2D shape: (0, 2) 3D shape: (0, 3)
Multiframe time (ms): 0
Not enough 2D-3D correspondences for pose estimation.
Best map key: None
Number of candidates after local matching: 0
PnP pairs 2D shape: (0, 2) 3D shape: (0, 3)
Multiframe time (ms): 0
Not enough 2D-3D correspondences for pose estimation.
Best map key: None
Number of candidates after local matching: 0
PnP pairs 2D shape: (0, 2) 3D shape: (0, 3)
Multiframe time (ms): 0
Not enough 2D-3D correspondences for pose estimation.
Best map key: None
Number of candidates after local matching: 0
PnP pairs 2D shape: (0, 2) 3D shape: (0, 3)
Multiframe time (ms): 1
Not enough 2D-3D correspondences for pose estimation.
Best map key: None
Number of candidates after local matching: 0
PnP pairs 2D shape: (0, 2) 3D shape: (0, 3)
Multiframe time (ms): 0
Not enough 2D-3D correspondences for pose estimation.
Best map key: None
Number of candidates after local matching: 0
PnP pairs 2D shape: (0, 2) 3D shape: (0, 3)
Multiframe time (ms): 0
Not enough 2D-3D correspondences for pose estimation.
Best map key: None
Number of candidates after local matching: 0
PnP pairs 2D shape: (0, 2) 3D shape: (0, 3)
Multiframe time (ms): 0
Not enough 2D-3D correspondences for pose estimation.
Best map key: None
Number of candidates after local matching: 0
PnP pairs 2D shape: (0, 2) 3D shape: (0, 3)
Multiframe time (ms): 0
Not enough 2D-3D correspondences for pose estimation.
Best map key: None
Number of candidates after local matching: 0
PnP pairs 2D shape: (0, 2) 3D shape: (0, 3)
Multiframe time (ms): 0
Not enough 2D-3D correspondences for pose estimation.
Best map key: None
Number of candidates after local matching: 0
PnP pairs 2D shape: (0, 2) 3D shape: (0, 3)
Multiframe time (ms): 0
Not enough 2D-3D correspondences for pose estimation.
Best map key: None
Number of candidates after local matching: 0
PnP pairs 2D shape: (0, 2) 3D shape: (0, 3)
Multiframe time (ms): 0
Not enough 2D-3D correspondences for pose estimation.
Best map key: None
Number of candidates after local matching: 0
PnP pairs 2D shape: (0, 2) 3D shape: (0, 3)
Multiframe time (ms): 0
Not enough 2D-3D correspondences for pose estimation.
Best map key: None
Number of candidates after local matching: 0
PnP pairs 2D shape: (0, 2) 3D shape: (0, 3)
Multiframe time (ms): 0
Not enough 2D-3D correspondences for pose estimation.
Best map key: None
Number of candidates after local matching: 0
PnP pairs 2D shape: (0, 2) 3D shape: (0, 3)
Multiframe time (ms): 0
Not enough 2D-3D correspondences for pose estimation.
Best map key: None
Number of candidates after local matching: 0
PnP pairs 2D shape: (0, 2) 3D shape: (0, 3)
Multiframe time (ms): 0
Not enough 2D-3D correspondences for pose estimation.
Best map key: None
Number of candidates after local matching: 0
PnP pairs 2D shape: (0, 2) 3D shape: (0, 3)
Multiframe time (ms): 0
Not enough 2D-3D correspondences for pose estimation.
Best map key: None
Number of candidates after local matching: 0
PnP pairs 2D shape: (0, 2) 3D shape: (0, 3)
Multiframe time (ms): 0
Not enough 2D-3D correspondences for pose estimation.
Best map key: None
Number of candidates after local matching: 0
PnP pairs 2D shape: (0, 2) 3D shape: (0, 3)
Multiframe time (ms): 0
Not enough 2D-3D correspondences for pose estimation.
Best map key: None
Number of candidates after local matching: 0
PnP pairs 2D shape: (0, 2) 3D shape: (0, 3)
Multiframe time (ms): 0
Not enough 2D-3D correspondences for pose estimation.
Best map key: None
Number of candidates after local matching: 0
PnP pairs 2D shape: (0, 2) 3D shape: (0, 3)
Multiframe time (ms): 0
Not enough 2D-3D correspondences for pose estimation.
Best map key: None
Number of candidates after local matching: 0
PnP pairs 2D shape: (0, 2) 3D shape: (0, 3)
Multiframe time (ms): 0
Not enough 2D-3D correspondences for pose estimation.
Best map key: None
Number of candidates after local matching: 0
PnP pairs 2D shape: (0, 2) 3D shape: (0, 3)
Multiframe time (ms): 0
Not enough 2D-3D correspondences for pose estimation.
Best map key: None
Number of candidates after local matching: 0
PnP pairs 2D shape: (0, 2) 3D shape: (0, 3)
Multiframe time (ms): 0
Not enough 2D-3D correspondences for pose estimation.
Best map key: None
Number of candidates after local matching: 0
PnP pairs 2D shape: (0, 2) 3D shape: (0, 3)
Multiframe time (ms): 0
Not enough 2D-3D correspondences for pose estimation.
Best map key: None
Number of candidates after local matching: 0
PnP pairs 2D shape: (0, 2) 3D shape: (0, 3)
Multiframe time (ms): 0
Not enough 2D-3D correspondences for pose estimation.
Best map key: None
Number of candidates after local matching: 0
PnP pairs 2D shape: (0, 2) 3D shape: (0, 3)
Multiframe time (ms): 0
Not enough 2D-3D correspondences for pose estimation.
Best map key: None
Number of candidates after local matching: 0
PnP pairs 2D shape: (0, 2) 3D shape: (0, 3)
Multiframe time (ms): 0
Not enough 2D-3D correspondences for pose estimation.
Best map key: ('Mahidol_University', 'ICT', '1.1_DinoV2Salad')
Number of candidates after local matching: 2
PnP pairs 2D shape: (125, 2) 3D shape: (125, 3)
Multiframe time (ms): 21
Floorplan Pose (x, y, angle): {'xy': array([2049.38927058,  660.52286866]), 'ang': 33.48632984867843}
Best map key: None
Number of candidates after local matching: 0
PnP pairs 2D shape: (0, 2) 3D shape: (0, 3)
Multiframe time (ms): 0
Not enough 2D-3D correspondences for pose estimation.
Best map key: None
Number of candidates after local matching: 0
PnP pairs 2D shape: (0, 2) 3D shape: (0, 3)
Multiframe time (ms): 0
Not enough 2D-3D correspondences for pose estimation.
Best map key: None
Number of candidates after local matching: 0
PnP pairs 2D shape: (0, 2) 3D shape: (0, 3)
Multiframe time (ms): 0
Not enough 2D-3D correspondences for pose estimation.
Best map key: None
Number of candidates after local matching: 0
PnP pairs 2D shape: (0, 2) 3D shape: (0, 3)
Multiframe time (ms): 0
Not enough 2D-3D correspondences for pose estimation.
Best map key: None
Number of candidates after local matching: 0
PnP pairs 2D shape: (0, 2) 3D shape: (0, 3)
Multiframe time (ms): 0
Not enough 2D-3D correspondences for pose estimation.
Best map key: None
Number of candidates after local matching: 0
PnP pairs 2D shape: (0, 2) 3D shape: (0, 3)
Multiframe time (ms): 0
Not enough 2D-3D correspondences for pose estimation.
Best map key: None
Number of candidates after local matching: 0
PnP pairs 2D shape: (0, 2) 3D shape: (0, 3)
Multiframe time (ms): 0
Not enough 2D-3D correspondences for pose estimation.
Best map key: None
Number of candidates after local matching: 0
PnP pairs 2D shape: (0, 2) 3D shape: (0, 3)
Multiframe time (ms): 0
Not enough 2D-3D correspondences for pose estimation.
Best map key: None
Number of candidates after local matching: 0
PnP pairs 2D shape: (0, 2) 3D shape: (0, 3)
Multiframe time (ms): 0
Not enough 2D-3D correspondences for pose estimation.
Best map key: None
Number of candidates after local matching: 0
PnP pairs 2D shape: (0, 2) 3D shape: (0, 3)
Multiframe time (ms): 0
Not enough 2D-3D correspondences for pose estimation.
Best map key: None
Number of candidates after local matching: 0
PnP pairs 2D shape: (0, 2) 3D shape: (0, 3)
Multiframe time (ms): 0
Not enough 2D-3D correspondences for pose estimation.
Best map key: None
Number of candidates after local matching: 0
PnP pairs 2D shape: (0, 2) 3D shape: (0, 3)
Multiframe time (ms): 0
Not enough 2D-3D correspondences for pose estimation.
Best map key: None
Number of candidates after local matching: 0
PnP pairs 2D shape: (0, 2) 3D shape: (0, 3)
Multiframe time (ms): 0
Not enough 2D-3D correspondences for pose estimation.
Best map key: None
Number of candidates after local matching: 0
PnP pairs 2D shape: (0, 2) 3D shape: (0, 3)
Multiframe time (ms): 0
Not enough 2D-3D correspondences for pose estimation.
Best map key: None
Number of candidates after local matching: 0
PnP pairs 2D shape: (0, 2) 3D shape: (0, 3)
Multiframe time (ms): 0
Not enough 2D-3D correspondences for pose estimation.
Best map key: None
Number of candidates after local matching: 0
PnP pairs 2D shape: (0, 2) 3D shape: (0, 3)
Multiframe time (ms): 0
Not enough 2D-3D correspondences for pose estimation.
Best map key: None
Number of candidates after local matching: 0
PnP pairs 2D shape: (0, 2) 3D shape: (0, 3)
Multiframe time (ms): 0
Not enough 2D-3D correspondences for pose estimation.
Best map key: None
Number of candidates after local matching: 0
PnP pairs 2D shape: (0, 2) 3D shape: (0, 3)
Multiframe time (ms): 0
Not enough 2D-3D correspondences for pose estimation.
Best map key: None
Number of candidates after local matching: 0
PnP pairs 2D shape: (0, 2) 3D shape: (0, 3)
Multiframe time (ms): 0
Not enough 2D-3D correspondences for pose estimation.
Best map key: None
Number of candidates after local matching: 0
PnP pairs 2D shape: (0, 2) 3D shape: (0, 3)
Multiframe time (ms): 0
Not enough 2D-3D correspondences for pose estimation.
Best map key: None
Number of candidates after local matching: 0
PnP pairs 2D shape: (0, 2) 3D shape: (0, 3)
Multiframe time (ms): 0
Not enough 2D-3D correspondences for pose estimation.
Best map key: None
Number of candidates after local matching: 0
PnP pairs 2D shape: (0, 2) 3D shape: (0, 3)
Multiframe time (ms): 0
Not enough 2D-3D correspondences for pose estimation.
Best map key: None
Number of candidates after local matching: 0
PnP pairs 2D shape: (0, 2) 3D shape: (0, 3)
Multiframe time (ms): 0
Not enough 2D-3D correspondences for pose estimation.
Best map key: None
Number of candidates after local matching: 0
PnP pairs 2D shape: (0, 2) 3D shape: (0, 3)
Multiframe time (ms): 0
Not enough 2D-3D correspondences for pose estimation.
Best map key: None
Number of candidates after local matching: 0
PnP pairs 2D shape: (0, 2) 3D shape: (0, 3)
Multiframe time (ms): 0
Not enough 2D-3D correspondences for pose estimation.
Best map key: None
Number of candidates after local matching: 0
PnP pairs 2D shape: (0, 2) 3D shape: (0, 3)
Multiframe time (ms): 0
Not enough 2D-3D correspondences for pose estimation.
Best map key: None
Number of candidates after local matching: 0
PnP pairs 2D shape: (0, 2) 3D shape: (0, 3)
Multiframe time (ms): 0
Not enough 2D-3D correspondences for pose estimation.
Best map key: None
Number of candidates after local matching: 0
PnP pairs 2D shape: (0, 2) 3D shape: (0, 3)
Multiframe time (ms): 0
Not enough 2D-3D correspondences for pose estimation.
Best map key: ('Mahidol_University', 'ICT', '1.1_DinoV2Salad')
Number of candidates after local matching: 5
PnP pairs 2D shape: (350, 2) 3D shape: (350, 3)
Multiframe time (ms): 23
Floorplan Pose (x, y, angle): {'xy': array([1986.71496465,  669.98823366]), 'ang': 168.74211167009133}
Best map key: None
Number of candidates after local matching: 0
PnP pairs 2D shape: (0, 2) 3D shape: (0, 3)
Multiframe time (ms): 0
Not enough 2D-3D correspondences for pose estimation.
Best map key: ('Mahidol_University', 'ICT', '1.1_DinoV2Salad')
Number of candidates after local matching: 3
PnP pairs 2D shape: (240, 2) 3D shape: (240, 3)
Multiframe time (ms): 20
Floorplan Pose (x, y, angle): {'xy': array([2038.96616406,  659.40753938]), 'ang': 236.96690547404472}
Best map key: None
Number of candidates after local matching: 0
PnP pairs 2D shape: (0, 2) 3D shape: (0, 3)
Multiframe time (ms): 0
Not enough 2D-3D correspondences for pose estimation.
Best map key: None
Number of candidates after local matching: 0
PnP pairs 2D shape: (0, 2) 3D shape: (0, 3)
Multiframe time (ms): 0
Not enough 2D-3D correspondences for pose estimation.
Best map key: None
Number of candidates after local matching: 0
PnP pairs 2D shape: (0, 2) 3D shape: (0, 3)
Multiframe time (ms): 0
Not enough 2D-3D correspondences for pose estimation.
Best map key: ('Mahidol_University', 'ICT', '1.1_DinoV2Salad')
Number of candidates after local matching: 6
PnP pairs 2D shape: (903, 2) 3D shape: (903, 3)
Multiframe time (ms): 71
Floorplan Pose (x, y, angle): {'xy': array([2031.30821835,  601.92372678]), 'ang': 187.01670845966544}
Best map key: None
Number of candidates after local matching: 0
PnP pairs 2D shape: (0, 2) 3D shape: (0, 3)
Multiframe time (ms): 0
Not enough 2D-3D correspondences for pose estimation.
Best map key: None
Number of candidates after local matching: 0
PnP pairs 2D shape: (0, 2) 3D shape: (0, 3)
Multiframe time (ms): 0
Not enough 2D-3D correspondences for pose estimation.
Best map key: None
Number of candidates after local matching: 0
PnP pairs 2D shape: (0, 2) 3D shape: (0, 3)
Multiframe time (ms): 0
Not enough 2D-3D correspondences for pose estimation.
Best map key: None
Number of candidates after local matching: 0
PnP pairs 2D shape: (0, 2) 3D shape: (0, 3)
Multiframe time (ms): 0
Not enough 2D-3D correspondences for pose estimation.
Best map key: None
Number of candidates after local matching: 0
PnP pairs 2D shape: (0, 2) 3D shape: (0, 3)
Multiframe time (ms): 0
Not enough 2D-3D correspondences for pose estimation.
Best map key: None
Number of candidates after local matching: 0
PnP pairs 2D shape: (0, 2) 3D shape: (0, 3)
Multiframe time (ms): 0
Not enough 2D-3D correspondences for pose estimation.
Best map key: None
Number of candidates after local matching: 0
PnP pairs 2D shape: (0, 2) 3D shape: (0, 3)
Multiframe time (ms): 0
Not enough 2D-3D correspondences for pose estimation.
Best map key: None
Number of candidates after local matching: 0
PnP pairs 2D shape: (0, 2) 3D shape: (0, 3)
Multiframe time (ms): 0
Not enough 2D-3D correspondences for pose estimation.
Best map key: None
Number of candidates after local matching: 0
PnP pairs 2D shape: (0, 2) 3D shape: (0, 3)
Multiframe time (ms): 0
Not enough 2D-3D correspondences for pose estimation.
Best map key: None
Number of candidates after local matching: 0
PnP pairs 2D shape: (0, 2) 3D shape: (0, 3)
Multiframe time (ms): 0
Not enough 2D-3D correspondences for pose estimation.
Best map key: None
Number of candidates after local matching: 0
PnP pairs 2D shape: (0, 2) 3D shape: (0, 3)
Multiframe time (ms): 0
Not enough 2D-3D correspondences for pose estimation.
Best map key: None
Number of candidates after local matching: 0
PnP pairs 2D shape: (0, 2) 3D shape: (0, 3)
Multiframe time (ms): 0
Not enough 2D-3D correspondences for pose estimation.
Best map key: ('Mahidol_University', 'ICT', '1.1_DinoV2Salad')
Number of candidates after local matching: 1
PnP pairs 2D shape: (52, 2) 3D shape: (52, 3)
Multiframe time (ms): 9
Floorplan Pose (x, y, angle): {'xy': array([2002.14097801,  623.00341831]), 'ang': 160.9056200111553}
Best map key: None
Number of candidates after local matching: 0
PnP pairs 2D shape: (0, 2) 3D shape: (0, 3)
Multiframe time (ms): 0
Not enough 2D-3D correspondences for pose estimation.
Best map key: None
Number of candidates after local matching: 0
PnP pairs 2D shape: (0, 2) 3D shape: (0, 3)
Multiframe time (ms): 0
Not enough 2D-3D correspondences for pose estimation.
Best map key: None
Number of candidates after local matching: 0
PnP pairs 2D shape: (0, 2) 3D shape: (0, 3)
Multiframe time (ms): 0
Not enough 2D-3D correspondences for pose estimation.
Best map key: None
Number of candidates after local matching: 0
PnP pairs 2D shape: (0, 2) 3D shape: (0, 3)
Multiframe time (ms): 0
Not enough 2D-3D correspondences for pose estimation.
Best map key: None
Number of candidates after local matching: 0
PnP pairs 2D shape: (0, 2) 3D shape: (0, 3)
Multiframe time (ms): 0
Not enough 2D-3D correspondences for pose estimation.
Best map key: None
Number of candidates after local matching: 0
PnP pairs 2D shape: (0, 2) 3D shape: (0, 3)
Multiframe time (ms): 1
Not enough 2D-3D correspondences for pose estimation.
Best map key: None
Number of candidates after local matching: 0
PnP pairs 2D shape: (0, 2) 3D shape: (0, 3)
Multiframe time (ms): 0
Not enough 2D-3D correspondences for pose estimation.
Best map key: None
Number of candidates after local matching: 0
PnP pairs 2D shape: (0, 2) 3D shape: (0, 3)
Multiframe time (ms): 0
Not enough 2D-3D correspondences for pose estimation.
Best map key: None
Number of candidates after local matching: 0
PnP pairs 2D shape: (0, 2) 3D shape: (0, 3)
Multiframe time (ms): 0
Not enough 2D-3D correspondences for pose estimation.
Best map key: None
Number of candidates after local matching: 0
PnP pairs 2D shape: (0, 2) 3D shape: (0, 3)
Multiframe time (ms): 0
Not enough 2D-3D correspondences for pose estimation.
Best map key: None
Number of candidates after local matching: 0
PnP pairs 2D shape: (0, 2) 3D shape: (0, 3)
Multiframe time (ms): 0
Not enough 2D-3D correspondences for pose estimation.
Best map key: ('Mahidol_University', 'ICT', '1.1_DinoV2Salad')
Number of candidates after local matching: 5
PnP pairs 2D shape: (385, 2) 3D shape: (385, 3)
Multiframe time (ms): 38
Floorplan Pose (x, y, angle): {'xy': array([2048.62542839,  649.11764115]), 'ang': 214.18036358413926}
Best map key: None
Number of candidates after local matching: 0
PnP pairs 2D shape: (0, 2) 3D shape: (0, 3)
Multiframe time (ms): 0
Not enough 2D-3D correspondences for pose estimation.
Best map key: ('Mahidol_University', 'ICT', '1.1_DinoV2Salad')
Number of candidates after local matching: 2
PnP pairs 2D shape: (122, 2) 3D shape: (122, 3)
Multiframe time (ms): 18
Floorplan Pose (x, y, angle): {'xy': array([2039.67030185,  626.84246419]), 'ang': 249.24437803231444}
Best map key: None
Number of candidates after local matching: 0
PnP pairs 2D shape: (0, 2) 3D shape: (0, 3)
Multiframe time (ms): 0
Not enough 2D-3D correspondences for pose estimation.
Best map key: None
Number of candidates after local matching: 0
PnP pairs 2D shape: (0, 2) 3D shape: (0, 3)
Multiframe time (ms): 0
Not enough 2D-3D correspondences for pose estimation.
Best map key: None
Number of candidates after local matching: 0
PnP pairs 2D shape: (0, 2) 3D shape: (0, 3)
Multiframe time (ms): 0
Not enough 2D-3D correspondences for pose estimation.
Best map key: None
Number of candidates after local matching: 0
PnP pairs 2D shape: (0, 2) 3D shape: (0, 3)
Multiframe time (ms): 0
Not enough 2D-3D correspondences for pose estimation.
Best map key: None
Number of candidates after local matching: 0
PnP pairs 2D shape: (0, 2) 3D shape: (0, 3)
Multiframe time (ms): 0
Not enough 2D-3D correspondences for pose estimation.
Best map key: ('Mahidol_University', 'ICT', '1.1_DinoV2Salad')
Number of candidates after local matching: 1
PnP pairs 2D shape: (58, 2) 3D shape: (58, 3)
Multiframe time (ms): 38
Floorplan Pose (x, y, angle): {'xy': array([2013.39074465,  595.00317611]), 'ang': 40.282716168041375}
Best map key: None
Number of candidates after local matching: 0
PnP pairs 2D shape: (0, 2) 3D shape: (0, 3)
Multiframe time (ms): 0
Not enough 2D-3D correspondences for pose estimation.
Best map key: None
Number of candidates after local matching: 0
PnP pairs 2D shape: (0, 2) 3D shape: (0, 3)
Multiframe time (ms): 0
Not enough 2D-3D correspondences for pose estimation.
Best map key: ('Mahidol_University', 'ICT', '1.1_DinoV2Salad')
Number of candidates after local matching: 1
PnP pairs 2D shape: (64, 2) 3D shape: (64, 3)
Multiframe time (ms): 12
Floorplan Pose (x, y, angle): {'xy': array([1963.91370905,  669.24996797]), 'ang': 141.64928409459003}
Best map key: None
Number of candidates after local matching: 0
PnP pairs 2D shape: (0, 2) 3D shape: (0, 3)
Multiframe time (ms): 0
Not enough 2D-3D correspondences for pose estimation.
Best map key: None
Number of candidates after local matching: 0
PnP pairs 2D shape: (0, 2) 3D shape: (0, 3)
Multiframe time (ms): 0
Not enough 2D-3D correspondences for pose estimation.
Best map key: None
Number of candidates after local matching: 0
PnP pairs 2D shape: (0, 2) 3D shape: (0, 3)
Multiframe time (ms): 0
Not enough 2D-3D correspondences for pose estimation.
Best map key: None
Number of candidates after local matching: 0
PnP pairs 2D shape: (0, 2) 3D shape: (0, 3)
Multiframe time (ms): 0
Not enough 2D-3D correspondences for pose estimation.
Best map key: None
Number of candidates after local matching: 0
PnP pairs 2D shape: (0, 2) 3D shape: (0, 3)
Multiframe time (ms): 0
Not enough 2D-3D correspondences for pose estimation.
Best map key: None
Number of candidates after local matching: 0
PnP pairs 2D shape: (0, 2) 3D shape: (0, 3)
Multiframe time (ms): 0
Not enough 2D-3D correspondences for pose estimation.
Best map key: None
Number of candidates after local matching: 0
PnP pairs 2D shape: (0, 2) 3D shape: (0, 3)
Multiframe time (ms): 0
Not enough 2D-3D correspondences for pose estimation.
Best map key: None
Number of candidates after local matching: 0
PnP pairs 2D shape: (0, 2) 3D shape: (0, 3)
Multiframe time (ms): 0
Not enough 2D-3D correspondences for pose estimation.
Best map key: None
Number of candidates after local matching: 0
PnP pairs 2D shape: (0, 2) 3D shape: (0, 3)
Multiframe time (ms): 0
Not enough 2D-3D correspondences for pose estimation.
Best map key: None
Number of candidates after local matching: 0
PnP pairs 2D shape: (0, 2) 3D shape: (0, 3)
Multiframe time (ms): 0
Not enough 2D-3D correspondences for pose estimation.
Best map key: None
Number of candidates after local matching: 0
PnP pairs 2D shape: (0, 2) 3D shape: (0, 3)
Multiframe time (ms): 0
Not enough 2D-3D correspondences for pose estimation.
Best map key: None
Number of candidates after local matching: 0
PnP pairs 2D shape: (0, 2) 3D shape: (0, 3)
Multiframe time (ms): 0
Not enough 2D-3D correspondences for pose estimation.
Best map key: None
Number of candidates after local matching: 0
PnP pairs 2D shape: (0, 2) 3D shape: (0, 3)
Multiframe time (ms): 0
Not enough 2D-3D correspondences for pose estimation.
Best map key: None
Number of candidates after local matching: 0
PnP pairs 2D shape: (0, 2) 3D shape: (0, 3)
Multiframe time (ms): 0
Not enough 2D-3D correspondences for pose estimation.
Best map key: None
Number of candidates after local matching: 0
PnP pairs 2D shape: (0, 2) 3D shape: (0, 3)
Multiframe time (ms): 0
Not enough 2D-3D correspondences for pose estimation.
Best map key: None
Number of candidates after local matching: 0
PnP pairs 2D shape: (0, 2) 3D shape: (0, 3)
Multiframe time (ms): 0
Not enough 2D-3D correspondences for pose estimation.
Best map key: None
Number of candidates after local matching: 0
PnP pairs 2D shape: (0, 2) 3D shape: (0, 3)
Multiframe time (ms): 0
Not enough 2D-3D correspondences for pose estimation.
Best map key: None
Number of candidates after local matching: 0
PnP pairs 2D shape: (0, 2) 3D shape: (0, 3)
Multiframe time (ms): 0
Not enough 2D-3D correspondences for pose estimation.
Best map key: None
Number of candidates after local matching: 0
PnP pairs 2D shape: (0, 2) 3D shape: (0, 3)
Multiframe time (ms): 0
Not enough 2D-3D correspondences for pose estimation.
Best map key: None
Number of candidates after local matching: 0
PnP pairs 2D shape: (0, 2) 3D shape: (0, 3)
Multiframe time (ms): 0
Not enough 2D-3D correspondences for pose estimation.
Best map key: None
Number of candidates after local matching: 0
PnP pairs 2D shape: (0, 2) 3D shape: (0, 3)
Multiframe time (ms): 0
Not enough 2D-3D correspondences for pose estimation.
Best map key: None
Number of candidates after local matching: 0
PnP pairs 2D shape: (0, 2) 3D shape: (0, 3)
Multiframe time (ms): 0
Not enough 2D-3D correspondences for pose estimation.
Best map key: None
Number of candidates after local matching: 0
PnP pairs 2D shape: (0, 2) 3D shape: (0, 3)
Multiframe time (ms): 0
Not enough 2D-3D correspondences for pose estimation.
Best map key: None
Number of candidates after local matching: 0
PnP pairs 2D shape: (0, 2) 3D shape: (0, 3)
Multiframe time (ms): 0
Not enough 2D-3D correspondences for pose estimation.
Best map key: None
Number of candidates after local matching: 0
PnP pairs 2D shape: (0, 2) 3D shape: (0, 3)
Multiframe time (ms): 0
Not enough 2D-3D correspondences for pose estimation.
Best map key: None
Number of candidates after local matching: 0
PnP pairs 2D shape: (0, 2) 3D shape: (0, 3)
Multiframe time (ms): 1
Not enough 2D-3D correspondences for pose estimation.
Best map key: None
Number of candidates after local matching: 0
PnP pairs 2D shape: (0, 2) 3D shape: (0, 3)
Multiframe time (ms): 0
Not enough 2D-3D correspondences for pose estimation.
Best map key: None
Number of candidates after local matching: 0
PnP pairs 2D shape: (0, 2) 3D shape: (0, 3)
Multiframe time (ms): 0
Not enough 2D-3D correspondences for pose estimation.
Best map key: None
Number of candidates after local matching: 0
PnP pairs 2D shape: (0, 2) 3D shape: (0, 3)
Multiframe time (ms): 0
Not enough 2D-3D correspondences for pose estimation.
Best map key: None
Number of candidates after local matching: 0
PnP pairs 2D shape: (0, 2) 3D shape: (0, 3)
Multiframe time (ms): 0
Not enough 2D-3D correspondences for pose estimation.
Best map key: None
Number of candidates after local matching: 0
PnP pairs 2D shape: (0, 2) 3D shape: (0, 3)
Multiframe time (ms): 0
Not enough 2D-3D correspondences for pose estimation.
Best map key: None
Number of candidates after local matching: 0
PnP pairs 2D shape: (0, 2) 3D shape: (0, 3)
Multiframe time (ms): 0
Not enough 2D-3D correspondences for pose estimation.
Best map key: None
Number of candidates after local matching: 0
PnP pairs 2D shape: (0, 2) 3D shape: (0, 3)
Multiframe time (ms): 0
Not enough 2D-3D correspondences for pose estimation.
Best map key: None
Number of candidates after local matching: 0
PnP pairs 2D shape: (0, 2) 3D shape: (0, 3)
Multiframe time (ms): 0
Not enough 2D-3D correspondences for pose estimation.
Best map key: None
Number of candidates after local matching: 0
PnP pairs 2D shape: (0, 2) 3D shape: (0, 3)
Multiframe time (ms): 0
Not enough 2D-3D correspondences for pose estimation.
Best map key: None
Number of candidates after local matching: 0
PnP pairs 2D shape: (0, 2) 3D shape: (0, 3)
Multiframe time (ms): 0
Not enough 2D-3D correspondences for pose estimation.
Best map key: None
Number of candidates after local matching: 0
PnP pairs 2D shape: (0, 2) 3D shape: (0, 3)
Multiframe time (ms): 0
Not enough 2D-3D correspondences for pose estimation.
Best map key: None
Number of candidates after local matching: 0
PnP pairs 2D shape: (0, 2) 3D shape: (0, 3)
Multiframe time (ms): 0
Not enough 2D-3D correspondences for pose estimation.
Best map key: None
Number of candidates after local matching: 0
PnP pairs 2D shape: (0, 2) 3D shape: (0, 3)
Multiframe time (ms): 0
Not enough 2D-3D correspondences for pose estimation.
Best map key: None
Number of candidates after local matching: 0
PnP pairs 2D shape: (0, 2) 3D shape: (0, 3)
Multiframe time (ms): 0
Not enough 2D-3D correspondences for pose estimation.
Best map key: None
Number of candidates after local matching: 0
PnP pairs 2D shape: (0, 2) 3D shape: (0, 3)
Multiframe time (ms): 0
Not enough 2D-3D correspondences for pose estimation.
Best map key: None
Number of candidates after local matching: 0
PnP pairs 2D shape: (0, 2) 3D shape: (0, 3)
Multiframe time (ms): 0
Not enough 2D-3D correspondences for pose estimation.
Best map key: None
Number of candidates after local matching: 0
PnP pairs 2D shape: (0, 2) 3D shape: (0, 3)
Multiframe time (ms): 0
Not enough 2D-3D correspondences for pose estimation.
Best map key: None
Number of candidates after local matching: 0
PnP pairs 2D shape: (0, 2) 3D shape: (0, 3)
Multiframe time (ms): 0
Not enough 2D-3D correspondences for pose estimation.
Best map key: None
Number of candidates after local matching: 0
PnP pairs 2D shape: (0, 2) 3D shape: (0, 3)
Multiframe time (ms): 0
Not enough 2D-3D correspondences for pose estimation.
Best map key: None
Number of candidates after local matching: 0
PnP pairs 2D shape: (0, 2) 3D shape: (0, 3)
Multiframe time (ms): 0
Not enough 2D-3D correspondences for pose estimation.
Best map key: None
Number of candidates after local matching: 0
PnP pairs 2D shape: (0, 2) 3D shape: (0, 3)
Multiframe time (ms): 0
Not enough 2D-3D correspondences for pose estimation.
Best map key: None
Number of candidates after local matching: 0
PnP pairs 2D shape: (0, 2) 3D shape: (0, 3)
Multiframe time (ms): 0
Not enough 2D-3D correspondences for pose estimation.
Best map key: None
Number of candidates after local matching: 0
PnP pairs 2D shape: (0, 2) 3D shape: (0, 3)
Multiframe time (ms): 0
Not enough 2D-3D correspondences for pose estimation.
Best map key: None
Number of candidates after local matching: 0
PnP pairs 2D shape: (0, 2) 3D shape: (0, 3)
Multiframe time (ms): 0
Not enough 2D-3D correspondences for pose estimation.
Best map key: None
Number of candidates after local matching: 0
PnP pairs 2D shape: (0, 2) 3D shape: (0, 3)
Multiframe time (ms): 0
Not enough 2D-3D correspondences for pose estimation.
Best map key: None
Number of candidates after local matching: 0
PnP pairs 2D shape: (0, 2) 3D shape: (0, 3)
Multiframe time (ms): 0
Not enough 2D-3D correspondences for pose estimation.
Best map key: None
Number of candidates after local matching: 0
PnP pairs 2D shape: (0, 2) 3D shape: (0, 3)
Multiframe time (ms): 0
Not enough 2D-3D correspondences for pose estimation.
Best map key: None
Number of candidates after local matching: 0
PnP pairs 2D shape: (0, 2) 3D shape: (0, 3)
Multiframe time (ms): 0
Not enough 2D-3D correspondences for pose estimation.
Best map key: None
Number of candidates after local matching: 0
PnP pairs 2D shape: (0, 2) 3D shape: (0, 3)
Multiframe time (ms): 0
Not enough 2D-3D correspondences for pose estimation.
Best map key: None
Number of candidates after local matching: 0
PnP pairs 2D shape: (0, 2) 3D shape: (0, 3)
Multiframe time (ms): 0
Not enough 2D-3D correspondences for pose estimation.
Best map key: None
Number of candidates after local matching: 0
PnP pairs 2D shape: (0, 2) 3D shape: (0, 3)
Multiframe time (ms): 0
Not enough 2D-3D correspondences for pose estimation.
Best map key: None
Number of candidates after local matching: 0
PnP pairs 2D shape: (0, 2) 3D shape: (0, 3)
Multiframe time (ms): 0
Not enough 2D-3D correspondences for pose estimation.
Best map key: None
Number of candidates after local matching: 0
PnP pairs 2D shape: (0, 2) 3D shape: (0, 3)
Multiframe time (ms): 0
Not enough 2D-3D correspondences for pose estimation.
Best map key: None
Number of candidates after local matching: 0
PnP pairs 2D shape: (0, 2) 3D shape: (0, 3)
Multiframe time (ms): 0
Not enough 2D-3D correspondences for pose estimation.
Best map key: None
Number of candidates after local matching: 0
PnP pairs 2D shape: (0, 2) 3D shape: (0, 3)
Multiframe time (ms): 0
Not enough 2D-3D correspondences for pose estimation.
Best map key: None
Number of candidates after local matching: 0
PnP pairs 2D shape: (0, 2) 3D shape: (0, 3)
Multiframe time (ms): 0
Not enough 2D-3D correspondences for pose estimation.
Best map key: None
Number of candidates after local matching: 0
PnP pairs 2D shape: (0, 2) 3D shape: (0, 3)
Multiframe time (ms): 0
Not enough 2D-3D correspondences for pose estimation.
Best map key: None
Number of candidates after local matching: 0
PnP pairs 2D shape: (0, 2) 3D shape: (0, 3)
Multiframe time (ms): 0
Not enough 2D-3D correspondences for pose estimation.
Best map key: None
Number of candidates after local matching: 0
PnP pairs 2D shape: (0, 2) 3D shape: (0, 3)
Multiframe time (ms): 0
Not enough 2D-3D correspondences for pose estimation.
Best map key: None
Number of candidates after local matching: 0
PnP pairs 2D shape: (0, 2) 3D shape: (0, 3)
Multiframe time (ms): 0
Not enough 2D-3D correspondences for pose estimation.
Best map key: None
Number of candidates after local matching: 0
PnP pairs 2D shape: (0, 2) 3D shape: (0, 3)
Multiframe time (ms): 0
Not enough 2D-3D correspondences for pose estimation.
Best map key: None
Number of candidates after local matching: 0
PnP pairs 2D shape: (0, 2) 3D shape: (0, 3)
Multiframe time (ms): 0
Not enough 2D-3D correspondences for pose estimation.
Best map key: None
Number of candidates after local matching: 0
PnP pairs 2D shape: (0, 2) 3D shape: (0, 3)
Multiframe time (ms): 0
Not enough 2D-3D correspondences for pose estimation.
Best map key: None
Number of candidates after local matching: 0
PnP pairs 2D shape: (0, 2) 3D shape: (0, 3)
Multiframe time (ms): 0
Not enough 2D-3D correspondences for pose estimation.
Best map key: None
Number of candidates after local matching: 0
PnP pairs 2D shape: (0, 2) 3D shape: (0, 3)
Multiframe time (ms): 0
Not enough 2D-3D correspondences for pose estimation.
Best map key: None
Number of candidates after local matching: 0
PnP pairs 2D shape: (0, 2) 3D shape: (0, 3)
Multiframe time (ms): 0
Not enough 2D-3D correspondences for pose estimation.
Best map key: None
Number of candidates after local matching: 0
PnP pairs 2D shape: (0, 2) 3D shape: (0, 3)
Multiframe time (ms): 0
Not enough 2D-3D correspondences for pose estimation.
Best map key: None
Number of candidates after local matching: 0
PnP pairs 2D shape: (0, 2) 3D shape: (0, 3)
Multiframe time (ms): 0
Not enough 2D-3D correspondences for pose estimation.
Best map key: None
Number of candidates after local matching: 0
PnP pairs 2D shape: (0, 2) 3D shape: (0, 3)
Multiframe time (ms): 0
Not enough 2D-3D correspondences for pose estimation.
Best map key: None
Number of candidates after local matching: 0
PnP pairs 2D shape: (0, 2) 3D shape: (0, 3)
Multiframe time (ms): 0
Not enough 2D-3D correspondences for pose estimation.
Best map key: None
Number of candidates after local matching: 0
PnP pairs 2D shape: (0, 2) 3D shape: (0, 3)
Multiframe time (ms): 0
Not enough 2D-3D correspondences for pose estimation.
Best map key: None
Number of candidates after local matching: 0
PnP pairs 2D shape: (0, 2) 3D shape: (0, 3)
Multiframe time (ms): 0
Not enough 2D-3D correspondences for pose estimation.
Best map key: None
Number of candidates after local matching: 0
PnP pairs 2D shape: (0, 2) 3D shape: (0, 3)
Multiframe time (ms): 0
Not enough 2D-3D correspondences for pose estimation.
Best map key: None
Number of candidates after local matching: 0
PnP pairs 2D shape: (0, 2) 3D shape: (0, 3)
Multiframe time (ms): 0
Not enough 2D-3D correspondences for pose estimation.
Best map key: None
Number of candidates after local matching: 0
PnP pairs 2D shape: (0, 2) 3D shape: (0, 3)
Multiframe time (ms): 0
Not enough 2D-3D correspondences for pose estimation.
Best map key: None
Number of candidates after local matching: 0
PnP pairs 2D shape: (0, 2) 3D shape: (0, 3)
Multiframe time (ms): 0
Not enough 2D-3D correspondences for pose estimation.
Best map key: None
Number of candidates after local matching: 0
PnP pairs 2D shape: (0, 2) 3D shape: (0, 3)
Multiframe time (ms): 0
Not enough 2D-3D correspondences for pose estimation.
Best map key: None
Number of candidates after local matching: 0
PnP pairs 2D shape: (0, 2) 3D shape: (0, 3)
Multiframe time (ms): 0
Not enough 2D-3D correspondences for pose estimation.
Best map key: None
Number of candidates after local matching: 0
PnP pairs 2D shape: (0, 2) 3D shape: (0, 3)
Multiframe time (ms): 0
Not enough 2D-3D correspondences for pose estimation.
Best map key: None
Number of candidates after local matching: 0
PnP pairs 2D shape: (0, 2) 3D shape: (0, 3)
Multiframe time (ms): 0
Not enough 2D-3D correspondences for pose estimation.
Best map key: None
Number of candidates after local matching: 0
PnP pairs 2D shape: (0, 2) 3D shape: (0, 3)
Multiframe time (ms): 0
Not enough 2D-3D correspondences for pose estimation.
Best map key: None
Number of candidates after local matching: 0
PnP pairs 2D shape: (0, 2) 3D shape: (0, 3)
Multiframe time (ms): 0
Not enough 2D-3D correspondences for pose estimation.
Best map key: None
Number of candidates after local matching: 0
PnP pairs 2D shape: (0, 2) 3D shape: (0, 3)
Multiframe time (ms): 0
Not enough 2D-3D correspondences for pose estimation.
Best map key: None
Number of candidates after local matching: 0
PnP pairs 2D shape: (0, 2) 3D shape: (0, 3)
Multiframe time (ms): 0
Not enough 2D-3D correspondences for pose estimation.
Best map key: None
Number of candidates after local matching: 0
PnP pairs 2D shape: (0, 2) 3D shape: (0, 3)
Multiframe time (ms): 0
Not enough 2D-3D correspondences for pose estimation.
Best map key: None
Number of candidates after local matching: 0
PnP pairs 2D shape: (0, 2) 3D shape: (0, 3)
Multiframe time (ms): 0
Not enough 2D-3D correspondences for pose estimation.
Best map key: None
Number of candidates after local matching: 0
PnP pairs 2D shape: (0, 2) 3D shape: (0, 3)
Multiframe time (ms): 0
Not enough 2D-3D correspondences for pose estimation.
Best map key: None
Number of candidates after local matching: 0
PnP pairs 2D shape: (0, 2) 3D shape: (0, 3)
Multiframe time (ms): 0
Not enough 2D-3D correspondences for pose estimation.
Best map key: None
Number of candidates after local matching: 0
PnP pairs 2D shape: (0, 2) 3D shape: (0, 3)
Multiframe time (ms): 0
Not enough 2D-3D correspondences for pose estimation.
Best map key: None
Number of candidates after local matching: 0
PnP pairs 2D shape: (0, 2) 3D shape: (0, 3)
Multiframe time (ms): 0
Not enough 2D-3D correspondences for pose estimation.
Best map key: None
Number of candidates after local matching: 0
PnP pairs 2D shape: (0, 2) 3D shape: (0, 3)
Multiframe time (ms): 0
Not enough 2D-3D correspondences for pose estimation.
Best map key: None
Number of candidates after local matching: 0
PnP pairs 2D shape: (0, 2) 3D shape: (0, 3)
Multiframe time (ms): 0
Not enough 2D-3D correspondences for pose estimation.
Best map key: None
Number of candidates after local matching: 0
PnP pairs 2D shape: (0, 2) 3D shape: (0, 3)
Multiframe time (ms): 0
Not enough 2D-3D correspondences for pose estimation.
Best map key: None
Number of candidates after local matching: 0
PnP pairs 2D shape: (0, 2) 3D shape: (0, 3)
Multiframe time (ms): 0
Not enough 2D-3D correspondences for pose estimation.
Best map key: None
Number of candidates after local matching: 0
PnP pairs 2D shape: (0, 2) 3D shape: (0, 3)
Multiframe time (ms): 0
Not enough 2D-3D correspondences for pose estimation.
Best map key: None
Number of candidates after local matching: 0
PnP pairs 2D shape: (0, 2) 3D shape: (0, 3)
Multiframe time (ms): 0
Not enough 2D-3D correspondences for pose estimation.
Best map key: None
Number of candidates after local matching: 0
PnP pairs 2D shape: (0, 2) 3D shape: (0, 3)
Multiframe time (ms): 0
Not enough 2D-3D correspondences for pose estimation.
Best map key: None
Number of candidates after local matching: 0
PnP pairs 2D shape: (0, 2) 3D shape: (0, 3)
Multiframe time (ms): 0
Not enough 2D-3D correspondences for pose estimation.
Best map key: None
Number of candidates after local matching: 0
PnP pairs 2D shape: (0, 2) 3D shape: (0, 3)
Multiframe time (ms): 0
Not enough 2D-3D correspondences for pose estimation.
Best map key: None
Number of candidates after local matching: 0
PnP pairs 2D shape: (0, 2) 3D shape: (0, 3)
Multiframe time (ms): 0
Not enough 2D-3D correspondences for pose estimation.
Best map key: None
Number of candidates after local matching: 0
PnP pairs 2D shape: (0, 2) 3D shape: (0, 3)
Multiframe time (ms): 0
Not enough 2D-3D correspondences for pose estimation.
Best map key: None
Number of candidates after local matching: 0
PnP pairs 2D shape: (0, 2) 3D shape: (0, 3)
Multiframe time (ms): 0
Not enough 2D-3D correspondences for pose estimation.
Best map key: None
Number of candidates after local matching: 0
PnP pairs 2D shape: (0, 2) 3D shape: (0, 3)
Multiframe time (ms): 0
Not enough 2D-3D correspondences for pose estimation.
Best map key: None
Number of candidates after local matching: 0
PnP pairs 2D shape: (0, 2) 3D shape: (0, 3)
Multiframe time (ms): 0
Not enough 2D-3D correspondences for pose estimation.
Best map key: None
Number of candidates after local matching: 0
PnP pairs 2D shape: (0, 2) 3D shape: (0, 3)
Multiframe time (ms): 0
Not enough 2D-3D correspondences for pose estimation.
Best map key: ('Mahidol_University', 'ICT', '1.1_DinoV2Salad')
Number of candidates after local matching: 4
PnP pairs 2D shape: (321, 2) 3D shape: (321, 3)
Multiframe time (ms): 31
Floorplan Pose (x, y, angle): {'xy': array([2039.61860657,  626.69313209]), 'ang': 230.5457812517919}
Best map key: None
Number of candidates after local matching: 0
PnP pairs 2D shape: (0, 2) 3D shape: (0, 3)
Multiframe time (ms): 0
Not enough 2D-3D correspondences for pose estimation.
Best map key: None
Number of candidates after local matching: 0
PnP pairs 2D shape: (0, 2) 3D shape: (0, 3)
Multiframe time (ms): 0
Not enough 2D-3D correspondences for pose estimation.
Best map key: None
Number of candidates after local matching: 0
PnP pairs 2D shape: (0, 2) 3D shape: (0, 3)
Multiframe time (ms): 0
Not enough 2D-3D correspondences for pose estimation.
Best map key: None
Number of candidates after local matching: 0
PnP pairs 2D shape: (0, 2) 3D shape: (0, 3)
Multiframe time (ms): 0
Not enough 2D-3D correspondences for pose estimation.
Best map key: None
Number of candidates after local matching: 0
PnP pairs 2D shape: (0, 2) 3D shape: (0, 3)
Multiframe time (ms): 0
Not enough 2D-3D correspondences for pose estimation.
Best map key: None
Number of candidates after local matching: 0
PnP pairs 2D shape: (0, 2) 3D shape: (0, 3)
Multiframe time (ms): 0
Not enough 2D-3D correspondences for pose estimation.
Best map key: None
Number of candidates after local matching: 0
PnP pairs 2D shape: (0, 2) 3D shape: (0, 3)
Multiframe time (ms): 0
Not enough 2D-3D correspondences for pose estimation.
Best map key: None
Number of candidates after local matching: 0
PnP pairs 2D shape: (0, 2) 3D shape: (0, 3)
Multiframe time (ms): 0
Not enough 2D-3D correspondences for pose estimation.
Best map key: None
Number of candidates after local matching: 0
PnP pairs 2D shape: (0, 2) 3D shape: (0, 3)
Multiframe time (ms): 0
Not enough 2D-3D correspondences for pose estimation.
Best map key: None
Number of candidates after local matching: 0
PnP pairs 2D shape: (0, 2) 3D shape: (0, 3)
Multiframe time (ms): 0
Not enough 2D-3D correspondences for pose estimation.
Best map key: None
Number of candidates after local matching: 0
PnP pairs 2D shape: (0, 2) 3D shape: (0, 3)
Multiframe time (ms): 0
Not enough 2D-3D correspondences for pose estimation.
Best map key: None
Number of candidates after local matching: 0
PnP pairs 2D shape: (0, 2) 3D shape: (0, 3)
Multiframe time (ms): 0
Not enough 2D-3D correspondences for pose estimation.
Best map key: None
Number of candidates after local matching: 0
PnP pairs 2D shape: (0, 2) 3D shape: (0, 3)
Multiframe time (ms): 0
Not enough 2D-3D correspondences for pose estimation.
Best map key: None
Number of candidates after local matching: 0
PnP pairs 2D shape: (0, 2) 3D shape: (0, 3)
Multiframe time (ms): 0
Not enough 2D-3D correspondences for pose estimation.
Best map key: None
Number of candidates after local matching: 0
PnP pairs 2D shape: (0, 2) 3D shape: (0, 3)
Multiframe time (ms): 0
Not enough 2D-3D correspondences for pose estimation.
Best map key: None
Number of candidates after local matching: 0
PnP pairs 2D shape: (0, 2) 3D shape: (0, 3)
Multiframe time (ms): 0
Not enough 2D-3D correspondences for pose estimation.
Best map key: None
Number of candidates after local matching: 0
PnP pairs 2D shape: (0, 2) 3D shape: (0, 3)
Multiframe time (ms): 0
Not enough 2D-3D correspondences for pose estimation.
Best map key: None
Number of candidates after local matching: 0
PnP pairs 2D shape: (0, 2) 3D shape: (0, 3)
Multiframe time (ms): 0
Not enough 2D-3D correspondences for pose estimation.
Best map key: None
Number of candidates after local matching: 0
PnP pairs 2D shape: (0, 2) 3D shape: (0, 3)
Multiframe time (ms): 0
Not enough 2D-3D correspondences for pose estimation.
Best map key: None
Number of candidates after local matching: 0
PnP pairs 2D shape: (0, 2) 3D shape: (0, 3)
Multiframe time (ms): 0
Not enough 2D-3D correspondences for pose estimation.
Best map key: None
Number of candidates after local matching: 0
PnP pairs 2D shape: (0, 2) 3D shape: (0, 3)
Multiframe time (ms): 0
Not enough 2D-3D correspondences for pose estimation.
Best map key: None
Number of candidates after local matching: 0
PnP pairs 2D shape: (0, 2) 3D shape: (0, 3)
Multiframe time (ms): 0
Not enough 2D-3D correspondences for pose estimation.
Best map key: None
Number of candidates after local matching: 0
PnP pairs 2D shape: (0, 2) 3D shape: (0, 3)
Multiframe time (ms): 0
Not enough 2D-3D correspondences for pose estimation.
Best map key: ('Mahidol_University', 'ICT', '1.1_DinoV2Salad')
Number of candidates after local matching: 4
PnP pairs 2D shape: (257, 2) 3D shape: (257, 3)
Multiframe time (ms): 18
Floorplan Pose (x, y, angle): {'xy': array([1977.47528722,  670.42001643]), 'ang': 169.21244225636747}
Best map key: None
Number of candidates after local matching: 0
PnP pairs 2D shape: (0, 2) 3D shape: (0, 3)
Multiframe time (ms): 0
Not enough 2D-3D correspondences for pose estimation.
Best map key: None
Number of candidates after local matching: 0
PnP pairs 2D shape: (0, 2) 3D shape: (0, 3)
Multiframe time (ms): 1
Not enough 2D-3D correspondences for pose estimation.
Best map key: None
Number of candidates after local matching: 0
PnP pairs 2D shape: (0, 2) 3D shape: (0, 3)
Multiframe time (ms): 0
Not enough 2D-3D correspondences for pose estimation.
Best map key: None
Number of candidates after local matching: 0
PnP pairs 2D shape: (0, 2) 3D shape: (0, 3)
Multiframe time (ms): 0
Not enough 2D-3D correspondences for pose estimation.
Best map key: None
Number of candidates after local matching: 0
PnP pairs 2D shape: (0, 2) 3D shape: (0, 3)
Multiframe time (ms): 0
Not enough 2D-3D correspondences for pose estimation.
Best map key: None
Number of candidates after local matching: 0
PnP pairs 2D shape: (0, 2) 3D shape: (0, 3)
Multiframe time (ms): 0
Not enough 2D-3D correspondences for pose estimation.
Best map key: ('Mahidol_University', 'ICT', '1.1_DinoV2Salad')
Number of candidates after local matching: 5
PnP pairs 2D shape: (308, 2) 3D shape: (308, 3)
Multiframe time (ms): 41
Floorplan Pose (x, y, angle): {'xy': array([2033.55333459,  645.56850771]), 'ang': 188.40474401181098}
Best map key: None
Number of candidates after local matching: 0
PnP pairs 2D shape: (0, 2) 3D shape: (0, 3)
Multiframe time (ms): 0
Not enough 2D-3D correspondences for pose estimation.
Best map key: ('Mahidol_University', 'ICT', '1.1_DinoV2Salad')
Number of candidates after local matching: 2
PnP pairs 2D shape: (121, 2) 3D shape: (121, 3)
Multiframe time (ms): 22
Floorplan Pose (x, y, angle): {'xy': array([2035.82688135,  615.40890566]), 'ang': 257.91589602001756}
Best map key: ('Mahidol_University', 'ICT', '1.1_DinoV2Salad')
Number of candidates after local matching: 4
PnP pairs 2D shape: (353, 2) 3D shape: (353, 3)
Multiframe time (ms): 37
Floorplan Pose (x, y, angle): {'xy': array([2044.84395873,  641.68517224]), 'ang': 219.85803825251656}
Best map key: None
Number of candidates after local matching: 0
PnP pairs 2D shape: (0, 2) 3D shape: (0, 3)
Multiframe time (ms): 0
Not enough 2D-3D correspondences for pose estimation.
Best map key: None
Number of candidates after local matching: 0
PnP pairs 2D shape: (0, 2) 3D shape: (0, 3)
Multiframe time (ms): 0
Not enough 2D-3D correspondences for pose estimation.
Best map key: None
Number of candidates after local matching: 0
PnP pairs 2D shape: (0, 2) 3D shape: (0, 3)
Multiframe time (ms): 0
Not enough 2D-3D correspondences for pose estimation.
Best map key: None
Number of candidates after local matching: 0
PnP pairs 2D shape: (0, 2) 3D shape: (0, 3)
Multiframe time (ms): 0
Not enough 2D-3D correspondences for pose estimation.
Best map key: None
Number of candidates after local matching: 0
PnP pairs 2D shape: (0, 2) 3D shape: (0, 3)
Multiframe time (ms): 0
Not enough 2D-3D correspondences for pose estimation.
Best map key: None
Number of candidates after local matching: 0
PnP pairs 2D shape: (0, 2) 3D shape: (0, 3)
Multiframe time (ms): 0
Not enough 2D-3D correspondences for pose estimation.
Best map key: None
Number of candidates after local matching: 0
PnP pairs 2D shape: (0, 2) 3D shape: (0, 3)
Multiframe time (ms): 0
Not enough 2D-3D correspondences for pose estimation.
Best map key: None
Number of candidates after local matching: 0
PnP pairs 2D shape: (0, 2) 3D shape: (0, 3)
Multiframe time (ms): 0
Not enough 2D-3D correspondences for pose estimation.
Best map key: None
Number of candidates after local matching: 0
PnP pairs 2D shape: (0, 2) 3D shape: (0, 3)
Multiframe time (ms): 0
Not enough 2D-3D correspondences for pose estimation.
Best map key: None
Number of candidates after local matching: 0
PnP pairs 2D shape: (0, 2) 3D shape: (0, 3)
Multiframe time (ms): 0
Not enough 2D-3D correspondences for pose estimation.
Best map key: None
Number of candidates after local matching: 0
PnP pairs 2D shape: (0, 2) 3D shape: (0, 3)
Multiframe time (ms): 1
Not enough 2D-3D correspondences for pose estimation.
Best map key: None
Number of candidates after local matching: 0
PnP pairs 2D shape: (0, 2) 3D shape: (0, 3)
Multiframe time (ms): 0
Not enough 2D-3D correspondences for pose estimation.
Best map key: None
Number of candidates after local matching: 0
PnP pairs 2D shape: (0, 2) 3D shape: (0, 3)
Multiframe time (ms): 0
Not enough 2D-3D correspondences for pose estimation.
Best map key: None
Number of candidates after local matching: 0
PnP pairs 2D shape: (0, 2) 3D shape: (0, 3)
Multiframe time (ms): 0
Not enough 2D-3D correspondences for pose estimation.
Best map key: None
Number of candidates after local matching: 0
PnP pairs 2D shape: (0, 2) 3D shape: (0, 3)
Multiframe time (ms): 0
Not enough 2D-3D correspondences for pose estimation.
Best map key: None
Number of candidates after local matching: 0
PnP pairs 2D shape: (0, 2) 3D shape: (0, 3)
Multiframe time (ms): 0
Not enough 2D-3D correspondences for pose estimation.
Best map key: None
Number of candidates after local matching: 0
PnP pairs 2D shape: (0, 2) 3D shape: (0, 3)
Multiframe time (ms): 0
Not enough 2D-3D correspondences for pose estimation.
Best map key: None
Number of candidates after local matching: 0
PnP pairs 2D shape: (0, 2) 3D shape: (0, 3)
Multiframe time (ms): 0
Not enough 2D-3D correspondences for pose estimation.
Best map key: None
Number of candidates after local matching: 0
PnP pairs 2D shape: (0, 2) 3D shape: (0, 3)
Multiframe time (ms): 0
Not enough 2D-3D correspondences for pose estimation.
Best map key: None
Number of candidates after local matching: 0
PnP pairs 2D shape: (0, 2) 3D shape: (0, 3)
Multiframe time (ms): 0
Not enough 2D-3D correspondences for pose estimation.
Best map key: None
Number of candidates after local matching: 0
PnP pairs 2D shape: (0, 2) 3D shape: (0, 3)
Multiframe time (ms): 0
Not enough 2D-3D correspondences for pose estimation.
Best map key: None
Number of candidates after local matching: 0
PnP pairs 2D shape: (0, 2) 3D shape: (0, 3)
Multiframe time (ms): 0
Not enough 2D-3D correspondences for pose estimation.
Best map key: None
Number of candidates after local matching: 0
PnP pairs 2D shape: (0, 2) 3D shape: (0, 3)
Multiframe time (ms): 0
Not enough 2D-3D correspondences for pose estimation.
Best map key: ('Mahidol_University', 'ICT', '1.1_DinoV2Salad')
Number of candidates after local matching: 2
PnP pairs 2D shape: (178, 2) 3D shape: (178, 3)
Multiframe time (ms): 17
Floorplan Pose (x, y, angle): {'xy': array([2036.09621228,  603.36240904]), 'ang': 245.60728983059101}
Best map key: None
Number of candidates after local matching: 0
PnP pairs 2D shape: (0, 2) 3D shape: (0, 3)
Multiframe time (ms): 0
Not enough 2D-3D correspondences for pose estimation.
Best map key: None
Number of candidates after local matching: 0
PnP pairs 2D shape: (0, 2) 3D shape: (0, 3)
Multiframe time (ms): 0
Not enough 2D-3D correspondences for pose estimation.
Best map key: None
Number of candidates after local matching: 0
PnP pairs 2D shape: (0, 2) 3D shape: (0, 3)
Multiframe time (ms): 0
Not enough 2D-3D correspondences for pose estimation.
Best map key: ('Mahidol_University', 'ICT', '1.1_DinoV2Salad')
Number of candidates after local matching: 1
PnP pairs 2D shape: (52, 2) 3D shape: (52, 3)
Multiframe time (ms): 10
Floorplan Pose (x, y, angle): {'xy': array([1960.59572331,  665.2264235 ]), 'ang': 149.8082248442852}
Best map key: None
Number of candidates after local matching: 0
PnP pairs 2D shape: (0, 2) 3D shape: (0, 3)
Multiframe time (ms): 0
Not enough 2D-3D correspondences for pose estimation.
Best map key: None
Number of candidates after local matching: 0
PnP pairs 2D shape: (0, 2) 3D shape: (0, 3)
Multiframe time (ms): 0
Not enough 2D-3D correspondences for pose estimation.
Best map key: None
Number of candidates after local matching: 0
PnP pairs 2D shape: (0, 2) 3D shape: (0, 3)
Multiframe time (ms): 0
Not enough 2D-3D correspondences for pose estimation.
Best map key: None
Number of candidates after local matching: 0
PnP pairs 2D shape: (0, 2) 3D shape: (0, 3)
Multiframe time (ms): 0
Not enough 2D-3D correspondences for pose estimation.
Best map key: None
Number of candidates after local matching: 0
PnP pairs 2D shape: (0, 2) 3D shape: (0, 3)
Multiframe time (ms): 0
Not enough 2D-3D correspondences for pose estimation.
Best map key: None
Number of candidates after local matching: 0
PnP pairs 2D shape: (0, 2) 3D shape: (0, 3)
Multiframe time (ms): 0
Not enough 2D-3D correspondences for pose estimation.
Best map key: None
Number of candidates after local matching: 0
PnP pairs 2D shape: (0, 2) 3D shape: (0, 3)
Multiframe time (ms): 0
Not enough 2D-3D correspondences for pose estimation.
Best map key: None
Number of candidates after local matching: 0
PnP pairs 2D shape: (0, 2) 3D shape: (0, 3)
Multiframe time (ms): 0
Not enough 2D-3D correspondences for pose estimation.
Best map key: None
Number of candidates after local matching: 0
PnP pairs 2D shape: (0, 2) 3D shape: (0, 3)
Multiframe time (ms): 0
Not enough 2D-3D correspondences for pose estimation.
Best map key: None
Number of candidates after local matching: 0
PnP pairs 2D shape: (0, 2) 3D shape: (0, 3)
Multiframe time (ms): 0
Not enough 2D-3D correspondences for pose estimation.
Best map key: None
Number of candidates after local matching: 0
PnP pairs 2D shape: (0, 2) 3D shape: (0, 3)
Multiframe time (ms): 0
Not enough 2D-3D correspondences for pose estimation.
Best map key: None
Number of candidates after local matching: 0
PnP pairs 2D shape: (0, 2) 3D shape: (0, 3)
Multiframe time (ms): 0
Not enough 2D-3D correspondences for pose estimation.
Best map key: None
Number of candidates after local matching: 0
PnP pairs 2D shape: (0, 2) 3D shape: (0, 3)
Multiframe time (ms): 0
Not enough 2D-3D correspondences for pose estimation.
Best map key: None
Number of candidates after local matching: 0
PnP pairs 2D shape: (0, 2) 3D shape: (0, 3)
Multiframe time (ms): 0
Not enough 2D-3D correspondences for pose estimation.
Best map key: None
Number of candidates after local matching: 0
PnP pairs 2D shape: (0, 2) 3D shape: (0, 3)
Multiframe time (ms): 0
Not enough 2D-3D correspondences for pose estimation.
Best map key: None
Number of candidates after local matching: 0
PnP pairs 2D shape: (0, 2) 3D shape: (0, 3)
Multiframe time (ms): 0
Not enough 2D-3D correspondences for pose estimation.
Best map key: None
Number of candidates after local matching: 0
PnP pairs 2D shape: (0, 2) 3D shape: (0, 3)
Multiframe time (ms): 0
Not enough 2D-3D correspondences for pose estimation.
Best map key: None
Number of candidates after local matching: 0
PnP pairs 2D shape: (0, 2) 3D shape: (0, 3)
Multiframe time (ms): 0
Not enough 2D-3D correspondences for pose estimation.
Best map key: None
Number of candidates after local matching: 0
PnP pairs 2D shape: (0, 2) 3D shape: (0, 3)
Multiframe time (ms): 0
Not enough 2D-3D correspondences for pose estimation.
Best map key: None
Number of candidates after local matching: 0
PnP pairs 2D shape: (0, 2) 3D shape: (0, 3)
Multiframe time (ms): 0
Not enough 2D-3D correspondences for pose estimation.
Best map key: ('Mahidol_University', 'ICT', '1.1_DinoV2Salad')
Number of candidates after local matching: 6
PnP pairs 2D shape: (429, 2) 3D shape: (429, 3)
Multiframe time (ms): 38
Floorplan Pose (x, y, angle): {'xy': array([1999.48805481,  645.23907833]), 'ang': 175.07692846779617}
Best map key: None
Number of candidates after local matching: 0
PnP pairs 2D shape: (0, 2) 3D shape: (0, 3)
Multiframe time (ms): 0
Not enough 2D-3D correspondences for pose estimation.
Best map key: None
Number of candidates after local matching: 0
PnP pairs 2D shape: (0, 2) 3D shape: (0, 3)
Multiframe time (ms): 0
Not enough 2D-3D correspondences for pose estimation.
Best map key: None
Number of candidates after local matching: 0
PnP pairs 2D shape: (0, 2) 3D shape: (0, 3)
Multiframe time (ms): 0
Not enough 2D-3D correspondences for pose estimation.
Best map key: None
Number of candidates after local matching: 0
PnP pairs 2D shape: (0, 2) 3D shape: (0, 3)
Multiframe time (ms): 0
Not enough 2D-3D correspondences for pose estimation.
Best map key: None
Number of candidates after local matching: 0
PnP pairs 2D shape: (0, 2) 3D shape: (0, 3)
Multiframe time (ms): 0
Not enough 2D-3D correspondences for pose estimation.
Best map key: None
Number of candidates after local matching: 0
PnP pairs 2D shape: (0, 2) 3D shape: (0, 3)
Multiframe time (ms): 0
Not enough 2D-3D correspondences for pose estimation.
Best map key: None
Number of candidates after local matching: 0
PnP pairs 2D shape: (0, 2) 3D shape: (0, 3)
Multiframe time (ms): 0
Not enough 2D-3D correspondences for pose estimation.
Best map key: None
Number of candidates after local matching: 0
PnP pairs 2D shape: (0, 2) 3D shape: (0, 3)
Multiframe time (ms): 0
Not enough 2D-3D correspondences for pose estimation.
Best map key: ('Mahidol_University', 'ICT', '1.1_DinoV2Salad')
Number of candidates after local matching: 4
PnP pairs 2D shape: (296, 2) 3D shape: (296, 3)
Multiframe time (ms): 31
Floorplan Pose (x, y, angle): {'xy': array([2045.665963 ,  659.0434389]), 'ang': 95.95778432215376}
Best map key: None
Number of candidates after local matching: 0
PnP pairs 2D shape: (0, 2) 3D shape: (0, 3)
Multiframe time (ms): 0
Not enough 2D-3D correspondences for pose estimation.
Best map key: None
Number of candidates after local matching: 0
PnP pairs 2D shape: (0, 2) 3D shape: (0, 3)
Multiframe time (ms): 0
Not enough 2D-3D correspondences for pose estimation.
Best map key: None
Number of candidates after local matching: 0
PnP pairs 2D shape: (0, 2) 3D shape: (0, 3)
Multiframe time (ms): 0
Not enough 2D-3D correspondences for pose estimation.
Best map key: None
Number of candidates after local matching: 0
PnP pairs 2D shape: (0, 2) 3D shape: (0, 3)
Multiframe time (ms): 0
Not enough 2D-3D correspondences for pose estimation.
Best map key: None
Number of candidates after local matching: 0
PnP pairs 2D shape: (0, 2) 3D shape: (0, 3)
Multiframe time (ms): 0
Not enough 2D-3D correspondences for pose estimation.
Best map key: None
Number of candidates after local matching: 0
PnP pairs 2D shape: (0, 2) 3D shape: (0, 3)
Multiframe time (ms): 0
Not enough 2D-3D correspondences for pose estimation.
Best map key: None
Number of candidates after local matching: 0
PnP pairs 2D shape: (0, 2) 3D shape: (0, 3)
Multiframe time (ms): 0
Not enough 2D-3D correspondences for pose estimation.
Best map key: None
Number of candidates after local matching: 0
PnP pairs 2D shape: (0, 2) 3D shape: (0, 3)
Multiframe time (ms): 0
Not enough 2D-3D correspondences for pose estimation.
Best map key: None
Number of candidates after local matching: 0
PnP pairs 2D shape: (0, 2) 3D shape: (0, 3)
Multiframe time (ms): 0
Not enough 2D-3D correspondences for pose estimation.
Best map key: None
Number of candidates after local matching: 0
PnP pairs 2D shape: (0, 2) 3D shape: (0, 3)
Multiframe time (ms): 0
Not enough 2D-3D correspondences for pose estimation.
Best map key: ('Mahidol_University', 'ICT', '1.1_DinoV2Salad')
Number of candidates after local matching: 4
PnP pairs 2D shape: (289, 2) 3D shape: (289, 3)
Multiframe time (ms): 31
Floorplan Pose (x, y, angle): {'xy': array([2074.24781423,  693.57168159]), 'ang': 94.91878565370249}
Best map key: None
Number of candidates after local matching: 0
PnP pairs 2D shape: (0, 2) 3D shape: (0, 3)
Multiframe time (ms): 0
Not enough 2D-3D correspondences for pose estimation.
Best map key: None
Number of candidates after local matching: 0
PnP pairs 2D shape: (0, 2) 3D shape: (0, 3)
Multiframe time (ms): 0
Not enough 2D-3D correspondences for pose estimation.
Best map key: None
Number of candidates after local matching: 0
PnP pairs 2D shape: (0, 2) 3D shape: (0, 3)
Multiframe time (ms): 0
Not enough 2D-3D correspondences for pose estimation.
Best map key: None
Number of candidates after local matching: 0
PnP pairs 2D shape: (0, 2) 3D shape: (0, 3)
Multiframe time (ms): 0
Not enough 2D-3D correspondences for pose estimation.
Best map key: None
Number of candidates after local matching: 0
PnP pairs 2D shape: (0, 2) 3D shape: (0, 3)
Multiframe time (ms): 0
Not enough 2D-3D correspondences for pose estimation.
Best map key: ('Mahidol_University', 'ICT', '1.1_DinoV2Salad')
Number of candidates after local matching: 1
PnP pairs 2D shape: (64, 2) 3D shape: (64, 3)
Multiframe time (ms): 11
Floorplan Pose (x, y, angle): {'xy': array([2019.0845679 ,  785.07025341]), 'ang': 98.61603474273574}
Best map key: None
Number of candidates after local matching: 0
PnP pairs 2D shape: (0, 2) 3D shape: (0, 3)
Multiframe time (ms): 0
Not enough 2D-3D correspondences for pose estimation.
Best map key: None
Number of candidates after local matching: 0
PnP pairs 2D shape: (0, 2) 3D shape: (0, 3)
Multiframe time (ms): 0
Not enough 2D-3D correspondences for pose estimation.
Best map key: None
Number of candidates after local matching: 0
PnP pairs 2D shape: (0, 2) 3D shape: (0, 3)
Multiframe time (ms): 0
Not enough 2D-3D correspondences for pose estimation.
Best map key: None
Number of candidates after local matching: 0
PnP pairs 2D shape: (0, 2) 3D shape: (0, 3)
Multiframe time (ms): 0
Not enough 2D-3D correspondences for pose estimation.
Best map key: None
Number of candidates after local matching: 0
PnP pairs 2D shape: (0, 2) 3D shape: (0, 3)
Multiframe time (ms): 0
Not enough 2D-3D correspondences for pose estimation.
Best map key: None
Number of candidates after local matching: 0
PnP pairs 2D shape: (0, 2) 3D shape: (0, 3)
Multiframe time (ms): 0
Not enough 2D-3D correspondences for pose estimation.
Best map key: None
Number of candidates after local matching: 0
PnP pairs 2D shape: (0, 2) 3D shape: (0, 3)
Multiframe time (ms): 0
Not enough 2D-3D correspondences for pose estimation.
==== Predicted coordinates were saved to '/home/nattachart.tak/PhD/Trial_New_UNav/UNav/experiment/configs//Config__v2-1_c/Results_localize_DinoV2Salad.xlsx'. ====
==== Calculate distance errors ====
Traceback (most recent call last):
  File "/home/nattachart.tak/PhD/Trial_New_UNav/UNav/./experiment/run_experiment.py", line 181, in <module>
    distance_error_fn = distance_error.save_calculated_distance_error(config_exp, results_fn)
  File "/home/nattachart.tak/PhD/Trial_New_UNav/UNav/experiment/distance_error.py", line 22, in save_calculated_distance_error
    lambda row : distance.euclidean([row['coordx'], row['coordy']], [row['cx'], row['cy']]), axis=1).to_frame()
  File "/unav/venv/lib/python3.10/site-packages/pandas/core/generic.py", line 6299, in __getattr__
    return object.__getattribute__(self, name)
AttributeError: 'DataFrame' object has no attribute 'to_frame'
