xFormers not available
/unav/venv/lib/python3.10/site-packages/timm/models/layers/__init__.py:48: FutureWarning: Importing from timm.models.layers is deprecated, please import via timm.layers
  warnings.warn(f"Importing from {__name__} is deprecated, please import via timm.layers", FutureWarning)
xFormers not available
/home/nattachart.tak/PhD/Trial_New_UNav/UNav/unav/core/third_party/LightGlue/lightglue/lightglue.py:15: FutureWarning: `torch.cuda.amp.custom_fwd(args...)` is deprecated. Please use `torch.amp.custom_fwd(args..., device_type='cuda')` instead.
  @torch.cuda.amp.custom_fwd(cast_inputs=torch.float32)
/home/nattachart.tak/PhD/Trial_New_UNav/UNav/unav/core/third_party/SuperPoint_SuperGlue/extractors/SuperGluePretrainedNetwork/models/superpoint.py:138: FutureWarning: You are using `torch.load` with `weights_only=False` (the current default value), which uses the default pickle module implicitly. It is possible to construct malicious pickle data which will execute arbitrary code during unpickling (See https://github.com/pytorch/pytorch/blob/main/SECURITY.md#untrusted-models for more details). In a future release, the default value for `weights_only` will be flipped to `True`. This limits the functions that could be executed during unpickling. Arbitrary objects will no longer be allowed to be loaded via this mode unless they are explicitly allowlisted by the user via `torch.serialization.add_safe_globals`. We recommend you start setting `weights_only=True` for any use case where you don't have full control of the loaded file. Please open an issue on GitHub for any issues related to this experimental feature.
  self.load_state_dict(torch.load(str(path)))
/unav/venv/lib/python3.10/site-packages/torchvision/models/_utils.py:208: UserWarning: The parameter 'pretrained' is deprecated since 0.13 and may be removed in the future, please use 'weights' instead.
  warnings.warn(
/unav/venv/lib/python3.10/site-packages/torchvision/models/_utils.py:223: UserWarning: Arguments other than a weight enum or `None` for 'weights' are deprecated since 0.13 and may be removed in the future. The current behavior is equivalent to passing `weights=VGG16_Weights.IMAGENET1K_V1`. You can also use `weights=VGG16_Weights.DEFAULT` to get the most up-to-date weights.
  warnings.warn(msg)
/unav/venv/lib/python3.10/site-packages/torch/nested/__init__.py:107: UserWarning: The PyTorch API of nested tensors is in prototype stage and will change in the near future. (Triggered internally at ../aten/src/ATen/NestedTensorImpl.cpp:178.)
  return torch._nested_tensor_from_tensor_list(ts, dtype, None, device, None)
Seed set to: 42 (type: <class 'int'>)
[INFO] Initializing models: Local -> superpoint+lightglue | Global -> NetVlad
Loaded SuperPoint model
restore num_clusters to : 64
restore pooling to : netvlad
===> Building model
=> loading model weights '/home/nattachart.tak/Data/experiments/Mapping/data/unav2-data/parameters/netvlad/paper/checkpoints/checkpoint.pth'
=> loaded weights '/home/nattachart.tak/Data/experiments/Mapping/data/unav2-data/parameters/netvlad/paper/checkpoints/checkpoint.pth' (epoch 25)
[✓] Loaded COLMAP model for ('Mahidol_University', 'ICT', '1.1_NetVlad'): 6030 frames
[✓] Loaded global features for ('Mahidol_University', 'ICT', '1.1_NetVlad'): 6030 images
[✓] Loaded transform matrix for ('Mahidol_University', 'ICT', '1.1_NetVlad'): shape=(2, 4)
[INFO] All map and feature loading complete.
Best map key: ('Mahidol_University', 'ICT', '1.1_NetVlad')
Number of candidates after local matching: 50
PnP pairs 2D shape: (7166, 2) 3D shape: (7166, 3)
Multiframe time (ms): 593
Floorplan Pose (x, y, angle): {'xy': array([2168.09753987, 1466.66778452]), 'ang': 249.22345880571476}
Best map key: ('Mahidol_University', 'ICT', '1.1_NetVlad')
Number of candidates after local matching: 47
PnP pairs 2D shape: (6485, 2) 3D shape: (6485, 3)
Multiframe time (ms): 476
Floorplan Pose (x, y, angle): {'xy': array([ 776.42371021, 1313.36055095]), 'ang': 263.7606500678453}
Best map key: ('Mahidol_University', 'ICT', '1.1_NetVlad')
Number of candidates after local matching: 50
PnP pairs 2D shape: (10051, 2) 3D shape: (10051, 3)
Multiframe time (ms): 745
Floorplan Pose (x, y, angle): {'xy': array([2073.37742071,  867.25527403]), 'ang': 62.49134104119396}
Best map key: ('Mahidol_University', 'ICT', '1.1_NetVlad')
Number of candidates after local matching: 46
PnP pairs 2D shape: (4128, 2) 3D shape: (4128, 3)
Multiframe time (ms): 348
Floorplan Pose (x, y, angle): {'xy': array([2057.53620488,  801.2074199 ]), 'ang': 282.30440881877655}
Best map key: ('Mahidol_University', 'ICT', '1.1_NetVlad')
Number of candidates after local matching: 40
PnP pairs 2D shape: (3004, 2) 3D shape: (3004, 3)
Multiframe time (ms): 211
Floorplan Pose (x, y, angle): {'xy': array([2080.5763764,  711.4973252]), 'ang': 22.204495231069842}
Best map key: ('Mahidol_University', 'ICT', '1.1_NetVlad')
Number of candidates after local matching: 49
PnP pairs 2D shape: (4512, 2) 3D shape: (4512, 3)
Multiframe time (ms): 269
Floorplan Pose (x, y, angle): {'xy': array([2057.33534607,  639.03486672]), 'ang': 10.516465438165698}
Best map key: ('Mahidol_University', 'ICT', '1.1_NetVlad')
Number of candidates after local matching: 41
PnP pairs 2D shape: (3023, 2) 3D shape: (3023, 3)
Multiframe time (ms): 184
Floorplan Pose (x, y, angle): {'xy': array([1364.98535728, 1338.83145394]), 'ang': 204.4589431644615}
Best map key: ('Mahidol_University', 'ICT', '1.1_NetVlad')
Number of candidates after local matching: 50
PnP pairs 2D shape: (6957, 2) 3D shape: (6957, 3)
Multiframe time (ms): 583
Floorplan Pose (x, y, angle): {'xy': array([2018.64610353, 1314.96293682]), 'ang': 55.150659322695546}
Best map key: ('Mahidol_University', 'ICT', '1.1_NetVlad')
Number of candidates after local matching: 50
PnP pairs 2D shape: (12195, 2) 3D shape: (12195, 3)
Multiframe time (ms): 819
Floorplan Pose (x, y, angle): {'xy': array([2253.07872962, 1692.29017262]), 'ang': 320.20625254731556}
Best map key: ('Mahidol_University', 'ICT', '1.1_NetVlad')
Number of candidates after local matching: 50
PnP pairs 2D shape: (7731, 2) 3D shape: (7731, 3)
Multiframe time (ms): 490
Floorplan Pose (x, y, angle): {'xy': array([2212.83763514, 1485.10292023]), 'ang': 322.2832574717446}
Best map key: ('Mahidol_University', 'ICT', '1.1_NetVlad')
Number of candidates after local matching: 50
PnP pairs 2D shape: (14586, 2) 3D shape: (14586, 3)
Multiframe time (ms): 1569
Floorplan Pose (x, y, angle): {'xy': array([1787.42448049, 1834.28115784]), 'ang': 332.4246995725231}
Best map key: ('Mahidol_University', 'ICT', '1.1_NetVlad')
Number of candidates after local matching: 44
PnP pairs 2D shape: (5570, 2) 3D shape: (5570, 3)
Multiframe time (ms): 471
Floorplan Pose (x, y, angle): {'xy': array([1071.72870428, 1359.30874445]), 'ang': 168.28559305327968}
Best map key: ('Mahidol_University', 'ICT', '1.1_NetVlad')
Number of candidates after local matching: 50
PnP pairs 2D shape: (10128, 2) 3D shape: (10128, 3)
Multiframe time (ms): 805
Floorplan Pose (x, y, angle): {'xy': array([1828.19332585, 1734.07770131]), 'ang': 94.47704880270675}
Best map key: ('Mahidol_University', 'ICT', '1.1_NetVlad')
Number of candidates after local matching: 50
PnP pairs 2D shape: (9712, 2) 3D shape: (9712, 3)
Multiframe time (ms): 718
Floorplan Pose (x, y, angle): {'xy': array([2640.38557271, 1770.37833441]), 'ang': 264.93407629550984}
Best map key: ('Mahidol_University', 'ICT', '1.1_NetVlad')
Number of candidates after local matching: 50
PnP pairs 2D shape: (5446, 2) 3D shape: (5446, 3)
Multiframe time (ms): 364
Floorplan Pose (x, y, angle): {'xy': array([1013.35396961, 1356.95536937]), 'ang': 187.14678100230674}
Best map key: ('Mahidol_University', 'ICT', '1.1_NetVlad')
Number of candidates after local matching: 50
PnP pairs 2D shape: (11199, 2) 3D shape: (11199, 3)
Multiframe time (ms): 721
Floorplan Pose (x, y, angle): {'xy': array([1695.91340835, 1871.28876065]), 'ang': 210.78886439939185}
Best map key: ('Mahidol_University', 'ICT', '1.1_NetVlad')
Number of candidates after local matching: 47
PnP pairs 2D shape: (13705, 2) 3D shape: (13705, 3)
Multiframe time (ms): 1094
Floorplan Pose (x, y, angle): {'xy': array([1990.32729697, 1710.68187421]), 'ang': 329.3219738972796}
Best map key: ('Mahidol_University', 'ICT', '1.1_NetVlad')
Number of candidates after local matching: 50
PnP pairs 2D shape: (9452, 2) 3D shape: (9452, 3)
Multiframe time (ms): 623
Floorplan Pose (x, y, angle): {'xy': array([2086.3357926 , 1279.86522857]), 'ang': 64.44069676337746}
Best map key: ('Mahidol_University', 'ICT', '1.1_NetVlad')
Number of candidates after local matching: 50
PnP pairs 2D shape: (7630, 2) 3D shape: (7630, 3)
Multiframe time (ms): 596
Floorplan Pose (x, y, angle): {'xy': array([2630.21517855, 1685.78611637]), 'ang': 308.07804066384324}
Best map key: ('Mahidol_University', 'ICT', '1.1_NetVlad')
Number of candidates after local matching: 50
PnP pairs 2D shape: (6843, 2) 3D shape: (6843, 3)
Multiframe time (ms): 553
Floorplan Pose (x, y, angle): {'xy': array([2073.19805383, 1196.82761496]), 'ang': 186.78298002797067}
Best map key: ('Mahidol_University', 'ICT', '1.1_NetVlad')
Number of candidates after local matching: 44
PnP pairs 2D shape: (5278, 2) 3D shape: (5278, 3)
Multiframe time (ms): 424
Floorplan Pose (x, y, angle): {'xy': array([1721.65202834, 1330.03677803]), 'ang': 180.7846466296343}
Best map key: ('Mahidol_University', 'ICT', '1.1_NetVlad')
Number of candidates after local matching: 46
PnP pairs 2D shape: (8958, 2) 3D shape: (8958, 3)
Multiframe time (ms): 655
Floorplan Pose (x, y, angle): {'xy': array([1407.11025188, 1500.70518827]), 'ang': 92.07713682913693}
Best map key: ('Mahidol_University', 'ICT', '1.1_NetVlad')
Number of candidates after local matching: 50
PnP pairs 2D shape: (8866, 2) 3D shape: (8866, 3)
Multiframe time (ms): 635
Floorplan Pose (x, y, angle): {'xy': array([2026.7269398 , 1200.11130292]), 'ang': 60.4850594192246}
Best map key: ('Mahidol_University', 'ICT', '1.1_NetVlad')
Number of candidates after local matching: 50
PnP pairs 2D shape: (12272, 2) 3D shape: (12272, 3)
Multiframe time (ms): 1065
Floorplan Pose (x, y, angle): {'xy': array([1889.96363524, 1723.81868501]), 'ang': 147.7037934323255}
Best map key: ('Mahidol_University', 'ICT', '1.1_NetVlad')
Number of candidates after local matching: 39
PnP pairs 2D shape: (3548, 2) 3D shape: (3548, 3)
Multiframe time (ms): 231
Floorplan Pose (x, y, angle): {'xy': array([2030.42005651,  802.92527779]), 'ang': 301.1948269534865}
Best map key: ('Mahidol_University', 'ICT', '1.1_NetVlad')
Number of candidates after local matching: 48
PnP pairs 2D shape: (4305, 2) 3D shape: (4305, 3)
Multiframe time (ms): 289
Floorplan Pose (x, y, angle): {'xy': array([ 788.37154442, 1336.1861811 ]), 'ang': 227.09428683920405}
Best map key: ('Mahidol_University', 'ICT', '1.1_NetVlad')
Number of candidates after local matching: 50
PnP pairs 2D shape: (5937, 2) 3D shape: (5937, 3)
Multiframe time (ms): 424
Floorplan Pose (x, y, angle): {'xy': array([2085.03624408,  732.26773379]), 'ang': 49.49942031261262}
Best map key: ('Mahidol_University', 'ICT', '1.1_NetVlad')
Number of candidates after local matching: 33
PnP pairs 2D shape: (3398, 2) 3D shape: (3398, 3)
Multiframe time (ms): 227
Floorplan Pose (x, y, angle): {'xy': array([1501.84022067, 1660.49837651]), 'ang': 183.45070090992277}
Best map key: ('Mahidol_University', 'ICT', '1.1_NetVlad')
Number of candidates after local matching: 50
PnP pairs 2D shape: (7916, 2) 3D shape: (7916, 3)
Multiframe time (ms): 805
Floorplan Pose (x, y, angle): {'xy': array([2054.10360109,  849.70029785]), 'ang': 74.75874310199029}
Best map key: ('Mahidol_University', 'ICT', '1.1_NetVlad')
Number of candidates after local matching: 35
PnP pairs 2D shape: (3304, 2) 3D shape: (3304, 3)
Multiframe time (ms): 231
Floorplan Pose (x, y, angle): {'xy': array([ 814.62378166, 1206.76468968]), 'ang': 93.36492210584}
Best map key: ('Mahidol_University', 'ICT', '1.1_NetVlad')
Number of candidates after local matching: 50
PnP pairs 2D shape: (9316, 2) 3D shape: (9316, 3)
Multiframe time (ms): 622
Floorplan Pose (x, y, angle): {'xy': array([1611.92181493, 1867.29864943]), 'ang': 207.5470264834276}
Best map key: ('Mahidol_University', 'ICT', '1.1_NetVlad')
Number of candidates after local matching: 50
PnP pairs 2D shape: (9748, 2) 3D shape: (9748, 3)
Multiframe time (ms): 853
Floorplan Pose (x, y, angle): {'xy': array([2017.65996253,  852.34889784]), 'ang': 45.80152233645649}
Best map key: None
Number of candidates after local matching: 0
PnP pairs 2D shape: (0, 2) 3D shape: (0, 3)
Multiframe time (ms): 0
Not enough 2D-3D correspondences for pose estimation.
Best map key: ('Mahidol_University', 'ICT', '1.1_NetVlad')
Number of candidates after local matching: 50
PnP pairs 2D shape: (4652, 2) 3D shape: (4652, 3)
Multiframe time (ms): 330
Floorplan Pose (x, y, angle): {'xy': array([2033.08236999,  619.81635804]), 'ang': 90.02626414398769}
Best map key: ('Mahidol_University', 'ICT', '1.1_NetVlad')
Number of candidates after local matching: 50
PnP pairs 2D shape: (7688, 2) 3D shape: (7688, 3)
Multiframe time (ms): 595
Floorplan Pose (x, y, angle): {'xy': array([1848.58626498, 1333.52533091]), 'ang': 17.486900072411583}
Best map key: ('Mahidol_University', 'ICT', '1.1_NetVlad')
Number of candidates after local matching: 49
PnP pairs 2D shape: (9286, 2) 3D shape: (9286, 3)
Multiframe time (ms): 645
Floorplan Pose (x, y, angle): {'xy': array([2551.03428359, 1675.59825774]), 'ang': 234.33114198501653}
Best map key: ('Mahidol_University', 'ICT', '1.1_NetVlad')
Number of candidates after local matching: 30
PnP pairs 2D shape: (2626, 2) 3D shape: (2626, 3)
Multiframe time (ms): 156
Floorplan Pose (x, y, angle): {'xy': array([2105.82617812, 1351.07851871]), 'ang': 2.0400310490276445}
Best map key: ('Mahidol_University', 'ICT', '1.1_NetVlad')
Number of candidates after local matching: 50
PnP pairs 2D shape: (11010, 2) 3D shape: (11010, 3)
Multiframe time (ms): 744
Floorplan Pose (x, y, angle): {'xy': array([2178.90957134, 1526.8424839 ]), 'ang': 56.65424399115673}
Best map key: ('Mahidol_University', 'ICT', '1.1_NetVlad')
Number of candidates after local matching: 50
PnP pairs 2D shape: (7312, 2) 3D shape: (7312, 3)
Multiframe time (ms): 522
Floorplan Pose (x, y, angle): {'xy': array([2517.27910579, 1808.79997045]), 'ang': 28.946102261885652}
Best map key: ('Mahidol_University', 'ICT', '1.1_NetVlad')
Number of candidates after local matching: 47
PnP pairs 2D shape: (4979, 2) 3D shape: (4979, 3)
Multiframe time (ms): 355
Floorplan Pose (x, y, angle): {'xy': array([ 954.82386725, 1354.83929295]), 'ang': 186.07936791775157}
Best map key: ('Mahidol_University', 'ICT', '1.1_NetVlad')
Number of candidates after local matching: 50
PnP pairs 2D shape: (7835, 2) 3D shape: (7835, 3)
Multiframe time (ms): 545
Floorplan Pose (x, y, angle): {'xy': array([1335.37427469, 1412.03357813]), 'ang': 354.4418913174011}
Best map key: ('Mahidol_University', 'ICT', '1.1_NetVlad')
Number of candidates after local matching: 50
PnP pairs 2D shape: (9364, 2) 3D shape: (9364, 3)
Multiframe time (ms): 569
Floorplan Pose (x, y, angle): {'xy': array([2075.7281973 , 1000.97653472]), 'ang': 63.109812948165484}
Best map key: ('Mahidol_University', 'ICT', '1.1_NetVlad')
Number of candidates after local matching: 49
PnP pairs 2D shape: (6182, 2) 3D shape: (6182, 3)
Multiframe time (ms): 316
Floorplan Pose (x, y, angle): {'xy': array([2140.35980973, 1698.24485957]), 'ang': 64.98060359025061}
Best map key: ('Mahidol_University', 'ICT', '1.1_NetVlad')
Number of candidates after local matching: 50
PnP pairs 2D shape: (9889, 2) 3D shape: (9889, 3)
Multiframe time (ms): 739
Floorplan Pose (x, y, angle): {'xy': array([1798.08573602, 1334.92292593]), 'ang': 48.69066004960131}
Best map key: ('Mahidol_University', 'ICT', '1.1_NetVlad')
Number of candidates after local matching: 50
PnP pairs 2D shape: (9989, 2) 3D shape: (9989, 3)
Multiframe time (ms): 817
Floorplan Pose (x, y, angle): {'xy': array([2071.51544854, 1053.04520529]), 'ang': 61.2987569138652}
Best map key: ('Mahidol_University', 'ICT', '1.1_NetVlad')
Number of candidates after local matching: 50
PnP pairs 2D shape: (7741, 2) 3D shape: (7741, 3)
Multiframe time (ms): 528
Floorplan Pose (x, y, angle): {'xy': array([2032.11730986, 1249.38031309]), 'ang': 15.312560863748573}
Best map key: ('Mahidol_University', 'ICT', '1.1_NetVlad')
Number of candidates after local matching: 50
PnP pairs 2D shape: (9649, 2) 3D shape: (9649, 3)
Multiframe time (ms): 795
Floorplan Pose (x, y, angle): {'xy': array([2046.04213698,  928.61464272]), 'ang': 51.125552975068516}
Best map key: ('Mahidol_University', 'ICT', '1.1_NetVlad')
Number of candidates after local matching: 50
PnP pairs 2D shape: (19028, 2) 3D shape: (19028, 3)
Multiframe time (ms): 1309
Floorplan Pose (x, y, angle): {'xy': array([1635.30575566, 1868.79553831]), 'ang': 335.0156287702881}
Best map key: ('Mahidol_University', 'ICT', '1.1_NetVlad')
Number of candidates after local matching: 17
PnP pairs 2D shape: (1102, 2) 3D shape: (1102, 3)
Multiframe time (ms): 105
Floorplan Pose (x, y, angle): {'xy': array([1198.26996369, 1342.3161223 ]), 'ang': 223.16456033740485}
Best map key: ('Mahidol_University', 'ICT', '1.1_NetVlad')
Number of candidates after local matching: 50
PnP pairs 2D shape: (12367, 2) 3D shape: (12367, 3)
Multiframe time (ms): 931
Floorplan Pose (x, y, angle): {'xy': array([2163.46210335, 1691.09232342]), 'ang': 1.5229501206507312}
Best map key: ('Mahidol_University', 'ICT', '1.1_NetVlad')
Number of candidates after local matching: 49
PnP pairs 2D shape: (7338, 2) 3D shape: (7338, 3)
Multiframe time (ms): 515
Floorplan Pose (x, y, angle): {'xy': array([1973.81364288, 1334.11142966]), 'ang': 171.74155030038688}
Best map key: ('Mahidol_University', 'ICT', '1.1_NetVlad')
Number of candidates after local matching: 50
PnP pairs 2D shape: (14196, 2) 3D shape: (14196, 3)
Multiframe time (ms): 1104
Floorplan Pose (x, y, angle): {'xy': array([1857.74012076, 1728.86716326]), 'ang': 163.4963949108303}
Best map key: ('Mahidol_University', 'ICT', '1.1_NetVlad')
Number of candidates after local matching: 50
PnP pairs 2D shape: (13107, 2) 3D shape: (13107, 3)
Multiframe time (ms): 1982
Floorplan Pose (x, y, angle): {'xy': array([2239.91142629, 1651.01614486]), 'ang': 204.7522092120778}
Best map key: ('Mahidol_University', 'ICT', '1.1_NetVlad')
Number of candidates after local matching: 50
PnP pairs 2D shape: (7639, 2) 3D shape: (7639, 3)
Multiframe time (ms): 575
Floorplan Pose (x, y, angle): {'xy': array([2074.17821196, 1055.93838207]), 'ang': 259.66904510893033}
Best map key: ('Mahidol_University', 'ICT', '1.1_NetVlad')
Number of candidates after local matching: 47
PnP pairs 2D shape: (5480, 2) 3D shape: (5480, 3)
Multiframe time (ms): 541
Floorplan Pose (x, y, angle): {'xy': array([2075.96451726,  895.93545711]), 'ang': 227.36306885905285}
Best map key: ('Mahidol_University', 'ICT', '1.1_NetVlad')
Number of candidates after local matching: 7
PnP pairs 2D shape: (532, 2) 3D shape: (532, 3)
Multiframe time (ms): 41
Floorplan Pose (x, y, angle): {'xy': array([1722.49012677, 1331.86106323]), 'ang': 267.89278829801617}
Best map key: ('Mahidol_University', 'ICT', '1.1_NetVlad')
Number of candidates after local matching: 50
PnP pairs 2D shape: (9589, 2) 3D shape: (9589, 3)
Multiframe time (ms): 577
Floorplan Pose (x, y, angle): {'xy': array([2023.92351191, 1145.10323093]), 'ang': 59.56792017295734}
Best map key: ('Mahidol_University', 'ICT', '1.1_NetVlad')
Number of candidates after local matching: 21
PnP pairs 2D shape: (1416, 2) 3D shape: (1416, 3)
Multiframe time (ms): 106
Floorplan Pose (x, y, angle): {'xy': array([ 905.26181462, 1352.80137045]), 'ang': 226.8917653526872}
Best map key: ('Mahidol_University', 'ICT', '1.1_NetVlad')
Number of candidates after local matching: 50
PnP pairs 2D shape: (9675, 2) 3D shape: (9675, 3)
Multiframe time (ms): 621
Floorplan Pose (x, y, angle): {'xy': array([2151.66317144, 1439.47309089]), 'ang': 207.3646480915109}
Best map key: ('Mahidol_University', 'ICT', '1.1_NetVlad')
Number of candidates after local matching: 50
PnP pairs 2D shape: (13600, 2) 3D shape: (13600, 3)
Multiframe time (ms): 1192
Floorplan Pose (x, y, angle): {'xy': array([2107.87835714, 1699.24335182]), 'ang': 8.108826333264135}
Best map key: ('Mahidol_University', 'ICT', '1.1_NetVlad')
Number of candidates after local matching: 50
PnP pairs 2D shape: (4722, 2) 3D shape: (4722, 3)
Multiframe time (ms): 324
Floorplan Pose (x, y, angle): {'xy': array([2054.1186672 ,  707.04506758]), 'ang': 216.96354459410037}
Best map key: ('Mahidol_University', 'ICT', '1.1_NetVlad')
Number of candidates after local matching: 50
PnP pairs 2D shape: (16466, 2) 3D shape: (16466, 3)
Multiframe time (ms): 1183
Floorplan Pose (x, y, angle): {'xy': array([1560.5278602, 1872.310806 ]), 'ang': 315.65955215308094}
Best map key: ('Mahidol_University', 'ICT', '1.1_NetVlad')
Number of candidates after local matching: 50
PnP pairs 2D shape: (14190, 2) 3D shape: (14190, 3)
Multiframe time (ms): 1055
Floorplan Pose (x, y, angle): {'xy': array([2211.12880071, 1491.05472493]), 'ang': 169.40690984735932}
Best map key: ('Mahidol_University', 'ICT', '1.1_NetVlad')
Number of candidates after local matching: 50
PnP pairs 2D shape: (16999, 2) 3D shape: (16999, 3)
Multiframe time (ms): 1349
Floorplan Pose (x, y, angle): {'xy': array([1504.45189563, 1689.48111115]), 'ang': 24.783127848847226}
Best map key: ('Mahidol_University', 'ICT', '1.1_NetVlad')
Number of candidates after local matching: 34
PnP pairs 2D shape: (2801, 2) 3D shape: (2801, 3)
Multiframe time (ms): 225
Floorplan Pose (x, y, angle): {'xy': array([ 770.59640591, 1177.87970285]), 'ang': 260.69288451052637}
Best map key: ('Mahidol_University', 'ICT', '1.1_NetVlad')
Number of candidates after local matching: 47
PnP pairs 2D shape: (5157, 2) 3D shape: (5157, 3)
Multiframe time (ms): 376
Floorplan Pose (x, y, angle): {'xy': array([1032.18433196, 1354.45482142]), 'ang': 211.90528986665186}
Best map key: ('Mahidol_University', 'ICT', '1.1_NetVlad')
Number of candidates after local matching: 49
PnP pairs 2D shape: (5442, 2) 3D shape: (5442, 3)
Multiframe time (ms): 488
Floorplan Pose (x, y, angle): {'xy': array([2071.08119433,  641.41041271]), 'ang': 197.09019804639303}
Best map key: ('Mahidol_University', 'ICT', '1.1_NetVlad')
Number of candidates after local matching: 50
PnP pairs 2D shape: (12076, 2) 3D shape: (12076, 3)
Multiframe time (ms): 768
Floorplan Pose (x, y, angle): {'xy': array([1782.99817057, 1856.81376638]), 'ang': 283.15092239335}
Best map key: ('Mahidol_University', 'ICT', '1.1_NetVlad')
Number of candidates after local matching: 49
PnP pairs 2D shape: (8581, 2) 3D shape: (8581, 3)
Multiframe time (ms): 614
Floorplan Pose (x, y, angle): {'xy': array([2028.40421341, 1225.66366001]), 'ang': 60.38767985476462}
Best map key: ('Mahidol_University', 'ICT', '1.1_NetVlad')
Number of candidates after local matching: 41
PnP pairs 2D shape: (4506, 2) 3D shape: (4506, 3)
Multiframe time (ms): 289
Floorplan Pose (x, y, angle): {'xy': array([1752.12198491, 1336.62473662]), 'ang': 184.02541829810542}
Best map key: ('Mahidol_University', 'ICT', '1.1_NetVlad')
Number of candidates after local matching: 46
PnP pairs 2D shape: (9523, 2) 3D shape: (9523, 3)
Multiframe time (ms): 713
Floorplan Pose (x, y, angle): {'xy': array([2119.61628793, 1410.09395155]), 'ang': 359.8943544958653}
Best map key: ('Mahidol_University', 'ICT', '1.1_NetVlad')
Number of candidates after local matching: 50
PnP pairs 2D shape: (7891, 2) 3D shape: (7891, 3)
Multiframe time (ms): 445
Floorplan Pose (x, y, angle): {'xy': array([2039.46285082,  978.43934211]), 'ang': 18.949535575364116}
Best map key: ('Mahidol_University', 'ICT', '1.1_NetVlad')
Number of candidates after local matching: 4
PnP pairs 2D shape: (215, 2) 3D shape: (215, 3)
Multiframe time (ms): 22
Floorplan Pose (x, y, angle): {'xy': array([ 771.6266691 , 1282.47907108]), 'ang': 192.96559584454653}
Best map key: ('Mahidol_University', 'ICT', '1.1_NetVlad')
Number of candidates after local matching: 47
PnP pairs 2D shape: (4713, 2) 3D shape: (4713, 3)
Multiframe time (ms): 360
Floorplan Pose (x, y, angle): {'xy': array([2054.31962812,  656.09467832]), 'ang': 65.74192888342515}
Best map key: ('Mahidol_University', 'ICT', '1.1_NetVlad')
Number of candidates after local matching: 50
PnP pairs 2D shape: (10416, 2) 3D shape: (10416, 3)
Multiframe time (ms): 706
Floorplan Pose (x, y, angle): {'xy': array([1853.53803497, 1731.27495684]), 'ang': 68.4549100003454}
Best map key: ('Mahidol_University', 'ICT', '1.1_NetVlad')
Number of candidates after local matching: 47
PnP pairs 2D shape: (5592, 2) 3D shape: (5592, 3)
Multiframe time (ms): 380
Floorplan Pose (x, y, angle): {'xy': array([1133.52106219, 1352.91585572]), 'ang': 167.06572676853924}
Best map key: ('Mahidol_University', 'ICT', '1.1_NetVlad')
Number of candidates after local matching: 45
PnP pairs 2D shape: (4234, 2) 3D shape: (4234, 3)
Multiframe time (ms): 347
Floorplan Pose (x, y, angle): {'xy': array([2036.45864978,  752.58773388]), 'ang': 22.280081243339563}
Best map key: ('Mahidol_University', 'ICT', '1.1_NetVlad')
Number of candidates after local matching: 43
PnP pairs 2D shape: (6372, 2) 3D shape: (6372, 3)
Multiframe time (ms): 465
Floorplan Pose (x, y, angle): {'xy': array([1471.74548813, 1531.16888569]), 'ang': 177.22225458421102}
Best map key: ('Mahidol_University', 'ICT', '1.1_NetVlad')
Number of candidates after local matching: 47
PnP pairs 2D shape: (6324, 2) 3D shape: (6324, 3)
Multiframe time (ms): 522
Floorplan Pose (x, y, angle): {'xy': array([ 922.98284581, 1344.75154995]), 'ang': 123.73816352592266}
Best map key: ('Mahidol_University', 'ICT', '1.1_NetVlad')
Number of candidates after local matching: 50
PnP pairs 2D shape: (10957, 2) 3D shape: (10957, 3)
Multiframe time (ms): 966
Floorplan Pose (x, y, angle): {'xy': array([2630.26110543, 1798.93011936]), 'ang': 157.25733969505623}
Best map key: ('Mahidol_University', 'ICT', '1.1_NetVlad')
Number of candidates after local matching: 49
PnP pairs 2D shape: (7619, 2) 3D shape: (7619, 3)
Multiframe time (ms): 596
Floorplan Pose (x, y, angle): {'xy': array([1849.0817506 , 1332.63652797]), 'ang': 157.47938856020474}
Best map key: None
Number of candidates after local matching: 0
PnP pairs 2D shape: (0, 2) 3D shape: (0, 3)
Multiframe time (ms): 0
Not enough 2D-3D correspondences for pose estimation.
Best map key: ('Mahidol_University', 'ICT', '1.1_NetVlad')
Number of candidates after local matching: 41
PnP pairs 2D shape: (4238, 2) 3D shape: (4238, 3)
Multiframe time (ms): 252
Floorplan Pose (x, y, angle): {'xy': array([2097.94604648, 1336.65108325]), 'ang': 337.9068598293177}
Best map key: ('Mahidol_University', 'ICT', '1.1_NetVlad')
Number of candidates after local matching: 48
PnP pairs 2D shape: (6544, 2) 3D shape: (6544, 3)
Multiframe time (ms): 417
Floorplan Pose (x, y, angle): {'xy': array([2101.06026942, 1249.39898479]), 'ang': 304.116481875421}
Best map key: ('Mahidol_University', 'ICT', '1.1_NetVlad')
Number of candidates after local matching: 47
PnP pairs 2D shape: (4530, 2) 3D shape: (4530, 3)
Multiframe time (ms): 247
Floorplan Pose (x, y, angle): {'xy': array([2052.14242885,  650.89972031]), 'ang': 34.22832375895742}
Best map key: ('Mahidol_University', 'ICT', '1.1_NetVlad')
Number of candidates after local matching: 50
PnP pairs 2D shape: (9500, 2) 3D shape: (9500, 3)
Multiframe time (ms): 782
Floorplan Pose (x, y, angle): {'xy': array([2102.45882458, 1323.95519504]), 'ang': 104.5579394069155}
Best map key: ('Mahidol_University', 'ICT', '1.1_NetVlad')
Number of candidates after local matching: 48
PnP pairs 2D shape: (5294, 2) 3D shape: (5294, 3)
Multiframe time (ms): 411
Floorplan Pose (x, y, angle): {'xy': array([1493.04215512, 1338.53763665]), 'ang': 8.477948945033432}
Best map key: ('Mahidol_University', 'ICT', '1.1_NetVlad')
Number of candidates after local matching: 46
PnP pairs 2D shape: (5030, 2) 3D shape: (5030, 3)
Multiframe time (ms): 330
Floorplan Pose (x, y, angle): {'xy': array([1622.8215941 , 1337.30012201]), 'ang': 185.8757216614236}
Best map key: ('Mahidol_University', 'ICT', '1.1_NetVlad')
Number of candidates after local matching: 1
PnP pairs 2D shape: (69, 2) 3D shape: (69, 3)
Multiframe time (ms): 13
Floorplan Pose (x, y, angle): {'xy': array([1049.58546912, 1344.79222895]), 'ang': 308.95629563830164}
Best map key: ('Mahidol_University', 'ICT', '1.1_NetVlad')
Number of candidates after local matching: 41
PnP pairs 2D shape: (4491, 2) 3D shape: (4491, 3)
Multiframe time (ms): 348
Floorplan Pose (x, y, angle): {'xy': array([1822.66389243, 1335.1400108 ]), 'ang': 175.87188597908326}
Best map key: ('Mahidol_University', 'ICT', '1.1_NetVlad')
Number of candidates after local matching: 50
PnP pairs 2D shape: (14389, 2) 3D shape: (14389, 3)
Multiframe time (ms): 1984
Floorplan Pose (x, y, angle): {'xy': array([1759.43156088, 1868.19026413]), 'ang': 357.7113162830571}
Best map key: ('Mahidol_University', 'ICT', '1.1_NetVlad')
Number of candidates after local matching: 50
PnP pairs 2D shape: (12040, 2) 3D shape: (12040, 3)
Multiframe time (ms): 1073
Floorplan Pose (x, y, angle): {'xy': array([1766.89012843, 1869.35758436]), 'ang': 261.3618838292678}
Best map key: ('Mahidol_University', 'ICT', '1.1_NetVlad')
Number of candidates after local matching: 50
PnP pairs 2D shape: (13123, 2) 3D shape: (13123, 3)
Multiframe time (ms): 901
Floorplan Pose (x, y, angle): {'xy': array([2369.55991243, 1733.76989763]), 'ang': 242.7772584819064}
Best map key: ('Mahidol_University', 'ICT', '1.1_NetVlad')
Number of candidates after local matching: 48
PnP pairs 2D shape: (4152, 2) 3D shape: (4152, 3)
Multiframe time (ms): 195
Floorplan Pose (x, y, angle): {'xy': array([2013.68565398, 1013.05183666]), 'ang': 174.71818503757584}
Best map key: ('Mahidol_University', 'ICT', '1.1_NetVlad')
Number of candidates after local matching: 49
PnP pairs 2D shape: (9477, 2) 3D shape: (9477, 3)
Multiframe time (ms): 831
Floorplan Pose (x, y, angle): {'xy': array([2268.58442546, 1656.87151638]), 'ang': 154.35858926573673}
Best map key: ('Mahidol_University', 'ICT', '1.1_NetVlad')
Number of candidates after local matching: 45
PnP pairs 2D shape: (3585, 2) 3D shape: (3585, 3)
Multiframe time (ms): 224
Floorplan Pose (x, y, angle): {'xy': array([2043.126607  ,  725.89458892]), 'ang': 8.60001477552538}
Best map key: ('Mahidol_University', 'ICT', '1.1_NetVlad')
Number of candidates after local matching: 48
PnP pairs 2D shape: (4662, 2) 3D shape: (4662, 3)
Multiframe time (ms): 322
Floorplan Pose (x, y, angle): {'xy': array([2038.6822101 ,  585.31990999]), 'ang': 102.44350732540735}
Best map key: ('Mahidol_University', 'ICT', '1.1_NetVlad')
Number of candidates after local matching: 50
PnP pairs 2D shape: (9885, 2) 3D shape: (9885, 3)
Multiframe time (ms): 719
Floorplan Pose (x, y, angle): {'xy': array([1976.78492773, 1329.12155582]), 'ang': 304.0509493745988}
Best map key: ('Mahidol_University', 'ICT', '1.1_NetVlad')
Number of candidates after local matching: 48
PnP pairs 2D shape: (7752, 2) 3D shape: (7752, 3)
Multiframe time (ms): 550
Floorplan Pose (x, y, angle): {'xy': array([2240.13834861, 1653.78012842]), 'ang': 262.1025132457459}
Best map key: ('Mahidol_University', 'ICT', '1.1_NetVlad')
Number of candidates after local matching: 37
PnP pairs 2D shape: (3664, 2) 3D shape: (3664, 3)
Multiframe time (ms): 255
Floorplan Pose (x, y, angle): {'xy': array([2085.69108143,  736.35555298]), 'ang': 281.57327564025627}
Best map key: ('Mahidol_University', 'ICT', '1.1_NetVlad')
Number of candidates after local matching: 49
PnP pairs 2D shape: (5552, 2) 3D shape: (5552, 3)
Multiframe time (ms): 363
Floorplan Pose (x, y, angle): {'xy': array([2089.00042116,  732.11593386]), 'ang': 124.08271285903953}
Best map key: ('Mahidol_University', 'ICT', '1.1_NetVlad')
Number of candidates after local matching: 48
PnP pairs 2D shape: (5938, 2) 3D shape: (5938, 3)
Multiframe time (ms): 480
Floorplan Pose (x, y, angle): {'xy': array([1350.27769104, 1342.30289831]), 'ang': 132.53105484790134}
Best map key: ('Mahidol_University', 'ICT', '1.1_NetVlad')
Number of candidates after local matching: 50
PnP pairs 2D shape: (4992, 2) 3D shape: (4992, 3)
Multiframe time (ms): 353
Floorplan Pose (x, y, angle): {'xy': array([2084.03145405,  730.6376559 ]), 'ang': 205.45403322892705}
Best map key: ('Mahidol_University', 'ICT', '1.1_NetVlad')
Number of candidates after local matching: 50
PnP pairs 2D shape: (8659, 2) 3D shape: (8659, 3)
Multiframe time (ms): 507
Floorplan Pose (x, y, angle): {'xy': array([1695.01269486, 1869.26452235]), 'ang': 72.44272769061286}
Best map key: ('Mahidol_University', 'ICT', '1.1_NetVlad')
Number of candidates after local matching: 50
PnP pairs 2D shape: (13959, 2) 3D shape: (13959, 3)
Multiframe time (ms): 1344
Floorplan Pose (x, y, angle): {'xy': array([2639.25930677, 1775.08317917]), 'ang': 176.5652656122386}
Best map key: ('Mahidol_University', 'ICT', '1.1_NetVlad')
Number of candidates after local matching: 49
PnP pairs 2D shape: (6973, 2) 3D shape: (6973, 3)
Multiframe time (ms): 659
Floorplan Pose (x, y, angle): {'xy': array([2099.03478217, 1335.25109027]), 'ang': 197.64297868164138}
Best map key: ('Mahidol_University', 'ICT', '1.1_NetVlad')
Number of candidates after local matching: 49
PnP pairs 2D shape: (5254, 2) 3D shape: (5254, 3)
Multiframe time (ms): 514
Floorplan Pose (x, y, angle): {'xy': array([1602.29236592, 1332.41582428]), 'ang': 356.4551446433457}
Best map key: ('Mahidol_University', 'ICT', '1.1_NetVlad')
Number of candidates after local matching: 36
PnP pairs 2D shape: (3522, 2) 3D shape: (3522, 3)
Multiframe time (ms): 253
Floorplan Pose (x, y, angle): {'xy': array([2081.14538224,  761.02278874]), 'ang': 305.51871008394073}
Best map key: ('Mahidol_University', 'ICT', '1.1_NetVlad')
Number of candidates after local matching: 27
PnP pairs 2D shape: (1777, 2) 3D shape: (1777, 3)
Multiframe time (ms): 146
Floorplan Pose (x, y, angle): {'xy': array([1180.42831692, 1343.90721079]), 'ang': 220.83978841763732}
Best map key: ('Mahidol_University', 'ICT', '1.1_NetVlad')
Number of candidates after local matching: 50
PnP pairs 2D shape: (10561, 2) 3D shape: (10561, 3)
Multiframe time (ms): 817
Floorplan Pose (x, y, angle): {'xy': array([2213.72637643, 1482.40989689]), 'ang': 79.84694044228918}
Best map key: ('Mahidol_University', 'ICT', '1.1_NetVlad')
Number of candidates after local matching: 50
PnP pairs 2D shape: (11541, 2) 3D shape: (11541, 3)
Multiframe time (ms): 1041
Floorplan Pose (x, y, angle): {'xy': array([2083.92030885, 1253.48314955]), 'ang': 83.4023657752312}
Best map key: ('Mahidol_University', 'ICT', '1.1_NetVlad')
Number of candidates after local matching: 44
PnP pairs 2D shape: (5080, 2) 3D shape: (5080, 3)
Multiframe time (ms): 404
Floorplan Pose (x, y, angle): {'xy': array([1570.11395389, 1339.20328227]), 'ang': 92.05627076649073}
Best map key: ('Mahidol_University', 'ICT', '1.1_NetVlad')
Number of candidates after local matching: 50
PnP pairs 2D shape: (8365, 2) 3D shape: (8365, 3)
Multiframe time (ms): 885
Floorplan Pose (x, y, angle): {'xy': array([1248.84607551, 1343.80134961]), 'ang': 72.89196897982679}
Best map key: ('Mahidol_University', 'ICT', '1.1_NetVlad')
Number of candidates after local matching: 50
PnP pairs 2D shape: (12508, 2) 3D shape: (12508, 3)
Multiframe time (ms): 994
Floorplan Pose (x, y, angle): {'xy': array([2318.30605051, 1703.6757896 ]), 'ang': 233.50172602564646}
Best map key: ('Mahidol_University', 'ICT', '1.1_NetVlad')
Number of candidates after local matching: 46
PnP pairs 2D shape: (9499, 2) 3D shape: (9499, 3)
Multiframe time (ms): 879
Floorplan Pose (x, y, angle): {'xy': array([2416.16582226, 1766.89811386]), 'ang': 263.5212865615302}
Best map key: ('Mahidol_University', 'ICT', '1.1_NetVlad')
Number of candidates after local matching: 50
PnP pairs 2D shape: (12001, 2) 3D shape: (12001, 3)
Multiframe time (ms): 853
Floorplan Pose (x, y, angle): {'xy': array([1500.77149467, 1718.91200925]), 'ang': 63.51042268710175}
Best map key: ('Mahidol_University', 'ICT', '1.1_NetVlad')
Number of candidates after local matching: 50
PnP pairs 2D shape: (10035, 2) 3D shape: (10035, 3)
Multiframe time (ms): 1501
Floorplan Pose (x, y, angle): {'xy': array([2027.75246186, 1013.66252623]), 'ang': 89.45413057989578}
Best map key: ('Mahidol_University', 'ICT', '1.1_NetVlad')
Number of candidates after local matching: 49
PnP pairs 2D shape: (4538, 2) 3D shape: (4538, 3)
Multiframe time (ms): 283
Floorplan Pose (x, y, angle): {'xy': array([2070.11428091,  924.26393699]), 'ang': 262.1246601996803}
Best map key: ('Mahidol_University', 'ICT', '1.1_NetVlad')
Number of candidates after local matching: 49
PnP pairs 2D shape: (6318, 2) 3D shape: (6318, 3)
Multiframe time (ms): 651
Floorplan Pose (x, y, angle): {'xy': array([2065.32362041,  947.80540501]), 'ang': 179.25150416053182}
Best map key: ('Mahidol_University', 'ICT', '1.1_NetVlad')
Number of candidates after local matching: 13
PnP pairs 2D shape: (865, 2) 3D shape: (865, 3)
Multiframe time (ms): 109
Floorplan Pose (x, y, angle): {'xy': array([ 932.88718526, 1356.58695342]), 'ang': 273.8141624482049}
Best map key: ('Mahidol_University', 'ICT', '1.1_NetVlad')
Number of candidates after local matching: 50
PnP pairs 2D shape: (9511, 2) 3D shape: (9511, 3)
Multiframe time (ms): 905
Floorplan Pose (x, y, angle): {'xy': array([2053.08870995,  869.17085164]), 'ang': 69.10381725824749}
Best map key: ('Mahidol_University', 'ICT', '1.1_NetVlad')
Number of candidates after local matching: 13
PnP pairs 2D shape: (964, 2) 3D shape: (964, 3)
Multiframe time (ms): 75
Floorplan Pose (x, y, angle): {'xy': array([1082.71540344, 1355.60150877]), 'ang': 293.4926371016044}
Best map key: ('Mahidol_University', 'ICT', '1.1_NetVlad')
Number of candidates after local matching: 46
PnP pairs 2D shape: (3743, 2) 3D shape: (3743, 3)
Multiframe time (ms): 223
Floorplan Pose (x, y, angle): {'xy': array([1504.9865212 , 1840.90731615]), 'ang': 132.52291624997576}
Best map key: ('Mahidol_University', 'ICT', '1.1_NetVlad')
Number of candidates after local matching: 50
PnP pairs 2D shape: (4625, 2) 3D shape: (4625, 3)
Multiframe time (ms): 373
Floorplan Pose (x, y, angle): {'xy': array([2049.47849471,  748.21653557]), 'ang': 217.33620673945558}
Best map key: ('Mahidol_University', 'ICT', '1.1_NetVlad')
Number of candidates after local matching: 47
PnP pairs 2D shape: (5874, 2) 3D shape: (5874, 3)
Multiframe time (ms): 491
Floorplan Pose (x, y, angle): {'xy': array([ 834.72737828, 1346.18265192]), 'ang': 16.182748266141445}
Best map key: ('Mahidol_University', 'ICT', '1.1_NetVlad')
Number of candidates after local matching: 49
PnP pairs 2D shape: (10250, 2) 3D shape: (10250, 3)
Multiframe time (ms): 765
Floorplan Pose (x, y, angle): {'xy': array([1884.11166381, 1723.52559428]), 'ang': 268.446818339686}
Best map key: ('Mahidol_University', 'ICT', '1.1_NetVlad')
Number of candidates after local matching: 44
PnP pairs 2D shape: (3994, 2) 3D shape: (3994, 3)
Multiframe time (ms): 311
Floorplan Pose (x, y, angle): {'xy': array([2049.10319346,  626.98425322]), 'ang': 105.6398864809044}
Best map key: ('Mahidol_University', 'ICT', '1.1_NetVlad')
Number of candidates after local matching: 50
PnP pairs 2D shape: (8081, 2) 3D shape: (8081, 3)
Multiframe time (ms): 669
Floorplan Pose (x, y, angle): {'xy': array([2097.57490687, 1335.88393161]), 'ang': 254.70472523874997}
Best map key: ('Mahidol_University', 'ICT', '1.1_NetVlad')
Number of candidates after local matching: 47
PnP pairs 2D shape: (8977, 2) 3D shape: (8977, 3)
Multiframe time (ms): 991
Floorplan Pose (x, y, angle): {'xy': array([1874.13287373, 1332.590852  ]), 'ang': 156.4292221925243}
Best map key: ('Mahidol_University', 'ICT', '1.1_NetVlad')
Number of candidates after local matching: 50
PnP pairs 2D shape: (8530, 2) 3D shape: (8530, 3)
Multiframe time (ms): 560
Floorplan Pose (x, y, angle): {'xy': array([2078.06642357, 1100.31815955]), 'ang': 302.3528325059151}
Best map key: ('Mahidol_University', 'ICT', '1.1_NetVlad')
Number of candidates after local matching: 50
PnP pairs 2D shape: (9909, 2) 3D shape: (9909, 3)
Multiframe time (ms): 770
Floorplan Pose (x, y, angle): {'xy': array([1815.23575407, 1754.11998001]), 'ang': 100.14209016546104}
Best map key: ('Mahidol_University', 'ICT', '1.1_NetVlad')
Number of candidates after local matching: 29
PnP pairs 2D shape: (2344, 2) 3D shape: (2344, 3)
Multiframe time (ms): 162
Floorplan Pose (x, y, angle): {'xy': array([1822.71774035, 1333.04246264]), 'ang': 229.0914898034933}
Best map key: ('Mahidol_University', 'ICT', '1.1_NetVlad')
Number of candidates after local matching: 50
PnP pairs 2D shape: (8616, 2) 3D shape: (8616, 3)
Multiframe time (ms): 604
Floorplan Pose (x, y, angle): {'xy': array([1326.23915327, 1342.36240682]), 'ang': 90.06620326513666}
Best map key: ('Mahidol_University', 'ICT', '1.1_NetVlad')
Number of candidates after local matching: 50
PnP pairs 2D shape: (12347, 2) 3D shape: (12347, 3)
Multiframe time (ms): 1141
Floorplan Pose (x, y, angle): {'xy': array([1356.23210013, 1489.24393617]), 'ang': 64.5154265078177}
Best map key: ('Mahidol_University', 'ICT', '1.1_NetVlad')
Number of candidates after local matching: 50
PnP pairs 2D shape: (8535, 2) 3D shape: (8535, 3)
Multiframe time (ms): 756
Floorplan Pose (x, y, angle): {'xy': array([2106.20020329, 1381.05610193]), 'ang': 274.9302933276458}
Best map key: ('Mahidol_University', 'ICT', '1.1_NetVlad')
Number of candidates after local matching: 43
PnP pairs 2D shape: (5747, 2) 3D shape: (5747, 3)
Multiframe time (ms): 361
Floorplan Pose (x, y, angle): {'xy': array([1467.5614387, 1531.4527449]), 'ang': 196.37569329737318}
Best map key: ('Mahidol_University', 'ICT', '1.1_NetVlad')
Number of candidates after local matching: 43
PnP pairs 2D shape: (3807, 2) 3D shape: (3807, 3)
Multiframe time (ms): 343
Floorplan Pose (x, y, angle): {'xy': array([ 828.72788045, 1353.050555  ]), 'ang': 184.00013918641872}
Best map key: ('Mahidol_University', 'ICT', '1.1_NetVlad')
Number of candidates after local matching: 50
PnP pairs 2D shape: (14752, 2) 3D shape: (14752, 3)
Multiframe time (ms): 1307
Floorplan Pose (x, y, angle): {'xy': array([1510.03291692, 1840.48273025]), 'ang': 29.016238214605256}
Best map key: ('Mahidol_University', 'ICT', '1.1_NetVlad')
Number of candidates after local matching: 50
PnP pairs 2D shape: (7662, 2) 3D shape: (7662, 3)
Multiframe time (ms): 523
Floorplan Pose (x, y, angle): {'xy': array([2073.48072796,  865.87485907]), 'ang': 22.778989657834774}
Best map key: ('Mahidol_University', 'ICT', '1.1_NetVlad')
Number of candidates after local matching: 50
PnP pairs 2D shape: (12620, 2) 3D shape: (12620, 3)
Multiframe time (ms): 913
Floorplan Pose (x, y, angle): {'xy': array([1810.81048287, 1781.21153956]), 'ang': 299.4253354069341}
Best map key: ('Mahidol_University', 'ICT', '1.1_NetVlad')
Number of candidates after local matching: 50
PnP pairs 2D shape: (12118, 2) 3D shape: (12118, 3)
Multiframe time (ms): 1661
Floorplan Pose (x, y, angle): {'xy': array([2031.32495792, 1712.15598457]), 'ang': 222.2594416902425}
Best map key: ('Mahidol_University', 'ICT', '1.1_NetVlad')
Number of candidates after local matching: 50
PnP pairs 2D shape: (6396, 2) 3D shape: (6396, 3)
Multiframe time (ms): 479
Floorplan Pose (x, y, angle): {'xy': array([1620.47083665, 1336.77683719]), 'ang': 27.687614892956358}
Best map key: ('Mahidol_University', 'ICT', '1.1_NetVlad')
Number of candidates after local matching: 47
PnP pairs 2D shape: (3752, 2) 3D shape: (3752, 3)
Multiframe time (ms): 277
Floorplan Pose (x, y, angle): {'xy': array([1226.0453593 , 1342.47134668]), 'ang': 330.5674394635032}
Best map key: ('Mahidol_University', 'ICT', '1.1_NetVlad')
Number of candidates after local matching: 50
PnP pairs 2D shape: (7809, 2) 3D shape: (7809, 3)
Multiframe time (ms): 513
Floorplan Pose (x, y, angle): {'xy': array([2019.21102835, 1235.18214996]), 'ang': 339.42413704585084}
Best map key: ('Mahidol_University', 'ICT', '1.1_NetVlad')
Number of candidates after local matching: 50
PnP pairs 2D shape: (6294, 2) 3D shape: (6294, 3)
Multiframe time (ms): 517
Floorplan Pose (x, y, angle): {'xy': array([2074.37773626,  706.80238575]), 'ang': 64.34660110263184}
Best map key: ('Mahidol_University', 'ICT', '1.1_NetVlad')
Number of candidates after local matching: 49
PnP pairs 2D shape: (4310, 2) 3D shape: (4310, 3)
Multiframe time (ms): 510
Floorplan Pose (x, y, angle): {'xy': array([2042.40339653,  702.38679075]), 'ang': 253.6903127852956}
Best map key: ('Mahidol_University', 'ICT', '1.1_NetVlad')
Number of candidates after local matching: 38
PnP pairs 2D shape: (2869, 2) 3D shape: (2869, 3)
Multiframe time (ms): 205
Floorplan Pose (x, y, angle): {'xy': array([2040.70580506,  745.84282257]), 'ang': 342.49841452884345}
Best map key: ('Mahidol_University', 'ICT', '1.1_NetVlad')
Number of candidates after local matching: 35
PnP pairs 2D shape: (2491, 2) 3D shape: (2491, 3)
Multiframe time (ms): 214
Floorplan Pose (x, y, angle): {'xy': array([2067.34460317,  728.87433499]), 'ang': 356.5949723978638}
Best map key: ('Mahidol_University', 'ICT', '1.1_NetVlad')
Number of candidates after local matching: 50
PnP pairs 2D shape: (10944, 2) 3D shape: (10944, 3)
Multiframe time (ms): 852
Floorplan Pose (x, y, angle): {'xy': array([1777.48993462, 1852.9850593 ]), 'ang': 16.337632686353146}
Best map key: ('Mahidol_University', 'ICT', '1.1_NetVlad')
Number of candidates after local matching: 14
PnP pairs 2D shape: (973, 2) 3D shape: (973, 3)
Multiframe time (ms): 67
Floorplan Pose (x, y, angle): {'xy': array([ 982.40442143, 1352.38178157]), 'ang': 273.27609486533277}
Best map key: ('Mahidol_University', 'ICT', '1.1_NetVlad')
Number of candidates after local matching: 49
PnP pairs 2D shape: (12978, 2) 3D shape: (12978, 3)
Multiframe time (ms): 1371
Floorplan Pose (x, y, angle): {'xy': array([1718.66557626, 1868.23014241]), 'ang': 267.9103214126042}
Best map key: ('Mahidol_University', 'ICT', '1.1_NetVlad')
Number of candidates after local matching: 45
PnP pairs 2D shape: (4338, 2) 3D shape: (4338, 3)
Multiframe time (ms): 369
Floorplan Pose (x, y, angle): {'xy': array([2075.82782948,  707.49018882]), 'ang': 281.1929327447998}
Best map key: ('Mahidol_University', 'ICT', '1.1_NetVlad')
Number of candidates after local matching: 50
PnP pairs 2D shape: (10085, 2) 3D shape: (10085, 3)
Multiframe time (ms): 818
Floorplan Pose (x, y, angle): {'xy': array([1498.45487457, 1654.0410872 ]), 'ang': 279.9988699993242}
Best map key: ('Mahidol_University', 'ICT', '1.1_NetVlad')
Number of candidates after local matching: 49
PnP pairs 2D shape: (5028, 2) 3D shape: (5028, 3)
Multiframe time (ms): 296
Floorplan Pose (x, y, angle): {'xy': array([2087.36125969,  690.63043806]), 'ang': 42.13293901967033}
Best map key: ('Mahidol_University', 'ICT', '1.1_NetVlad')
Number of candidates after local matching: 50
PnP pairs 2D shape: (5079, 2) 3D shape: (5079, 3)
Multiframe time (ms): 422
Floorplan Pose (x, y, angle): {'xy': array([1102.60801041, 1341.73095697]), 'ang': 347.9922259322257}
Best map key: ('Mahidol_University', 'ICT', '1.1_NetVlad')
Number of candidates after local matching: 50
PnP pairs 2D shape: (5922, 2) 3D shape: (5922, 3)
Multiframe time (ms): 448
Floorplan Pose (x, y, angle): {'xy': array([1082.98309002, 1357.46994225]), 'ang': 83.38790504903841}
Best map key: ('Mahidol_University', 'ICT', '1.1_NetVlad')
Number of candidates after local matching: 50
PnP pairs 2D shape: (6626, 2) 3D shape: (6626, 3)
Multiframe time (ms): 558
Floorplan Pose (x, y, angle): {'xy': array([1013.94433951, 1358.05288994]), 'ang': 65.085522757861}
Best map key: ('Mahidol_University', 'ICT', '1.1_NetVlad')
Number of candidates after local matching: 42
PnP pairs 2D shape: (6991, 2) 3D shape: (6991, 3)
Multiframe time (ms): 719
Floorplan Pose (x, y, angle): {'xy': array([1500.06714144, 1737.98087147]), 'ang': 98.05297281870475}
Best map key: ('Mahidol_University', 'ICT', '1.1_NetVlad')
Number of candidates after local matching: 44
PnP pairs 2D shape: (5047, 2) 3D shape: (5047, 3)
Multiframe time (ms): 583
Floorplan Pose (x, y, angle): {'xy': array([2030.92579459,  888.70337613]), 'ang': 232.53512240759454}
Best map key: ('Mahidol_University', 'ICT', '1.1_NetVlad')
Number of candidates after local matching: 50
PnP pairs 2D shape: (14941, 2) 3D shape: (14941, 3)
Multiframe time (ms): 1108
Floorplan Pose (x, y, angle): {'xy': array([1566.47612738, 1863.64184368]), 'ang': 32.38221067395187}
Best map key: ('Mahidol_University', 'ICT', '1.1_NetVlad')
Number of candidates after local matching: 50
PnP pairs 2D shape: (5690, 2) 3D shape: (5690, 3)
Multiframe time (ms): 472
Floorplan Pose (x, y, angle): {'xy': array([1052.23098684, 1344.71986408]), 'ang': 198.78412696130658}
Best map key: ('Mahidol_University', 'ICT', '1.1_NetVlad')
Number of candidates after local matching: 47
PnP pairs 2D shape: (4375, 2) 3D shape: (4375, 3)
Multiframe time (ms): 272
Floorplan Pose (x, y, angle): {'xy': array([1131.99594304, 1353.20499946]), 'ang': 66.88749010939233}
Best map key: ('Mahidol_University', 'ICT', '1.1_NetVlad')
Number of candidates after local matching: 48
PnP pairs 2D shape: (6543, 2) 3D shape: (6543, 3)
Multiframe time (ms): 579
Floorplan Pose (x, y, angle): {'xy': array([1622.76494206, 1337.58960441]), 'ang': 11.063141037632931}
Best map key: ('Mahidol_University', 'ICT', '1.1_NetVlad')
Number of candidates after local matching: 50
PnP pairs 2D shape: (7873, 2) 3D shape: (7873, 3)
Multiframe time (ms): 489
Floorplan Pose (x, y, angle): {'xy': array([2016.73536883, 1008.63681932]), 'ang': 118.04926193491431}
Best map key: ('Mahidol_University', 'ICT', '1.1_NetVlad')
Number of candidates after local matching: 50
PnP pairs 2D shape: (13495, 2) 3D shape: (13495, 3)
Multiframe time (ms): 1225
Floorplan Pose (x, y, angle): {'xy': array([2215.84735499, 1691.01936345]), 'ang': 341.1678950646859}
Best map key: ('Mahidol_University', 'ICT', '1.1_NetVlad')
Number of candidates after local matching: 43
PnP pairs 2D shape: (8124, 2) 3D shape: (8124, 3)
Multiframe time (ms): 748
Floorplan Pose (x, y, angle): {'xy': array([1501.73493852, 1653.46493101]), 'ang': 100.1371599026778}
Best map key: ('Mahidol_University', 'ICT', '1.1_NetVlad')
Number of candidates after local matching: 50
PnP pairs 2D shape: (6747, 2) 3D shape: (6747, 3)
Multiframe time (ms): 833
Floorplan Pose (x, y, angle): {'xy': array([2637.183902  , 1690.48657712]), 'ang': 96.63325365342435}
Best map key: ('Mahidol_University', 'ICT', '1.1_NetVlad')
Number of candidates after local matching: 37
PnP pairs 2D shape: (2956, 2) 3D shape: (2956, 3)
Multiframe time (ms): 211
Floorplan Pose (x, y, angle): {'xy': array([1303.28802756, 1353.07778278]), 'ang': 138.50003079618924}
Best map key: ('Mahidol_University', 'ICT', '1.1_NetVlad')
Number of candidates after local matching: 26
PnP pairs 2D shape: (2007, 2) 3D shape: (2007, 3)
Multiframe time (ms): 304
Floorplan Pose (x, y, angle): {'xy': array([ 779.15363227, 1278.88059064]), 'ang': 92.89581635532713}
Best map key: ('Mahidol_University', 'ICT', '1.1_NetVlad')
Number of candidates after local matching: 49
PnP pairs 2D shape: (4116, 2) 3D shape: (4116, 3)
Multiframe time (ms): 340
Floorplan Pose (x, y, angle): {'xy': array([2029.76552082,  774.86899606]), 'ang': 199.8101438255777}
Best map key: ('Mahidol_University', 'ICT', '1.1_NetVlad')
Number of candidates after local matching: 33
PnP pairs 2D shape: (3070, 2) 3D shape: (3070, 3)
Multiframe time (ms): 199
Floorplan Pose (x, y, angle): {'xy': array([2102.17384827, 1322.02726038]), 'ang': 1.0436718200956936}
Best map key: ('Mahidol_University', 'ICT', '1.1_NetVlad')
Number of candidates after local matching: 50
PnP pairs 2D shape: (10006, 2) 3D shape: (10006, 3)
Multiframe time (ms): 736
Floorplan Pose (x, y, angle): {'xy': array([2022.60532485,  981.83785146]), 'ang': 343.1962379594351}
Best map key: ('Mahidol_University', 'ICT', '1.1_NetVlad')
Number of candidates after local matching: 45
PnP pairs 2D shape: (5855, 2) 3D shape: (5855, 3)
Multiframe time (ms): 441
Floorplan Pose (x, y, angle): {'xy': array([1951.57062161, 1339.84504781]), 'ang': 268.182985609906}
Best map key: ('Mahidol_University', 'ICT', '1.1_NetVlad')
Number of candidates after local matching: 46
PnP pairs 2D shape: (4722, 2) 3D shape: (4722, 3)
Multiframe time (ms): 339
Floorplan Pose (x, y, angle): {'xy': array([2029.05523504,  777.02507904]), 'ang': 22.195386102711016}
Best map key: ('Mahidol_University', 'ICT', '1.1_NetVlad')
Number of candidates after local matching: 50
PnP pairs 2D shape: (7648, 2) 3D shape: (7648, 3)
Multiframe time (ms): 584
Floorplan Pose (x, y, angle): {'xy': array([ 932.00179918, 1355.69928778]), 'ang': 93.20429600237352}
Best map key: ('Mahidol_University', 'ICT', '1.1_NetVlad')
Number of candidates after local matching: 50
PnP pairs 2D shape: (9118, 2) 3D shape: (9118, 3)
Multiframe time (ms): 1140
Floorplan Pose (x, y, angle): {'xy': array([2606.22798196, 1805.69864324]), 'ang': 292.1323599017771}
Best map key: ('Mahidol_University', 'ICT', '1.1_NetVlad')
Number of candidates after local matching: 50
PnP pairs 2D shape: (8687, 2) 3D shape: (8687, 3)
Multiframe time (ms): 717
Floorplan Pose (x, y, angle): {'xy': array([2049.71581034,  897.09598575]), 'ang': 9.429348647344353}
Best map key: ('Mahidol_University', 'ICT', '1.1_NetVlad')
Number of candidates after local matching: 50
PnP pairs 2D shape: (8210, 2) 3D shape: (8210, 3)
Multiframe time (ms): 893
Floorplan Pose (x, y, angle): {'xy': array([1828.66701321, 1335.18632712]), 'ang': 27.65769729731775}
Best map key: ('Mahidol_University', 'ICT', '1.1_NetVlad')
Number of candidates after local matching: 49
PnP pairs 2D shape: (5240, 2) 3D shape: (5240, 3)
Multiframe time (ms): 405
Floorplan Pose (x, y, angle): {'xy': array([2051.98856772,  634.90322207]), 'ang': 129.12502389119587}
Best map key: ('Mahidol_University', 'ICT', '1.1_NetVlad')
Number of candidates after local matching: 50
PnP pairs 2D shape: (6068, 2) 3D shape: (6068, 3)
Multiframe time (ms): 477
Floorplan Pose (x, y, angle): {'xy': array([1364.23016495, 1338.98422088]), 'ang': 90.12076476358128}
Best map key: ('Mahidol_University', 'ICT', '1.1_NetVlad')
Number of candidates after local matching: 38
PnP pairs 2D shape: (3219, 2) 3D shape: (3219, 3)
Multiframe time (ms): 217
Floorplan Pose (x, y, angle): {'xy': array([1390.55947591, 1337.91292924]), 'ang': 107.92104149493561}
Best map key: ('Mahidol_University', 'ICT', '1.1_NetVlad')
Number of candidates after local matching: 50
PnP pairs 2D shape: (9561, 2) 3D shape: (9561, 3)
Multiframe time (ms): 1032
Floorplan Pose (x, y, angle): {'xy': array([2030.67082382, 1190.06940897]), 'ang': 68.28734027160054}
Best map key: ('Mahidol_University', 'ICT', '1.1_NetVlad')
Number of candidates after local matching: 47
PnP pairs 2D shape: (4659, 2) 3D shape: (4659, 3)
Multiframe time (ms): 370
Floorplan Pose (x, y, angle): {'xy': array([1249.02482361, 1345.72301412]), 'ang': 174.88714283903863}
Best map key: ('Mahidol_University', 'ICT', '1.1_NetVlad')
Number of candidates after local matching: 45
PnP pairs 2D shape: (4835, 2) 3D shape: (4835, 3)
Multiframe time (ms): 411
Floorplan Pose (x, y, angle): {'xy': array([2074.15586277,  707.38825496]), 'ang': 323.2530043614511}
Best map key: ('Mahidol_University', 'ICT', '1.1_NetVlad')
Number of candidates after local matching: 46
PnP pairs 2D shape: (3761, 2) 3D shape: (3761, 3)
Multiframe time (ms): 262
Floorplan Pose (x, y, angle): {'xy': array([2072.65567331,  686.39069843]), 'ang': 17.199836876815002}
Best map key: ('Mahidol_University', 'ICT', '1.1_NetVlad')
Number of candidates after local matching: 50
PnP pairs 2D shape: (6565, 2) 3D shape: (6565, 3)
Multiframe time (ms): 876
Floorplan Pose (x, y, angle): {'xy': array([2065.22989475,  732.1220224 ]), 'ang': 92.5037394038799}
Best map key: ('Mahidol_University', 'ICT', '1.1_NetVlad')
Number of candidates after local matching: 50
PnP pairs 2D shape: (8385, 2) 3D shape: (8385, 3)
Multiframe time (ms): 731
Floorplan Pose (x, y, angle): {'xy': array([2125.58455685, 1437.96000237]), 'ang': 244.57879927796301}
Best map key: ('Mahidol_University', 'ICT', '1.1_NetVlad')
Number of candidates after local matching: 48
PnP pairs 2D shape: (6133, 2) 3D shape: (6133, 3)
Multiframe time (ms): 459
Floorplan Pose (x, y, angle): {'xy': array([2007.72706168, 1311.34910289]), 'ang': 206.13360451011633}
Best map key: ('Mahidol_University', 'ICT', '1.1_NetVlad')
Number of candidates after local matching: 45
PnP pairs 2D shape: (4696, 2) 3D shape: (4696, 3)
Multiframe time (ms): 536
Floorplan Pose (x, y, angle): {'xy': array([1316.81667467, 1373.48115101]), 'ang': 130.72992483383}
Best map key: ('Mahidol_University', 'ICT', '1.1_NetVlad')
Number of candidates after local matching: 50
PnP pairs 2D shape: (7506, 2) 3D shape: (7506, 3)
Multiframe time (ms): 821
Floorplan Pose (x, y, angle): {'xy': array([2106.56829772, 1248.58998962]), 'ang': 207.5444938080167}
Best map key: ('Mahidol_University', 'ICT', '1.1_NetVlad')
Number of candidates after local matching: 50
PnP pairs 2D shape: (13619, 2) 3D shape: (13619, 3)
Multiframe time (ms): 1404
Floorplan Pose (x, y, angle): {'xy': array([2147.95779826, 1439.13721633]), 'ang': 146.44111137934374}
Best map key: ('Mahidol_University', 'ICT', '1.1_NetVlad')
Number of candidates after local matching: 50
PnP pairs 2D shape: (9770, 2) 3D shape: (9770, 3)
Multiframe time (ms): 966
Floorplan Pose (x, y, angle): {'xy': array([1275.33124765, 1343.81411486]), 'ang': 27.076063678904763}
Best map key: ('Mahidol_University', 'ICT', '1.1_NetVlad')
Number of candidates after local matching: 50
PnP pairs 2D shape: (7941, 2) 3D shape: (7941, 3)
Multiframe time (ms): 579
Floorplan Pose (x, y, angle): {'xy': array([2081.14596198, 1233.26860255]), 'ang': 279.3917632393182}
Best map key: ('Mahidol_University', 'ICT', '1.1_NetVlad')
Number of candidates after local matching: 50
PnP pairs 2D shape: (7250, 2) 3D shape: (7250, 3)
Multiframe time (ms): 616
Floorplan Pose (x, y, angle): {'xy': array([ 899.49562099, 1356.14842145]), 'ang': 64.3563403709383}
Best map key: ('Mahidol_University', 'ICT', '1.1_NetVlad')
Number of candidates after local matching: 50
PnP pairs 2D shape: (10543, 2) 3D shape: (10543, 3)
Multiframe time (ms): 1197
Floorplan Pose (x, y, angle): {'xy': array([2155.58578037, 1462.28239688]), 'ang': 16.72366748846166}
Best map key: ('Mahidol_University', 'ICT', '1.1_NetVlad')
Number of candidates after local matching: 49
PnP pairs 2D shape: (5633, 2) 3D shape: (5633, 3)
Multiframe time (ms): 388
Floorplan Pose (x, y, angle): {'xy': array([2011.48315426, 1183.48916413]), 'ang': 160.16147025834687}
Best map key: ('Mahidol_University', 'ICT', '1.1_NetVlad')
Number of candidates after local matching: 50
PnP pairs 2D shape: (5944, 2) 3D shape: (5944, 3)
Multiframe time (ms): 636
Floorplan Pose (x, y, angle): {'xy': array([1304.82592695, 1342.74315467]), 'ang': 3.7336290518014303}
Best map key: ('Mahidol_University', 'ICT', '1.1_NetVlad')
Number of candidates after local matching: 1
PnP pairs 2D shape: (71, 2) 3D shape: (71, 3)
Multiframe time (ms): 16
Floorplan Pose (x, y, angle): {'xy': array([1695.94125096, 1331.03264594]), 'ang': 309.38757803477387}
Best map key: ('Mahidol_University', 'ICT', '1.1_NetVlad')
Number of candidates after local matching: 50
PnP pairs 2D shape: (6913, 2) 3D shape: (6913, 3)
Multiframe time (ms): 616
Floorplan Pose (x, y, angle): {'xy': array([2029.94628888, 1162.90915287]), 'ang': 136.14925890709847}
Best map key: ('Mahidol_University', 'ICT', '1.1_NetVlad')
Number of candidates after local matching: 50
PnP pairs 2D shape: (8860, 2) 3D shape: (8860, 3)
Multiframe time (ms): 736
Floorplan Pose (x, y, angle): {'xy': array([1938.41670007, 1719.42259731]), 'ang': 286.8998695777834}
Best map key: ('Mahidol_University', 'ICT', '1.1_NetVlad')
Number of candidates after local matching: 50
PnP pairs 2D shape: (18168, 2) 3D shape: (18168, 3)
Multiframe time (ms): 1817
Floorplan Pose (x, y, angle): {'xy': array([1499.45023161, 1635.36482828]), 'ang': 22.768690081621177}
Best map key: ('Mahidol_University', 'ICT', '1.1_NetVlad')
Number of candidates after local matching: 50
PnP pairs 2D shape: (11752, 2) 3D shape: (11752, 3)
Multiframe time (ms): 1236
Floorplan Pose (x, y, angle): {'xy': array([1563.71515493, 1869.6153885 ]), 'ang': 270.7958988449838}
Best map key: ('Mahidol_University', 'ICT', '1.1_NetVlad')
Number of candidates after local matching: 50
PnP pairs 2D shape: (8583, 2) 3D shape: (8583, 3)
Multiframe time (ms): 1227
Floorplan Pose (x, y, angle): {'xy': array([1849.71306349, 1336.41133349]), 'ang': 50.043446239801796}
Best map key: ('Mahidol_University', 'ICT', '1.1_NetVlad')
Number of candidates after local matching: 50
PnP pairs 2D shape: (7724, 2) 3D shape: (7724, 3)
Multiframe time (ms): 634
Floorplan Pose (x, y, angle): {'xy': array([2640.89005   , 1749.96306904]), 'ang': 298.8972806887322}
Best map key: ('Mahidol_University', 'ICT', '1.1_NetVlad')
Number of candidates after local matching: 48
PnP pairs 2D shape: (5547, 2) 3D shape: (5547, 3)
Multiframe time (ms): 482
Floorplan Pose (x, y, angle): {'xy': array([2033.15806175,  715.64911872]), 'ang': 54.41352151487831}
Best map key: ('Mahidol_University', 'ICT', '1.1_NetVlad')
Number of candidates after local matching: 50
PnP pairs 2D shape: (4820, 2) 3D shape: (4820, 3)
Multiframe time (ms): 436
Floorplan Pose (x, y, angle): {'xy': array([1197.6942546 , 1342.75709428]), 'ang': 170.89650232934372}
Best map key: ('Mahidol_University', 'ICT', '1.1_NetVlad')
Number of candidates after local matching: 50
PnP pairs 2D shape: (7686, 2) 3D shape: (7686, 3)
Multiframe time (ms): 454
Floorplan Pose (x, y, angle): {'xy': array([2023.30995418, 1275.04198622]), 'ang': 256.50920507645765}
Best map key: ('Mahidol_University', 'ICT', '1.1_NetVlad')
Number of candidates after local matching: 50
PnP pairs 2D shape: (11606, 2) 3D shape: (11606, 3)
Multiframe time (ms): 1129
Floorplan Pose (x, y, angle): {'xy': array([2009.0350163 , 1283.79128097]), 'ang': 96.61318708573073}
Best map key: ('Mahidol_University', 'ICT', '1.1_NetVlad')
Number of candidates after local matching: 50
PnP pairs 2D shape: (7949, 2) 3D shape: (7949, 3)
Multiframe time (ms): 958
Floorplan Pose (x, y, angle): {'xy': array([2549.2019412 , 1809.94996484]), 'ang': 47.13223560945636}
Best map key: ('Mahidol_University', 'ICT', '1.1_NetVlad')
Number of candidates after local matching: 38
PnP pairs 2D shape: (3656, 2) 3D shape: (3656, 3)
Multiframe time (ms): 283
Floorplan Pose (x, y, angle): {'xy': array([ 778.7508622 , 1323.71177747]), 'ang': 320.77014307851385}
Best map key: ('Mahidol_University', 'ICT', '1.1_NetVlad')
Number of candidates after local matching: 42
PnP pairs 2D shape: (4109, 2) 3D shape: (4109, 3)
Multiframe time (ms): 369
Floorplan Pose (x, y, angle): {'xy': array([2039.24914128,  758.31147927]), 'ang': 267.29577832693076}
Best map key: ('Mahidol_University', 'ICT', '1.1_NetVlad')
Number of candidates after local matching: 50
PnP pairs 2D shape: (10699, 2) 3D shape: (10699, 3)
Multiframe time (ms): 890
Floorplan Pose (x, y, angle): {'xy': array([2112.51387631, 1703.31704769]), 'ang': 229.76172291491756}
Best map key: ('Mahidol_University', 'ICT', '1.1_NetVlad')
Number of candidates after local matching: 24
PnP pairs 2D shape: (2496, 2) 3D shape: (2496, 3)
Multiframe time (ms): 197
Floorplan Pose (x, y, angle): {'xy': array([1249.88757402, 1343.00389194]), 'ang': 131.6229086097641}
Best map key: ('Mahidol_University', 'ICT', '1.1_NetVlad')
Number of candidates after local matching: 42
PnP pairs 2D shape: (5038, 2) 3D shape: (5038, 3)
Multiframe time (ms): 378
Floorplan Pose (x, y, angle): {'xy': array([1720.85603805, 1331.63850904]), 'ang': 173.9055711695063}
Best map key: ('Mahidol_University', 'ICT', '1.1_NetVlad')
Number of candidates after local matching: 50
PnP pairs 2D shape: (10422, 2) 3D shape: (10422, 3)
Multiframe time (ms): 1321
Floorplan Pose (x, y, angle): {'xy': array([2019.4688673 ,  988.01549646]), 'ang': 77.27188156751127}
Best map key: ('Mahidol_University', 'ICT', '1.1_NetVlad')
Number of candidates after local matching: 44
PnP pairs 2D shape: (3351, 2) 3D shape: (3351, 3)
Multiframe time (ms): 293
Floorplan Pose (x, y, angle): {'xy': array([1246.31108632, 1343.59176872]), 'ang': 207.53884812963963}
Best map key: ('Mahidol_University', 'ICT', '1.1_NetVlad')
Number of candidates after local matching: 50
PnP pairs 2D shape: (6134, 2) 3D shape: (6134, 3)
Multiframe time (ms): 443
Floorplan Pose (x, y, angle): {'xy': array([2041.16563907,  904.5205736 ]), 'ang': 199.62398224916592}
Best map key: ('Mahidol_University', 'ICT', '1.1_NetVlad')
Number of candidates after local matching: 50
PnP pairs 2D shape: (17665, 2) 3D shape: (17665, 3)
Multiframe time (ms): 1819
Floorplan Pose (x, y, angle): {'xy': array([1495.53446722, 1607.54284689]), 'ang': 39.713344760339794}
Best map key: ('Mahidol_University', 'ICT', '1.1_NetVlad')
Number of candidates after local matching: 49
PnP pairs 2D shape: (8662, 2) 3D shape: (8662, 3)
Multiframe time (ms): 717
Floorplan Pose (x, y, angle): {'xy': array([2132.51732365, 1429.06546223]), 'ang': 338.0440878963309}
Best map key: ('Mahidol_University', 'ICT', '1.1_NetVlad')
Number of candidates after local matching: 1
PnP pairs 2D shape: (50, 2) 3D shape: (50, 3)
Multiframe time (ms): 7
Floorplan Pose (x, y, angle): {'xy': array([1351.14064685, 1340.43478195]), 'ang': 306.2797464189988}
Best map key: ('Mahidol_University', 'ICT', '1.1_NetVlad')
Number of candidates after local matching: 50
PnP pairs 2D shape: (8674, 2) 3D shape: (8674, 3)
Multiframe time (ms): 600
Floorplan Pose (x, y, angle): {'xy': array([2025.14278044,  932.2825579 ]), 'ang': 344.3111544393714}
Best map key: ('Mahidol_University', 'ICT', '1.1_NetVlad')
Number of candidates after local matching: 50
PnP pairs 2D shape: (8168, 2) 3D shape: (8168, 3)
Multiframe time (ms): 847
Floorplan Pose (x, y, angle): {'xy': array([2088.8210239,  712.9023127]), 'ang': 95.11842664636161}
Best map key: ('Mahidol_University', 'ICT', '1.1_NetVlad')
Number of candidates after local matching: 50
PnP pairs 2D shape: (7459, 2) 3D shape: (7459, 3)
Multiframe time (ms): 609
Floorplan Pose (x, y, angle): {'xy': array([2368.11756706, 1724.32974854]), 'ang': 82.94030661650083}
Best map key: ('Mahidol_University', 'ICT', '1.1_NetVlad')
Number of candidates after local matching: 50
PnP pairs 2D shape: (8788, 2) 3D shape: (8788, 3)
Multiframe time (ms): 745
Floorplan Pose (x, y, angle): {'xy': array([2390.56919731, 1744.73750675]), 'ang': 85.0600186486961}
Best map key: ('Mahidol_University', 'ICT', '1.1_NetVlad')
Number of candidates after local matching: 50
PnP pairs 2D shape: (9214, 2) 3D shape: (9214, 3)
Multiframe time (ms): 890
Floorplan Pose (x, y, angle): {'xy': array([1908.82303176, 1714.36670265]), 'ang': 110.3502285636481}
Best map key: ('Mahidol_University', 'ICT', '1.1_NetVlad')
Number of candidates after local matching: 49
PnP pairs 2D shape: (11292, 2) 3D shape: (11292, 3)
Multiframe time (ms): 967
Floorplan Pose (x, y, angle): {'xy': array([2473.66627204, 1793.48810377]), 'ang': 172.02347469841575}
Best map key: ('Mahidol_University', 'ICT', '1.1_NetVlad')
Number of candidates after local matching: 27
PnP pairs 2D shape: (2357, 2) 3D shape: (2357, 3)
Multiframe time (ms): 219
Floorplan Pose (x, y, angle): {'xy': array([1072.2868726, 1358.6286012]), 'ang': 307.2269430815477}
Best map key: ('Mahidol_University', 'ICT', '1.1_NetVlad')
Number of candidates after local matching: 50
PnP pairs 2D shape: (6923, 2) 3D shape: (6923, 3)
Multiframe time (ms): 875
Floorplan Pose (x, y, angle): {'xy': array([2638.23184963, 1693.56157758]), 'ang': 74.60862096950449}
Best map key: ('Mahidol_University', 'ICT', '1.1_NetVlad')
Number of candidates after local matching: 45
PnP pairs 2D shape: (4189, 2) 3D shape: (4189, 3)
Multiframe time (ms): 345
Floorplan Pose (x, y, angle): {'xy': array([1413.13702662, 1338.52434602]), 'ang': 174.12566873397444}
Best map key: ('Mahidol_University', 'ICT', '1.1_NetVlad')
Number of candidates after local matching: 50
PnP pairs 2D shape: (5790, 2) 3D shape: (5790, 3)
Multiframe time (ms): 738
Floorplan Pose (x, y, angle): {'xy': array([ 833.78348124, 1346.22888419]), 'ang': 257.1281985061687}
Best map key: ('Mahidol_University', 'ICT', '1.1_NetVlad')
Number of candidates after local matching: 50
PnP pairs 2D shape: (7951, 2) 3D shape: (7951, 3)
Multiframe time (ms): 625
Floorplan Pose (x, y, angle): {'xy': array([2527.43932506, 1680.45317092]), 'ang': 46.516792545973935}
Best map key: ('Mahidol_University', 'ICT', '1.1_NetVlad')
Number of candidates after local matching: 34
PnP pairs 2D shape: (3696, 2) 3D shape: (3696, 3)
Multiframe time (ms): 272
Floorplan Pose (x, y, angle): {'xy': array([1795.1341557, 1333.8513624]), 'ang': 264.83195008265625}
Best map key: ('Mahidol_University', 'ICT', '1.1_NetVlad')
Number of candidates after local matching: 46
PnP pairs 2D shape: (5394, 2) 3D shape: (5394, 3)
Multiframe time (ms): 574
Floorplan Pose (x, y, angle): {'xy': array([1490.35812362, 1338.26779855]), 'ang': 152.05295031470715}
Best map key: ('Mahidol_University', 'ICT', '1.1_NetVlad')
Number of candidates after local matching: 50
PnP pairs 2D shape: (5644, 2) 3D shape: (5644, 3)
Multiframe time (ms): 478
Floorplan Pose (x, y, angle): {'xy': array([2028.08865237,  884.67917954]), 'ang': 137.47436277722045}
Best map key: ('Mahidol_University', 'ICT', '1.1_NetVlad')
Number of candidates after local matching: 50
PnP pairs 2D shape: (9027, 2) 3D shape: (9027, 3)
Multiframe time (ms): 899
Floorplan Pose (x, y, angle): {'xy': array([2071.33573466,  839.74331668]), 'ang': 46.005049045616985}
Best map key: ('Mahidol_University', 'ICT', '1.1_NetVlad')
Number of candidates after local matching: 48
PnP pairs 2D shape: (4735, 2) 3D shape: (4735, 3)
Multiframe time (ms): 305
Floorplan Pose (x, y, angle): {'xy': array([2025.58325211,  867.77169427]), 'ang': 264.75332636848066}
Best map key: ('Mahidol_University', 'ICT', '1.1_NetVlad')
Number of candidates after local matching: 50
PnP pairs 2D shape: (5985, 2) 3D shape: (5985, 3)
Multiframe time (ms): 539
Floorplan Pose (x, y, angle): {'xy': array([1128.77712834, 1342.23756703]), 'ang': 0.6569837719208972}
Best map key: ('Mahidol_University', 'ICT', '1.1_NetVlad')
Number of candidates after local matching: 50
PnP pairs 2D shape: (11246, 2) 3D shape: (11246, 3)
Multiframe time (ms): 1606
Floorplan Pose (x, y, angle): {'xy': array([1784.97421706, 1857.57822678]), 'ang': 175.54665381217688}
Best map key: ('Mahidol_University', 'ICT', '1.1_NetVlad')
Number of candidates after local matching: 50
PnP pairs 2D shape: (7819, 2) 3D shape: (7819, 3)
Multiframe time (ms): 601
Floorplan Pose (x, y, angle): {'xy': array([1876.52017971, 1335.26496102]), 'ang': 31.82870450231268}
Best map key: ('Mahidol_University', 'ICT', '1.1_NetVlad')
Number of candidates after local matching: 50
PnP pairs 2D shape: (8413, 2) 3D shape: (8413, 3)
Multiframe time (ms): 638
Floorplan Pose (x, y, angle): {'xy': array([1937.39140158, 1714.60944382]), 'ang': 88.63096473341051}
Best map key: ('Mahidol_University', 'ICT', '1.1_NetVlad')
Number of candidates after local matching: 50
PnP pairs 2D shape: (10386, 2) 3D shape: (10386, 3)
Multiframe time (ms): 1281
Floorplan Pose (x, y, angle): {'xy': array([1873.12682934, 1335.01537385]), 'ang': 136.2192764631189}
Best map key: ('Mahidol_University', 'ICT', '1.1_NetVlad')
Number of candidates after local matching: 50
PnP pairs 2D shape: (5274, 2) 3D shape: (5274, 3)
Multiframe time (ms): 386
Floorplan Pose (x, y, angle): {'xy': array([2046.79518557,  852.42366295]), 'ang': 162.83319038973698}
Best map key: ('Mahidol_University', 'ICT', '1.1_NetVlad')
Number of candidates after local matching: 50
PnP pairs 2D shape: (12506, 2) 3D shape: (12506, 3)
Multiframe time (ms): 1261
Floorplan Pose (x, y, angle): {'xy': array([1784.7222542 , 1856.35059608]), 'ang': 262.76801173339015}
Best map key: ('Mahidol_University', 'ICT', '1.1_NetVlad')
Number of candidates after local matching: 50
PnP pairs 2D shape: (8195, 2) 3D shape: (8195, 3)
Multiframe time (ms): 761
Floorplan Pose (x, y, angle): {'xy': array([2026.63460653,  908.85580188]), 'ang': 339.4482690985045}
Best map key: ('Mahidol_University', 'ICT', '1.1_NetVlad')
Number of candidates after local matching: 50
PnP pairs 2D shape: (8086, 2) 3D shape: (8086, 3)
Multiframe time (ms): 750
Floorplan Pose (x, y, angle): {'xy': array([2069.61647196,  895.62680543]), 'ang': 123.8796320632103}
Best map key: None
Number of candidates after local matching: 0
PnP pairs 2D shape: (0, 2) 3D shape: (0, 3)
Multiframe time (ms): 0
Not enough 2D-3D correspondences for pose estimation.
Best map key: ('Mahidol_University', 'ICT', '1.1_NetVlad')
Number of candidates after local matching: 50
PnP pairs 2D shape: (12385, 2) 3D shape: (12385, 3)
Multiframe time (ms): 1223
Floorplan Pose (x, y, angle): {'xy': array([2163.46486122, 1470.58562376]), 'ang': 62.959866274342794}
Best map key: ('Mahidol_University', 'ICT', '1.1_NetVlad')
Number of candidates after local matching: 46
PnP pairs 2D shape: (5873, 2) 3D shape: (5873, 3)
Multiframe time (ms): 412
Floorplan Pose (x, y, angle): {'xy': array([2208.76355875, 1485.31365661]), 'ang': 302.13172119633333}
Best map key: ('Mahidol_University', 'ICT', '1.1_NetVlad')
Number of candidates after local matching: 50
PnP pairs 2D shape: (4932, 2) 3D shape: (4932, 3)
Multiframe time (ms): 317
Floorplan Pose (x, y, angle): {'xy': array([2022.90980958,  883.42550966]), 'ang': 158.98280482572213}
Best map key: ('Mahidol_University', 'ICT', '1.1_NetVlad')
Number of candidates after local matching: 50
PnP pairs 2D shape: (7059, 2) 3D shape: (7059, 3)
Multiframe time (ms): 464
Floorplan Pose (x, y, angle): {'xy': array([2287.84003052, 1688.51494664]), 'ang': 76.57857821503382}
Best map key: ('Mahidol_University', 'ICT', '1.1_NetVlad')
Number of candidates after local matching: 49
PnP pairs 2D shape: (7470, 2) 3D shape: (7470, 3)
Multiframe time (ms): 663
Floorplan Pose (x, y, angle): {'xy': array([2287.67886325, 1689.85657824]), 'ang': 121.02501071925742}
Best map key: ('Mahidol_University', 'ICT', '1.1_NetVlad')
Number of candidates after local matching: 50
PnP pairs 2D shape: (4905, 2) 3D shape: (4905, 3)
Multiframe time (ms): 435
Floorplan Pose (x, y, angle): {'xy': array([2078.21602859,  662.17408079]), 'ang': 199.46373005627743}
Best map key: ('Mahidol_University', 'ICT', '1.1_NetVlad')
Number of candidates after local matching: 16
PnP pairs 2D shape: (1028, 2) 3D shape: (1028, 3)
Multiframe time (ms): 97
Floorplan Pose (x, y, angle): {'xy': array([ 783.86930243, 1166.01745544]), 'ang': 176.6319890958926}
Best map key: ('Mahidol_University', 'ICT', '1.1_NetVlad')
Number of candidates after local matching: 41
PnP pairs 2D shape: (4682, 2) 3D shape: (4682, 3)
Multiframe time (ms): 430
Floorplan Pose (x, y, angle): {'xy': array([1482.19226341, 1556.11621007]), 'ang': 153.55750684883333}
Best map key: ('Mahidol_University', 'ICT', '1.1_NetVlad')
Number of candidates after local matching: 30
PnP pairs 2D shape: (3238, 2) 3D shape: (3238, 3)
Multiframe time (ms): 240
Floorplan Pose (x, y, angle): {'xy': array([1500.40475622, 1688.92095908]), 'ang': 202.905842287148}
Best map key: ('Mahidol_University', 'ICT', '1.1_NetVlad')
Number of candidates after local matching: 50
PnP pairs 2D shape: (8848, 2) 3D shape: (8848, 3)
Multiframe time (ms): 763
Floorplan Pose (x, y, angle): {'xy': array([2551.67976368, 1678.64514306]), 'ang': 352.464670815825}
Best map key: ('Mahidol_University', 'ICT', '1.1_NetVlad')
Number of candidates after local matching: 50
PnP pairs 2D shape: (10116, 2) 3D shape: (10116, 3)
Multiframe time (ms): 825
Floorplan Pose (x, y, angle): {'xy': array([1848.15892129, 1336.19172144]), 'ang': 133.33766347241547}
Best map key: ('Mahidol_University', 'ICT', '1.1_NetVlad')
Number of candidates after local matching: 50
PnP pairs 2D shape: (6572, 2) 3D shape: (6572, 3)
Multiframe time (ms): 828
Floorplan Pose (x, y, angle): {'xy': array([2052.07117714,  868.13738705]), 'ang': 128.1562289320651}
Best map key: ('Mahidol_University', 'ICT', '1.1_NetVlad')
Number of candidates after local matching: 50
PnP pairs 2D shape: (16134, 2) 3D shape: (16134, 3)
Multiframe time (ms): 1475
Floorplan Pose (x, y, angle): {'xy': array([2591.2974136 , 1679.79181002]), 'ang': 188.61217143389493}
Best map key: ('Mahidol_University', 'ICT', '1.1_NetVlad')
Number of candidates after local matching: 50
PnP pairs 2D shape: (10612, 2) 3D shape: (10612, 3)
Multiframe time (ms): 1003
Floorplan Pose (x, y, angle): {'xy': array([1950.98230162, 1339.27460589]), 'ang': 70.37119712602055}
Best map key: ('Mahidol_University', 'ICT', '1.1_NetVlad')
Number of candidates after local matching: 50
PnP pairs 2D shape: (9683, 2) 3D shape: (9683, 3)
Multiframe time (ms): 737
Floorplan Pose (x, y, angle): {'xy': array([2069.69171866,  888.12786925]), 'ang': 101.53473497177905}
Best map key: ('Mahidol_University', 'ICT', '1.1_NetVlad')
Number of candidates after local matching: 50
PnP pairs 2D shape: (7464, 2) 3D shape: (7464, 3)
Multiframe time (ms): 677
Floorplan Pose (x, y, angle): {'xy': array([2023.8031046 , 1148.39270679]), 'ang': 271.5182000844107}
Best map key: ('Mahidol_University', 'ICT', '1.1_NetVlad')
Number of candidates after local matching: 42
PnP pairs 2D shape: (4852, 2) 3D shape: (4852, 3)
Multiframe time (ms): 425
Floorplan Pose (x, y, angle): {'xy': array([2106.48676705, 1379.83190051]), 'ang': 359.4072612388219}
Best map key: ('Mahidol_University', 'ICT', '1.1_NetVlad')
Number of candidates after local matching: 43
PnP pairs 2D shape: (4120, 2) 3D shape: (4120, 3)
Multiframe time (ms): 310
Floorplan Pose (x, y, angle): {'xy': array([2007.61098205, 1159.40554772]), 'ang': 183.5077492350185}
Best map key: ('Mahidol_University', 'ICT', '1.1_NetVlad')
Number of candidates after local matching: 48
PnP pairs 2D shape: (7648, 2) 3D shape: (7648, 3)
Multiframe time (ms): 642
Floorplan Pose (x, y, angle): {'xy': array([1494.32466919, 1787.81670148]), 'ang': 183.71165050431637}
Best map key: ('Mahidol_University', 'ICT', '1.1_NetVlad')
Number of candidates after local matching: 49
PnP pairs 2D shape: (6845, 2) 3D shape: (6845, 3)
Multiframe time (ms): 604
Floorplan Pose (x, y, angle): {'xy': array([2073.2723072,  975.3301677]), 'ang': 342.45174769290395}
Best map key: ('Mahidol_University', 'ICT', '1.1_NetVlad')
Number of candidates after local matching: 50
PnP pairs 2D shape: (8114, 2) 3D shape: (8114, 3)
Multiframe time (ms): 831
Floorplan Pose (x, y, angle): {'xy': array([2027.7143962 ,  837.21723714]), 'ang': 79.57015169922047}
Best map key: ('Mahidol_University', 'ICT', '1.1_NetVlad')
Number of candidates after local matching: 50
PnP pairs 2D shape: (6202, 2) 3D shape: (6202, 3)
Multiframe time (ms): 462
Floorplan Pose (x, y, angle): {'xy': array([2082.98070944,  690.24180894]), 'ang': 63.607921203859725}
Best map key: ('Mahidol_University', 'ICT', '1.1_NetVlad')
Number of candidates after local matching: 15
PnP pairs 2D shape: (933, 2) 3D shape: (933, 3)
Multiframe time (ms): 80
Floorplan Pose (x, y, angle): {'xy': array([ 785.93175248, 1199.02161264]), 'ang': 143.83175950005833}
Best map key: ('Mahidol_University', 'ICT', '1.1_NetVlad')
Number of candidates after local matching: 46
PnP pairs 2D shape: (5553, 2) 3D shape: (5553, 3)
Multiframe time (ms): 690
Floorplan Pose (x, y, angle): {'xy': array([1530.78449105, 1855.09890058]), 'ang': 193.27085782444058}
Best map key: ('Mahidol_University', 'ICT', '1.1_NetVlad')
Number of candidates after local matching: 47
PnP pairs 2D shape: (4240, 2) 3D shape: (4240, 3)
Multiframe time (ms): 328
Floorplan Pose (x, y, angle): {'xy': array([2082.85010976,  689.59967459]), 'ang': 342.93452149836526}
Best map key: ('Mahidol_University', 'ICT', '1.1_NetVlad')
Number of candidates after local matching: 12
PnP pairs 2D shape: (794, 2) 3D shape: (794, 3)
Multiframe time (ms): 74
Floorplan Pose (x, y, angle): {'xy': array([ 957.29001096, 1353.75342042]), 'ang': 271.355932270241}
Best map key: ('Mahidol_University', 'ICT', '1.1_NetVlad')
Number of candidates after local matching: 2
PnP pairs 2D shape: (108, 2) 3D shape: (108, 3)
Multiframe time (ms): 22
Floorplan Pose (x, y, angle): {'xy': array([1300.58521813, 1342.56080149]), 'ang': 244.94620911219766}
Best map key: ('Mahidol_University', 'ICT', '1.1_NetVlad')
Number of candidates after local matching: 50
PnP pairs 2D shape: (10171, 2) 3D shape: (10171, 3)
Multiframe time (ms): 943
Floorplan Pose (x, y, angle): {'xy': array([2088.21633728, 1124.07722446]), 'ang': 92.32982171127333}
Best map key: ('Mahidol_University', 'ICT', '1.1_NetVlad')
Number of candidates after local matching: 50
PnP pairs 2D shape: (8694, 2) 3D shape: (8694, 3)
Multiframe time (ms): 790
Floorplan Pose (x, y, angle): {'xy': array([1225.80504023, 1342.07689114]), 'ang': 24.965792936773127}
Best map key: ('Mahidol_University', 'ICT', '1.1_NetVlad')
Number of candidates after local matching: 50
PnP pairs 2D shape: (11127, 2) 3D shape: (11127, 3)
Multiframe time (ms): 849
Floorplan Pose (x, y, angle): {'xy': array([1965.4417846 , 1710.46002627]), 'ang': 246.3701303122852}
Best map key: ('Mahidol_University', 'ICT', '1.1_NetVlad')
Number of candidates after local matching: 50
PnP pairs 2D shape: (12557, 2) 3D shape: (12557, 3)
Multiframe time (ms): 1062
Floorplan Pose (x, y, angle): {'xy': array([1815.60738758, 1784.84559908]), 'ang': 198.93177446889615}
Best map key: ('Mahidol_University', 'ICT', '1.1_NetVlad')
Number of candidates after local matching: 50
PnP pairs 2D shape: (7980, 2) 3D shape: (7980, 3)
Multiframe time (ms): 808
Floorplan Pose (x, y, angle): {'xy': array([2082.96739732, 1143.03963881]), 'ang': 208.58398801465418}
Best map key: ('Mahidol_University', 'ICT', '1.1_NetVlad')
Number of candidates after local matching: 50
PnP pairs 2D shape: (14600, 2) 3D shape: (14600, 3)
Multiframe time (ms): 1587
Floorplan Pose (x, y, angle): {'xy': array([2536.42694535, 1663.82605183]), 'ang': 152.61540343320178}
Best map key: ('Mahidol_University', 'ICT', '1.1_NetVlad')
Number of candidates after local matching: 37
PnP pairs 2D shape: (4984, 2) 3D shape: (4984, 3)
Multiframe time (ms): 407
Floorplan Pose (x, y, angle): {'xy': array([2114.87487358, 1385.46859651]), 'ang': 352.13535695419904}
Best map key: ('Mahidol_University', 'ICT', '1.1_NetVlad')
Number of candidates after local matching: 49
PnP pairs 2D shape: (4791, 2) 3D shape: (4791, 3)
Multiframe time (ms): 423
Floorplan Pose (x, y, angle): {'xy': array([2086.87930084,  687.18916576]), 'ang': 248.19787508301317}
Best map key: ('Mahidol_University', 'ICT', '1.1_NetVlad')
Number of candidates after local matching: 50
PnP pairs 2D shape: (12401, 2) 3D shape: (12401, 3)
Multiframe time (ms): 1106
Floorplan Pose (x, y, angle): {'xy': array([2139.27942137, 1467.86275339]), 'ang': 61.706549342923175}
Best map key: ('Mahidol_University', 'ICT', '1.1_NetVlad')
Number of candidates after local matching: 48
PnP pairs 2D shape: (7185, 2) 3D shape: (7185, 3)
Multiframe time (ms): 541
Floorplan Pose (x, y, angle): {'xy': array([2101.18245924, 1322.1148293 ]), 'ang': 185.65213618197424}
Best map key: ('Mahidol_University', 'ICT', '1.1_NetVlad')
Number of candidates after local matching: 47
PnP pairs 2D shape: (4518, 2) 3D shape: (4518, 3)
Multiframe time (ms): 316
Floorplan Pose (x, y, angle): {'xy': array([1296.36149292, 1354.19681526]), 'ang': 358.801128803401}
Best map key: ('Mahidol_University', 'ICT', '1.1_NetVlad')
Number of candidates after local matching: 50
PnP pairs 2D shape: (9136, 2) 3D shape: (9136, 3)
Multiframe time (ms): 786
Floorplan Pose (x, y, angle): {'xy': array([1787.17619574, 1857.25319356]), 'ang': 64.02416054686984}
Best map key: ('Mahidol_University', 'ICT', '1.1_NetVlad')
Number of candidates after local matching: 50
PnP pairs 2D shape: (9759, 2) 3D shape: (9759, 3)
Multiframe time (ms): 856
Floorplan Pose (x, y, angle): {'xy': array([2034.50762625, 1050.59094708]), 'ang': 36.54551627937807}
Best map key: ('Mahidol_University', 'ICT', '1.1_NetVlad')
Number of candidates after local matching: 50
PnP pairs 2D shape: (9962, 2) 3D shape: (9962, 3)
Multiframe time (ms): 939
Floorplan Pose (x, y, angle): {'xy': array([2020.3252724 ,  937.03851336]), 'ang': 77.85751376042263}
Best map key: ('Mahidol_University', 'ICT', '1.1_NetVlad')
Number of candidates after local matching: 50
PnP pairs 2D shape: (13145, 2) 3D shape: (13145, 3)
Multiframe time (ms): 2080
Floorplan Pose (x, y, angle): {'xy': array([2193.33431703, 1471.69812769]), 'ang': 115.98778948266023}
Best map key: ('Mahidol_University', 'ICT', '1.1_NetVlad')
Number of candidates after local matching: 50
PnP pairs 2D shape: (9800, 2) 3D shape: (9800, 3)
Multiframe time (ms): 723
Floorplan Pose (x, y, angle): {'xy': array([2012.47174974, 1258.43587916]), 'ang': 118.08859036572572}
Best map key: ('Mahidol_University', 'ICT', '1.1_NetVlad')
Number of candidates after local matching: 47
PnP pairs 2D shape: (6357, 2) 3D shape: (6357, 3)
Multiframe time (ms): 657
Floorplan Pose (x, y, angle): {'xy': array([ 776.46945407, 1313.30978023]), 'ang': 263.5968702156241}
Best map key: ('Mahidol_University', 'ICT', '1.1_NetVlad')
Number of candidates after local matching: 50
PnP pairs 2D shape: (9724, 2) 3D shape: (9724, 3)
Multiframe time (ms): 952
Floorplan Pose (x, y, angle): {'xy': array([2073.06369037,  866.74415983]), 'ang': 62.68169695145569}
Best map key: ('Mahidol_University', 'ICT', '1.1_NetVlad')
Number of candidates after local matching: 41
PnP pairs 2D shape: (3287, 2) 3D shape: (3287, 3)
Multiframe time (ms): 310
Floorplan Pose (x, y, angle): {'xy': array([2076.72970183,  708.34823976]), 'ang': 23.538069972847858}
Best map key: ('Mahidol_University', 'ICT', '1.1_NetVlad')
Number of candidates after local matching: 49
PnP pairs 2D shape: (4475, 2) 3D shape: (4475, 3)
Multiframe time (ms): 304
Floorplan Pose (x, y, angle): {'xy': array([2062.34993469,  640.99413886]), 'ang': 12.97858027215763}
Best map key: ('Mahidol_University', 'ICT', '1.1_NetVlad')
Number of candidates after local matching: 49
PnP pairs 2D shape: (6775, 2) 3D shape: (6775, 3)
Multiframe time (ms): 622
Floorplan Pose (x, y, angle): {'xy': array([2019.092469  , 1315.11088068]), 'ang': 55.424174887432876}
Best map key: ('Mahidol_University', 'ICT', '1.1_NetVlad')
Number of candidates after local matching: 1
PnP pairs 2D shape: (51, 2) 3D shape: (51, 3)
Multiframe time (ms): 15
Floorplan Pose (x, y, angle): {'xy': array([ 772.42727102, 1330.48968675]), 'ang': 86.67621639450451}
Best map key: ('Mahidol_University', 'ICT', '1.1_NetVlad')
Number of candidates after local matching: 50
PnP pairs 2D shape: (15022, 2) 3D shape: (15022, 3)
Multiframe time (ms): 1671
Floorplan Pose (x, y, angle): {'xy': array([1800.55347087, 1831.65548343]), 'ang': 325.55394409186647}
Best map key: ('Mahidol_University', 'ICT', '1.1_NetVlad')
Number of candidates after local matching: 44
PnP pairs 2D shape: (5662, 2) 3D shape: (5662, 3)
Multiframe time (ms): 604
Floorplan Pose (x, y, angle): {'xy': array([1072.05239686, 1359.2276096 ]), 'ang': 168.32406584780344}
Best map key: ('Mahidol_University', 'ICT', '1.1_NetVlad')
Number of candidates after local matching: 50
PnP pairs 2D shape: (9488, 2) 3D shape: (9488, 3)
Multiframe time (ms): 822
Floorplan Pose (x, y, angle): {'xy': array([1826.30214734, 1737.17797802]), 'ang': 94.17754904298381}
Best map key: ('Mahidol_University', 'ICT', '1.1_NetVlad')
Number of candidates after local matching: 50
PnP pairs 2D shape: (13180, 2) 3D shape: (13180, 3)
Multiframe time (ms): 1407
Floorplan Pose (x, y, angle): {'xy': array([2130.14991336, 1457.66956659]), 'ang': 104.56880569452453}
Best map key: ('Mahidol_University', 'ICT', '1.1_NetVlad')
Number of candidates after local matching: 50
PnP pairs 2D shape: (9532, 2) 3D shape: (9532, 3)
Multiframe time (ms): 984
Floorplan Pose (x, y, angle): {'xy': array([2640.32376323, 1772.1855302 ]), 'ang': 264.5540825914294}
Best map key: ('Mahidol_University', 'ICT', '1.1_NetVlad')
Number of candidates after local matching: 50
PnP pairs 2D shape: (5299, 2) 3D shape: (5299, 3)
Multiframe time (ms): 479
Floorplan Pose (x, y, angle): {'xy': array([1013.40599763, 1356.50572035]), 'ang': 186.99650066708912}
Best map key: ('Mahidol_University', 'ICT', '1.1_NetVlad')
Number of candidates after local matching: 50
PnP pairs 2D shape: (11827, 2) 3D shape: (11827, 3)
Multiframe time (ms): 960
Floorplan Pose (x, y, angle): {'xy': array([1695.93791911, 1871.02929424]), 'ang': 210.72225150533794}
Best map key: ('Mahidol_University', 'ICT', '1.1_NetVlad')
Number of candidates after local matching: 47
PnP pairs 2D shape: (13740, 2) 3D shape: (13740, 3)
Multiframe time (ms): 1485
Floorplan Pose (x, y, angle): {'xy': array([1989.66227232, 1710.98661316]), 'ang': 329.1876136668877}
Best map key: ('Mahidol_University', 'ICT', '1.1_NetVlad')
Number of candidates after local matching: 50
PnP pairs 2D shape: (8662, 2) 3D shape: (8662, 3)
Multiframe time (ms): 558
Floorplan Pose (x, y, angle): {'xy': array([2039.08266196, 1021.23568755]), 'ang': 315.1028249942158}
Best map key: ('Mahidol_University', 'ICT', '1.1_NetVlad')
Number of candidates after local matching: 50
PnP pairs 2D shape: (9600, 2) 3D shape: (9600, 3)
Multiframe time (ms): 769
Floorplan Pose (x, y, angle): {'xy': array([2086.3531013 , 1280.08639139]), 'ang': 64.55202573242741}
Best map key: ('Mahidol_University', 'ICT', '1.1_NetVlad')
Number of candidates after local matching: 50
PnP pairs 2D shape: (7596, 2) 3D shape: (7596, 3)
Multiframe time (ms): 815
Floorplan Pose (x, y, angle): {'xy': array([2629.86895171, 1685.72529365]), 'ang': 308.22142477996294}
Best map key: ('Mahidol_University', 'ICT', '1.1_NetVlad')
Number of candidates after local matching: 50
PnP pairs 2D shape: (6854, 2) 3D shape: (6854, 3)
Multiframe time (ms): 421
Floorplan Pose (x, y, angle): {'xy': array([2071.69145812, 1198.0965279 ]), 'ang': 185.18864513736165}
Best map key: ('Mahidol_University', 'ICT', '1.1_NetVlad')
Number of candidates after local matching: 44
PnP pairs 2D shape: (5043, 2) 3D shape: (5043, 3)
Multiframe time (ms): 547
Floorplan Pose (x, y, angle): {'xy': array([1722.12976165, 1330.17299864]), 'ang': 181.05311399544894}
Best map key: ('Mahidol_University', 'ICT', '1.1_NetVlad')
Number of candidates after local matching: 50
PnP pairs 2D shape: (8876, 2) 3D shape: (8876, 3)
Multiframe time (ms): 781
Floorplan Pose (x, y, angle): {'xy': array([2026.63040621, 1201.76848294]), 'ang': 60.01212098886878}
Best map key: ('Mahidol_University', 'ICT', '1.1_NetVlad')
Number of candidates after local matching: 50
PnP pairs 2D shape: (11117, 2) 3D shape: (11117, 3)
Multiframe time (ms): 883
Floorplan Pose (x, y, angle): {'xy': array([2632.36541075, 1767.57827279]), 'ang': 227.09092853167994}
Best map key: ('Mahidol_University', 'ICT', '1.1_NetVlad')
Number of candidates after local matching: 40
PnP pairs 2D shape: (3687, 2) 3D shape: (3687, 3)
Multiframe time (ms): 359
Floorplan Pose (x, y, angle): {'xy': array([2031.58638677,  801.45719591]), 'ang': 302.3909718953925}
Best map key: ('Mahidol_University', 'ICT', '1.1_NetVlad')
Number of candidates after local matching: 47
PnP pairs 2D shape: (4323, 2) 3D shape: (4323, 3)
Multiframe time (ms): 441
Floorplan Pose (x, y, angle): {'xy': array([ 787.6634702 , 1335.66288553]), 'ang': 226.40606681739968}
Best map key: ('Mahidol_University', 'ICT', '1.1_NetVlad')
Number of candidates after local matching: 50
PnP pairs 2D shape: (5943, 2) 3D shape: (5943, 3)
Multiframe time (ms): 465
Floorplan Pose (x, y, angle): {'xy': array([2084.42731826,  731.01625991]), 'ang': 49.9186810443864}
Best map key: ('Mahidol_University', 'ICT', '1.1_NetVlad')
Number of candidates after local matching: 33
PnP pairs 2D shape: (3559, 2) 3D shape: (3559, 3)
Multiframe time (ms): 282
Floorplan Pose (x, y, angle): {'xy': array([1501.56898245, 1660.84093575]), 'ang': 183.3515568628696}
Best map key: ('Mahidol_University', 'ICT', '1.1_NetVlad')
Number of candidates after local matching: 50
PnP pairs 2D shape: (8592, 2) 3D shape: (8592, 3)
Multiframe time (ms): 1217
Floorplan Pose (x, y, angle): {'xy': array([2053.90264604,  844.0368139 ]), 'ang': 75.06333099143119}
Best map key: ('Mahidol_University', 'ICT', '1.1_NetVlad')
Number of candidates after local matching: 34
PnP pairs 2D shape: (3325, 2) 3D shape: (3325, 3)
Multiframe time (ms): 406
Floorplan Pose (x, y, angle): {'xy': array([ 814.35693959, 1204.2273602 ]), 'ang': 93.62844792882962}
Best map key: ('Mahidol_University', 'ICT', '1.1_NetVlad')
Number of candidates after local matching: 50
PnP pairs 2D shape: (9936, 2) 3D shape: (9936, 3)
Multiframe time (ms): 1128
Floorplan Pose (x, y, angle): {'xy': array([2017.06179529,  851.96767803]), 'ang': 45.83318161091178}
Best map key: None
Number of candidates after local matching: 0
PnP pairs 2D shape: (0, 2) 3D shape: (0, 3)
Multiframe time (ms): 0
Not enough 2D-3D correspondences for pose estimation.
Best map key: ('Mahidol_University', 'ICT', '1.1_NetVlad')
Number of candidates after local matching: 50
PnP pairs 2D shape: (4538, 2) 3D shape: (4538, 3)
Multiframe time (ms): 325
Floorplan Pose (x, y, angle): {'xy': array([2032.76224254,  622.91179163]), 'ang': 90.00117982884541}
Best map key: ('Mahidol_University', 'ICT', '1.1_NetVlad')
Number of candidates after local matching: 30
PnP pairs 2D shape: (2719, 2) 3D shape: (2719, 3)
Multiframe time (ms): 204
Floorplan Pose (x, y, angle): {'xy': array([1500.21158231, 1632.69000591]), 'ang': 181.1463926037873}
Best map key: ('Mahidol_University', 'ICT', '1.1_NetVlad')
Number of candidates after local matching: 49
PnP pairs 2D shape: (9305, 2) 3D shape: (9305, 3)
Multiframe time (ms): 879
Floorplan Pose (x, y, angle): {'xy': array([2551.75309448, 1676.26373526]), 'ang': 234.17930665526865}
Best map key: ('Mahidol_University', 'ICT', '1.1_NetVlad')
Number of candidates after local matching: 31
PnP pairs 2D shape: (2748, 2) 3D shape: (2748, 3)
Multiframe time (ms): 240
Floorplan Pose (x, y, angle): {'xy': array([2105.62972829, 1351.09064493]), 'ang': 2.012036781012611}
Best map key: ('Mahidol_University', 'ICT', '1.1_NetVlad')
Number of candidates after local matching: 50
PnP pairs 2D shape: (10590, 2) 3D shape: (10590, 3)
Multiframe time (ms): 1114
Floorplan Pose (x, y, angle): {'xy': array([2179.12314282, 1527.36793477]), 'ang': 56.6830246422233}
Best map key: ('Mahidol_University', 'ICT', '1.1_NetVlad')
Number of candidates after local matching: 50
PnP pairs 2D shape: (7679, 2) 3D shape: (7679, 3)
Multiframe time (ms): 868
Floorplan Pose (x, y, angle): {'xy': array([2516.49684808, 1808.63197541]), 'ang': 28.658451407882588}
Best map key: ('Mahidol_University', 'ICT', '1.1_NetVlad')
Number of candidates after local matching: 48
PnP pairs 2D shape: (5000, 2) 3D shape: (5000, 3)
Multiframe time (ms): 510
Floorplan Pose (x, y, angle): {'xy': array([ 954.10273871, 1355.02252843]), 'ang': 186.0239201497023}
Best map key: ('Mahidol_University', 'ICT', '1.1_NetVlad')
Number of candidates after local matching: 50
PnP pairs 2D shape: (7655, 2) 3D shape: (7655, 3)
Multiframe time (ms): 574
Floorplan Pose (x, y, angle): {'xy': array([1335.14678457, 1412.28472269]), 'ang': 354.32248489169257}
Best map key: ('Mahidol_University', 'ICT', '1.1_NetVlad')
Number of candidates after local matching: 50
PnP pairs 2D shape: (9381, 2) 3D shape: (9381, 3)
Multiframe time (ms): 955
Floorplan Pose (x, y, angle): {'xy': array([2076.17152546, 1001.85414269]), 'ang': 62.795329208086635}
Best map key: ('Mahidol_University', 'ICT', '1.1_NetVlad')
Number of candidates after local matching: 50
PnP pairs 2D shape: (5775, 2) 3D shape: (5775, 3)
Multiframe time (ms): 483
Floorplan Pose (x, y, angle): {'xy': array([2079.93657802,  812.4968733 ]), 'ang': 145.08205392332536}
Best map key: ('Mahidol_University', 'ICT', '1.1_NetVlad')
Number of candidates after local matching: 50
PnP pairs 2D shape: (6425, 2) 3D shape: (6425, 3)
Multiframe time (ms): 421
Floorplan Pose (x, y, angle): {'xy': array([2140.24053491, 1698.2591195 ]), 'ang': 64.93095670976385}
Best map key: ('Mahidol_University', 'ICT', '1.1_NetVlad')
Number of candidates after local matching: 46
PnP pairs 2D shape: (4231, 2) 3D shape: (4231, 3)
Multiframe time (ms): 374
Floorplan Pose (x, y, angle): {'xy': array([2046.62658191,  679.1658622 ]), 'ang': 218.08557932815071}
Best map key: ('Mahidol_University', 'ICT', '1.1_NetVlad')
Number of candidates after local matching: 50
PnP pairs 2D shape: (7485, 2) 3D shape: (7485, 3)
Multiframe time (ms): 716
Floorplan Pose (x, y, angle): {'xy': array([2091.81584199, 1311.08776222]), 'ang': 182.7483412594462}
Best map key: ('Mahidol_University', 'ICT', '1.1_NetVlad')
Number of candidates after local matching: 50
PnP pairs 2D shape: (9998, 2) 3D shape: (9998, 3)
Multiframe time (ms): 784
Floorplan Pose (x, y, angle): {'xy': array([1798.16475649, 1334.99240766]), 'ang': 48.77684476606874}
Best map key: ('Mahidol_University', 'ICT', '1.1_NetVlad')
Number of candidates after local matching: 50
PnP pairs 2D shape: (10253, 2) 3D shape: (10253, 3)
Multiframe time (ms): 804
Floorplan Pose (x, y, angle): {'xy': array([2071.58719247, 1052.72173323]), 'ang': 61.165053956717735}
Best map key: ('Mahidol_University', 'ICT', '1.1_NetVlad')
Number of candidates after local matching: 50
PnP pairs 2D shape: (7443, 2) 3D shape: (7443, 3)
Multiframe time (ms): 698
Floorplan Pose (x, y, angle): {'xy': array([2031.44884774, 1249.72318937]), 'ang': 15.425158993268086}
Best map key: ('Mahidol_University', 'ICT', '1.1_NetVlad')
Number of candidates after local matching: 29
PnP pairs 2D shape: (2813, 2) 3D shape: (2813, 3)
Multiframe time (ms): 168
Floorplan Pose (x, y, angle): {'xy': array([1153.57656072, 1341.5365948 ]), 'ang': 64.85425259443848}
Best map key: ('Mahidol_University', 'ICT', '1.1_NetVlad')
Number of candidates after local matching: 42
PnP pairs 2D shape: (3611, 2) 3D shape: (3611, 3)
Multiframe time (ms): 260
Floorplan Pose (x, y, angle): {'xy': array([1319.43149161, 1365.47311399]), 'ang': 163.46313022273034}
Best map key: ('Mahidol_University', 'ICT', '1.1_NetVlad')
Number of candidates after local matching: 48
PnP pairs 2D shape: (5101, 2) 3D shape: (5101, 3)
Multiframe time (ms): 449
Floorplan Pose (x, y, angle): {'xy': array([2024.72319391,  856.91765988]), 'ang': 203.5251598586006}
Best map key: ('Mahidol_University', 'ICT', '1.1_NetVlad')
Number of candidates after local matching: 50
PnP pairs 2D shape: (19515, 2) 3D shape: (19515, 3)
Multiframe time (ms): 2066
Floorplan Pose (x, y, angle): {'xy': array([1634.83391756, 1869.04207298]), 'ang': 335.1594193129012}
Best map key: ('Mahidol_University', 'ICT', '1.1_NetVlad')
Number of candidates after local matching: 48
PnP pairs 2D shape: (4332, 2) 3D shape: (4332, 3)
Multiframe time (ms): 335
Floorplan Pose (x, y, angle): {'xy': array([1125.64658984, 1359.07084757]), 'ang': 333.16526511055594}
Best map key: ('Mahidol_University', 'ICT', '1.1_NetVlad')
Number of candidates after local matching: 50
PnP pairs 2D shape: (13069, 2) 3D shape: (13069, 3)
Multiframe time (ms): 1412
Floorplan Pose (x, y, angle): {'xy': array([2163.50912865, 1691.45894473]), 'ang': 1.4863348220220247}
Best map key: ('Mahidol_University', 'ICT', '1.1_NetVlad')
Number of candidates after local matching: 48
PnP pairs 2D shape: (5140, 2) 3D shape: (5140, 3)
Multiframe time (ms): 566
Floorplan Pose (x, y, angle): {'xy': array([2028.33186928,  609.08414582]), 'ang': 247.82464395457285}
Best map key: ('Mahidol_University', 'ICT', '1.1_NetVlad')
Number of candidates after local matching: 40
PnP pairs 2D shape: (3330, 2) 3D shape: (3330, 3)
Multiframe time (ms): 251
Floorplan Pose (x, y, angle): {'xy': array([2025.72774263,  807.00064612]), 'ang': 161.52216759909257}
Best map key: ('Mahidol_University', 'ICT', '1.1_NetVlad')
Number of candidates after local matching: 47
PnP pairs 2D shape: (5512, 2) 3D shape: (5512, 3)
Multiframe time (ms): 633
Floorplan Pose (x, y, angle): {'xy': array([2075.40480062,  895.08065027]), 'ang': 227.276004103544}
Best map key: ('Mahidol_University', 'ICT', '1.1_NetVlad')
Number of candidates after local matching: 7
PnP pairs 2D shape: (548, 2) 3D shape: (548, 3)
Multiframe time (ms): 45
Floorplan Pose (x, y, angle): {'xy': array([1722.44317353, 1331.93153207]), 'ang': 268.09591627583643}
Best map key: ('Mahidol_University', 'ICT', '1.1_NetVlad')
Number of candidates after local matching: 50
PnP pairs 2D shape: (9663, 2) 3D shape: (9663, 3)
Multiframe time (ms): 818
Floorplan Pose (x, y, angle): {'xy': array([2025.22776714, 1146.78213131]), 'ang': 59.55679241532185}
Best map key: ('Mahidol_University', 'ICT', '1.1_NetVlad')
Number of candidates after local matching: 21
PnP pairs 2D shape: (1378, 2) 3D shape: (1378, 3)
Multiframe time (ms): 123
Floorplan Pose (x, y, angle): {'xy': array([ 905.06110713, 1352.5102809 ]), 'ang': 227.00010622936728}
Best map key: ('Mahidol_University', 'ICT', '1.1_NetVlad')
Number of candidates after local matching: 50
PnP pairs 2D shape: (12104, 2) 3D shape: (12104, 3)
Multiframe time (ms): 1026
Floorplan Pose (x, y, angle): {'xy': array([2344.0827414 , 1716.17605911]), 'ang': 241.58898276529123}
Best map key: ('Mahidol_University', 'ICT', '1.1_NetVlad')
Number of candidates after local matching: 50
PnP pairs 2D shape: (8813, 2) 3D shape: (8813, 3)
Multiframe time (ms): 838
Floorplan Pose (x, y, angle): {'xy': array([2008.82245593, 1283.11531245]), 'ang': 58.03919979488656}
Best map key: ('Mahidol_University', 'ICT', '1.1_NetVlad')
Number of candidates after local matching: 50
PnP pairs 2D shape: (17496, 2) 3D shape: (17496, 3)
Multiframe time (ms): 1718
Floorplan Pose (x, y, angle): {'xy': array([2398.37164072, 1689.83061172]), 'ang': 191.55440382121333}
Best map key: ('Mahidol_University', 'ICT', '1.1_NetVlad')
Number of candidates after local matching: 40
PnP pairs 2D shape: (4137, 2) 3D shape: (4137, 3)
Multiframe time (ms): 438
Floorplan Pose (x, y, angle): {'xy': array([ 817.41040985, 1215.15255398]), 'ang': 210.23600509145678}
Best map key: ('Mahidol_University', 'ICT', '1.1_NetVlad')
Number of candidates after local matching: 50
PnP pairs 2D shape: (13721, 2) 3D shape: (13721, 3)
Multiframe time (ms): 1765
Floorplan Pose (x, y, angle): {'xy': array([2108.65404569, 1699.69017703]), 'ang': 8.265417986389018}
Best map key: ('Mahidol_University', 'ICT', '1.1_NetVlad')
Number of candidates after local matching: 46
PnP pairs 2D shape: (4161, 2) 3D shape: (4161, 3)
Multiframe time (ms): 385
Floorplan Pose (x, y, angle): {'xy': array([ 899.78217936, 1356.50624775]), 'ang': 192.25701565908304}
Best map key: ('Mahidol_University', 'ICT', '1.1_NetVlad')
Number of candidates after local matching: 50
PnP pairs 2D shape: (4458, 2) 3D shape: (4458, 3)
Multiframe time (ms): 403
Floorplan Pose (x, y, angle): {'xy': array([2054.3474113 ,  708.27096911]), 'ang': 217.78801496250077}
Best map key: ('Mahidol_University', 'ICT', '1.1_NetVlad')
Number of candidates after local matching: 50
PnP pairs 2D shape: (16331, 2) 3D shape: (16331, 3)
Multiframe time (ms): 1529
Floorplan Pose (x, y, angle): {'xy': array([1559.79248591, 1873.06238717]), 'ang': 315.80132278029566}
Best map key: ('Mahidol_University', 'ICT', '1.1_NetVlad')
Number of candidates after local matching: 50
PnP pairs 2D shape: (14143, 2) 3D shape: (14143, 3)
Multiframe time (ms): 1022
Floorplan Pose (x, y, angle): {'xy': array([2210.73727416, 1490.46723994]), 'ang': 169.2247857020474}
Best map key: ('Mahidol_University', 'ICT', '1.1_NetVlad')
Number of candidates after local matching: 50
PnP pairs 2D shape: (7645, 2) 3D shape: (7645, 3)
Multiframe time (ms): 768
Floorplan Pose (x, y, angle): {'xy': array([2046.53620149,  852.08998152]), 'ang': 23.310619502969388}
Best map key: ('Mahidol_University', 'ICT', '1.1_NetVlad')
Number of candidates after local matching: 50
PnP pairs 2D shape: (16496, 2) 3D shape: (16496, 3)
Multiframe time (ms): 1770
Floorplan Pose (x, y, angle): {'xy': array([1501.51549166, 1689.75945758]), 'ang': 24.602410024692173}
Best map key: ('Mahidol_University', 'ICT', '1.1_NetVlad')
Number of candidates after local matching: 35
PnP pairs 2D shape: (2971, 2) 3D shape: (2971, 3)
Multiframe time (ms): 242
Floorplan Pose (x, y, angle): {'xy': array([ 770.3118715 , 1177.68384018]), 'ang': 258.6204689579856}
Best map key: ('Mahidol_University', 'ICT', '1.1_NetVlad')
Number of candidates after local matching: 47
PnP pairs 2D shape: (4890, 2) 3D shape: (4890, 3)
Multiframe time (ms): 442
Floorplan Pose (x, y, angle): {'xy': array([1031.18485904, 1353.84269777]), 'ang': 211.84620956800595}
Best map key: ('Mahidol_University', 'ICT', '1.1_NetVlad')
Number of candidates after local matching: 49
PnP pairs 2D shape: (5199, 2) 3D shape: (5199, 3)
Multiframe time (ms): 593
Floorplan Pose (x, y, angle): {'xy': array([2067.04321442,  640.71348389]), 'ang': 197.11375018055335}
Best map key: ('Mahidol_University', 'ICT', '1.1_NetVlad')
Number of candidates after local matching: 50
PnP pairs 2D shape: (10746, 2) 3D shape: (10746, 3)
Multiframe time (ms): 862
Floorplan Pose (x, y, angle): {'xy': array([2499.6758898 , 1680.62715172]), 'ang': 109.51502919505187}
Best map key: ('Mahidol_University', 'ICT', '1.1_NetVlad')
Number of candidates after local matching: 50
PnP pairs 2D shape: (11159, 2) 3D shape: (11159, 3)
Multiframe time (ms): 999
Floorplan Pose (x, y, angle): {'xy': array([1504.19869419, 1630.02422518]), 'ang': 316.22285641702103}
Best map key: ('Mahidol_University', 'ICT', '1.1_NetVlad')
Number of candidates after local matching: 50
PnP pairs 2D shape: (12335, 2) 3D shape: (12335, 3)
Multiframe time (ms): 995
Floorplan Pose (x, y, angle): {'xy': array([1786.06662308, 1858.59200396]), 'ang': 282.70960854942786}
Best map key: ('Mahidol_University', 'ICT', '1.1_NetVlad')
Number of candidates after local matching: 45
PnP pairs 2D shape: (4208, 2) 3D shape: (4208, 3)
Multiframe time (ms): 499
Floorplan Pose (x, y, angle): {'xy': array([1556.62164315, 1333.70459599]), 'ang': 187.14220331095314}
Best map key: ('Mahidol_University', 'ICT', '1.1_NetVlad')
Number of candidates after local matching: 49
PnP pairs 2D shape: (9079, 2) 3D shape: (9079, 3)
Multiframe time (ms): 1078
Floorplan Pose (x, y, angle): {'xy': array([2028.76023588, 1227.71509568]), 'ang': 60.145009785678695}
Best map key: ('Mahidol_University', 'ICT', '1.1_NetVlad')
Number of candidates after local matching: 45
PnP pairs 2D shape: (5811, 2) 3D shape: (5811, 3)
Multiframe time (ms): 526
Floorplan Pose (x, y, angle): {'xy': array([2639.65133122, 1750.5874873 ]), 'ang': 317.9449575095007}
Best map key: ('Mahidol_University', 'ICT', '1.1_NetVlad')
Number of candidates after local matching: 42
PnP pairs 2D shape: (3568, 2) 3D shape: (3568, 3)
Multiframe time (ms): 258
Floorplan Pose (x, y, angle): {'xy': array([1443.85033824, 1335.50460133]), 'ang': 182.683657321204}
Best map key: ('Mahidol_University', 'ICT', '1.1_NetVlad')
Number of candidates after local matching: 46
PnP pairs 2D shape: (8951, 2) 3D shape: (8951, 3)
Multiframe time (ms): 1001
Floorplan Pose (x, y, angle): {'xy': array([2119.68587872, 1409.94681813]), 'ang': 359.97539844018314}
Best map key: ('Mahidol_University', 'ICT', '1.1_NetVlad')
Number of candidates after local matching: 50
PnP pairs 2D shape: (8672, 2) 3D shape: (8672, 3)
Multiframe time (ms): 989
Floorplan Pose (x, y, angle): {'xy': array([2582.78860294, 1669.61871633]), 'ang': 106.21158806704508}
Best map key: ('Mahidol_University', 'ICT', '1.1_NetVlad')
Number of candidates after local matching: 50
PnP pairs 2D shape: (7929, 2) 3D shape: (7929, 3)
Multiframe time (ms): 548
Floorplan Pose (x, y, angle): {'xy': array([2038.40138403,  978.17616144]), 'ang': 18.467076821140918}
Best map key: ('Mahidol_University', 'ICT', '1.1_NetVlad')
Number of candidates after local matching: 2
PnP pairs 2D shape: (119, 2) 3D shape: (119, 3)
Multiframe time (ms): 15
Floorplan Pose (x, y, angle): {'xy': array([ 773.6949472 , 1282.57073862]), 'ang': 192.2069260124899}
Best map key: ('Mahidol_University', 'ICT', '1.1_NetVlad')
Number of candidates after local matching: 46
PnP pairs 2D shape: (4518, 2) 3D shape: (4518, 3)
Multiframe time (ms): 340
Floorplan Pose (x, y, angle): {'xy': array([2054.50191035,  656.63958924]), 'ang': 65.72441790691632}
Best map key: ('Mahidol_University', 'ICT', '1.1_NetVlad')
Number of candidates after local matching: 29
PnP pairs 2D shape: (3776, 2) 3D shape: (3776, 3)
Multiframe time (ms): 335
Floorplan Pose (x, y, angle): {'xy': array([1207.15899461, 1351.13517398]), 'ang': 106.54187819746116}
Best map key: ('Mahidol_University', 'ICT', '1.1_NetVlad')
Number of candidates after local matching: 50
PnP pairs 2D shape: (10260, 2) 3D shape: (10260, 3)
Multiframe time (ms): 837
Floorplan Pose (x, y, angle): {'xy': array([1852.3597064 , 1730.49864332]), 'ang': 66.72597199356763}
Best map key: ('Mahidol_University', 'ICT', '1.1_NetVlad')
Number of candidates after local matching: 46
PnP pairs 2D shape: (4557, 2) 3D shape: (4557, 3)
Multiframe time (ms): 359
Floorplan Pose (x, y, angle): {'xy': array([2035.97072151,  752.43541243]), 'ang': 22.768941285759148}
Best map key: ('Mahidol_University', 'ICT', '1.1_NetVlad')
Number of candidates after local matching: 42
PnP pairs 2D shape: (5997, 2) 3D shape: (5997, 3)
Multiframe time (ms): 348
Floorplan Pose (x, y, angle): {'xy': array([1471.82061498, 1531.15306344]), 'ang': 177.2263162978351}
Best map key: ('Mahidol_University', 'ICT', '1.1_NetVlad')
Number of candidates after local matching: 47
PnP pairs 2D shape: (6166, 2) 3D shape: (6166, 3)
Multiframe time (ms): 534
Floorplan Pose (x, y, angle): {'xy': array([ 923.07092325, 1344.26327568]), 'ang': 123.45314886273535}
Best map key: ('Mahidol_University', 'ICT', '1.1_NetVlad')
Number of candidates after local matching: 50
PnP pairs 2D shape: (11417, 2) 3D shape: (11417, 3)
Multiframe time (ms): 1464
Floorplan Pose (x, y, angle): {'xy': array([2630.15155324, 1799.22781734]), 'ang': 157.62890549024573}
Best map key: ('Mahidol_University', 'ICT', '1.1_NetVlad')
Number of candidates after local matching: 50
PnP pairs 2D shape: (7903, 2) 3D shape: (7903, 3)
Multiframe time (ms): 628
Floorplan Pose (x, y, angle): {'xy': array([1496.76191771, 1628.29562376]), 'ang': 261.5968524323665}
Best map key: ('Mahidol_University', 'ICT', '1.1_NetVlad')
Number of candidates after local matching: 43
PnP pairs 2D shape: (5526, 2) 3D shape: (5526, 3)
Multiframe time (ms): 394
Floorplan Pose (x, y, angle): {'xy': array([1005.94014818, 1353.01896552]), 'ang': 26.34896411956393}
Best map key: None
Number of candidates after local matching: 0
PnP pairs 2D shape: (0, 2) 3D shape: (0, 3)
Multiframe time (ms): 0
Not enough 2D-3D correspondences for pose estimation.
Best map key: ('Mahidol_University', 'ICT', '1.1_NetVlad')
Number of candidates after local matching: 48
PnP pairs 2D shape: (6668, 2) 3D shape: (6668, 3)
Multiframe time (ms): 443
Floorplan Pose (x, y, angle): {'xy': array([2101.48279436, 1248.92936911]), 'ang': 304.28221931449843}
Best map key: ('Mahidol_University', 'ICT', '1.1_NetVlad')
Number of candidates after local matching: 48
PnP pairs 2D shape: (4496, 2) 3D shape: (4496, 3)
Multiframe time (ms): 402
Floorplan Pose (x, y, angle): {'xy': array([2052.78797812,  651.31194955]), 'ang': 34.34380535096039}
Best map key: ('Mahidol_University', 'ICT', '1.1_NetVlad')
Number of candidates after local matching: 50
PnP pairs 2D shape: (9453, 2) 3D shape: (9453, 3)
Multiframe time (ms): 965
Floorplan Pose (x, y, angle): {'xy': array([2102.4287145 , 1324.01835454]), 'ang': 104.73178250532165}
Best map key: ('Mahidol_University', 'ICT', '1.1_NetVlad')
Number of candidates after local matching: 48
PnP pairs 2D shape: (5472, 2) 3D shape: (5472, 3)
Multiframe time (ms): 456
Floorplan Pose (x, y, angle): {'xy': array([1492.99925737, 1338.51768221]), 'ang': 8.392905945749078}
Best map key: ('Mahidol_University', 'ICT', '1.1_NetVlad')
Number of candidates after local matching: 46
PnP pairs 2D shape: (4990, 2) 3D shape: (4990, 3)
Multiframe time (ms): 384
Floorplan Pose (x, y, angle): {'xy': array([1622.07851868, 1338.58740475]), 'ang': 186.51346894114505}
Best map key: ('Mahidol_University', 'ICT', '1.1_NetVlad')
Number of candidates after local matching: 1
PnP pairs 2D shape: (69, 2) 3D shape: (69, 3)
Multiframe time (ms): 20
Floorplan Pose (x, y, angle): {'xy': array([1049.58546912, 1344.79222895]), 'ang': 308.95629563830164}
Best map key: ('Mahidol_University', 'ICT', '1.1_NetVlad')
Number of candidates after local matching: 50
PnP pairs 2D shape: (14198, 2) 3D shape: (14198, 3)
Multiframe time (ms): 1656
Floorplan Pose (x, y, angle): {'xy': array([1759.57239334, 1867.87297819]), 'ang': 357.90968256890164}
Best map key: ('Mahidol_University', 'ICT', '1.1_NetVlad')
Number of candidates after local matching: 48
PnP pairs 2D shape: (7096, 2) 3D shape: (7096, 3)
Multiframe time (ms): 640
Floorplan Pose (x, y, angle): {'xy': array([1335.14724288, 1413.6997133 ]), 'ang': 118.35444714305083}
Best map key: ('Mahidol_University', 'ICT', '1.1_NetVlad')
Number of candidates after local matching: 50
PnP pairs 2D shape: (8143, 2) 3D shape: (8143, 3)
Multiframe time (ms): 727
Floorplan Pose (x, y, angle): {'xy': array([2030.14986043, 1159.74110064]), 'ang': 37.56906243241705}
Best map key: ('Mahidol_University', 'ICT', '1.1_NetVlad')
Number of candidates after local matching: 50
PnP pairs 2D shape: (8028, 2) 3D shape: (8028, 3)
Multiframe time (ms): 630
Floorplan Pose (x, y, angle): {'xy': array([2099.15160839, 1294.27967265]), 'ang': 224.2986839314859}
Best map key: ('Mahidol_University', 'ICT', '1.1_NetVlad')
Number of candidates after local matching: 50
PnP pairs 2D shape: (5895, 2) 3D shape: (5895, 3)
Multiframe time (ms): 442
Floorplan Pose (x, y, angle): {'xy': array([ 956.47451304, 1354.10422696]), 'ang': 105.27548709774096}
Best map key: ('Mahidol_University', 'ICT', '1.1_NetVlad')
Number of candidates after local matching: 50
PnP pairs 2D shape: (13154, 2) 3D shape: (13154, 3)
Multiframe time (ms): 1034
Floorplan Pose (x, y, angle): {'xy': array([2369.53189924, 1732.77718375]), 'ang': 243.0270128857697}
Best map key: ('Mahidol_University', 'ICT', '1.1_NetVlad')
Number of candidates after local matching: 40
PnP pairs 2D shape: (3497, 2) 3D shape: (3497, 3)
Multiframe time (ms): 321
Floorplan Pose (x, y, angle): {'xy': array([ 835.17072317, 1353.35239737]), 'ang': 327.8954352590422}
Best map key: ('Mahidol_University', 'ICT', '1.1_NetVlad')
Number of candidates after local matching: 47
PnP pairs 2D shape: (4996, 2) 3D shape: (4996, 3)
Multiframe time (ms): 317
Floorplan Pose (x, y, angle): {'xy': array([1428.70163829, 1505.96008914]), 'ang': 254.01592735885623}
Best map key: ('Mahidol_University', 'ICT', '1.1_NetVlad')
Number of candidates after local matching: 50
PnP pairs 2D shape: (19281, 2) 3D shape: (19281, 3)
Multiframe time (ms): 1817
Floorplan Pose (x, y, angle): {'xy': array([1517.76435224, 1853.78620848]), 'ang': 352.15997869494055}
Best map key: ('Mahidol_University', 'ICT', '1.1_NetVlad')
Number of candidates after local matching: 43
PnP pairs 2D shape: (4107, 2) 3D shape: (4107, 3)
Multiframe time (ms): 356
Floorplan Pose (x, y, angle): {'xy': array([1199.35136899, 1341.23603035]), 'ang': 122.19641178627514}
Best map key: ('Mahidol_University', 'ICT', '1.1_NetVlad')
Number of candidates after local matching: 49
PnP pairs 2D shape: (9505, 2) 3D shape: (9505, 3)
Multiframe time (ms): 727
Floorplan Pose (x, y, angle): {'xy': array([2267.25347465, 1657.55051751]), 'ang': 154.2506682313554}
Best map key: ('Mahidol_University', 'ICT', '1.1_NetVlad')
Number of candidates after local matching: 41
PnP pairs 2D shape: (3722, 2) 3D shape: (3722, 3)
Multiframe time (ms): 295
Floorplan Pose (x, y, angle): {'xy': array([ 776.6031828 , 1311.08984324]), 'ang': 41.12004996375132}
Best map key: ('Mahidol_University', 'ICT', '1.1_NetVlad')
Number of candidates after local matching: 50
PnP pairs 2D shape: (6473, 2) 3D shape: (6473, 3)
Multiframe time (ms): 415
Floorplan Pose (x, y, angle): {'xy': array([1794.8277919 , 1334.36418631]), 'ang': 111.60032246903229}
Best map key: ('Mahidol_University', 'ICT', '1.1_NetVlad')
Number of candidates after local matching: 44
PnP pairs 2D shape: (3510, 2) 3D shape: (3510, 3)
Multiframe time (ms): 218
Floorplan Pose (x, y, angle): {'xy': array([2042.13524641,  725.35243569]), 'ang': 8.180347404284875}
Best map key: ('Mahidol_University', 'ICT', '1.1_NetVlad')
Number of candidates after local matching: 48
PnP pairs 2D shape: (4653, 2) 3D shape: (4653, 3)
Multiframe time (ms): 388
Floorplan Pose (x, y, angle): {'xy': array([2039.78392241,  584.67176183]), 'ang': 103.80597030347096}
Best map key: ('Mahidol_University', 'ICT', '1.1_NetVlad')
Number of candidates after local matching: 50
PnP pairs 2D shape: (9816, 2) 3D shape: (9816, 3)
Multiframe time (ms): 1033
Floorplan Pose (x, y, angle): {'xy': array([2022.73742283,  879.54671054]), 'ang': 61.180607462837656}
Best map key: ('Mahidol_University', 'ICT', '1.1_NetVlad')
Number of candidates after local matching: 50
PnP pairs 2D shape: (9710, 2) 3D shape: (9710, 3)
Multiframe time (ms): 723
Floorplan Pose (x, y, angle): {'xy': array([1977.93733078, 1329.48870331]), 'ang': 303.7993755883483}
Best map key: ('Mahidol_University', 'ICT', '1.1_NetVlad')
Number of candidates after local matching: 49
PnP pairs 2D shape: (6608, 2) 3D shape: (6608, 3)
Multiframe time (ms): 714
Floorplan Pose (x, y, angle): {'xy': array([1200.83465389, 1343.63151186]), 'ang': 69.46835273894072}
Best map key: ('Mahidol_University', 'ICT', '1.1_NetVlad')
Number of candidates after local matching: 38
PnP pairs 2D shape: (3724, 2) 3D shape: (3724, 3)
Multiframe time (ms): 304
Floorplan Pose (x, y, angle): {'xy': array([2086.06020878,  737.54508116]), 'ang': 281.3879695743302}
Best map key: ('Mahidol_University', 'ICT', '1.1_NetVlad')
Number of candidates after local matching: 49
PnP pairs 2D shape: (5748, 2) 3D shape: (5748, 3)
Multiframe time (ms): 478
Floorplan Pose (x, y, angle): {'xy': array([2088.77020027,  732.42119523]), 'ang': 123.97285753971246}
Best map key: ('Mahidol_University', 'ICT', '1.1_NetVlad')
Number of candidates after local matching: 50
PnP pairs 2D shape: (11138, 2) 3D shape: (11138, 3)
Multiframe time (ms): 1589
Floorplan Pose (x, y, angle): {'xy': array([1973.39196605, 1331.62778775]), 'ang': 89.96453555684755}
Best map key: ('Mahidol_University', 'ICT', '1.1_NetVlad')
Number of candidates after local matching: 49
PnP pairs 2D shape: (5978, 2) 3D shape: (5978, 3)
Multiframe time (ms): 483
Floorplan Pose (x, y, angle): {'xy': array([1352.0266273 , 1338.53184905]), 'ang': 131.65303720119275}
Best map key: ('Mahidol_University', 'ICT', '1.1_NetVlad')
Number of candidates after local matching: 48
PnP pairs 2D shape: (4774, 2) 3D shape: (4774, 3)
Multiframe time (ms): 339
Floorplan Pose (x, y, angle): {'xy': array([ 986.37603562, 1356.39553383]), 'ang': 133.52523241898277}
Best map key: ('Mahidol_University', 'ICT', '1.1_NetVlad')
Number of candidates after local matching: 48
PnP pairs 2D shape: (10510, 2) 3D shape: (10510, 3)
Multiframe time (ms): 941
Floorplan Pose (x, y, angle): {'xy': array([2231.9655544 , 1571.88045443]), 'ang': 226.4820925262226}
Best map key: ('Mahidol_University', 'ICT', '1.1_NetVlad')
Number of candidates after local matching: 35
PnP pairs 2D shape: (4036, 2) 3D shape: (4036, 3)
Multiframe time (ms): 306
Floorplan Pose (x, y, angle): {'xy': array([2520.06382883, 1668.66449092]), 'ang': 254.25569270256494}
Best map key: ('Mahidol_University', 'ICT', '1.1_NetVlad')
Number of candidates after local matching: 50
PnP pairs 2D shape: (8693, 2) 3D shape: (8693, 3)
Multiframe time (ms): 688
Floorplan Pose (x, y, angle): {'xy': array([1305.01015758, 1354.48969925]), 'ang': 32.95528894318912}
Best map key: ('Mahidol_University', 'ICT', '1.1_NetVlad')
Number of candidates after local matching: 50
PnP pairs 2D shape: (8245, 2) 3D shape: (8245, 3)
Multiframe time (ms): 627
Floorplan Pose (x, y, angle): {'xy': array([1695.25685333, 1869.73470706]), 'ang': 72.58105662715909}
Best map key: ('Mahidol_University', 'ICT', '1.1_NetVlad')
Number of candidates after local matching: 50
PnP pairs 2D shape: (13868, 2) 3D shape: (13868, 3)
Multiframe time (ms): 1775
Floorplan Pose (x, y, angle): {'xy': array([2638.41327314, 1773.70687077]), 'ang': 176.60638725105386}
Best map key: ('Mahidol_University', 'ICT', '1.1_NetVlad')
Number of candidates after local matching: 50
PnP pairs 2D shape: (5878, 2) 3D shape: (5878, 3)
Multiframe time (ms): 525
Floorplan Pose (x, y, angle): {'xy': array([2048.18262166,  711.00806349]), 'ang': 70.05597866756922}
Best map key: ('Mahidol_University', 'ICT', '1.1_NetVlad')
Number of candidates after local matching: 49
PnP pairs 2D shape: (5247, 2) 3D shape: (5247, 3)
Multiframe time (ms): 557
Floorplan Pose (x, y, angle): {'xy': array([1602.94464613, 1331.60421099]), 'ang': 356.8409081036745}
Best map key: ('Mahidol_University', 'ICT', '1.1_NetVlad')
Number of candidates after local matching: 35
PnP pairs 2D shape: (3306, 2) 3D shape: (3306, 3)
Multiframe time (ms): 264
Floorplan Pose (x, y, angle): {'xy': array([2079.83208348,  760.91818763]), 'ang': 306.0521283803767}
Best map key: ('Mahidol_University', 'ICT', '1.1_NetVlad')
Number of candidates after local matching: 27
PnP pairs 2D shape: (1721, 2) 3D shape: (1721, 3)
Multiframe time (ms): 102
Floorplan Pose (x, y, angle): {'xy': array([1178.9239206 , 1343.07727993]), 'ang': 221.48506291618452}
Best map key: ('Mahidol_University', 'ICT', '1.1_NetVlad')
Number of candidates after local matching: 50
PnP pairs 2D shape: (10709, 2) 3D shape: (10709, 3)
Multiframe time (ms): 764
Floorplan Pose (x, y, angle): {'xy': array([2083.64920403, 1253.83233125]), 'ang': 82.77680355074531}
Best map key: ('Mahidol_University', 'ICT', '1.1_NetVlad')
Number of candidates after local matching: 44
PnP pairs 2D shape: (5219, 2) 3D shape: (5219, 3)
Multiframe time (ms): 491
Floorplan Pose (x, y, angle): {'xy': array([1570.1957746 , 1338.98434899]), 'ang': 92.40912798105197}
Best map key: ('Mahidol_University', 'ICT', '1.1_NetVlad')
Number of candidates after local matching: 50
PnP pairs 2D shape: (8734, 2) 3D shape: (8734, 3)
Multiframe time (ms): 808
Floorplan Pose (x, y, angle): {'xy': array([1249.46532582, 1344.36693495]), 'ang': 73.13776077508292}
Best map key: ('Mahidol_University', 'ICT', '1.1_NetVlad')
Number of candidates after local matching: 50
PnP pairs 2D shape: (11966, 2) 3D shape: (11966, 3)
Multiframe time (ms): 744
Floorplan Pose (x, y, angle): {'xy': array([1500.49147871, 1718.96210414]), 'ang': 63.46065379002711}
Best map key: ('Mahidol_University', 'ICT', '1.1_NetVlad')
Number of candidates after local matching: 50
PnP pairs 2D shape: (9497, 2) 3D shape: (9497, 3)
Multiframe time (ms): 798
Floorplan Pose (x, y, angle): {'xy': array([2026.76222245, 1008.37256657]), 'ang': 89.69727403416525}
Best map key: ('Mahidol_University', 'ICT', '1.1_NetVlad')
Number of candidates after local matching: 49
PnP pairs 2D shape: (4583, 2) 3D shape: (4583, 3)
Multiframe time (ms): 374
Floorplan Pose (x, y, angle): {'xy': array([2070.0515398 ,  923.68063954]), 'ang': 262.1181292298454}
Best map key: ('Mahidol_University', 'ICT', '1.1_NetVlad')
Number of candidates after local matching: 49
PnP pairs 2D shape: (6218, 2) 3D shape: (6218, 3)
Multiframe time (ms): 681
Floorplan Pose (x, y, angle): {'xy': array([2067.14359807,  947.46298859]), 'ang': 179.40496110179555}
Best map key: ('Mahidol_University', 'ICT', '1.1_NetVlad')
Number of candidates after local matching: 50
PnP pairs 2D shape: (10270, 2) 3D shape: (10270, 3)
Multiframe time (ms): 1123
Floorplan Pose (x, y, angle): {'xy': array([2051.77904602,  871.09493652]), 'ang': 68.54146327261824}
Best map key: ('Mahidol_University', 'ICT', '1.1_NetVlad')
Number of candidates after local matching: 31
PnP pairs 2D shape: (2862, 2) 3D shape: (2862, 3)
Multiframe time (ms): 265
Floorplan Pose (x, y, angle): {'xy': array([1300.1144384 , 1341.61778028]), 'ang': 130.01805680935627}
Best map key: ('Mahidol_University', 'ICT', '1.1_NetVlad')
Number of candidates after local matching: 14
PnP pairs 2D shape: (1005, 2) 3D shape: (1005, 3)
Multiframe time (ms): 104
Floorplan Pose (x, y, angle): {'xy': array([1082.68557382, 1355.77178505]), 'ang': 294.0810130118006}
Best map key: ('Mahidol_University', 'ICT', '1.1_NetVlad')
Number of candidates after local matching: 46
PnP pairs 2D shape: (3977, 2) 3D shape: (3977, 3)
Multiframe time (ms): 308
Floorplan Pose (x, y, angle): {'xy': array([1504.82491447, 1840.55976286]), 'ang': 131.57903532806245}
Best map key: ('Mahidol_University', 'ICT', '1.1_NetVlad')
Number of candidates after local matching: 50
PnP pairs 2D shape: (4498, 2) 3D shape: (4498, 3)
Multiframe time (ms): 415
Floorplan Pose (x, y, angle): {'xy': array([2047.81957173,  747.32766968]), 'ang': 217.428951194911}
Best map key: ('Mahidol_University', 'ICT', '1.1_NetVlad')
Number of candidates after local matching: 48
PnP pairs 2D shape: (5975, 2) 3D shape: (5975, 3)
Multiframe time (ms): 529
Floorplan Pose (x, y, angle): {'xy': array([ 834.84007262, 1346.17669286]), 'ang': 16.045728290071985}
Best map key: ('Mahidol_University', 'ICT', '1.1_NetVlad')
Number of candidates after local matching: 43
PnP pairs 2D shape: (4605, 2) 3D shape: (4605, 3)
Multiframe time (ms): 303
Floorplan Pose (x, y, angle): {'xy': array([ 985.28228818, 1356.61511146]), 'ang': 48.655077049271185}
Best map key: ('Mahidol_University', 'ICT', '1.1_NetVlad')
Number of candidates after local matching: 50
PnP pairs 2D shape: (6672, 2) 3D shape: (6672, 3)
Multiframe time (ms): 752
Floorplan Pose (x, y, angle): {'xy': array([1211.59751374, 1344.42607959]), 'ang': 352.5974898772709}
Best map key: ('Mahidol_University', 'ICT', '1.1_NetVlad')
Number of candidates after local matching: 46
PnP pairs 2D shape: (4291, 2) 3D shape: (4291, 3)
Multiframe time (ms): 487
Floorplan Pose (x, y, angle): {'xy': array([2050.6038422 ,  626.71013914]), 'ang': 105.1582106232974}
Best map key: ('Mahidol_University', 'ICT', '1.1_NetVlad')
Number of candidates after local matching: 47
PnP pairs 2D shape: (8393, 2) 3D shape: (8393, 3)
Multiframe time (ms): 588
Floorplan Pose (x, y, angle): {'xy': array([1874.28827853, 1332.63128833]), 'ang': 156.4230484016177}
Best map key: ('Mahidol_University', 'ICT', '1.1_NetVlad')
Number of candidates after local matching: 50
PnP pairs 2D shape: (9740, 2) 3D shape: (9740, 3)
Multiframe time (ms): 858
Floorplan Pose (x, y, angle): {'xy': array([1814.88389277, 1755.66511572]), 'ang': 100.25796016652234}
Best map key: ('Mahidol_University', 'ICT', '1.1_NetVlad')
Number of candidates after local matching: 33
PnP pairs 2D shape: (3103, 2) 3D shape: (3103, 3)
Multiframe time (ms): 320
Floorplan Pose (x, y, angle): {'xy': array([ 787.70809146, 1169.45259976]), 'ang': 41.776694014441425}
Best map key: ('Mahidol_University', 'ICT', '1.1_NetVlad')
Number of candidates after local matching: 27
PnP pairs 2D shape: (2426, 2) 3D shape: (2426, 3)
Multiframe time (ms): 160
Floorplan Pose (x, y, angle): {'xy': array([1822.8574    , 1333.17514353]), 'ang': 227.73163207733026}
Best map key: ('Mahidol_University', 'ICT', '1.1_NetVlad')
Number of candidates after local matching: 50
PnP pairs 2D shape: (5020, 2) 3D shape: (5020, 3)
Multiframe time (ms): 345
Floorplan Pose (x, y, angle): {'xy': array([2059.65905055,  691.51793438]), 'ang': 157.58651854880273}
Best map key: ('Mahidol_University', 'ICT', '1.1_NetVlad')
Number of candidates after local matching: 50
PnP pairs 2D shape: (9671, 2) 3D shape: (9671, 3)
Multiframe time (ms): 659
Floorplan Pose (x, y, angle): {'xy': array([2519.55429869, 1812.96073105]), 'ang': 129.33563172935018}
Best map key: ('Mahidol_University', 'ICT', '1.1_NetVlad')
Number of candidates after local matching: 50
PnP pairs 2D shape: (16411, 2) 3D shape: (16411, 3)
Multiframe time (ms): 1222
Floorplan Pose (x, y, angle): {'xy': array([2387.79835106, 1690.32623435]), 'ang': 177.0612223938102}
Best map key: ('Mahidol_University', 'ICT', '1.1_NetVlad')
Number of candidates after local matching: 47
PnP pairs 2D shape: (5746, 2) 3D shape: (5746, 3)
Multiframe time (ms): 673
Floorplan Pose (x, y, angle): {'xy': array([1608.61666995, 1332.85386608]), 'ang': 10.438779723447377}
Best map key: ('Mahidol_University', 'ICT', '1.1_NetVlad')
Number of candidates after local matching: 50
PnP pairs 2D shape: (12349, 2) 3D shape: (12349, 3)
Multiframe time (ms): 1061
Floorplan Pose (x, y, angle): {'xy': array([1356.44699289, 1489.22977912]), 'ang': 64.56942955419159}
Best map key: ('Mahidol_University', 'ICT', '1.1_NetVlad')
Number of candidates after local matching: 50
PnP pairs 2D shape: (15801, 2) 3D shape: (15801, 3)
Multiframe time (ms): 1605
Floorplan Pose (x, y, angle): {'xy': array([2591.04208028, 1672.98616473]), 'ang': 184.10239622971503}
Best map key: ('Mahidol_University', 'ICT', '1.1_NetVlad')
Number of candidates after local matching: 43
PnP pairs 2D shape: (5685, 2) 3D shape: (5685, 3)
Multiframe time (ms): 675
Floorplan Pose (x, y, angle): {'xy': array([1467.63205504, 1531.98900911]), 'ang': 196.26254724125522}
Best map key: ('Mahidol_University', 'ICT', '1.1_NetVlad')
Number of candidates after local matching: 42
PnP pairs 2D shape: (3770, 2) 3D shape: (3770, 3)
Multiframe time (ms): 443
Floorplan Pose (x, y, angle): {'xy': array([ 828.42173489, 1353.30973606]), 'ang': 183.96424991955428}
Best map key: ('Mahidol_University', 'ICT', '1.1_NetVlad')
Number of candidates after local matching: 45
PnP pairs 2D shape: (4409, 2) 3D shape: (4409, 3)
Multiframe time (ms): 387
Floorplan Pose (x, y, angle): {'xy': array([2051.46612811,  599.70107827]), 'ang': 263.76657089082573}
Best map key: ('Mahidol_University', 'ICT', '1.1_NetVlad')
Number of candidates after local matching: 47
PnP pairs 2D shape: (4262, 2) 3D shape: (4262, 3)
Multiframe time (ms): 340
Floorplan Pose (x, y, angle): {'xy': array([1389.4579548 , 1337.97501934]), 'ang': 182.68447903849693}
Best map key: ('Mahidol_University', 'ICT', '1.1_NetVlad')
Number of candidates after local matching: 50
PnP pairs 2D shape: (8095, 2) 3D shape: (8095, 3)
Multiframe time (ms): 579
Floorplan Pose (x, y, angle): {'xy': array([2073.72261894,  865.74258065]), 'ang': 22.6650054783254}
Best map key: ('Mahidol_University', 'ICT', '1.1_NetVlad')
Number of candidates after local matching: 50
PnP pairs 2D shape: (12449, 2) 3D shape: (12449, 3)
Multiframe time (ms): 1029
Floorplan Pose (x, y, angle): {'xy': array([1811.92985664, 1779.90867017]), 'ang': 299.04407444723296}
Best map key: ('Mahidol_University', 'ICT', '1.1_NetVlad')
Number of candidates after local matching: 49
PnP pairs 2D shape: (12306, 2) 3D shape: (12306, 3)
Multiframe time (ms): 1651
Floorplan Pose (x, y, angle): {'xy': array([2030.46009617, 1712.90867788]), 'ang': 222.1788179176956}
Best map key: ('Mahidol_University', 'ICT', '1.1_NetVlad')
Number of candidates after local matching: 50
PnP pairs 2D shape: (10892, 2) 3D shape: (10892, 3)
Multiframe time (ms): 1136
Floorplan Pose (x, y, angle): {'xy': array([2636.50290216, 1717.05424389]), 'ang': 222.85745661403996}
Best map key: ('Mahidol_University', 'ICT', '1.1_NetVlad')
Number of candidates after local matching: 50
PnP pairs 2D shape: (6444, 2) 3D shape: (6444, 3)
Multiframe time (ms): 538
Floorplan Pose (x, y, angle): {'xy': array([1619.5160697 , 1336.15548998]), 'ang': 27.684837094573883}
Best map key: ('Mahidol_University', 'ICT', '1.1_NetVlad')
Number of candidates after local matching: 50
PnP pairs 2D shape: (7977, 2) 3D shape: (7977, 3)
Multiframe time (ms): 612
Floorplan Pose (x, y, angle): {'xy': array([2009.64390992, 1311.35976579]), 'ang': 263.09474388516355}
Best map key: ('Mahidol_University', 'ICT', '1.1_NetVlad')
Number of candidates after local matching: 50
PnP pairs 2D shape: (7595, 2) 3D shape: (7595, 3)
Multiframe time (ms): 547
Floorplan Pose (x, y, angle): {'xy': array([2019.67028126, 1235.26318418]), 'ang': 339.2012269435225}
Best map key: ('Mahidol_University', 'ICT', '1.1_NetVlad')
Number of candidates after local matching: 50
PnP pairs 2D shape: (6272, 2) 3D shape: (6272, 3)
Multiframe time (ms): 486
Floorplan Pose (x, y, angle): {'xy': array([2074.4550391 ,  706.30455758]), 'ang': 64.38276231153063}
Best map key: ('Mahidol_University', 'ICT', '1.1_NetVlad')
Number of candidates after local matching: 49
PnP pairs 2D shape: (4337, 2) 3D shape: (4337, 3)
Multiframe time (ms): 371
Floorplan Pose (x, y, angle): {'xy': array([2042.38435886,  701.76156403]), 'ang': 253.6350833474479}
Best map key: ('Mahidol_University', 'ICT', '1.1_NetVlad')
Number of candidates after local matching: 37
PnP pairs 2D shape: (2833, 2) 3D shape: (2833, 3)
Multiframe time (ms): 150
Floorplan Pose (x, y, angle): {'xy': array([2041.84477432,  743.78717383]), 'ang': 342.1870890384227}
Best map key: ('Mahidol_University', 'ICT', '1.1_NetVlad')
Number of candidates after local matching: 34
PnP pairs 2D shape: (2440, 2) 3D shape: (2440, 3)
Multiframe time (ms): 136
Floorplan Pose (x, y, angle): {'xy': array([2067.19588951,  728.68207174]), 'ang': 356.43026887775056}
Best map key: ('Mahidol_University', 'ICT', '1.1_NetVlad')
Number of candidates after local matching: 50
PnP pairs 2D shape: (10567, 2) 3D shape: (10567, 3)
Multiframe time (ms): 778
Floorplan Pose (x, y, angle): {'xy': array([1777.59451297, 1852.38412469]), 'ang': 16.378836654524843}
Best map key: ('Mahidol_University', 'ICT', '1.1_NetVlad')
Number of candidates after local matching: 13
PnP pairs 2D shape: (909, 2) 3D shape: (909, 3)
Multiframe time (ms): 104
Floorplan Pose (x, y, angle): {'xy': array([ 981.52415363, 1354.61281117]), 'ang': 269.37668949927314}
Best map key: ('Mahidol_University', 'ICT', '1.1_NetVlad')
Number of candidates after local matching: 50
PnP pairs 2D shape: (9225, 2) 3D shape: (9225, 3)
Multiframe time (ms): 824
Floorplan Pose (x, y, angle): {'xy': array([1795.35046115, 1833.41618079]), 'ang': 128.3009576235468}
Best map key: ('Mahidol_University', 'ICT', '1.1_NetVlad')
Number of candidates after local matching: 45
PnP pairs 2D shape: (4346, 2) 3D shape: (4346, 3)
Multiframe time (ms): 426
Floorplan Pose (x, y, angle): {'xy': array([2073.20248374,  712.33115439]), 'ang': 281.3576964732976}
Best map key: ('Mahidol_University', 'ICT', '1.1_NetVlad')
Number of candidates after local matching: 50
PnP pairs 2D shape: (9987, 2) 3D shape: (9987, 3)
Multiframe time (ms): 882
Floorplan Pose (x, y, angle): {'xy': array([1498.52743116, 1653.54354289]), 'ang': 280.0059897631529}
Best map key: ('Mahidol_University', 'ICT', '1.1_NetVlad')
Number of candidates after local matching: 49
PnP pairs 2D shape: (4976, 2) 3D shape: (4976, 3)
Multiframe time (ms): 394
Floorplan Pose (x, y, angle): {'xy': array([2087.92136892,  692.5420807 ]), 'ang': 41.043990564602865}
Best map key: ('Mahidol_University', 'ICT', '1.1_NetVlad')
Number of candidates after local matching: 50
PnP pairs 2D shape: (6132, 2) 3D shape: (6132, 3)
Multiframe time (ms): 469
Floorplan Pose (x, y, angle): {'xy': array([1082.47591132, 1355.74624701]), 'ang': 83.63210288751979}
Best map key: ('Mahidol_University', 'ICT', '1.1_NetVlad')
Number of candidates after local matching: 50
PnP pairs 2D shape: (6585, 2) 3D shape: (6585, 3)
Multiframe time (ms): 627
Floorplan Pose (x, y, angle): {'xy': array([1014.2773864 , 1358.61142533]), 'ang': 65.0231143942384}
Best map key: ('Mahidol_University', 'ICT', '1.1_NetVlad')
Number of candidates after local matching: 42
PnP pairs 2D shape: (6920, 2) 3D shape: (6920, 3)
Multiframe time (ms): 607
Floorplan Pose (x, y, angle): {'xy': array([1498.79661899, 1737.54164936]), 'ang': 97.65253960823469}
Best map key: ('Mahidol_University', 'ICT', '1.1_NetVlad')
Number of candidates after local matching: 44
PnP pairs 2D shape: (4948, 2) 3D shape: (4948, 3)
Multiframe time (ms): 541
Floorplan Pose (x, y, angle): {'xy': array([2029.75084162,  889.6051323 ]), 'ang': 232.1666794033591}
Best map key: ('Mahidol_University', 'ICT', '1.1_NetVlad')
Number of candidates after local matching: 50
PnP pairs 2D shape: (7564, 2) 3D shape: (7564, 3)
Multiframe time (ms): 531
Floorplan Pose (x, y, angle): {'xy': array([2016.82475432, 1008.82327961]), 'ang': 118.1424277202004}
Best map key: ('Mahidol_University', 'ICT', '1.1_NetVlad')
Number of candidates after local matching: 50
PnP pairs 2D shape: (13139, 2) 3D shape: (13139, 3)
Multiframe time (ms): 1279
Floorplan Pose (x, y, angle): {'xy': array([2216.2309094 , 1690.35922091]), 'ang': 341.1049211018134}
Best map key: ('Mahidol_University', 'ICT', '1.1_NetVlad')
Number of candidates after local matching: 50
PnP pairs 2D shape: (6900, 2) 3D shape: (6900, 3)
Multiframe time (ms): 681
Floorplan Pose (x, y, angle): {'xy': array([2635.61242252, 1690.80877573]), 'ang': 96.8880925123746}
Best map key: ('Mahidol_University', 'ICT', '1.1_NetVlad')
Number of candidates after local matching: 33
PnP pairs 2D shape: (2793, 2) 3D shape: (2793, 3)
Multiframe time (ms): 247
Floorplan Pose (x, y, angle): {'xy': array([1303.50940119, 1353.59589138]), 'ang': 136.8842508432799}
Best map key: ('Mahidol_University', 'ICT', '1.1_NetVlad')
Number of candidates after local matching: 50
PnP pairs 2D shape: (8901, 2) 3D shape: (8901, 3)
Multiframe time (ms): 691
Floorplan Pose (x, y, angle): {'xy': array([2009.93298768, 1208.77026221]), 'ang': 40.90596111986549}
Best map key: ('Mahidol_University', 'ICT', '1.1_NetVlad')
Number of candidates after local matching: 25
PnP pairs 2D shape: (1908, 2) 3D shape: (1908, 3)
Multiframe time (ms): 247
Floorplan Pose (x, y, angle): {'xy': array([ 779.02304591, 1278.60691375]), 'ang': 92.72275667090979}
Best map key: ('Mahidol_University', 'ICT', '1.1_NetVlad')
Number of candidates after local matching: 49
PnP pairs 2D shape: (4174, 2) 3D shape: (4174, 3)
Multiframe time (ms): 304
Floorplan Pose (x, y, angle): {'xy': array([2028.69782163,  774.62238431]), 'ang': 199.45715902460958}
Best map key: ('Mahidol_University', 'ICT', '1.1_NetVlad')
Number of candidates after local matching: 33
PnP pairs 2D shape: (2970, 2) 3D shape: (2970, 3)
Multiframe time (ms): 228
Floorplan Pose (x, y, angle): {'xy': array([2102.20116813, 1322.13910959]), 'ang': 1.1268347557651544}
Best map key: ('Mahidol_University', 'ICT', '1.1_NetVlad')
Number of candidates after local matching: 50
PnP pairs 2D shape: (9559, 2) 3D shape: (9559, 3)
Multiframe time (ms): 687
Floorplan Pose (x, y, angle): {'xy': array([2023.16297055,  981.64017442]), 'ang': 343.2215376761571}
Best map key: ('Mahidol_University', 'ICT', '1.1_NetVlad')
Number of candidates after local matching: 45
PnP pairs 2D shape: (5973, 2) 3D shape: (5973, 3)
Multiframe time (ms): 438
Floorplan Pose (x, y, angle): {'xy': array([1953.0053033 , 1337.33635084]), 'ang': 267.55500692817293}
Best map key: ('Mahidol_University', 'ICT', '1.1_NetVlad')
Number of candidates after local matching: 46
PnP pairs 2D shape: (4823, 2) 3D shape: (4823, 3)
Multiframe time (ms): 369
Floorplan Pose (x, y, angle): {'xy': array([2029.41433228,  777.3260557 ]), 'ang': 22.32714856363599}
Best map key: ('Mahidol_University', 'ICT', '1.1_NetVlad')
Number of candidates after local matching: 50
PnP pairs 2D shape: (7006, 2) 3D shape: (7006, 3)
Multiframe time (ms): 450
Floorplan Pose (x, y, angle): {'xy': array([ 932.09044672, 1356.64368171]), 'ang': 93.46884429774732}
Best map key: ('Mahidol_University', 'ICT', '1.1_NetVlad')
Number of candidates after local matching: 50
PnP pairs 2D shape: (12958, 2) 3D shape: (12958, 3)
Multiframe time (ms): 1224
Floorplan Pose (x, y, angle): {'xy': array([2119.35980311, 1704.89607018]), 'ang': 206.57001114988296}
Best map key: ('Mahidol_University', 'ICT', '1.1_NetVlad')
Number of candidates after local matching: 50
PnP pairs 2D shape: (8664, 2) 3D shape: (8664, 3)
Multiframe time (ms): 590
Floorplan Pose (x, y, angle): {'xy': array([2050.07703439,  897.17260291]), 'ang': 9.490368609022488}
Best map key: ('Mahidol_University', 'ICT', '1.1_NetVlad')
Number of candidates after local matching: 50
PnP pairs 2D shape: (8722, 2) 3D shape: (8722, 3)
Multiframe time (ms): 832
Floorplan Pose (x, y, angle): {'xy': array([1825.94926174, 1334.23219713]), 'ang': 27.526145336296295}
Best map key: ('Mahidol_University', 'ICT', '1.1_NetVlad')
Number of candidates after local matching: 40
PnP pairs 2D shape: (3375, 2) 3D shape: (3375, 3)
Multiframe time (ms): 241
Floorplan Pose (x, y, angle): {'xy': array([2064.672543,  725.729602]), 'ang': 332.6373550164577}
Best map key: ('Mahidol_University', 'ICT', '1.1_NetVlad')
Number of candidates after local matching: 50
PnP pairs 2D shape: (6289, 2) 3D shape: (6289, 3)
Multiframe time (ms): 425
Floorplan Pose (x, y, angle): {'xy': array([1364.31815738, 1339.26541482]), 'ang': 90.06146675926766}
Best map key: ('Mahidol_University', 'ICT', '1.1_NetVlad')
Number of candidates after local matching: 39
PnP pairs 2D shape: (3285, 2) 3D shape: (3285, 3)
Multiframe time (ms): 243
Floorplan Pose (x, y, angle): {'xy': array([1390.52117794, 1338.15451375]), 'ang': 107.82434713260012}
Best map key: ('Mahidol_University', 'ICT', '1.1_NetVlad')
Number of candidates after local matching: 50
PnP pairs 2D shape: (9670, 2) 3D shape: (9670, 3)
Multiframe time (ms): 934
Floorplan Pose (x, y, angle): {'xy': array([2032.81642864, 1188.88689073]), 'ang': 68.87375876408174}
Best map key: ('Mahidol_University', 'ICT', '1.1_NetVlad')
Number of candidates after local matching: 44
PnP pairs 2D shape: (3816, 2) 3D shape: (3816, 3)
Multiframe time (ms): 286
Floorplan Pose (x, y, angle): {'xy': array([2071.9524958 ,  685.87012551]), 'ang': 17.177779866989212}
Best map key: ('Mahidol_University', 'ICT', '1.1_NetVlad')
Number of candidates after local matching: 50
PnP pairs 2D shape: (6454, 2) 3D shape: (6454, 3)
Multiframe time (ms): 503
Floorplan Pose (x, y, angle): {'xy': array([2060.8311514 ,  732.73887591]), 'ang': 91.89002128051217}
Best map key: ('Mahidol_University', 'ICT', '1.1_NetVlad')
Number of candidates after local matching: 50
PnP pairs 2D shape: (8311, 2) 3D shape: (8311, 3)
Multiframe time (ms): 778
Floorplan Pose (x, y, angle): {'xy': array([2125.66974848, 1437.71695995]), 'ang': 244.51548995170697}
Best map key: ('Mahidol_University', 'ICT', '1.1_NetVlad')
Number of candidates after local matching: 46
PnP pairs 2D shape: (5070, 2) 3D shape: (5070, 3)
Multiframe time (ms): 406
Floorplan Pose (x, y, angle): {'xy': array([1317.36946954, 1370.43666866]), 'ang': 129.4089888647507}
Best map key: ('Mahidol_University', 'ICT', '1.1_NetVlad')
Number of candidates after local matching: 50
PnP pairs 2D shape: (7270, 2) 3D shape: (7270, 3)
Multiframe time (ms): 549
Floorplan Pose (x, y, angle): {'xy': array([2102.68820025, 1248.13817062]), 'ang': 206.24143953616445}
Best map key: ('Mahidol_University', 'ICT', '1.1_NetVlad')
Number of candidates after local matching: 50
PnP pairs 2D shape: (13502, 2) 3D shape: (13502, 3)
Multiframe time (ms): 1547
Floorplan Pose (x, y, angle): {'xy': array([2152.39684385, 1444.74035223]), 'ang': 147.8902837560704}
Best map key: ('Mahidol_University', 'ICT', '1.1_NetVlad')
Number of candidates after local matching: 49
PnP pairs 2D shape: (5720, 2) 3D shape: (5720, 3)
Multiframe time (ms): 362
Floorplan Pose (x, y, angle): {'xy': array([2011.09243231, 1183.82661217]), 'ang': 159.8394447554082}
Best map key: ('Mahidol_University', 'ICT', '1.1_NetVlad')
Number of candidates after local matching: 50
PnP pairs 2D shape: (5961, 2) 3D shape: (5961, 3)
Multiframe time (ms): 429
Floorplan Pose (x, y, angle): {'xy': array([1304.38877879, 1342.55568266]), 'ang': 5.147526354767899}
Best map key: ('Mahidol_University', 'ICT', '1.1_NetVlad')
Number of candidates after local matching: 49
PnP pairs 2D shape: (5775, 2) 3D shape: (5775, 3)
Multiframe time (ms): 497
Floorplan Pose (x, y, angle): {'xy': array([2086.17032066,  689.78594953]), 'ang': 63.09267743503105}
Best map key: ('Mahidol_University', 'ICT', '1.1_NetVlad')
Number of candidates after local matching: 50
PnP pairs 2D shape: (7246, 2) 3D shape: (7246, 3)
Multiframe time (ms): 574
Floorplan Pose (x, y, angle): {'xy': array([2030.46884835, 1160.95767171]), 'ang': 135.8976880850801}
Best map key: ('Mahidol_University', 'ICT', '1.1_NetVlad')
Number of candidates after local matching: 50
PnP pairs 2D shape: (18158, 2) 3D shape: (18158, 3)
Multiframe time (ms): 1691
Floorplan Pose (x, y, angle): {'xy': array([1501.29235409, 1636.47148944]), 'ang': 22.902516693584847}
Best map key: ('Mahidol_University', 'ICT', '1.1_NetVlad')
Number of candidates after local matching: 50
PnP pairs 2D shape: (11190, 2) 3D shape: (11190, 3)
Multiframe time (ms): 868
Floorplan Pose (x, y, angle): {'xy': array([1567.06135591, 1863.59605859]), 'ang': 270.43681169124545}
Best map key: ('Mahidol_University', 'ICT', '1.1_NetVlad')
Number of candidates after local matching: 50
PnP pairs 2D shape: (4675, 2) 3D shape: (4675, 3)
Multiframe time (ms): 416
Floorplan Pose (x, y, angle): {'xy': array([1077.22113281, 1342.58522822]), 'ang': 0.7291576708065775}
Best map key: ('Mahidol_University', 'ICT', '1.1_NetVlad')
Number of candidates after local matching: 50
PnP pairs 2D shape: (8809, 2) 3D shape: (8809, 3)
Multiframe time (ms): 581
Floorplan Pose (x, y, angle): {'xy': array([2640.03261428, 1750.49731308]), 'ang': 298.79498998590543}
Best map key: ('Mahidol_University', 'ICT', '1.1_NetVlad')
Number of candidates after local matching: 50
PnP pairs 2D shape: (4706, 2) 3D shape: (4706, 3)
Multiframe time (ms): 391
Floorplan Pose (x, y, angle): {'xy': array([1197.98816316, 1342.84683344]), 'ang': 170.94106730808394}
Best map key: ('Mahidol_University', 'ICT', '1.1_NetVlad')
Number of candidates after local matching: 47
PnP pairs 2D shape: (4262, 2) 3D shape: (4262, 3)
Multiframe time (ms): 277
Floorplan Pose (x, y, angle): {'xy': array([ 996.5408547 , 1347.87288042]), 'ang': 329.4004444989049}
Best map key: ('Mahidol_University', 'ICT', '1.1_NetVlad')
Number of candidates after local matching: 47
PnP pairs 2D shape: (3865, 2) 3D shape: (3865, 3)
Multiframe time (ms): 251
Floorplan Pose (x, y, angle): {'xy': array([1178.07811482, 1342.52759468]), 'ang': 204.0117863095337}
Best map key: ('Mahidol_University', 'ICT', '1.1_NetVlad')
Number of candidates after local matching: 50
PnP pairs 2D shape: (12154, 2) 3D shape: (12154, 3)
Multiframe time (ms): 1037
Floorplan Pose (x, y, angle): {'xy': array([2008.89070785, 1284.22291885]), 'ang': 96.45004727578682}
Best map key: ('Mahidol_University', 'ICT', '1.1_NetVlad')
Number of candidates after local matching: 50
PnP pairs 2D shape: (8159, 2) 3D shape: (8159, 3)
Multiframe time (ms): 951
Floorplan Pose (x, y, angle): {'xy': array([2549.3670112 , 1810.69227136]), 'ang': 47.274720077903865}
Best map key: ('Mahidol_University', 'ICT', '1.1_NetVlad')
Number of candidates after local matching: 38
PnP pairs 2D shape: (3624, 2) 3D shape: (3624, 3)
Multiframe time (ms): 250
Floorplan Pose (x, y, angle): {'xy': array([ 774.61344998, 1326.98921297]), 'ang': 327.4196927166986}
Best map key: ('Mahidol_University', 'ICT', '1.1_NetVlad')
Number of candidates after local matching: 42
PnP pairs 2D shape: (4191, 2) 3D shape: (4191, 3)
Multiframe time (ms): 377
Floorplan Pose (x, y, angle): {'xy': array([2038.77268061,  757.66581707]), 'ang': 267.30087541921426}
Best map key: ('Mahidol_University', 'ICT', '1.1_NetVlad')
Number of candidates after local matching: 50
PnP pairs 2D shape: (10708, 2) 3D shape: (10708, 3)
Multiframe time (ms): 701
Floorplan Pose (x, y, angle): {'xy': array([2112.55009813, 1703.19658947]), 'ang': 229.7423042072781}
Best map key: ('Mahidol_University', 'ICT', '1.1_NetVlad')
Number of candidates after local matching: 43
PnP pairs 2D shape: (4878, 2) 3D shape: (4878, 3)
Multiframe time (ms): 289
Floorplan Pose (x, y, angle): {'xy': array([1719.35818833, 1331.67649378]), 'ang': 173.36786381460013}
Best map key: ('Mahidol_University', 'ICT', '1.1_NetVlad')
Number of candidates after local matching: 50
PnP pairs 2D shape: (8189, 2) 3D shape: (8189, 3)
Multiframe time (ms): 655
Floorplan Pose (x, y, angle): {'xy': array([1301.33796866, 1337.36093957]), 'ang': 86.45472749837137}
Best map key: ('Mahidol_University', 'ICT', '1.1_NetVlad')
Number of candidates after local matching: 45
PnP pairs 2D shape: (3445, 2) 3D shape: (3445, 3)
Multiframe time (ms): 191
Floorplan Pose (x, y, angle): {'xy': array([1247.10657111, 1343.9344616 ]), 'ang': 207.47283924664347}
Best map key: ('Mahidol_University', 'ICT', '1.1_NetVlad')
Number of candidates after local matching: 50
PnP pairs 2D shape: (6151, 2) 3D shape: (6151, 3)
Multiframe time (ms): 381
Floorplan Pose (x, y, angle): {'xy': array([2045.23073111,  906.12008378]), 'ang': 200.0398796420032}
Best map key: ('Mahidol_University', 'ICT', '1.1_NetVlad')
Number of candidates after local matching: 50
PnP pairs 2D shape: (18204, 2) 3D shape: (18204, 3)
Multiframe time (ms): 1467
Floorplan Pose (x, y, angle): {'xy': array([1495.96672228, 1607.97189768]), 'ang': 39.77853739266366}
Best map key: ('Mahidol_University', 'ICT', '1.1_NetVlad')
Number of candidates after local matching: 49
PnP pairs 2D shape: (8758, 2) 3D shape: (8758, 3)
Multiframe time (ms): 776
Floorplan Pose (x, y, angle): {'xy': array([2132.3276744 , 1428.94221031]), 'ang': 337.99271723797403}
Best map key: ('Mahidol_University', 'ICT', '1.1_NetVlad')
Number of candidates after local matching: 50
PnP pairs 2D shape: (8662, 2) 3D shape: (8662, 3)
Multiframe time (ms): 571
Floorplan Pose (x, y, angle): {'xy': array([2025.9984586 ,  932.36264194]), 'ang': 344.10629675681986}
Best map key: ('Mahidol_University', 'ICT', '1.1_NetVlad')
Number of candidates after local matching: 50
PnP pairs 2D shape: (7918, 2) 3D shape: (7918, 3)
Multiframe time (ms): 512
Floorplan Pose (x, y, angle): {'xy': array([2032.71932323,  930.66072441]), 'ang': 310.73548737409834}
Best map key: ('Mahidol_University', 'ICT', '1.1_NetVlad')
Number of candidates after local matching: 50
PnP pairs 2D shape: (7905, 2) 3D shape: (7905, 3)
Multiframe time (ms): 940
Floorplan Pose (x, y, angle): {'xy': array([2088.74620145,  711.90549188]), 'ang': 95.55793268024048}
Best map key: ('Mahidol_University', 'ICT', '1.1_NetVlad')
Number of candidates after local matching: 50
PnP pairs 2D shape: (8702, 2) 3D shape: (8702, 3)
Multiframe time (ms): 743
Floorplan Pose (x, y, angle): {'xy': array([2390.41211204, 1746.33034859]), 'ang': 85.32428902960642}
Best map key: ('Mahidol_University', 'ICT', '1.1_NetVlad')
Number of candidates after local matching: 50
PnP pairs 2D shape: (9048, 2) 3D shape: (9048, 3)
Multiframe time (ms): 821
Floorplan Pose (x, y, angle): {'xy': array([1908.09744893, 1716.04715148]), 'ang': 110.31612059430245}
Best map key: ('Mahidol_University', 'ICT', '1.1_NetVlad')
Number of candidates after local matching: 49
PnP pairs 2D shape: (11324, 2) 3D shape: (11324, 3)
Multiframe time (ms): 1012
Floorplan Pose (x, y, angle): {'xy': array([2472.60109309, 1793.57819941]), 'ang': 172.13460001700113}
Best map key: ('Mahidol_University', 'ICT', '1.1_NetVlad')
Number of candidates after local matching: 27
PnP pairs 2D shape: (2347, 2) 3D shape: (2347, 3)
Multiframe time (ms): 169
Floorplan Pose (x, y, angle): {'xy': array([1072.39715633, 1358.38051026]), 'ang': 307.29460867466173}
Best map key: ('Mahidol_University', 'ICT', '1.1_NetVlad')
Number of candidates after local matching: 50
PnP pairs 2D shape: (7001, 2) 3D shape: (7001, 3)
Multiframe time (ms): 573
Floorplan Pose (x, y, angle): {'xy': array([2637.73335757, 1694.20931458]), 'ang': 74.85240689605254}
Best map key: ('Mahidol_University', 'ICT', '1.1_NetVlad')
Number of candidates after local matching: 46
PnP pairs 2D shape: (4166, 2) 3D shape: (4166, 3)
Multiframe time (ms): 300
Floorplan Pose (x, y, angle): {'xy': array([1413.71751043, 1338.68448046]), 'ang': 174.26119879032692}
Best map key: ('Mahidol_University', 'ICT', '1.1_NetVlad')
Number of candidates after local matching: 50
PnP pairs 2D shape: (6047, 2) 3D shape: (6047, 3)
Multiframe time (ms): 461
Floorplan Pose (x, y, angle): {'xy': array([ 832.21935214, 1339.88685313]), 'ang': 258.35385141639887}
Best map key: ('Mahidol_University', 'ICT', '1.1_NetVlad')
Number of candidates after local matching: 34
PnP pairs 2D shape: (3702, 2) 3D shape: (3702, 3)
Multiframe time (ms): 259
Floorplan Pose (x, y, angle): {'xy': array([1795.08562893, 1333.86219244]), 'ang': 265.26516417650083}
Best map key: ('Mahidol_University', 'ICT', '1.1_NetVlad')
Number of candidates after local matching: 47
PnP pairs 2D shape: (5608, 2) 3D shape: (5608, 3)
Multiframe time (ms): 354
Floorplan Pose (x, y, angle): {'xy': array([1490.6123596 , 1338.23854428]), 'ang': 150.88175972660932}
Best map key: ('Mahidol_University', 'ICT', '1.1_NetVlad')
Number of candidates after local matching: 50
PnP pairs 2D shape: (5918, 2) 3D shape: (5918, 3)
Multiframe time (ms): 334
Floorplan Pose (x, y, angle): {'xy': array([2026.64125124,  884.92957342]), 'ang': 137.42036051049695}
Best map key: ('Mahidol_University', 'ICT', '1.1_NetVlad')
Number of candidates after local matching: 50
PnP pairs 2D shape: (9457, 2) 3D shape: (9457, 3)
Multiframe time (ms): 889
Floorplan Pose (x, y, angle): {'xy': array([2071.25954646,  839.34983439]), 'ang': 46.19624796949789}
Best map key: ('Mahidol_University', 'ICT', '1.1_NetVlad')
Number of candidates after local matching: 50
PnP pairs 2D shape: (4834, 2) 3D shape: (4834, 3)
Multiframe time (ms): 322
Floorplan Pose (x, y, angle): {'xy': array([2025.58673218,  867.65266521]), 'ang': 264.80598901096863}
Best map key: ('Mahidol_University', 'ICT', '1.1_NetVlad')
Number of candidates after local matching: 50
PnP pairs 2D shape: (10023, 2) 3D shape: (10023, 3)
Multiframe time (ms): 838
Floorplan Pose (x, y, angle): {'xy': array([2620.38962249, 1816.17355476]), 'ang': 118.30480056666056}
Best map key: ('Mahidol_University', 'ICT', '1.1_NetVlad')
Number of candidates after local matching: 50
PnP pairs 2D shape: (12293, 2) 3D shape: (12293, 3)
Multiframe time (ms): 1151
Floorplan Pose (x, y, angle): {'xy': array([2617.35819757, 1801.84540105]), 'ang': 174.99879926955188}
Best map key: ('Mahidol_University', 'ICT', '1.1_NetVlad')
Number of candidates after local matching: 50
PnP pairs 2D shape: (11479, 2) 3D shape: (11479, 3)
Multiframe time (ms): 861
Floorplan Pose (x, y, angle): {'xy': array([1785.72250219, 1856.33132966]), 'ang': 175.40107106443108}
Best map key: ('Mahidol_University', 'ICT', '1.1_NetVlad')
Number of candidates after local matching: 50
PnP pairs 2D shape: (8438, 2) 3D shape: (8438, 3)
Multiframe time (ms): 459
Floorplan Pose (x, y, angle): {'xy': array([1937.14440271, 1714.95822259]), 'ang': 88.71978728976566}
Best map key: ('Mahidol_University', 'ICT', '1.1_NetVlad')
Number of candidates after local matching: 50
PnP pairs 2D shape: (5189, 2) 3D shape: (5189, 3)
Multiframe time (ms): 278
Floorplan Pose (x, y, angle): {'xy': array([2047.30515671,  852.73302305]), 'ang': 162.8649594003982}
Best map key: ('Mahidol_University', 'ICT', '1.1_NetVlad')
Number of candidates after local matching: 50
PnP pairs 2D shape: (13565, 2) 3D shape: (13565, 3)
Multiframe time (ms): 879
Floorplan Pose (x, y, angle): {'xy': array([1784.12808176, 1855.92344309]), 'ang': 262.9624624842038}
Best map key: ('Mahidol_University', 'ICT', '1.1_NetVlad')
Number of candidates after local matching: 50
PnP pairs 2D shape: (8404, 2) 3D shape: (8404, 3)
Multiframe time (ms): 658
Floorplan Pose (x, y, angle): {'xy': array([2025.03282301,  908.20056778]), 'ang': 337.8974162721324}
Best map key: ('Mahidol_University', 'ICT', '1.1_NetVlad')
Number of candidates after local matching: 50
PnP pairs 2D shape: (8043, 2) 3D shape: (8043, 3)
Multiframe time (ms): 643
Floorplan Pose (x, y, angle): {'xy': array([2070.29212252,  894.61555492]), 'ang': 123.77584800344162}
Best map key: None
Number of candidates after local matching: 0
PnP pairs 2D shape: (0, 2) 3D shape: (0, 3)
Multiframe time (ms): 0
Not enough 2D-3D correspondences for pose estimation.
Best map key: ('Mahidol_University', 'ICT', '1.1_NetVlad')
Number of candidates after local matching: 50
PnP pairs 2D shape: (12287, 2) 3D shape: (12287, 3)
Multiframe time (ms): 1041
Floorplan Pose (x, y, angle): {'xy': array([2164.35815182, 1472.32353873]), 'ang': 62.87523318260092}
Best map key: ('Mahidol_University', 'ICT', '1.1_NetVlad')
Number of candidates after local matching: 47
PnP pairs 2D shape: (5876, 2) 3D shape: (5876, 3)
Multiframe time (ms): 510
Floorplan Pose (x, y, angle): {'xy': array([2208.90777003, 1485.56907335]), 'ang': 302.09604957091585}
Best map key: ('Mahidol_University', 'ICT', '1.1_NetVlad')
Number of candidates after local matching: 50
PnP pairs 2D shape: (5104, 2) 3D shape: (5104, 3)
Multiframe time (ms): 256
Floorplan Pose (x, y, angle): {'xy': array([2023.34441435,  883.40450058]), 'ang': 159.03172516570572}
Best map key: ('Mahidol_University', 'ICT', '1.1_NetVlad')
Number of candidates after local matching: 50
PnP pairs 2D shape: (7043, 2) 3D shape: (7043, 3)
Multiframe time (ms): 639
Floorplan Pose (x, y, angle): {'xy': array([2287.67725548, 1686.96483216]), 'ang': 76.23160266639563}
Best map key: ('Mahidol_University', 'ICT', '1.1_NetVlad')
Number of candidates after local matching: 50
PnP pairs 2D shape: (13179, 2) 3D shape: (13179, 3)
Multiframe time (ms): 1311
Floorplan Pose (x, y, angle): {'xy': array([2349.04571248, 1711.59969564]), 'ang': 165.94611106092947}
Best map key: ('Mahidol_University', 'ICT', '1.1_NetVlad')
Number of candidates after local matching: 50
PnP pairs 2D shape: (4916, 2) 3D shape: (4916, 3)
Multiframe time (ms): 357
Floorplan Pose (x, y, angle): {'xy': array([2075.81232238,  660.14719421]), 'ang': 198.25585169567822}
Best map key: ('Mahidol_University', 'ICT', '1.1_NetVlad')
Number of candidates after local matching: 50
PnP pairs 2D shape: (8373, 2) 3D shape: (8373, 3)
Multiframe time (ms): 707
Floorplan Pose (x, y, angle): {'xy': array([1670.21331045, 1867.47649436]), 'ang': 73.09577404578923}
Best map key: ('Mahidol_University', 'ICT', '1.1_NetVlad')
Number of candidates after local matching: 40
PnP pairs 2D shape: (4685, 2) 3D shape: (4685, 3)
Multiframe time (ms): 302
Floorplan Pose (x, y, angle): {'xy': array([1482.22903792, 1556.20196685]), 'ang': 153.46316673218675}
Best map key: ('Mahidol_University', 'ICT', '1.1_NetVlad')
Number of candidates after local matching: 1
PnP pairs 2D shape: (57, 2) 3D shape: (57, 3)
Multiframe time (ms): 14
Floorplan Pose (x, y, angle): {'xy': array([ 816.7178429 , 1174.97457845]), 'ang': 338.7615004599861}
Best map key: ('Mahidol_University', 'ICT', '1.1_NetVlad')
Number of candidates after local matching: 31
PnP pairs 2D shape: (3250, 2) 3D shape: (3250, 3)
Multiframe time (ms): 200
Floorplan Pose (x, y, angle): {'xy': array([1500.07201802, 1688.95087395]), 'ang': 202.69456581631857}
Best map key: ('Mahidol_University', 'ICT', '1.1_NetVlad')
Number of candidates after local matching: 50
PnP pairs 2D shape: (9080, 2) 3D shape: (9080, 3)
Multiframe time (ms): 803
Floorplan Pose (x, y, angle): {'xy': array([2552.07934877, 1678.78376414]), 'ang': 352.47424411465227}
Best map key: ('Mahidol_University', 'ICT', '1.1_NetVlad')
Number of candidates after local matching: 50
PnP pairs 2D shape: (9956, 2) 3D shape: (9956, 3)
Multiframe time (ms): 582
Floorplan Pose (x, y, angle): {'xy': array([1848.0135762 , 1336.27745064]), 'ang': 133.32863933096016}
Best map key: ('Mahidol_University', 'ICT', '1.1_NetVlad')
Number of candidates after local matching: 50
PnP pairs 2D shape: (6736, 2) 3D shape: (6736, 3)
Multiframe time (ms): 533
Floorplan Pose (x, y, angle): {'xy': array([2053.56313783,  865.08287446]), 'ang': 128.36480855925114}
Best map key: ('Mahidol_University', 'ICT', '1.1_NetVlad')
Number of candidates after local matching: 50
PnP pairs 2D shape: (15648, 2) 3D shape: (15648, 3)
Multiframe time (ms): 1599
Floorplan Pose (x, y, angle): {'xy': array([2592.39611042, 1680.02856241]), 'ang': 188.60642799754802}
Best map key: ('Mahidol_University', 'ICT', '1.1_NetVlad')
Number of candidates after local matching: 50
PnP pairs 2D shape: (9547, 2) 3D shape: (9547, 3)
Multiframe time (ms): 787
Floorplan Pose (x, y, angle): {'xy': array([2069.33951877,  887.66209543]), 'ang': 101.30380624142934}
Best map key: ('Mahidol_University', 'ICT', '1.1_NetVlad')
Number of candidates after local matching: 50
PnP pairs 2D shape: (7273, 2) 3D shape: (7273, 3)
Multiframe time (ms): 459
Floorplan Pose (x, y, angle): {'xy': array([2025.36123526, 1147.46856052]), 'ang': 271.2471520109392}
Best map key: ('Mahidol_University', 'ICT', '1.1_NetVlad')
Number of candidates after local matching: 49
PnP pairs 2D shape: (8142, 2) 3D shape: (8142, 3)
Multiframe time (ms): 792
Floorplan Pose (x, y, angle): {'xy': array([1493.67801565, 1787.32053396]), 'ang': 183.57778986295983}
Best map key: ('Mahidol_University', 'ICT', '1.1_NetVlad')
Number of candidates after local matching: 50
PnP pairs 2D shape: (13040, 2) 3D shape: (13040, 3)
Multiframe time (ms): 1397
Floorplan Pose (x, y, angle): {'xy': array([2229.28496654, 1520.26208031]), 'ang': 44.47091926489331}
Best map key: ('Mahidol_University', 'ICT', '1.1_NetVlad')
Number of candidates after local matching: 50
PnP pairs 2D shape: (12320, 2) 3D shape: (12320, 3)
Multiframe time (ms): 876
Floorplan Pose (x, y, angle): {'xy': array([1616.79018573, 1867.30780851]), 'ang': 267.24167743571934}
Best map key: ('Mahidol_University', 'ICT', '1.1_NetVlad')
Number of candidates after local matching: 50
PnP pairs 2D shape: (6718, 2) 3D shape: (6718, 3)
Multiframe time (ms): 387
Floorplan Pose (x, y, angle): {'xy': array([2014.47948664, 1058.9982204 ]), 'ang': 140.21435244427096}
Best map key: ('Mahidol_University', 'ICT', '1.1_NetVlad')
Number of candidates after local matching: 50
PnP pairs 2D shape: (6313, 2) 3D shape: (6313, 3)
Multiframe time (ms): 410
Floorplan Pose (x, y, angle): {'xy': array([2082.89247735,  690.39546259]), 'ang': 63.5687620674833}
Best map key: ('Mahidol_University', 'ICT', '1.1_NetVlad')
Number of candidates after local matching: 12
PnP pairs 2D shape: (779, 2) 3D shape: (779, 3)
Multiframe time (ms): 82
Floorplan Pose (x, y, angle): {'xy': array([ 783.78262674, 1200.52670747]), 'ang': 145.0859480838463}
Best map key: ('Mahidol_University', 'ICT', '1.1_NetVlad')
Number of candidates after local matching: 46
PnP pairs 2D shape: (5373, 2) 3D shape: (5373, 3)
Multiframe time (ms): 387
Floorplan Pose (x, y, angle): {'xy': array([1530.09952148, 1855.05900884]), 'ang': 193.3490548212964}
Best map key: ('Mahidol_University', 'ICT', '1.1_NetVlad')
Number of candidates after local matching: 49
PnP pairs 2D shape: (4350, 2) 3D shape: (4350, 3)
Multiframe time (ms): 247
Floorplan Pose (x, y, angle): {'xy': array([2082.80013686,  689.62325159]), 'ang': 343.0639954857564}
Best map key: ('Mahidol_University', 'ICT', '1.1_NetVlad')
Number of candidates after local matching: 12
PnP pairs 2D shape: (780, 2) 3D shape: (780, 3)
Multiframe time (ms): 71
Floorplan Pose (x, y, angle): {'xy': array([ 957.27772226, 1353.75886008]), 'ang': 271.3494177459775}
Best map key: ('Mahidol_University', 'ICT', '1.1_NetVlad')
Number of candidates after local matching: 2
PnP pairs 2D shape: (108, 2) 3D shape: (108, 3)
Multiframe time (ms): 16
Floorplan Pose (x, y, angle): {'xy': array([1300.58521813, 1342.56080149]), 'ang': 244.94620911219766}
Best map key: ('Mahidol_University', 'ICT', '1.1_NetVlad')
Number of candidates after local matching: 50
PnP pairs 2D shape: (10575, 2) 3D shape: (10575, 3)
Multiframe time (ms): 607
Floorplan Pose (x, y, angle): {'xy': array([1880.44549369, 1726.18759575]), 'ang': 67.63957657856041}
Best map key: ('Mahidol_University', 'ICT', '1.1_NetVlad')
Number of candidates after local matching: 50
PnP pairs 2D shape: (8660, 2) 3D shape: (8660, 3)
Multiframe time (ms): 586
Floorplan Pose (x, y, angle): {'xy': array([1225.68926269, 1341.88052763]), 'ang': 24.922228607162467}
Best map key: ('Mahidol_University', 'ICT', '1.1_NetVlad')
Number of candidates after local matching: 50
PnP pairs 2D shape: (10865, 2) 3D shape: (10865, 3)
Multiframe time (ms): 650
Floorplan Pose (x, y, angle): {'xy': array([1965.59982457, 1710.3578798 ]), 'ang': 246.37534006958273}
Best map key: ('Mahidol_University', 'ICT', '1.1_NetVlad')
Number of candidates after local matching: 50
PnP pairs 2D shape: (9668, 2) 3D shape: (9668, 3)
Multiframe time (ms): 754
Floorplan Pose (x, y, angle): {'xy': array([2356.31046102, 1686.34016001]), 'ang': 32.970746871844696}
Best map key: ('Mahidol_University', 'ICT', '1.1_NetVlad')
Number of candidates after local matching: 50
PnP pairs 2D shape: (7587, 2) 3D shape: (7587, 3)
Multiframe time (ms): 625
Floorplan Pose (x, y, angle): {'xy': array([2081.29075227, 1141.58538254]), 'ang': 208.40063948940474}
Best map key: ('Mahidol_University', 'ICT', '1.1_NetVlad')
Number of candidates after local matching: 38
PnP pairs 2D shape: (4725, 2) 3D shape: (4725, 3)
Multiframe time (ms): 296
Floorplan Pose (x, y, angle): {'xy': array([2114.65678747, 1385.44809064]), 'ang': 352.29376712766003}
Best map key: ('Mahidol_University', 'ICT', '1.1_NetVlad')
Number of candidates after local matching: 50
PnP pairs 2D shape: (5713, 2) 3D shape: (5713, 3)
Multiframe time (ms): 469
Floorplan Pose (x, y, angle): {'xy': array([ 788.86781387, 1352.77057923]), 'ang': 254.67720369310786}
Best map key: ('Mahidol_University', 'ICT', '1.1_NetVlad')
Number of candidates after local matching: 50
PnP pairs 2D shape: (4722, 2) 3D shape: (4722, 3)
Multiframe time (ms): 319
Floorplan Pose (x, y, angle): {'xy': array([2089.05903692,  688.45116966]), 'ang': 248.4965269057804}
Best map key: ('Mahidol_University', 'ICT', '1.1_NetVlad')
Number of candidates after local matching: 50
PnP pairs 2D shape: (12114, 2) 3D shape: (12114, 3)
Multiframe time (ms): 1253
Floorplan Pose (x, y, angle): {'xy': array([2141.722322  , 1467.17731413]), 'ang': 62.00249035089871}
Best map key: ('Mahidol_University', 'ICT', '1.1_NetVlad')
Number of candidates after local matching: 48
PnP pairs 2D shape: (7186, 2) 3D shape: (7186, 3)
Multiframe time (ms): 655
Floorplan Pose (x, y, angle): {'xy': array([2100.32053321, 1321.75377794]), 'ang': 185.90853552266043}
Best map key: ('Mahidol_University', 'ICT', '1.1_NetVlad')
Number of candidates after local matching: 47
PnP pairs 2D shape: (4316, 2) 3D shape: (4316, 3)
Multiframe time (ms): 283
Floorplan Pose (x, y, angle): {'xy': array([1299.98240938, 1353.87648898]), 'ang': 358.8534802702805}
Best map key: ('Mahidol_University', 'ICT', '1.1_NetVlad')
Number of candidates after local matching: 48
PnP pairs 2D shape: (4146, 2) 3D shape: (4146, 3)
Multiframe time (ms): 273
Floorplan Pose (x, y, angle): {'xy': array([2079.86370342,  668.53313729]), 'ang': 347.33056315750457}
Best map key: ('Mahidol_University', 'ICT', '1.1_NetVlad')
Number of candidates after local matching: 50
PnP pairs 2D shape: (13024, 2) 3D shape: (13024, 3)
Multiframe time (ms): 1488
Floorplan Pose (x, y, angle): {'xy': array([1968.21627973, 1715.45574987]), 'ang': 223.49712409449796}
Best map key: ('Mahidol_University', 'ICT', '1.1_NetVlad')
Number of candidates after local matching: 49
PnP pairs 2D shape: (4286, 2) 3D shape: (4286, 3)
Multiframe time (ms): 349
Floorplan Pose (x, y, angle): {'xy': array([2030.29377942,  747.86487391]), 'ang': 201.22847172764543}
Best map key: ('Mahidol_University', 'ICT', '1.1_NetVlad')
Number of candidates after local matching: 50
PnP pairs 2D shape: (10244, 2) 3D shape: (10244, 3)
Multiframe time (ms): 1194
Floorplan Pose (x, y, angle): {'xy': array([2021.20685335,  938.08168399]), 'ang': 77.87834196339125}
Best map key: ('Mahidol_University', 'ICT', '1.1_NetVlad')
Number of candidates after local matching: 50
PnP pairs 2D shape: (12831, 2) 3D shape: (12831, 3)
Multiframe time (ms): 1080
Floorplan Pose (x, y, angle): {'xy': array([2116.56415882, 1416.17372604]), 'ang': 133.25235544617337}
Best map key: ('Mahidol_University', 'ICT', '1.1_NetVlad')
Number of candidates after local matching: 47
PnP pairs 2D shape: (6191, 2) 3D shape: (6191, 3)
Multiframe time (ms): 540
Floorplan Pose (x, y, angle): {'xy': array([ 776.1246697 , 1313.38720654]), 'ang': 263.75732718185157}
Best map key: ('Mahidol_University', 'ICT', '1.1_NetVlad')
Number of candidates after local matching: 50
PnP pairs 2D shape: (10157, 2) 3D shape: (10157, 3)
Multiframe time (ms): 689
Floorplan Pose (x, y, angle): {'xy': array([2073.52128966,  867.53841144]), 'ang': 62.327018840575825}
Best map key: ('Mahidol_University', 'ICT', '1.1_NetVlad')
Number of candidates after local matching: 46
PnP pairs 2D shape: (4119, 2) 3D shape: (4119, 3)
Multiframe time (ms): 310
Floorplan Pose (x, y, angle): {'xy': array([2044.42808833,  783.34258015]), 'ang': 283.21348863157436}
Best map key: ('Mahidol_University', 'ICT', '1.1_NetVlad')
Number of candidates after local matching: 50
PnP pairs 2D shape: (6881, 2) 3D shape: (6881, 3)
Multiframe time (ms): 557
Floorplan Pose (x, y, angle): {'xy': array([2019.23220474, 1314.47945404]), 'ang': 56.10507730341327}
Best map key: None
Number of candidates after local matching: 0
PnP pairs 2D shape: (0, 2) 3D shape: (0, 3)
Multiframe time (ms): 1
Not enough 2D-3D correspondences for pose estimation.
Best map key: ('Mahidol_University', 'ICT', '1.1_NetVlad')
Number of candidates after local matching: 50
PnP pairs 2D shape: (14803, 2) 3D shape: (14803, 3)
Multiframe time (ms): 1921
Floorplan Pose (x, y, angle): {'xy': array([1788.34464496, 1834.40135009]), 'ang': 332.09564534017085}
Best map key: ('Mahidol_University', 'ICT', '1.1_NetVlad')
Number of candidates after local matching: 25
PnP pairs 2D shape: (1556, 2) 3D shape: (1556, 3)
Multiframe time (ms): 133
Floorplan Pose (x, y, angle): {'xy': array([ 803.05004942, 1347.72310289]), 'ang': 178.63431601207586}
Best map key: ('Mahidol_University', 'ICT', '1.1_NetVlad')
Number of candidates after local matching: 50
PnP pairs 2D shape: (10230, 2) 3D shape: (10230, 3)
Multiframe time (ms): 915
Floorplan Pose (x, y, angle): {'xy': array([1828.38459895, 1734.52257086]), 'ang': 94.47283037160922}
Best map key: ('Mahidol_University', 'ICT', '1.1_NetVlad')
Number of candidates after local matching: 50
PnP pairs 2D shape: (13387, 2) 3D shape: (13387, 3)
Multiframe time (ms): 1272
Floorplan Pose (x, y, angle): {'xy': array([2129.88271936, 1459.55883451]), 'ang': 104.31619348235759}
Best map key: ('Mahidol_University', 'ICT', '1.1_NetVlad')
Number of candidates after local matching: 50
PnP pairs 2D shape: (11198, 2) 3D shape: (11198, 3)
Multiframe time (ms): 844
Floorplan Pose (x, y, angle): {'xy': array([1696.4638768 , 1871.43817071]), 'ang': 210.89529015251344}
Best map key: ('Mahidol_University', 'ICT', '1.1_NetVlad')
Number of candidates after local matching: 48
PnP pairs 2D shape: (13425, 2) 3D shape: (13425, 3)
Multiframe time (ms): 948
Floorplan Pose (x, y, angle): {'xy': array([1990.23512461, 1710.94943957]), 'ang': 329.1093290652282}
Best map key: ('Mahidol_University', 'ICT', '1.1_NetVlad')
Number of candidates after local matching: 50
PnP pairs 2D shape: (7815, 2) 3D shape: (7815, 3)
Multiframe time (ms): 452
Floorplan Pose (x, y, angle): {'xy': array([1876.02441917, 1336.60432433]), 'ang': 352.138262477544}
Best map key: ('Mahidol_University', 'ICT', '1.1_NetVlad')
Number of candidates after local matching: 50
PnP pairs 2D shape: (8962, 2) 3D shape: (8962, 3)
Multiframe time (ms): 489
Floorplan Pose (x, y, angle): {'xy': array([2036.81023529, 1022.04654333]), 'ang': 314.80322641585934}
Best map key: ('Mahidol_University', 'ICT', '1.1_NetVlad')
Number of candidates after local matching: 50
PnP pairs 2D shape: (9364, 2) 3D shape: (9364, 3)
Multiframe time (ms): 678
Floorplan Pose (x, y, angle): {'xy': array([2086.08882496, 1279.72559427]), 'ang': 64.6701062829824}
Best map key: ('Mahidol_University', 'ICT', '1.1_NetVlad')
Number of candidates after local matching: 50
PnP pairs 2D shape: (7682, 2) 3D shape: (7682, 3)
Multiframe time (ms): 539
Floorplan Pose (x, y, angle): {'xy': array([2628.80958107, 1685.71434574]), 'ang': 308.67232488417005}
Best map key: ('Mahidol_University', 'ICT', '1.1_NetVlad')
Number of candidates after local matching: 50
PnP pairs 2D shape: (6848, 2) 3D shape: (6848, 3)
Multiframe time (ms): 530
Floorplan Pose (x, y, angle): {'xy': array([2074.99014653, 1198.02046251]), 'ang': 185.4689533543383}
Best map key: ('Mahidol_University', 'ICT', '1.1_NetVlad')
Number of candidates after local matching: 50
PnP pairs 2D shape: (9502, 2) 3D shape: (9502, 3)
Multiframe time (ms): 1084
Floorplan Pose (x, y, angle): {'xy': array([1497.22697949, 1707.01618253]), 'ang': 279.42408783079406}
Best map key: ('Mahidol_University', 'ICT', '1.1_NetVlad')
Number of candidates after local matching: 50
PnP pairs 2D shape: (9003, 2) 3D shape: (9003, 3)
Multiframe time (ms): 627
Floorplan Pose (x, y, angle): {'xy': array([2026.49864356, 1200.61018145]), 'ang': 60.40501819697397}
Best map key: ('Mahidol_University', 'ICT', '1.1_NetVlad')
Number of candidates after local matching: 38
PnP pairs 2D shape: (3712, 2) 3D shape: (3712, 3)
Multiframe time (ms): 266
Floorplan Pose (x, y, angle): {'xy': array([2030.95732401,  802.47458034]), 'ang': 301.51266944442364}
Best map key: ('Mahidol_University', 'ICT', '1.1_NetVlad')
Number of candidates after local matching: 48
PnP pairs 2D shape: (4460, 2) 3D shape: (4460, 3)
Multiframe time (ms): 337
Floorplan Pose (x, y, angle): {'xy': array([ 787.50297529, 1335.49147053]), 'ang': 226.55931512511313}
Best map key: ('Mahidol_University', 'ICT', '1.1_NetVlad')
Number of candidates after local matching: 50
PnP pairs 2D shape: (5942, 2) 3D shape: (5942, 3)
Multiframe time (ms): 326
Floorplan Pose (x, y, angle): {'xy': array([2084.30652498,  730.75243875]), 'ang': 49.7746094960996}
Best map key: ('Mahidol_University', 'ICT', '1.1_NetVlad')
Number of candidates after local matching: 33
PnP pairs 2D shape: (3444, 2) 3D shape: (3444, 3)
Multiframe time (ms): 328
Floorplan Pose (x, y, angle): {'xy': array([1501.61778683, 1660.55876222]), 'ang': 183.54719166543453}
Best map key: ('Mahidol_University', 'ICT', '1.1_NetVlad')
Number of candidates after local matching: 50
PnP pairs 2D shape: (8370, 2) 3D shape: (8370, 3)
Multiframe time (ms): 915
Floorplan Pose (x, y, angle): {'xy': array([2054.26760966,  844.83238043]), 'ang': 75.30558573202843}
Best map key: ('Mahidol_University', 'ICT', '1.1_NetVlad')
Number of candidates after local matching: 32
PnP pairs 2D shape: (3128, 2) 3D shape: (3128, 3)
Multiframe time (ms): 279
Floorplan Pose (x, y, angle): {'xy': array([ 814.65250338, 1203.59487151]), 'ang': 93.49581134682396}
Best map key: ('Mahidol_University', 'ICT', '1.1_NetVlad')
Number of candidates after local matching: 50
PnP pairs 2D shape: (9598, 2) 3D shape: (9598, 3)
Multiframe time (ms): 736
Floorplan Pose (x, y, angle): {'xy': array([2017.9217452 ,  852.94157677]), 'ang': 46.010890979149195}
Best map key: None
Number of candidates after local matching: 0
PnP pairs 2D shape: (0, 2) 3D shape: (0, 3)
Multiframe time (ms): 0
Not enough 2D-3D correspondences for pose estimation.
Best map key: ('Mahidol_University', 'ICT', '1.1_NetVlad')
Number of candidates after local matching: 49
PnP pairs 2D shape: (4803, 2) 3D shape: (4803, 3)
Multiframe time (ms): 508
Floorplan Pose (x, y, angle): {'xy': array([2041.61627137,  653.21802398]), 'ang': 89.44438142851494}
Best map key: ('Mahidol_University', 'ICT', '1.1_NetVlad')
Number of candidates after local matching: 50
PnP pairs 2D shape: (8526, 2) 3D shape: (8526, 3)
Multiframe time (ms): 898
Floorplan Pose (x, y, angle): {'xy': array([2127.33782675, 1435.41424601]), 'ang': 256.7724227001378}
Best map key: ('Mahidol_University', 'ICT', '1.1_NetVlad')
Number of candidates after local matching: 32
PnP pairs 2D shape: (2774, 2) 3D shape: (2774, 3)
Multiframe time (ms): 222
Floorplan Pose (x, y, angle): {'xy': array([2106.27496209, 1350.269817  ]), 'ang': 358.1708837381925}
Best map key: ('Mahidol_University', 'ICT', '1.1_NetVlad')
Number of candidates after local matching: 50
PnP pairs 2D shape: (10893, 2) 3D shape: (10893, 3)
Multiframe time (ms): 944
Floorplan Pose (x, y, angle): {'xy': array([2179.7746486 , 1528.13826305]), 'ang': 56.870858842504184}
Best map key: ('Mahidol_University', 'ICT', '1.1_NetVlad')
Number of candidates after local matching: 50
PnP pairs 2D shape: (7182, 2) 3D shape: (7182, 3)
Multiframe time (ms): 807
Floorplan Pose (x, y, angle): {'xy': array([2516.23839433, 1808.72198303]), 'ang': 28.779018088030355}
Best map key: ('Mahidol_University', 'ICT', '1.1_NetVlad')
Number of candidates after local matching: 47
PnP pairs 2D shape: (5124, 2) 3D shape: (5124, 3)
Multiframe time (ms): 398
Floorplan Pose (x, y, angle): {'xy': array([ 953.75523567, 1354.34446278]), 'ang': 185.85412470087854}
Best map key: ('Mahidol_University', 'ICT', '1.1_NetVlad')
Number of candidates after local matching: 50
PnP pairs 2D shape: (7776, 2) 3D shape: (7776, 3)
Multiframe time (ms): 626
Floorplan Pose (x, y, angle): {'xy': array([1334.53231318, 1412.75601071]), 'ang': 354.20948656283235}
Best map key: ('Mahidol_University', 'ICT', '1.1_NetVlad')
Number of candidates after local matching: 50
PnP pairs 2D shape: (9878, 2) 3D shape: (9878, 3)
Multiframe time (ms): 644
Floorplan Pose (x, y, angle): {'xy': array([2076.10947707, 1001.36077207]), 'ang': 62.92261912351705}
Best map key: ('Mahidol_University', 'ICT', '1.1_NetVlad')
Number of candidates after local matching: 50
PnP pairs 2D shape: (5772, 2) 3D shape: (5772, 3)
Multiframe time (ms): 417
Floorplan Pose (x, y, angle): {'xy': array([2079.85214848,  813.00961849]), 'ang': 145.18008652321006}
Best map key: ('Mahidol_University', 'ICT', '1.1_NetVlad')
Number of candidates after local matching: 49
PnP pairs 2D shape: (6272, 2) 3D shape: (6272, 3)
Multiframe time (ms): 354
Floorplan Pose (x, y, angle): {'xy': array([2140.14310985, 1698.50792518]), 'ang': 64.85363998144673}
Best map key: ('Mahidol_University', 'ICT', '1.1_NetVlad')
Number of candidates after local matching: 46
PnP pairs 2D shape: (4288, 2) 3D shape: (4288, 3)
Multiframe time (ms): 296
Floorplan Pose (x, y, angle): {'xy': array([2047.18264429,  680.50642126]), 'ang': 217.70780945890144}
Best map key: ('Mahidol_University', 'ICT', '1.1_NetVlad')
Number of candidates after local matching: 50
PnP pairs 2D shape: (10116, 2) 3D shape: (10116, 3)
Multiframe time (ms): 789
Floorplan Pose (x, y, angle): {'xy': array([2071.69858738, 1052.93444566]), 'ang': 61.28326207082884}
Best map key: ('Mahidol_University', 'ICT', '1.1_NetVlad')
Number of candidates after local matching: 50
PnP pairs 2D shape: (7530, 2) 3D shape: (7530, 3)
Multiframe time (ms): 497
Floorplan Pose (x, y, angle): {'xy': array([2032.20859539, 1249.73602148]), 'ang': 15.492134424787466}
Best map key: ('Mahidol_University', 'ICT', '1.1_NetVlad')
Number of candidates after local matching: 47
PnP pairs 2D shape: (4971, 2) 3D shape: (4971, 3)
Multiframe time (ms): 361
Floorplan Pose (x, y, angle): {'xy': array([2025.6939191 ,  856.53610645]), 'ang': 203.51623572656075}
Best map key: ('Mahidol_University', 'ICT', '1.1_NetVlad')
Number of candidates after local matching: 50
PnP pairs 2D shape: (19510, 2) 3D shape: (19510, 3)
Multiframe time (ms): 2130
Floorplan Pose (x, y, angle): {'xy': array([1636.27659701, 1868.76854278]), 'ang': 335.1157416064743}
Best map key: ('Mahidol_University', 'ICT', '1.1_NetVlad')
Number of candidates after local matching: 50
PnP pairs 2D shape: (14343, 2) 3D shape: (14343, 3)
Multiframe time (ms): 1754
Floorplan Pose (x, y, angle): {'xy': array([2440.56553624, 1672.0453173 ]), 'ang': 206.88287562706006}
Best map key: ('Mahidol_University', 'ICT', '1.1_NetVlad')
Number of candidates after local matching: 50
PnP pairs 2D shape: (13471, 2) 3D shape: (13471, 3)
Multiframe time (ms): 1121
Floorplan Pose (x, y, angle): {'xy': array([2164.78466083, 1691.69135923]), 'ang': 1.0646434665960907}
Best map key: ('Mahidol_University', 'ICT', '1.1_NetVlad')
Number of candidates after local matching: 47
PnP pairs 2D shape: (4908, 2) 3D shape: (4908, 3)
Multiframe time (ms): 555
Floorplan Pose (x, y, angle): {'xy': array([2035.82967419,  616.58079157]), 'ang': 247.87210797356397}
Best map key: ('Mahidol_University', 'ICT', '1.1_NetVlad')
Number of candidates after local matching: 50
PnP pairs 2D shape: (14350, 2) 3D shape: (14350, 3)
Multiframe time (ms): 1341
Floorplan Pose (x, y, angle): {'xy': array([1857.38187046, 1729.12530851]), 'ang': 163.25650132387008}
Best map key: ('Mahidol_University', 'ICT', '1.1_NetVlad')
Number of candidates after local matching: 50
PnP pairs 2D shape: (7250, 2) 3D shape: (7250, 3)
Multiframe time (ms): 623
Floorplan Pose (x, y, angle): {'xy': array([2073.80575964, 1053.60685989]), 'ang': 260.1776740114333}
Best map key: ('Mahidol_University', 'ICT', '1.1_NetVlad')
Number of candidates after local matching: 8
PnP pairs 2D shape: (530, 2) 3D shape: (530, 3)
Multiframe time (ms): 34
Floorplan Pose (x, y, angle): {'xy': array([1226.78685828, 1342.35903604]), 'ang': 311.4406085816026}
Best map key: ('Mahidol_University', 'ICT', '1.1_NetVlad')
Number of candidates after local matching: 50
PnP pairs 2D shape: (9310, 2) 3D shape: (9310, 3)
Multiframe time (ms): 756
Floorplan Pose (x, y, angle): {'xy': array([2025.2444904 , 1146.35097821]), 'ang': 59.59613989837956}
Best map key: ('Mahidol_University', 'ICT', '1.1_NetVlad')
Number of candidates after local matching: 50
PnP pairs 2D shape: (9326, 2) 3D shape: (9326, 3)
Multiframe time (ms): 766
Floorplan Pose (x, y, angle): {'xy': array([2152.24341923, 1439.7384735 ]), 'ang': 207.0658172815712}
Best map key: ('Mahidol_University', 'ICT', '1.1_NetVlad')
Number of candidates after local matching: 50
PnP pairs 2D shape: (13409, 2) 3D shape: (13409, 3)
Multiframe time (ms): 1355
Floorplan Pose (x, y, angle): {'xy': array([2107.89148148, 1699.50354134]), 'ang': 8.26665938842856}
Best map key: ('Mahidol_University', 'ICT', '1.1_NetVlad')
Number of candidates after local matching: 45
PnP pairs 2D shape: (4382, 2) 3D shape: (4382, 3)
Multiframe time (ms): 484
Floorplan Pose (x, y, angle): {'xy': array([ 901.68244271, 1356.47110525]), 'ang': 192.2396287210924}
Best map key: ('Mahidol_University', 'ICT', '1.1_NetVlad')
Number of candidates after local matching: 50
PnP pairs 2D shape: (16349, 2) 3D shape: (16349, 3)
Multiframe time (ms): 1345
Floorplan Pose (x, y, angle): {'xy': array([1559.79001572, 1872.97954615]), 'ang': 315.8376216212719}
Best map key: ('Mahidol_University', 'ICT', '1.1_NetVlad')
Number of candidates after local matching: 2
PnP pairs 2D shape: (117, 2) 3D shape: (117, 3)
Multiframe time (ms): 18
Floorplan Pose (x, y, angle): {'xy': array([1127.51766891, 1341.05293388]), 'ang': 238.68081356849}
Best map key: ('Mahidol_University', 'ICT', '1.1_NetVlad')
Number of candidates after local matching: 50
PnP pairs 2D shape: (17007, 2) 3D shape: (17007, 3)
Multiframe time (ms): 1527
Floorplan Pose (x, y, angle): {'xy': array([1504.88347084, 1689.09542314]), 'ang': 24.94802588774475}
Best map key: ('Mahidol_University', 'ICT', '1.1_NetVlad')
Number of candidates after local matching: 48
PnP pairs 2D shape: (16778, 2) 3D shape: (16778, 3)
Multiframe time (ms): 1464
Floorplan Pose (x, y, angle): {'xy': array([2612.44497709, 1680.661457  ]), 'ang': 179.63353474931577}
Best map key: ('Mahidol_University', 'ICT', '1.1_NetVlad')
Number of candidates after local matching: 36
PnP pairs 2D shape: (2929, 2) 3D shape: (2929, 3)
Multiframe time (ms): 169
Floorplan Pose (x, y, angle): {'xy': array([ 770.41010478, 1177.56863956]), 'ang': 257.89682349020137}
Best map key: ('Mahidol_University', 'ICT', '1.1_NetVlad')
Number of candidates after local matching: 50
PnP pairs 2D shape: (4424, 2) 3D shape: (4424, 3)
Multiframe time (ms): 395
Floorplan Pose (x, y, angle): {'xy': array([2051.50575254,  655.85696651]), 'ang': 66.39409008436733}
Best map key: ('Mahidol_University', 'ICT', '1.1_NetVlad')
Number of candidates after local matching: 49
PnP pairs 2D shape: (5233, 2) 3D shape: (5233, 3)
Multiframe time (ms): 552
Floorplan Pose (x, y, angle): {'xy': array([2068.48125788,  640.85812292]), 'ang': 197.1201228045921}
Best map key: ('Mahidol_University', 'ICT', '1.1_NetVlad')
Number of candidates after local matching: 50
PnP pairs 2D shape: (13167, 2) 3D shape: (13167, 3)
Multiframe time (ms): 1222
Floorplan Pose (x, y, angle): {'xy': array([2289.95645996, 1695.96087461]), 'ang': 218.70166591845236}
Best map key: ('Mahidol_University', 'ICT', '1.1_NetVlad')
Number of candidates after local matching: 49
PnP pairs 2D shape: (9057, 2) 3D shape: (9057, 3)
Multiframe time (ms): 813
Floorplan Pose (x, y, angle): {'xy': array([2029.36395027, 1229.15590483]), 'ang': 60.02257673280173}
Best map key: ('Mahidol_University', 'ICT', '1.1_NetVlad')
Number of candidates after local matching: 39
PnP pairs 2D shape: (4125, 2) 3D shape: (4125, 3)
Multiframe time (ms): 315
Floorplan Pose (x, y, angle): {'xy': array([1752.32752321, 1336.52892976]), 'ang': 183.68129797625602}
Best map key: ('Mahidol_University', 'ICT', '1.1_NetVlad')
Number of candidates after local matching: 37
PnP pairs 2D shape: (3203, 2) 3D shape: (3203, 3)
Multiframe time (ms): 311
Floorplan Pose (x, y, angle): {'xy': array([1442.56610712, 1335.54009032]), 'ang': 182.86263641074183}
Best map key: ('Mahidol_University', 'ICT', '1.1_NetVlad')
Number of candidates after local matching: 46
PnP pairs 2D shape: (9482, 2) 3D shape: (9482, 3)
Multiframe time (ms): 683
Floorplan Pose (x, y, angle): {'xy': array([2119.46075931, 1410.01695626]), 'ang': 359.89779357463226}
Best map key: ('Mahidol_University', 'ICT', '1.1_NetVlad')
Number of candidates after local matching: 50
PnP pairs 2D shape: (8416, 2) 3D shape: (8416, 3)
Multiframe time (ms): 622
Floorplan Pose (x, y, angle): {'xy': array([2582.56207885, 1670.14189204]), 'ang': 106.21290869581166}
Best map key: ('Mahidol_University', 'ICT', '1.1_NetVlad')
Number of candidates after local matching: 50
PnP pairs 2D shape: (8336, 2) 3D shape: (8336, 3)
Multiframe time (ms): 382
Floorplan Pose (x, y, angle): {'xy': array([2037.84576454,  977.70635265]), 'ang': 18.619846464825507}
Best map key: ('Mahidol_University', 'ICT', '1.1_NetVlad')
Number of candidates after local matching: 2
PnP pairs 2D shape: (110, 2) 3D shape: (110, 3)
Multiframe time (ms): 17
Floorplan Pose (x, y, angle): {'xy': array([ 773.00590114, 1282.2401373 ]), 'ang': 192.29675797430883}
Best map key: ('Mahidol_University', 'ICT', '1.1_NetVlad')
Number of candidates after local matching: 46
PnP pairs 2D shape: (4554, 2) 3D shape: (4554, 3)
Multiframe time (ms): 404
Floorplan Pose (x, y, angle): {'xy': array([2054.00789449,  655.83254892]), 'ang': 65.77728190881624}
Best map key: ('Mahidol_University', 'ICT', '1.1_NetVlad')
Number of candidates after local matching: 50
PnP pairs 2D shape: (13947, 2) 3D shape: (13947, 3)
Multiframe time (ms): 1619
Floorplan Pose (x, y, angle): {'xy': array([2085.81264566, 1701.06850385]), 'ang': 187.2668298604564}
Best map key: ('Mahidol_University', 'ICT', '1.1_NetVlad')
Number of candidates after local matching: 50
PnP pairs 2D shape: (10562, 2) 3D shape: (10562, 3)
Multiframe time (ms): 662
Floorplan Pose (x, y, angle): {'xy': array([1851.86336972, 1730.33978279]), 'ang': 66.64806349924456}
Best map key: ('Mahidol_University', 'ICT', '1.1_NetVlad')
Number of candidates after local matching: 45
PnP pairs 2D shape: (4194, 2) 3D shape: (4194, 3)
Multiframe time (ms): 251
Floorplan Pose (x, y, angle): {'xy': array([2037.15975829,  753.11158811]), 'ang': 22.320946663792792}
Best map key: ('Mahidol_University', 'ICT', '1.1_NetVlad')
Number of candidates after local matching: 42
PnP pairs 2D shape: (6202, 2) 3D shape: (6202, 3)
Multiframe time (ms): 390
Floorplan Pose (x, y, angle): {'xy': array([1471.11310413, 1531.18075037]), 'ang': 177.25548179921378}
Best map key: ('Mahidol_University', 'ICT', '1.1_NetVlad')
Number of candidates after local matching: 47
PnP pairs 2D shape: (6239, 2) 3D shape: (6239, 3)
Multiframe time (ms): 418
Floorplan Pose (x, y, angle): {'xy': array([ 922.93442695, 1344.71148701]), 'ang': 123.67427070111438}
Best map key: ('Mahidol_University', 'ICT', '1.1_NetVlad')
Number of candidates after local matching: 50
PnP pairs 2D shape: (11133, 2) 3D shape: (11133, 3)
Multiframe time (ms): 1222
Floorplan Pose (x, y, angle): {'xy': array([2631.63296271, 1798.28907336]), 'ang': 157.44517666946896}
Best map key: None
Number of candidates after local matching: 0
PnP pairs 2D shape: (0, 2) 3D shape: (0, 3)
Multiframe time (ms): 0
Not enough 2D-3D correspondences for pose estimation.
Best map key: ('Mahidol_University', 'ICT', '1.1_NetVlad')
Number of candidates after local matching: 42
PnP pairs 2D shape: (3500, 2) 3D shape: (3500, 3)
Multiframe time (ms): 360
Floorplan Pose (x, y, angle): {'xy': array([ 839.35181883, 1355.18028237]), 'ang': 333.0317316705263}
Best map key: None
Number of candidates after local matching: 0
PnP pairs 2D shape: (0, 2) 3D shape: (0, 3)
Multiframe time (ms): 0
Not enough 2D-3D correspondences for pose estimation.
Best map key: ('Mahidol_University', 'ICT', '1.1_NetVlad')
Number of candidates after local matching: 50
PnP pairs 2D shape: (9185, 2) 3D shape: (9185, 3)
Multiframe time (ms): 796
Floorplan Pose (x, y, angle): {'xy': array([2076.59557639, 1025.40857377]), 'ang': 62.26439084804908}
Best map key: ('Mahidol_University', 'ICT', '1.1_NetVlad')
Number of candidates after local matching: 48
PnP pairs 2D shape: (6423, 2) 3D shape: (6423, 3)
Multiframe time (ms): 494
Floorplan Pose (x, y, angle): {'xy': array([2101.44565584, 1249.04503599]), 'ang': 304.27204552284064}
Best map key: ('Mahidol_University', 'ICT', '1.1_NetVlad')
Number of candidates after local matching: 48
PnP pairs 2D shape: (4519, 2) 3D shape: (4519, 3)
Multiframe time (ms): 284
Floorplan Pose (x, y, angle): {'xy': array([2051.9965595 ,  650.86757056]), 'ang': 34.662310858014244}
Best map key: ('Mahidol_University', 'ICT', '1.1_NetVlad')
Number of candidates after local matching: 50
PnP pairs 2D shape: (9106, 2) 3D shape: (9106, 3)
Multiframe time (ms): 1008
Floorplan Pose (x, y, angle): {'xy': array([2102.49678658, 1323.7371095 ]), 'ang': 104.46969937492193}
Best map key: ('Mahidol_University', 'ICT', '1.1_NetVlad')
Number of candidates after local matching: 48
PnP pairs 2D shape: (5181, 2) 3D shape: (5181, 3)
Multiframe time (ms): 364
Floorplan Pose (x, y, angle): {'xy': array([1492.69979579, 1338.09886418]), 'ang': 8.015704458993591}
Best map key: ('Mahidol_University', 'ICT', '1.1_NetVlad')
Number of candidates after local matching: 47
PnP pairs 2D shape: (4853, 2) 3D shape: (4853, 3)
Multiframe time (ms): 293
Floorplan Pose (x, y, angle): {'xy': array([1624.17433965, 1338.60164295]), 'ang': 186.43665136790196}
Best map key: ('Mahidol_University', 'ICT', '1.1_NetVlad')
Number of candidates after local matching: 2
PnP pairs 2D shape: (122, 2) 3D shape: (122, 3)
Multiframe time (ms): 13
Floorplan Pose (x, y, angle): {'xy': array([1051.03198584, 1343.13341534]), 'ang': 296.084825127705}
Best map key: ('Mahidol_University', 'ICT', '1.1_NetVlad')
Number of candidates after local matching: 50
PnP pairs 2D shape: (14305, 2) 3D shape: (14305, 3)
Multiframe time (ms): 1296
Floorplan Pose (x, y, angle): {'xy': array([1759.84605914, 1867.74626646]), 'ang': 357.70323895362736}
Best map key: ('Mahidol_University', 'ICT', '1.1_NetVlad')
Number of candidates after local matching: 44
PnP pairs 2D shape: (4470, 2) 3D shape: (4470, 3)
Multiframe time (ms): 420
Floorplan Pose (x, y, angle): {'xy': array([ 761.50022209, 1196.15808811]), 'ang': 265.5891767145238}
Best map key: ('Mahidol_University', 'ICT', '1.1_NetVlad')
Number of candidates after local matching: 50
PnP pairs 2D shape: (8030, 2) 3D shape: (8030, 3)
Multiframe time (ms): 644
Floorplan Pose (x, y, angle): {'xy': array([2098.85992   , 1293.36722901]), 'ang': 224.3568355823918}
Best map key: ('Mahidol_University', 'ICT', '1.1_NetVlad')
Number of candidates after local matching: 50
PnP pairs 2D shape: (5614, 2) 3D shape: (5614, 3)
Multiframe time (ms): 493
Floorplan Pose (x, y, angle): {'xy': array([ 955.84173691, 1355.94781009]), 'ang': 105.08654466055141}
Best map key: ('Mahidol_University', 'ICT', '1.1_NetVlad')
Number of candidates after local matching: 6
PnP pairs 2D shape: (402, 2) 3D shape: (402, 3)
Multiframe time (ms): 51
Floorplan Pose (x, y, angle): {'xy': array([ 811.96485629, 1267.26019852]), 'ang': 357.8422733575155}
Best map key: ('Mahidol_University', 'ICT', '1.1_NetVlad')
Number of candidates after local matching: 50
PnP pairs 2D shape: (12400, 2) 3D shape: (12400, 3)
Multiframe time (ms): 1044
Floorplan Pose (x, y, angle): {'xy': array([2369.86156213, 1733.88750685]), 'ang': 242.80946793966325}
Best map key: ('Mahidol_University', 'ICT', '1.1_NetVlad')
Number of candidates after local matching: 40
PnP pairs 2D shape: (3339, 2) 3D shape: (3339, 3)
Multiframe time (ms): 296
Floorplan Pose (x, y, angle): {'xy': array([ 834.17367324, 1353.70230755]), 'ang': 328.69188804328286}
Best map key: ('Mahidol_University', 'ICT', '1.1_NetVlad')
Number of candidates after local matching: 47
PnP pairs 2D shape: (4863, 2) 3D shape: (4863, 3)
Multiframe time (ms): 310
Floorplan Pose (x, y, angle): {'xy': array([1428.81069613, 1506.20057924]), 'ang': 253.87919447160743}
Best map key: ('Mahidol_University', 'ICT', '1.1_NetVlad')
Number of candidates after local matching: 50
PnP pairs 2D shape: (18532, 2) 3D shape: (18532, 3)
Multiframe time (ms): 1877
Floorplan Pose (x, y, angle): {'xy': array([1517.36458521, 1853.40996128]), 'ang': 352.179175297095}
Best map key: ('Mahidol_University', 'ICT', '1.1_NetVlad')
Number of candidates after local matching: 44
PnP pairs 2D shape: (4325, 2) 3D shape: (4325, 3)
Multiframe time (ms): 261
Floorplan Pose (x, y, angle): {'xy': array([1199.64082158, 1341.52642053]), 'ang': 122.1413602673895}
Best map key: ('Mahidol_University', 'ICT', '1.1_NetVlad')
Number of candidates after local matching: 49
PnP pairs 2D shape: (9535, 2) 3D shape: (9535, 3)
Multiframe time (ms): 716
Floorplan Pose (x, y, angle): {'xy': array([2267.25003652, 1657.91158911]), 'ang': 154.16872983447058}
Best map key: ('Mahidol_University', 'ICT', '1.1_NetVlad')
Number of candidates after local matching: 41
PnP pairs 2D shape: (3696, 2) 3D shape: (3696, 3)
Multiframe time (ms): 194
Floorplan Pose (x, y, angle): {'xy': array([ 777.17485392, 1311.70544154]), 'ang': 41.08353452161781}
Best map key: ('Mahidol_University', 'ICT', '1.1_NetVlad')
Number of candidates after local matching: 50
PnP pairs 2D shape: (6674, 2) 3D shape: (6674, 3)
Multiframe time (ms): 359
Floorplan Pose (x, y, angle): {'xy': array([1794.76264687, 1334.56290433]), 'ang': 111.37964964419777}
Best map key: ('Mahidol_University', 'ICT', '1.1_NetVlad')
Number of candidates after local matching: 46
PnP pairs 2D shape: (3699, 2) 3D shape: (3699, 3)
Multiframe time (ms): 180
Floorplan Pose (x, y, angle): {'xy': array([2042.12661251,  725.46713096]), 'ang': 8.087267388305605}
Best map key: ('Mahidol_University', 'ICT', '1.1_NetVlad')
Number of candidates after local matching: 48
PnP pairs 2D shape: (4716, 2) 3D shape: (4716, 3)
Multiframe time (ms): 271
Floorplan Pose (x, y, angle): {'xy': array([2040.11552081,  586.81667458]), 'ang': 103.91349990278047}
Best map key: ('Mahidol_University', 'ICT', '1.1_NetVlad')
Number of candidates after local matching: 50
PnP pairs 2D shape: (10023, 2) 3D shape: (10023, 3)
Multiframe time (ms): 847
Floorplan Pose (x, y, angle): {'xy': array([2022.74782509,  880.08652981]), 'ang': 60.95827406014115}
Best map key: ('Mahidol_University', 'ICT', '1.1_NetVlad')
Number of candidates after local matching: 50
PnP pairs 2D shape: (9429, 2) 3D shape: (9429, 3)
Multiframe time (ms): 549
Floorplan Pose (x, y, angle): {'xy': array([1976.94268592, 1328.3052842 ]), 'ang': 304.08531845341815}
Best map key: ('Mahidol_University', 'ICT', '1.1_NetVlad')
Number of candidates after local matching: 48
PnP pairs 2D shape: (7685, 2) 3D shape: (7685, 3)
Multiframe time (ms): 586
Floorplan Pose (x, y, angle): {'xy': array([2240.53110456, 1654.80773529]), 'ang': 261.5724424933358}
Best map key: ('Mahidol_University', 'ICT', '1.1_NetVlad')
Number of candidates after local matching: 49
PnP pairs 2D shape: (6424, 2) 3D shape: (6424, 3)
Multiframe time (ms): 633
Floorplan Pose (x, y, angle): {'xy': array([1200.98209256, 1344.12537092]), 'ang': 69.35758819134368}
Best map key: ('Mahidol_University', 'ICT', '1.1_NetVlad')
Number of candidates after local matching: 38
PnP pairs 2D shape: (3697, 2) 3D shape: (3697, 3)
Multiframe time (ms): 352
Floorplan Pose (x, y, angle): {'xy': array([2086.21454486,  735.08451478]), 'ang': 281.410044366362}
Best map key: ('Mahidol_University', 'ICT', '1.1_NetVlad')
Number of candidates after local matching: 49
PnP pairs 2D shape: (5833, 2) 3D shape: (5833, 3)
Multiframe time (ms): 338
Floorplan Pose (x, y, angle): {'xy': array([2088.81610626,  732.74137131]), 'ang': 124.33952096585158}
Best map key: ('Mahidol_University', 'ICT', '1.1_NetVlad')
Number of candidates after local matching: 50
PnP pairs 2D shape: (11105, 2) 3D shape: (11105, 3)
Multiframe time (ms): 1082
Floorplan Pose (x, y, angle): {'xy': array([1974.4199392 , 1332.37039224]), 'ang': 90.66663622884668}
Best map key: ('Mahidol_University', 'ICT', '1.1_NetVlad')
Number of candidates after local matching: 48
PnP pairs 2D shape: (5905, 2) 3D shape: (5905, 3)
Multiframe time (ms): 512
Floorplan Pose (x, y, angle): {'xy': array([1349.31317016, 1343.27961806]), 'ang': 132.45380797072968}
Best map key: ('Mahidol_University', 'ICT', '1.1_NetVlad')
Number of candidates after local matching: 48
PnP pairs 2D shape: (10457, 2) 3D shape: (10457, 3)
Multiframe time (ms): 763
Floorplan Pose (x, y, angle): {'xy': array([2232.376902  , 1572.47328226]), 'ang': 226.42816844129908}
Best map key: ('Mahidol_University', 'ICT', '1.1_NetVlad')
Number of candidates after local matching: 35
PnP pairs 2D shape: (4146, 2) 3D shape: (4146, 3)
Multiframe time (ms): 254
Floorplan Pose (x, y, angle): {'xy': array([2520.17561769, 1668.88635163]), 'ang': 254.054120167333}
Best map key: ('Mahidol_University', 'ICT', '1.1_NetVlad')
Number of candidates after local matching: 50
PnP pairs 2D shape: (9084, 2) 3D shape: (9084, 3)
Multiframe time (ms): 604
Floorplan Pose (x, y, angle): {'xy': array([1304.80928487, 1354.24950616]), 'ang': 33.17886804003682}
Best map key: ('Mahidol_University', 'ICT', '1.1_NetVlad')
Number of candidates after local matching: 50
PnP pairs 2D shape: (7946, 2) 3D shape: (7946, 3)
Multiframe time (ms): 539
Floorplan Pose (x, y, angle): {'xy': array([1695.20287319, 1869.48391119]), 'ang': 72.5694690395968}
Best map key: ('Mahidol_University', 'ICT', '1.1_NetVlad')
Number of candidates after local matching: 50
PnP pairs 2D shape: (14160, 2) 3D shape: (14160, 3)
Multiframe time (ms): 1094
Floorplan Pose (x, y, angle): {'xy': array([2634.39374801, 1778.09326328]), 'ang': 176.7937684680964}
Best map key: ('Mahidol_University', 'ICT', '1.1_NetVlad')
Number of candidates after local matching: 50
PnP pairs 2D shape: (5782, 2) 3D shape: (5782, 3)
Multiframe time (ms): 490
Floorplan Pose (x, y, angle): {'xy': array([2047.80245767,  709.35894335]), 'ang': 69.90051959537027}
Best map key: ('Mahidol_University', 'ICT', '1.1_NetVlad')
Number of candidates after local matching: 49
PnP pairs 2D shape: (5309, 2) 3D shape: (5309, 3)
Multiframe time (ms): 493
Floorplan Pose (x, y, angle): {'xy': array([1602.28611886, 1332.07052958]), 'ang': 356.74875370352134}
Best map key: ('Mahidol_University', 'ICT', '1.1_NetVlad')
Number of candidates after local matching: 50
PnP pairs 2D shape: (4987, 2) 3D shape: (4987, 3)
Multiframe time (ms): 357
Floorplan Pose (x, y, angle): {'xy': array([2066.41937536,  686.86665962]), 'ang': 181.13508282144065}
Best map key: ('Mahidol_University', 'ICT', '1.1_NetVlad')
Number of candidates after local matching: 50
PnP pairs 2D shape: (10803, 2) 3D shape: (10803, 3)
Multiframe time (ms): 910
Floorplan Pose (x, y, angle): {'xy': array([2212.94130269, 1483.80896859]), 'ang': 79.59717973859556}
Best map key: ('Mahidol_University', 'ICT', '1.1_NetVlad')
Number of candidates after local matching: 50
PnP pairs 2D shape: (11640, 2) 3D shape: (11640, 3)
Multiframe time (ms): 961
Floorplan Pose (x, y, angle): {'xy': array([2083.85542708, 1253.54898874]), 'ang': 83.48753833485169}
Best map key: ('Mahidol_University', 'ICT', '1.1_NetVlad')
Number of candidates after local matching: 44
PnP pairs 2D shape: (5238, 2) 3D shape: (5238, 3)
Multiframe time (ms): 354
Floorplan Pose (x, y, angle): {'xy': array([1570.22717307, 1338.83060475]), 'ang': 92.66675488930889}
Best map key: ('Mahidol_University', 'ICT', '1.1_NetVlad')
Number of candidates after local matching: 50
PnP pairs 2D shape: (8498, 2) 3D shape: (8498, 3)
Multiframe time (ms): 687
Floorplan Pose (x, y, angle): {'xy': array([1249.67694345, 1345.50594101]), 'ang': 73.21157446883421}
Best map key: ('Mahidol_University', 'ICT', '1.1_NetVlad')
Number of candidates after local matching: 50
PnP pairs 2D shape: (12366, 2) 3D shape: (12366, 3)
Multiframe time (ms): 880
Floorplan Pose (x, y, angle): {'xy': array([2318.00334661, 1703.42274854]), 'ang': 233.46221330483792}
Best map key: ('Mahidol_University', 'ICT', '1.1_NetVlad')
Number of candidates after local matching: 47
PnP pairs 2D shape: (9718, 2) 3D shape: (9718, 3)
Multiframe time (ms): 600
Floorplan Pose (x, y, angle): {'xy': array([2415.69957907, 1765.36036511]), 'ang': 263.5240061160941}
Best map key: ('Mahidol_University', 'ICT', '1.1_NetVlad')
Number of candidates after local matching: 50
PnP pairs 2D shape: (12538, 2) 3D shape: (12538, 3)
Multiframe time (ms): 898
Floorplan Pose (x, y, angle): {'xy': array([1499.44627044, 1717.9794158 ]), 'ang': 63.20621641514032}
Best map key: ('Mahidol_University', 'ICT', '1.1_NetVlad')
Number of candidates after local matching: 50
PnP pairs 2D shape: (9707, 2) 3D shape: (9707, 3)
Multiframe time (ms): 584
Floorplan Pose (x, y, angle): {'xy': array([2025.82277352, 1010.46245043]), 'ang': 89.82109868041218}
Best map key: ('Mahidol_University', 'ICT', '1.1_NetVlad')
Number of candidates after local matching: 49
PnP pairs 2D shape: (4782, 2) 3D shape: (4782, 3)
Multiframe time (ms): 376
Floorplan Pose (x, y, angle): {'xy': array([2070.23393298,  924.18904158]), 'ang': 262.1134332676755}
Best map key: ('Mahidol_University', 'ICT', '1.1_NetVlad')
Number of candidates after local matching: 49
PnP pairs 2D shape: (6363, 2) 3D shape: (6363, 3)
Multiframe time (ms): 475
Floorplan Pose (x, y, angle): {'xy': array([2066.33291631,  947.93377853]), 'ang': 179.52266953325605}
Best map key: ('Mahidol_University', 'ICT', '1.1_NetVlad')
Number of candidates after local matching: 50
PnP pairs 2D shape: (9963, 2) 3D shape: (9963, 3)
Multiframe time (ms): 627
Floorplan Pose (x, y, angle): {'xy': array([2052.0388165 ,  870.70417657]), 'ang': 68.56433789945451}
Best map key: ('Mahidol_University', 'ICT', '1.1_NetVlad')
Number of candidates after local matching: 30
PnP pairs 2D shape: (2727, 2) 3D shape: (2727, 3)
Multiframe time (ms): 267
Floorplan Pose (x, y, angle): {'xy': array([1300.26723994, 1341.71600096]), 'ang': 129.47273962914156}
Best map key: ('Mahidol_University', 'ICT', '1.1_NetVlad')
Number of candidates after local matching: 15
PnP pairs 2D shape: (1069, 2) 3D shape: (1069, 3)
Multiframe time (ms): 60
Floorplan Pose (x, y, angle): {'xy': array([1082.85940816, 1355.29085309]), 'ang': 294.20047945495503}
Best map key: ('Mahidol_University', 'ICT', '1.1_NetVlad')
Number of candidates after local matching: 47
PnP pairs 2D shape: (3956, 2) 3D shape: (3956, 3)
Multiframe time (ms): 311
Floorplan Pose (x, y, angle): {'xy': array([1503.9256749 , 1841.83120397]), 'ang': 131.91489591220827}
Best map key: ('Mahidol_University', 'ICT', '1.1_NetVlad')
Number of candidates after local matching: 50
PnP pairs 2D shape: (4505, 2) 3D shape: (4505, 3)
Multiframe time (ms): 324
Floorplan Pose (x, y, angle): {'xy': array([2053.11660847,  752.33323469]), 'ang': 217.50218589338286}
Best map key: ('Mahidol_University', 'ICT', '1.1_NetVlad')
Number of candidates after local matching: 48
PnP pairs 2D shape: (5742, 2) 3D shape: (5742, 3)
Multiframe time (ms): 437
Floorplan Pose (x, y, angle): {'xy': array([ 834.80298729, 1346.38716399]), 'ang': 16.15992960960006}
Best map key: ('Mahidol_University', 'ICT', '1.1_NetVlad')
Number of candidates after local matching: 44
PnP pairs 2D shape: (4707, 2) 3D shape: (4707, 3)
Multiframe time (ms): 379
Floorplan Pose (x, y, angle): {'xy': array([ 985.58040317, 1356.88127841]), 'ang': 48.66395074413952}
Best map key: ('Mahidol_University', 'ICT', '1.1_NetVlad')
Number of candidates after local matching: 50
PnP pairs 2D shape: (6541, 2) 3D shape: (6541, 3)
Multiframe time (ms): 405
Floorplan Pose (x, y, angle): {'xy': array([1210.85054783, 1344.44859076]), 'ang': 352.75066922735994}
Best map key: ('Mahidol_University', 'ICT', '1.1_NetVlad')
Number of candidates after local matching: 45
PnP pairs 2D shape: (4188, 2) 3D shape: (4188, 3)
Multiframe time (ms): 464
Floorplan Pose (x, y, angle): {'xy': array([2051.73527769,  632.90336824]), 'ang': 108.31809483954594}
Best map key: ('Mahidol_University', 'ICT', '1.1_NetVlad')
Number of candidates after local matching: 50
PnP pairs 2D shape: (8349, 2) 3D shape: (8349, 3)
Multiframe time (ms): 521
Floorplan Pose (x, y, angle): {'xy': array([2078.37532589, 1099.88418706]), 'ang': 302.4466667301986}
Best map key: ('Mahidol_University', 'ICT', '1.1_NetVlad')
Number of candidates after local matching: 49
PnP pairs 2D shape: (5282, 2) 3D shape: (5282, 3)
Multiframe time (ms): 484
Floorplan Pose (x, y, angle): {'xy': array([2041.7056861 ,  715.76583736]), 'ang': 59.666389363809984}
Best map key: ('Mahidol_University', 'ICT', '1.1_NetVlad')
Number of candidates after local matching: 28
PnP pairs 2D shape: (2301, 2) 3D shape: (2301, 3)
Multiframe time (ms): 221
Floorplan Pose (x, y, angle): {'xy': array([1822.91270261, 1333.22428655]), 'ang': 227.9648286557115}
Best map key: ('Mahidol_University', 'ICT', '1.1_NetVlad')
Number of candidates after local matching: 49
PnP pairs 2D shape: (8051, 2) 3D shape: (8051, 3)
Multiframe time (ms): 511
Floorplan Pose (x, y, angle): {'xy': array([1326.32280518, 1341.37086428]), 'ang': 89.8060850636057}
Best map key: ('Mahidol_University', 'ICT', '1.1_NetVlad')
Number of candidates after local matching: 22
PnP pairs 2D shape: (2277, 2) 3D shape: (2277, 3)
Multiframe time (ms): 174
Floorplan Pose (x, y, angle): {'xy': array([1331.11861755, 1383.81632465]), 'ang': 234.83171411728904}
Best map key: ('Mahidol_University', 'ICT', '1.1_NetVlad')
Number of candidates after local matching: 50
PnP pairs 2D shape: (12536, 2) 3D shape: (12536, 3)
Multiframe time (ms): 1279
Floorplan Pose (x, y, angle): {'xy': array([1356.46644831, 1489.25810372]), 'ang': 64.5787458056535}
Best map key: ('Mahidol_University', 'ICT', '1.1_NetVlad')
Number of candidates after local matching: 50
PnP pairs 2D shape: (16303, 2) 3D shape: (16303, 3)
Multiframe time (ms): 1731
Floorplan Pose (x, y, angle): {'xy': array([2590.7039811 , 1672.95380641]), 'ang': 183.9399970063376}
Best map key: ('Mahidol_University', 'ICT', '1.1_NetVlad')
Number of candidates after local matching: 43
PnP pairs 2D shape: (5657, 2) 3D shape: (5657, 3)
Multiframe time (ms): 468
Floorplan Pose (x, y, angle): {'xy': array([1468.66194085, 1531.70651325]), 'ang': 196.39428785392005}
Best map key: ('Mahidol_University', 'ICT', '1.1_NetVlad')
Number of candidates after local matching: 43
PnP pairs 2D shape: (3643, 2) 3D shape: (3643, 3)
Multiframe time (ms): 281
Floorplan Pose (x, y, angle): {'xy': array([ 826.81849062, 1352.70898977]), 'ang': 183.48241118015537}
Best map key: ('Mahidol_University', 'ICT', '1.1_NetVlad')
Number of candidates after local matching: 48
PnP pairs 2D shape: (3616, 2) 3D shape: (3616, 3)
Multiframe time (ms): 226
Floorplan Pose (x, y, angle): {'xy': array([1215.56070059, 1343.77302967]), 'ang': 205.96001568816726}
Best map key: ('Mahidol_University', 'ICT', '1.1_NetVlad')
Number of candidates after local matching: 50
PnP pairs 2D shape: (8256, 2) 3D shape: (8256, 3)
Multiframe time (ms): 613
Floorplan Pose (x, y, angle): {'xy': array([2073.5124189 ,  865.68747562]), 'ang': 22.685514066023263}
Best map key: ('Mahidol_University', 'ICT', '1.1_NetVlad')
Number of candidates after local matching: 50
PnP pairs 2D shape: (12722, 2) 3D shape: (12722, 3)
Multiframe time (ms): 938
Floorplan Pose (x, y, angle): {'xy': array([1810.6484201 , 1781.39726188]), 'ang': 299.3004415030779}
Best map key: ('Mahidol_University', 'ICT', '1.1_NetVlad')
Number of candidates after local matching: 50
PnP pairs 2D shape: (12433, 2) 3D shape: (12433, 3)
Multiframe time (ms): 1578
Floorplan Pose (x, y, angle): {'xy': array([2031.7727526 , 1713.39911001]), 'ang': 222.32683893972802}
Best map key: ('Mahidol_University', 'ICT', '1.1_NetVlad')
Number of candidates after local matching: 50
PnP pairs 2D shape: (11117, 2) 3D shape: (11117, 3)
Multiframe time (ms): 897
Floorplan Pose (x, y, angle): {'xy': array([2636.68340203, 1717.01643174]), 'ang': 223.1299803299685}
Best map key: ('Mahidol_University', 'ICT', '1.1_NetVlad')
Number of candidates after local matching: 50
PnP pairs 2D shape: (6574, 2) 3D shape: (6574, 3)
Multiframe time (ms): 459
Floorplan Pose (x, y, angle): {'xy': array([1620.79947586, 1337.02503931]), 'ang': 27.686407520176484}
Best map key: ('Mahidol_University', 'ICT', '1.1_NetVlad')
Number of candidates after local matching: 39
PnP pairs 2D shape: (5306, 2) 3D shape: (5306, 3)
Multiframe time (ms): 399
Floorplan Pose (x, y, angle): {'xy': array([1403.66526694, 1501.88107541]), 'ang': 175.60954112917875}
Best map key: ('Mahidol_University', 'ICT', '1.1_NetVlad')
Number of candidates after local matching: 46
PnP pairs 2D shape: (4795, 2) 3D shape: (4795, 3)
Multiframe time (ms): 503
Floorplan Pose (x, y, angle): {'xy': array([ 863.17443848, 1356.03605009]), 'ang': 202.79490434764065}
Best map key: ('Mahidol_University', 'ICT', '1.1_NetVlad')
Number of candidates after local matching: 50
PnP pairs 2D shape: (7955, 2) 3D shape: (7955, 3)
Multiframe time (ms): 514
Floorplan Pose (x, y, angle): {'xy': array([2010.1310725 , 1310.84542636]), 'ang': 262.8886251761521}
Best map key: ('Mahidol_University', 'ICT', '1.1_NetVlad')
Number of candidates after local matching: 48
PnP pairs 2D shape: (3713, 2) 3D shape: (3713, 3)
Multiframe time (ms): 169
Floorplan Pose (x, y, angle): {'xy': array([1226.11557035, 1342.44465555]), 'ang': 330.5838249677087}
Best map key: ('Mahidol_University', 'ICT', '1.1_NetVlad')
Number of candidates after local matching: 47
PnP pairs 2D shape: (5036, 2) 3D shape: (5036, 3)
Multiframe time (ms): 289
Floorplan Pose (x, y, angle): {'xy': array([2105.99272295, 1350.83922876]), 'ang': 20.522607246240607}
Best map key: ('Mahidol_University', 'ICT', '1.1_NetVlad')
Number of candidates after local matching: 50
PnP pairs 2D shape: (8150, 2) 3D shape: (8150, 3)
Multiframe time (ms): 465
Floorplan Pose (x, y, angle): {'xy': array([2018.492645  , 1234.72294958]), 'ang': 339.1937952314148}
Best map key: ('Mahidol_University', 'ICT', '1.1_NetVlad')
Number of candidates after local matching: 49
PnP pairs 2D shape: (4331, 2) 3D shape: (4331, 3)
Multiframe time (ms): 510
Floorplan Pose (x, y, angle): {'xy': array([2044.11852532,  703.86557357]), 'ang': 254.0398442679596}
Best map key: ('Mahidol_University', 'ICT', '1.1_NetVlad')
Number of candidates after local matching: 39
PnP pairs 2D shape: (2913, 2) 3D shape: (2913, 3)
Multiframe time (ms): 212
Floorplan Pose (x, y, angle): {'xy': array([2045.84438563,  741.2103073 ]), 'ang': 343.0976233652263}
Best map key: ('Mahidol_University', 'ICT', '1.1_NetVlad')
Number of candidates after local matching: 37
PnP pairs 2D shape: (2549, 2) 3D shape: (2549, 3)
Multiframe time (ms): 171
Floorplan Pose (x, y, angle): {'xy': array([2068.39104589,  728.93112126]), 'ang': 357.1158211388085}
Best map key: ('Mahidol_University', 'ICT', '1.1_NetVlad')
Number of candidates after local matching: 50
PnP pairs 2D shape: (10971, 2) 3D shape: (10971, 3)
Multiframe time (ms): 1094
Floorplan Pose (x, y, angle): {'xy': array([1776.12360328, 1852.65414543]), 'ang': 16.754983419385614}
Best map key: ('Mahidol_University', 'ICT', '1.1_NetVlad')
Number of candidates after local matching: 10
PnP pairs 2D shape: (769, 2) 3D shape: (769, 3)
Multiframe time (ms): 66
Floorplan Pose (x, y, angle): {'xy': array([ 983.06698064, 1351.80961562]), 'ang': 274.56814557608806}
Best map key: ('Mahidol_University', 'ICT', '1.1_NetVlad')
Number of candidates after local matching: 50
PnP pairs 2D shape: (8966, 2) 3D shape: (8966, 3)
Multiframe time (ms): 816
Floorplan Pose (x, y, angle): {'xy': array([1794.28283866, 1835.56228034]), 'ang': 127.55585746304116}
Best map key: ('Mahidol_University', 'ICT', '1.1_NetVlad')
Number of candidates after local matching: 45
PnP pairs 2D shape: (4354, 2) 3D shape: (4354, 3)
Multiframe time (ms): 326
Floorplan Pose (x, y, angle): {'xy': array([2073.20110965,  714.51503973]), 'ang': 281.3892064488216}
Best map key: ('Mahidol_University', 'ICT', '1.1_NetVlad')
Number of candidates after local matching: 50
PnP pairs 2D shape: (9851, 2) 3D shape: (9851, 3)
Multiframe time (ms): 767
Floorplan Pose (x, y, angle): {'xy': array([1498.64526084, 1653.88694761]), 'ang': 279.9604269181124}
Best map key: ('Mahidol_University', 'ICT', '1.1_NetVlad')
Number of candidates after local matching: 49
PnP pairs 2D shape: (4990, 2) 3D shape: (4990, 3)
Multiframe time (ms): 420
Floorplan Pose (x, y, angle): {'xy': array([2087.05744073,  689.98919241]), 'ang': 42.3849850943463}
Best map key: ('Mahidol_University', 'ICT', '1.1_NetVlad')
Number of candidates after local matching: 50
PnP pairs 2D shape: (10636, 2) 3D shape: (10636, 3)
Multiframe time (ms): 900
Floorplan Pose (x, y, angle): {'xy': array([1874.66472052, 1332.49204596]), 'ang': 95.53534160472334}
Best map key: ('Mahidol_University', 'ICT', '1.1_NetVlad')
Number of candidates after local matching: 50
PnP pairs 2D shape: (10364, 2) 3D shape: (10364, 3)
Multiframe time (ms): 622
Floorplan Pose (x, y, angle): {'xy': array([2006.02994378, 1313.3790544 ]), 'ang': 145.21018618478743}
Best map key: ('Mahidol_University', 'ICT', '1.1_NetVlad')
Number of candidates after local matching: 50
PnP pairs 2D shape: (6569, 2) 3D shape: (6569, 3)
Multiframe time (ms): 519
Floorplan Pose (x, y, angle): {'xy': array([1014.17038225, 1358.52440411]), 'ang': 65.25925243010124}
Best map key: ('Mahidol_University', 'ICT', '1.1_NetVlad')
Number of candidates after local matching: 2
PnP pairs 2D shape: (112, 2) 3D shape: (112, 3)
Multiframe time (ms): 18
Floorplan Pose (x, y, angle): {'xy': array([1621.28958181, 1337.79916926]), 'ang': 287.78015791408166}
Best map key: ('Mahidol_University', 'ICT', '1.1_NetVlad')
Number of candidates after local matching: 44
PnP pairs 2D shape: (4734, 2) 3D shape: (4734, 3)
Multiframe time (ms): 495
Floorplan Pose (x, y, angle): {'xy': array([2028.87023978,  888.4007421 ]), 'ang': 232.02023118820105}
Best map key: ('Mahidol_University', 'ICT', '1.1_NetVlad')
Number of candidates after local matching: 46
PnP pairs 2D shape: (4290, 2) 3D shape: (4290, 3)
Multiframe time (ms): 340
Floorplan Pose (x, y, angle): {'xy': array([1132.58019368, 1353.65838451]), 'ang': 66.53700260815685}
Best map key: ('Mahidol_University', 'ICT', '1.1_NetVlad')
Number of candidates after local matching: 48
PnP pairs 2D shape: (6694, 2) 3D shape: (6694, 3)
Multiframe time (ms): 527
Floorplan Pose (x, y, angle): {'xy': array([1622.6712897 , 1337.35870972]), 'ang': 11.331332827261143}
Best map key: ('Mahidol_University', 'ICT', '1.1_NetVlad')
Number of candidates after local matching: 47
PnP pairs 2D shape: (11264, 2) 3D shape: (11264, 3)
Multiframe time (ms): 700
Floorplan Pose (x, y, angle): {'xy': array([1995.34025038, 1710.62487039]), 'ang': 308.7408361216126}
Best map key: ('Mahidol_University', 'ICT', '1.1_NetVlad')
Number of candidates after local matching: 50
PnP pairs 2D shape: (7702, 2) 3D shape: (7702, 3)
Multiframe time (ms): 606
Floorplan Pose (x, y, angle): {'xy': array([2017.1362785 , 1008.66133464]), 'ang': 118.09520172842632}
Best map key: ('Mahidol_University', 'ICT', '1.1_NetVlad')
Number of candidates after local matching: 50
PnP pairs 2D shape: (13732, 2) 3D shape: (13732, 3)
Multiframe time (ms): 1289
Floorplan Pose (x, y, angle): {'xy': array([2216.11054233, 1690.91548656]), 'ang': 341.02357828724536}
Best map key: ('Mahidol_University', 'ICT', '1.1_NetVlad')
Number of candidates after local matching: 50
PnP pairs 2D shape: (6764, 2) 3D shape: (6764, 3)
Multiframe time (ms): 695
Floorplan Pose (x, y, angle): {'xy': array([2638.95310151, 1693.17451073]), 'ang': 96.96111155067479}
Best map key: ('Mahidol_University', 'ICT', '1.1_NetVlad')
Number of candidates after local matching: 50
PnP pairs 2D shape: (11946, 2) 3D shape: (11946, 3)
Multiframe time (ms): 1170
Floorplan Pose (x, y, angle): {'xy': array([2112.10622997, 1413.58828599]), 'ang': 73.86234984411931}
Best map key: ('Mahidol_University', 'ICT', '1.1_NetVlad')
Number of candidates after local matching: 50
PnP pairs 2D shape: (8873, 2) 3D shape: (8873, 3)
Multiframe time (ms): 870
Floorplan Pose (x, y, angle): {'xy': array([2009.41762771, 1208.65709539]), 'ang': 40.56280537399474}
Best map key: ('Mahidol_University', 'ICT', '1.1_NetVlad')
Number of candidates after local matching: 26
PnP pairs 2D shape: (2080, 2) 3D shape: (2080, 3)
Multiframe time (ms): 241
Floorplan Pose (x, y, angle): {'xy': array([ 778.90623142, 1276.94962855]), 'ang': 92.03277059314125}
Best map key: ('Mahidol_University', 'ICT', '1.1_NetVlad')
Number of candidates after local matching: 49
PnP pairs 2D shape: (4106, 2) 3D shape: (4106, 3)
Multiframe time (ms): 243
Floorplan Pose (x, y, angle): {'xy': array([2030.1258474,  776.2056915]), 'ang': 199.86274497359304}
Best map key: ('Mahidol_University', 'ICT', '1.1_NetVlad')
Number of candidates after local matching: 34
PnP pairs 2D shape: (3121, 2) 3D shape: (3121, 3)
Multiframe time (ms): 137
Floorplan Pose (x, y, angle): {'xy': array([2102.25816666, 1322.13097108]), 'ang': 1.6081821565000491}
Best map key: ('Mahidol_University', 'ICT', '1.1_NetVlad')
Number of candidates after local matching: 50
PnP pairs 2D shape: (9657, 2) 3D shape: (9657, 3)
Multiframe time (ms): 510
Floorplan Pose (x, y, angle): {'xy': array([2022.43210722,  982.18272304]), 'ang': 343.1333513351279}
Best map key: ('Mahidol_University', 'ICT', '1.1_NetVlad')
Number of candidates after local matching: 45
PnP pairs 2D shape: (5589, 2) 3D shape: (5589, 3)
Multiframe time (ms): 422
Floorplan Pose (x, y, angle): {'xy': array([1951.87027091, 1339.22903441]), 'ang': 268.02655509540045}
Best map key: ('Mahidol_University', 'ICT', '1.1_NetVlad')
Number of candidates after local matching: 50
PnP pairs 2D shape: (6101, 2) 3D shape: (6101, 3)
Multiframe time (ms): 463
Floorplan Pose (x, y, angle): {'xy': array([2054.0781471 ,  936.84393012]), 'ang': 212.01170472401716}
Best map key: ('Mahidol_University', 'ICT', '1.1_NetVlad')
Number of candidates after local matching: 46
PnP pairs 2D shape: (4782, 2) 3D shape: (4782, 3)
Multiframe time (ms): 329
Floorplan Pose (x, y, angle): {'xy': array([2028.67736192,  776.74737818]), 'ang': 22.238952524270445}
Best map key: ('Mahidol_University', 'ICT', '1.1_NetVlad')
Number of candidates after local matching: 50
PnP pairs 2D shape: (7382, 2) 3D shape: (7382, 3)
Multiframe time (ms): 438
Floorplan Pose (x, y, angle): {'xy': array([ 931.81632177, 1355.76759961]), 'ang': 93.25422329226025}
Best map key: ('Mahidol_University', 'ICT', '1.1_NetVlad')
Number of candidates after local matching: 50
PnP pairs 2D shape: (13007, 2) 3D shape: (13007, 3)
Multiframe time (ms): 1183
Floorplan Pose (x, y, angle): {'xy': array([2118.86976534, 1704.08841124]), 'ang': 206.42701542429708}
Best map key: ('Mahidol_University', 'ICT', '1.1_NetVlad')
Number of candidates after local matching: 50
PnP pairs 2D shape: (9026, 2) 3D shape: (9026, 3)
Multiframe time (ms): 566
Floorplan Pose (x, y, angle): {'xy': array([2049.7997376 ,  897.02231921]), 'ang': 9.309488281065494}
Best map key: ('Mahidol_University', 'ICT', '1.1_NetVlad')
Number of candidates after local matching: 49
PnP pairs 2D shape: (5007, 2) 3D shape: (5007, 3)
Multiframe time (ms): 420
Floorplan Pose (x, y, angle): {'xy': array([2051.70550887,  635.7552527 ]), 'ang': 129.14092472632163}
Best map key: ('Mahidol_University', 'ICT', '1.1_NetVlad')
Number of candidates after local matching: 50
PnP pairs 2D shape: (6234, 2) 3D shape: (6234, 3)
Multiframe time (ms): 348
Floorplan Pose (x, y, angle): {'xy': array([1364.21872221, 1338.80899765]), 'ang': 90.1198976978467}
Best map key: ('Mahidol_University', 'ICT', '1.1_NetVlad')
Number of candidates after local matching: 37
PnP pairs 2D shape: (3207, 2) 3D shape: (3207, 3)
Multiframe time (ms): 190
Floorplan Pose (x, y, angle): {'xy': array([1390.55738893, 1338.03800398]), 'ang': 107.84732000057296}
Best map key: ('Mahidol_University', 'ICT', '1.1_NetVlad')
Number of candidates after local matching: 50
PnP pairs 2D shape: (9137, 2) 3D shape: (9137, 3)
Multiframe time (ms): 756
Floorplan Pose (x, y, angle): {'xy': array([2031.10265903, 1191.47767215]), 'ang': 68.07939949773571}
Best map key: ('Mahidol_University', 'ICT', '1.1_NetVlad')
Number of candidates after local matching: 48
PnP pairs 2D shape: (4812, 2) 3D shape: (4812, 3)
Multiframe time (ms): 306
Floorplan Pose (x, y, angle): {'xy': array([1249.30031014, 1345.55212812]), 'ang': 174.88436364035198}
Best map key: ('Mahidol_University', 'ICT', '1.1_NetVlad')
Number of candidates after local matching: 45
PnP pairs 2D shape: (4917, 2) 3D shape: (4917, 3)
Multiframe time (ms): 595
Floorplan Pose (x, y, angle): {'xy': array([2067.00811733,  711.37480791]), 'ang': 319.19503092861663}
Best map key: ('Mahidol_University', 'ICT', '1.1_NetVlad')
Number of candidates after local matching: 44
PnP pairs 2D shape: (3648, 2) 3D shape: (3648, 3)
Multiframe time (ms): 257
Floorplan Pose (x, y, angle): {'xy': array([2070.98753611,  686.67154226]), 'ang': 17.268915408503307}
Best map key: ('Mahidol_University', 'ICT', '1.1_NetVlad')
Number of candidates after local matching: 50
PnP pairs 2D shape: (6479, 2) 3D shape: (6479, 3)
Multiframe time (ms): 637
Floorplan Pose (x, y, angle): {'xy': array([2064.84370213,  729.91573562]), 'ang': 92.38062244730327}
Best map key: ('Mahidol_University', 'ICT', '1.1_NetVlad')
Number of candidates after local matching: 50
PnP pairs 2D shape: (8203, 2) 3D shape: (8203, 3)
Multiframe time (ms): 782
Floorplan Pose (x, y, angle): {'xy': array([2125.26200529, 1437.63623067]), 'ang': 244.59984342504904}
Best map key: ('Mahidol_University', 'ICT', '1.1_NetVlad')
Number of candidates after local matching: 43
PnP pairs 2D shape: (4713, 2) 3D shape: (4713, 3)
Multiframe time (ms): 386
Floorplan Pose (x, y, angle): {'xy': array([1316.78515157, 1373.32381773]), 'ang': 130.78091622803336}
Best map key: ('Mahidol_University', 'ICT', '1.1_NetVlad')
Number of candidates after local matching: 50
PnP pairs 2D shape: (7571, 2) 3D shape: (7571, 3)
Multiframe time (ms): 798
Floorplan Pose (x, y, angle): {'xy': array([2106.14103536, 1248.47798734]), 'ang': 207.57760415549458}
Best map key: ('Mahidol_University', 'ICT', '1.1_NetVlad')
Number of candidates after local matching: 50
PnP pairs 2D shape: (13922, 2) 3D shape: (13922, 3)
Multiframe time (ms): 1003
Floorplan Pose (x, y, angle): {'xy': array([2150.37307392, 1444.87352751]), 'ang': 147.40924461481634}
Best map key: ('Mahidol_University', 'ICT', '1.1_NetVlad')
Number of candidates after local matching: 12
PnP pairs 2D shape: (939, 2) 3D shape: (939, 3)
Multiframe time (ms): 66
Floorplan Pose (x, y, angle): {'xy': array([ 956.62312545, 1355.88047658]), 'ang': 286.52328342279156}
Best map key: ('Mahidol_University', 'ICT', '1.1_NetVlad')
Number of candidates after local matching: 50
PnP pairs 2D shape: (8101, 2) 3D shape: (8101, 3)
Multiframe time (ms): 489
Floorplan Pose (x, y, angle): {'xy': array([2081.01991005, 1233.40666399]), 'ang': 279.4481534103578}
Best map key: ('Mahidol_University', 'ICT', '1.1_NetVlad')
Number of candidates after local matching: 50
PnP pairs 2D shape: (7355, 2) 3D shape: (7355, 3)
Multiframe time (ms): 627
Floorplan Pose (x, y, angle): {'xy': array([ 899.39907264, 1356.23656961]), 'ang': 64.49617383475314}
Best map key: ('Mahidol_University', 'ICT', '1.1_NetVlad')
Number of candidates after local matching: 50
PnP pairs 2D shape: (10468, 2) 3D shape: (10468, 3)
Multiframe time (ms): 952
Floorplan Pose (x, y, angle): {'xy': array([2153.22040232, 1461.62894478]), 'ang': 16.55489246522171}
Best map key: ('Mahidol_University', 'ICT', '1.1_NetVlad')
Number of candidates after local matching: 49
PnP pairs 2D shape: (5575, 2) 3D shape: (5575, 3)
Multiframe time (ms): 249
Floorplan Pose (x, y, angle): {'xy': array([2010.69643931, 1183.6999352 ]), 'ang': 160.2712816781709}
Best map key: ('Mahidol_University', 'ICT', '1.1_NetVlad')
Number of candidates after local matching: 50
PnP pairs 2D shape: (6088, 2) 3D shape: (6088, 3)
Multiframe time (ms): 382
Floorplan Pose (x, y, angle): {'xy': array([1301.76508081, 1342.60416167]), 'ang': 4.652272754076834}
Best map key: ('Mahidol_University', 'ICT', '1.1_NetVlad')
Number of candidates after local matching: 49
PnP pairs 2D shape: (5561, 2) 3D shape: (5561, 3)
Multiframe time (ms): 322
Floorplan Pose (x, y, angle): {'xy': array([2086.10210925,  689.77400558]), 'ang': 63.109241696903176}
Best map key: ('Mahidol_University', 'ICT', '1.1_NetVlad')
Number of candidates after local matching: 2
PnP pairs 2D shape: (134, 2) 3D shape: (134, 3)
Multiframe time (ms): 24
Floorplan Pose (x, y, angle): {'xy': array([1695.85609553, 1331.1670353 ]), 'ang': 309.1448404068367}
Best map key: ('Mahidol_University', 'ICT', '1.1_NetVlad')
Number of candidates after local matching: 50
PnP pairs 2D shape: (7006, 2) 3D shape: (7006, 3)
Multiframe time (ms): 538
Floorplan Pose (x, y, angle): {'xy': array([2031.70475023, 1159.61202227]), 'ang': 135.59711461614208}
Best map key: ('Mahidol_University', 'ICT', '1.1_NetVlad')
Number of candidates after local matching: 50
PnP pairs 2D shape: (17242, 2) 3D shape: (17242, 3)
Multiframe time (ms): 1582
Floorplan Pose (x, y, angle): {'xy': array([1497.49673087, 1634.21830823]), 'ang': 22.911487122214716}
Best map key: ('Mahidol_University', 'ICT', '1.1_NetVlad')
Number of candidates after local matching: 50
PnP pairs 2D shape: (11294, 2) 3D shape: (11294, 3)
Multiframe time (ms): 1077
Floorplan Pose (x, y, angle): {'xy': array([1567.19666566, 1866.81726685]), 'ang': 270.0224223605512}
Best map key: ('Mahidol_University', 'ICT', '1.1_NetVlad')
Number of candidates after local matching: 50
PnP pairs 2D shape: (8048, 2) 3D shape: (8048, 3)
Multiframe time (ms): 629
Floorplan Pose (x, y, angle): {'xy': array([2640.36686119, 1750.25832321]), 'ang': 298.9888582754337}
Best map key: ('Mahidol_University', 'ICT', '1.1_NetVlad')
Number of candidates after local matching: 50
PnP pairs 2D shape: (7782, 2) 3D shape: (7782, 3)
Multiframe time (ms): 620
Floorplan Pose (x, y, angle): {'xy': array([2024.03211075, 1275.92232158]), 'ang': 256.2980447088222}
Best map key: ('Mahidol_University', 'ICT', '1.1_NetVlad')
Number of candidates after local matching: 48
PnP pairs 2D shape: (4302, 2) 3D shape: (4302, 3)
Multiframe time (ms): 262
Floorplan Pose (x, y, angle): {'xy': array([ 996.86180803, 1347.4842233 ]), 'ang': 329.2531663682592}
Best map key: ('Mahidol_University', 'ICT', '1.1_NetVlad')
Number of candidates after local matching: 50
PnP pairs 2D shape: (11959, 2) 3D shape: (11959, 3)
Multiframe time (ms): 812
Floorplan Pose (x, y, angle): {'xy': array([2008.95577698, 1284.08481802]), 'ang': 96.40251867620914}
Best map key: ('Mahidol_University', 'ICT', '1.1_NetVlad')
Number of candidates after local matching: 50
PnP pairs 2D shape: (7932, 2) 3D shape: (7932, 3)
Multiframe time (ms): 874
Floorplan Pose (x, y, angle): {'xy': array([2550.23145523, 1810.47615636]), 'ang': 47.43095470158265}
Best map key: ('Mahidol_University', 'ICT', '1.1_NetVlad')
Number of candidates after local matching: 36
PnP pairs 2D shape: (3531, 2) 3D shape: (3531, 3)
Multiframe time (ms): 216
Floorplan Pose (x, y, angle): {'xy': array([ 775.23017896, 1327.00901911]), 'ang': 326.9273462109051}
Best map key: ('Mahidol_University', 'ICT', '1.1_NetVlad')
Number of candidates after local matching: 50
PnP pairs 2D shape: (9063, 2) 3D shape: (9063, 3)
Multiframe time (ms): 774
Floorplan Pose (x, y, angle): {'xy': array([1772.65089597, 1335.49075159]), 'ang': 25.592443526022613}
Best map key: ('Mahidol_University', 'ICT', '1.1_NetVlad')
Number of candidates after local matching: 42
PnP pairs 2D shape: (4125, 2) 3D shape: (4125, 3)
Multiframe time (ms): 384
Floorplan Pose (x, y, angle): {'xy': array([2028.8550775 ,  765.76460851]), 'ang': 268.51345180563305}
Best map key: ('Mahidol_University', 'ICT', '1.1_NetVlad')
Number of candidates after local matching: 50
PnP pairs 2D shape: (10908, 2) 3D shape: (10908, 3)
Multiframe time (ms): 963
Floorplan Pose (x, y, angle): {'xy': array([2112.12879547, 1702.42218169]), 'ang': 229.79563572082597}
Best map key: ('Mahidol_University', 'ICT', '1.1_NetVlad')
Number of candidates after local matching: 43
PnP pairs 2D shape: (4973, 2) 3D shape: (4973, 3)
Multiframe time (ms): 330
Floorplan Pose (x, y, angle): {'xy': array([1721.16633771, 1331.76278252]), 'ang': 173.70549012207292}
Best map key: ('Mahidol_University', 'ICT', '1.1_NetVlad')
Number of candidates after local matching: 46
PnP pairs 2D shape: (3566, 2) 3D shape: (3566, 3)
Multiframe time (ms): 278
Floorplan Pose (x, y, angle): {'xy': array([1248.62617868, 1344.54450091]), 'ang': 205.71860380335843}
Best map key: ('Mahidol_University', 'ICT', '1.1_NetVlad')
Number of candidates after local matching: 50
PnP pairs 2D shape: (5943, 2) 3D shape: (5943, 3)
Multiframe time (ms): 412
Floorplan Pose (x, y, angle): {'xy': array([2041.68715651,  904.53380994]), 'ang': 199.76747115385018}
Best map key: ('Mahidol_University', 'ICT', '1.1_NetVlad')
Number of candidates after local matching: 50
PnP pairs 2D shape: (17662, 2) 3D shape: (17662, 3)
Multiframe time (ms): 1336
Floorplan Pose (x, y, angle): {'xy': array([1495.72645204, 1607.41261741]), 'ang': 39.87694905453183}
Best map key: ('Mahidol_University', 'ICT', '1.1_NetVlad')
Number of candidates after local matching: 49
PnP pairs 2D shape: (8778, 2) 3D shape: (8778, 3)
Multiframe time (ms): 690
Floorplan Pose (x, y, angle): {'xy': array([2132.55422562, 1429.10561631]), 'ang': 337.87705632686817}
Best map key: ('Mahidol_University', 'ICT', '1.1_NetVlad')
Number of candidates after local matching: 1
PnP pairs 2D shape: (50, 2) 3D shape: (50, 3)
Multiframe time (ms): 7
Floorplan Pose (x, y, angle): {'xy': array([1351.14064685, 1340.43478195]), 'ang': 306.2797464189988}
Best map key: ('Mahidol_University', 'ICT', '1.1_NetVlad')
Number of candidates after local matching: 50
PnP pairs 2D shape: (8835, 2) 3D shape: (8835, 3)
Multiframe time (ms): 550
Floorplan Pose (x, y, angle): {'xy': array([2026.79479637,  932.97565078]), 'ang': 343.9394162387278}
Best map key: ('Mahidol_University', 'ICT', '1.1_NetVlad')
Number of candidates after local matching: 34
PnP pairs 2D shape: (3701, 2) 3D shape: (3701, 3)
Multiframe time (ms): 257
Floorplan Pose (x, y, angle): {'xy': array([1216.19986991, 1343.83605698]), 'ang': 90.31706371768318}
Best map key: ('Mahidol_University', 'ICT', '1.1_NetVlad')
Number of candidates after local matching: 50
PnP pairs 2D shape: (7719, 2) 3D shape: (7719, 3)
Multiframe time (ms): 603
Floorplan Pose (x, y, angle): {'xy': array([2032.4085519 ,  930.15004426]), 'ang': 310.2315685841769}
Best map key: ('Mahidol_University', 'ICT', '1.1_NetVlad')
Number of candidates after local matching: 49
PnP pairs 2D shape: (5983, 2) 3D shape: (5983, 3)
Multiframe time (ms): 613
Floorplan Pose (x, y, angle): {'xy': array([1698.57900424, 1337.98671079]), 'ang': 111.28085206136711}
Best map key: ('Mahidol_University', 'ICT', '1.1_NetVlad')
Number of candidates after local matching: 50
PnP pairs 2D shape: (7897, 2) 3D shape: (7897, 3)
Multiframe time (ms): 855
Floorplan Pose (x, y, angle): {'xy': array([2089.08430587,  712.17513849]), 'ang': 95.7182079315857}
Best map key: ('Mahidol_University', 'ICT', '1.1_NetVlad')
Number of candidates after local matching: 50
PnP pairs 2D shape: (7706, 2) 3D shape: (7706, 3)
Multiframe time (ms): 743
Floorplan Pose (x, y, angle): {'xy': array([2367.96704411, 1722.79490537]), 'ang': 82.9837792072449}
Best map key: ('Mahidol_University', 'ICT', '1.1_NetVlad')
Number of candidates after local matching: 50
PnP pairs 2D shape: (8984, 2) 3D shape: (8984, 3)
Multiframe time (ms): 817
Floorplan Pose (x, y, angle): {'xy': array([2390.650626  , 1744.69718614]), 'ang': 85.10880194470408}
Best map key: ('Mahidol_University', 'ICT', '1.1_NetVlad')
Number of candidates after local matching: 50
PnP pairs 2D shape: (6931, 2) 3D shape: (6931, 3)
Multiframe time (ms): 467
Floorplan Pose (x, y, angle): {'xy': array([ 881.93848766, 1356.09433119]), 'ang': 92.96751781332692}
Best map key: ('Mahidol_University', 'ICT', '1.1_NetVlad')
Number of candidates after local matching: 50
PnP pairs 2D shape: (9146, 2) 3D shape: (9146, 3)
Multiframe time (ms): 637
Floorplan Pose (x, y, angle): {'xy': array([1909.05157655, 1714.48850258]), 'ang': 110.33782439698857}
Best map key: ('Mahidol_University', 'ICT', '1.1_NetVlad')
Number of candidates after local matching: 49
PnP pairs 2D shape: (11595, 2) 3D shape: (11595, 3)
Multiframe time (ms): 1174
Floorplan Pose (x, y, angle): {'xy': array([2473.17750765, 1793.65009973]), 'ang': 172.06763249646198}
Best map key: ('Mahidol_University', 'ICT', '1.1_NetVlad')
Number of candidates after local matching: 50
PnP pairs 2D shape: (6884, 2) 3D shape: (6884, 3)
Multiframe time (ms): 663
Floorplan Pose (x, y, angle): {'xy': array([2639.00117308, 1693.71674886]), 'ang': 74.785271196284}
Best map key: ('Mahidol_University', 'ICT', '1.1_NetVlad')
Number of candidates after local matching: 50
PnP pairs 2D shape: (8684, 2) 3D shape: (8684, 3)
Multiframe time (ms): 585
Floorplan Pose (x, y, angle): {'xy': array([2122.34423422, 1411.71586477]), 'ang': 274.9813684905796}
Best map key: ('Mahidol_University', 'ICT', '1.1_NetVlad')
Number of candidates after local matching: 44
PnP pairs 2D shape: (4176, 2) 3D shape: (4176, 3)
Multiframe time (ms): 330
Floorplan Pose (x, y, angle): {'xy': array([1414.72826806, 1338.38040673]), 'ang': 173.8635614344949}
Best map key: ('Mahidol_University', 'ICT', '1.1_NetVlad')
Number of candidates after local matching: 50
PnP pairs 2D shape: (5854, 2) 3D shape: (5854, 3)
Multiframe time (ms): 738
Floorplan Pose (x, y, angle): {'xy': array([ 834.17334012, 1346.49969582]), 'ang': 257.1574146294722}
Best map key: ('Mahidol_University', 'ICT', '1.1_NetVlad')
Number of candidates after local matching: 50
PnP pairs 2D shape: (7481, 2) 3D shape: (7481, 3)
Multiframe time (ms): 761
Floorplan Pose (x, y, angle): {'xy': array([2530.68275752, 1682.46641183]), 'ang': 46.62100286537138}
Best map key: None
Number of candidates after local matching: 0
PnP pairs 2D shape: (0, 2) 3D shape: (0, 3)
Multiframe time (ms): 0
Not enough 2D-3D correspondences for pose estimation.
Best map key: ('Mahidol_University', 'ICT', '1.1_NetVlad')
Number of candidates after local matching: 50
PnP pairs 2D shape: (6498, 2) 3D shape: (6498, 3)
Multiframe time (ms): 465
Floorplan Pose (x, y, angle): {'xy': array([2092.42473609, 1312.40615381]), 'ang': 298.76793226429527}
Best map key: ('Mahidol_University', 'ICT', '1.1_NetVlad')
Number of candidates after local matching: 46
PnP pairs 2D shape: (5559, 2) 3D shape: (5559, 3)
Multiframe time (ms): 280
Floorplan Pose (x, y, angle): {'xy': array([1490.85576713, 1337.99545875]), 'ang': 151.9942671536368}
Best map key: ('Mahidol_University', 'ICT', '1.1_NetVlad')
Number of candidates after local matching: 50
PnP pairs 2D shape: (7132, 2) 3D shape: (7132, 3)
Multiframe time (ms): 581
Floorplan Pose (x, y, angle): {'xy': array([1875.53681399, 1334.55901207]), 'ang': 51.631977714813}
Best map key: ('Mahidol_University', 'ICT', '1.1_NetVlad')
Number of candidates after local matching: 50
PnP pairs 2D shape: (5912, 2) 3D shape: (5912, 3)
Multiframe time (ms): 385
Floorplan Pose (x, y, angle): {'xy': array([2027.67948739,  885.28278917]), 'ang': 137.4665526126032}
Best map key: ('Mahidol_University', 'ICT', '1.1_NetVlad')
Number of candidates after local matching: 44
PnP pairs 2D shape: (3511, 2) 3D shape: (3511, 3)
Multiframe time (ms): 255
Floorplan Pose (x, y, angle): {'xy': array([1105.58686529, 1341.37206802]), 'ang': 328.3778046928166}
Best map key: ('Mahidol_University', 'ICT', '1.1_NetVlad')
Number of candidates after local matching: 50
PnP pairs 2D shape: (9106, 2) 3D shape: (9106, 3)
Multiframe time (ms): 815
Floorplan Pose (x, y, angle): {'xy': array([2071.11874676,  839.49139158]), 'ang': 46.14216104035289}
Best map key: ('Mahidol_University', 'ICT', '1.1_NetVlad')
Number of candidates after local matching: 48
PnP pairs 2D shape: (4740, 2) 3D shape: (4740, 3)
Multiframe time (ms): 469
Floorplan Pose (x, y, angle): {'xy': array([2025.20700329,  867.92257931]), 'ang': 264.84015110489406}
Best map key: ('Mahidol_University', 'ICT', '1.1_NetVlad')
Number of candidates after local matching: 50
PnP pairs 2D shape: (10035, 2) 3D shape: (10035, 3)
Multiframe time (ms): 777
Floorplan Pose (x, y, angle): {'xy': array([2620.19789142, 1816.68232545]), 'ang': 117.74191030065117}
Best map key: ('Mahidol_University', 'ICT', '1.1_NetVlad')
Number of candidates after local matching: 50
PnP pairs 2D shape: (5896, 2) 3D shape: (5896, 3)
Multiframe time (ms): 373
Floorplan Pose (x, y, angle): {'xy': array([1128.93784615, 1343.20260523]), 'ang': 0.5719664146411638}
Best map key: ('Mahidol_University', 'ICT', '1.1_NetVlad')
Number of candidates after local matching: 50
PnP pairs 2D shape: (13132, 2) 3D shape: (13132, 3)
Multiframe time (ms): 1271
Floorplan Pose (x, y, angle): {'xy': array([2634.26543384, 1796.49548986]), 'ang': 175.38540331153092}
Best map key: ('Mahidol_University', 'ICT', '1.1_NetVlad')
Number of candidates after local matching: 50
PnP pairs 2D shape: (11590, 2) 3D shape: (11590, 3)
Multiframe time (ms): 1149
Floorplan Pose (x, y, angle): {'xy': array([1784.26971694, 1856.14072397]), 'ang': 175.32163448028587}
Best map key: ('Mahidol_University', 'ICT', '1.1_NetVlad')
Number of candidates after local matching: 50
PnP pairs 2D shape: (8815, 2) 3D shape: (8815, 3)
Multiframe time (ms): 711
Floorplan Pose (x, y, angle): {'xy': array([1937.45498173, 1716.0850041 ]), 'ang': 88.62336679515548}
Best map key: ('Mahidol_University', 'ICT', '1.1_NetVlad')
Number of candidates after local matching: 50
PnP pairs 2D shape: (5328, 2) 3D shape: (5328, 3)
Multiframe time (ms): 315
Floorplan Pose (x, y, angle): {'xy': array([2046.44644365,  852.16832115]), 'ang': 162.96054967522795}
Best map key: ('Mahidol_University', 'ICT', '1.1_NetVlad')
Number of candidates after local matching: 50
PnP pairs 2D shape: (13458, 2) 3D shape: (13458, 3)
Multiframe time (ms): 812
Floorplan Pose (x, y, angle): {'xy': array([1784.16730279, 1855.94585501]), 'ang': 262.95422166179173}
Best map key: ('Mahidol_University', 'ICT', '1.1_NetVlad')
Number of candidates after local matching: 50
PnP pairs 2D shape: (9618, 2) 3D shape: (9618, 3)
Multiframe time (ms): 1072
Floorplan Pose (x, y, angle): {'xy': array([2082.85438261, 1220.19364825]), 'ang': 119.09252755956739}
Best map key: ('Mahidol_University', 'ICT', '1.1_NetVlad')
Number of candidates after local matching: 46
PnP pairs 2D shape: (5811, 2) 3D shape: (5811, 3)
Multiframe time (ms): 396
Floorplan Pose (x, y, angle): {'xy': array([2209.13722611, 1484.72268665]), 'ang': 302.1559841971675}
Best map key: ('Mahidol_University', 'ICT', '1.1_NetVlad')
Number of candidates after local matching: 50
PnP pairs 2D shape: (6438, 2) 3D shape: (6438, 3)
Multiframe time (ms): 638
Floorplan Pose (x, y, angle): {'xy': array([2039.11389686,  944.55057239]), 'ang': 222.10017308754107}
Best map key: ('Mahidol_University', 'ICT', '1.1_NetVlad')
Number of candidates after local matching: 50
PnP pairs 2D shape: (5201, 2) 3D shape: (5201, 3)
Multiframe time (ms): 287
Floorplan Pose (x, y, angle): {'xy': array([2023.81500207,  883.19315902]), 'ang': 158.9420102532718}
Best map key: ('Mahidol_University', 'ICT', '1.1_NetVlad')
Number of candidates after local matching: 50
PnP pairs 2D shape: (7247, 2) 3D shape: (7247, 3)
Multiframe time (ms): 555
Floorplan Pose (x, y, angle): {'xy': array([2287.34360586, 1689.16188847]), 'ang': 76.29271189803308}
Best map key: ('Mahidol_University', 'ICT', '1.1_NetVlad')
Number of candidates after local matching: 50
PnP pairs 2D shape: (12778, 2) 3D shape: (12778, 3)
Multiframe time (ms): 966
Floorplan Pose (x, y, angle): {'xy': array([2349.88819939, 1711.23015794]), 'ang': 166.2347555513593}
Best map key: ('Mahidol_University', 'ICT', '1.1_NetVlad')
Number of candidates after local matching: 49
PnP pairs 2D shape: (7273, 2) 3D shape: (7273, 3)
Multiframe time (ms): 605
Floorplan Pose (x, y, angle): {'xy': array([2287.59645126, 1689.92043472]), 'ang': 120.64872356297815}
Best map key: ('Mahidol_University', 'ICT', '1.1_NetVlad')
Number of candidates after local matching: 50
PnP pairs 2D shape: (4959, 2) 3D shape: (4959, 3)
Multiframe time (ms): 436
Floorplan Pose (x, y, angle): {'xy': array([2072.16883324,  659.9039656 ]), 'ang': 197.78769366293477}
Best map key: ('Mahidol_University', 'ICT', '1.1_NetVlad')
Number of candidates after local matching: 39
PnP pairs 2D shape: (4597, 2) 3D shape: (4597, 3)
Multiframe time (ms): 228
Floorplan Pose (x, y, angle): {'xy': array([1481.88146002, 1556.65971511]), 'ang': 153.33801143395235}
Best map key: ('Mahidol_University', 'ICT', '1.1_NetVlad')
Number of candidates after local matching: 30
PnP pairs 2D shape: (2947, 2) 3D shape: (2947, 3)
Multiframe time (ms): 219
Floorplan Pose (x, y, angle): {'xy': array([1500.33498339, 1689.03197386]), 'ang': 202.85604447558418}
Best map key: ('Mahidol_University', 'ICT', '1.1_NetVlad')
Number of candidates after local matching: 50
PnP pairs 2D shape: (9251, 2) 3D shape: (9251, 3)
Multiframe time (ms): 730
Floorplan Pose (x, y, angle): {'xy': array([2552.41322139, 1678.71653356]), 'ang': 352.46263025492203}
Best map key: ('Mahidol_University', 'ICT', '1.1_NetVlad')
Number of candidates after local matching: 50
PnP pairs 2D shape: (9479, 2) 3D shape: (9479, 3)
Multiframe time (ms): 749
Floorplan Pose (x, y, angle): {'xy': array([1847.91748738, 1336.43867043]), 'ang': 133.6918227073431}
Best map key: None
Number of candidates after local matching: 0
PnP pairs 2D shape: (0, 2) 3D shape: (0, 3)
Multiframe time (ms): 0
Not enough 2D-3D correspondences for pose estimation.
Best map key: ('Mahidol_University', 'ICT', '1.1_NetVlad')
Number of candidates after local matching: 50
PnP pairs 2D shape: (6464, 2) 3D shape: (6464, 3)
Multiframe time (ms): 739
Floorplan Pose (x, y, angle): {'xy': array([2048.22514098,  874.6126985 ]), 'ang': 129.83265280534053}
Best map key: ('Mahidol_University', 'ICT', '1.1_NetVlad')
Number of candidates after local matching: 50
PnP pairs 2D shape: (16205, 2) 3D shape: (16205, 3)
Multiframe time (ms): 1628
Floorplan Pose (x, y, angle): {'xy': array([2591.9558663 , 1679.45186659]), 'ang': 188.55253898816903}
Best map key: ('Mahidol_University', 'ICT', '1.1_NetVlad')
Number of candidates after local matching: 50
PnP pairs 2D shape: (10236, 2) 3D shape: (10236, 3)
Multiframe time (ms): 1027
Floorplan Pose (x, y, angle): {'xy': array([1952.15016187, 1339.93787497]), 'ang': 69.41793819406735}
Best map key: ('Mahidol_University', 'ICT', '1.1_NetVlad')
Number of candidates after local matching: 50
PnP pairs 2D shape: (9675, 2) 3D shape: (9675, 3)
Multiframe time (ms): 692
Floorplan Pose (x, y, angle): {'xy': array([2068.9990581 ,  888.01776727]), 'ang': 100.93736391900399}
Best map key: ('Mahidol_University', 'ICT', '1.1_NetVlad')
Number of candidates after local matching: 50
PnP pairs 2D shape: (7091, 2) 3D shape: (7091, 3)
Multiframe time (ms): 456
Floorplan Pose (x, y, angle): {'xy': array([2024.15945506, 1148.11445997]), 'ang': 271.4576589313071}
Best map key: ('Mahidol_University', 'ICT', '1.1_NetVlad')
Number of candidates after local matching: 42
PnP pairs 2D shape: (4204, 2) 3D shape: (4204, 3)
Multiframe time (ms): 316
Floorplan Pose (x, y, angle): {'xy': array([2006.97705314, 1159.30774972]), 'ang': 183.55523756995444}
Best map key: ('Mahidol_University', 'ICT', '1.1_NetVlad')
Number of candidates after local matching: 49
PnP pairs 2D shape: (7671, 2) 3D shape: (7671, 3)
Multiframe time (ms): 756
Floorplan Pose (x, y, angle): {'xy': array([1494.11198134, 1787.35352559]), 'ang': 183.53364253345032}
Best map key: ('Mahidol_University', 'ICT', '1.1_NetVlad')
Number of candidates after local matching: 50
PnP pairs 2D shape: (7049, 2) 3D shape: (7049, 3)
Multiframe time (ms): 465
Floorplan Pose (x, y, angle): {'xy': array([2072.95276793,  975.20960718]), 'ang': 343.28162552339154}
Best map key: ('Mahidol_University', 'ICT', '1.1_NetVlad')
Number of candidates after local matching: 50
PnP pairs 2D shape: (11903, 2) 3D shape: (11903, 3)
Multiframe time (ms): 1113
Floorplan Pose (x, y, angle): {'xy': array([1616.20457367, 1864.41595559]), 'ang': 267.3563197621081}
Best map key: ('Mahidol_University', 'ICT', '1.1_NetVlad')
Number of candidates after local matching: 50
PnP pairs 2D shape: (6680, 2) 3D shape: (6680, 3)
Multiframe time (ms): 453
Floorplan Pose (x, y, angle): {'xy': array([2014.98526809, 1058.79923036]), 'ang': 140.0428020575789}
Best map key: ('Mahidol_University', 'ICT', '1.1_NetVlad')
Number of candidates after local matching: 50
PnP pairs 2D shape: (6150, 2) 3D shape: (6150, 3)
Multiframe time (ms): 506
Floorplan Pose (x, y, angle): {'xy': array([2082.70714566,  689.89777401]), 'ang': 63.56868859050563}
Best map key: ('Mahidol_University', 'ICT', '1.1_NetVlad')
Number of candidates after local matching: 50
PnP pairs 2D shape: (7590, 2) 3D shape: (7590, 3)
Multiframe time (ms): 686
Floorplan Pose (x, y, angle): {'xy': array([2603.34166061, 1814.40216913]), 'ang': 330.2030727612981}
Best map key: ('Mahidol_University', 'ICT', '1.1_NetVlad')
Number of candidates after local matching: 13
PnP pairs 2D shape: (861, 2) 3D shape: (861, 3)
Multiframe time (ms): 77
Floorplan Pose (x, y, angle): {'xy': array([ 785.7373132 , 1199.58316845]), 'ang': 144.5769647433218}
Best map key: ('Mahidol_University', 'ICT', '1.1_NetVlad')
Number of candidates after local matching: 16
PnP pairs 2D shape: (1844, 2) 3D shape: (1844, 3)
Multiframe time (ms): 129
Floorplan Pose (x, y, angle): {'xy': array([1722.33574281, 1331.99225462]), 'ang': 304.662473239552}
Best map key: ('Mahidol_University', 'ICT', '1.1_NetVlad')
Number of candidates after local matching: 50
PnP pairs 2D shape: (6968, 2) 3D shape: (6968, 3)
Multiframe time (ms): 551
Floorplan Pose (x, y, angle): {'xy': array([2073.50123427, 1005.15165096]), 'ang': 143.33327646294384}
Best map key: ('Mahidol_University', 'ICT', '1.1_NetVlad')
Number of candidates after local matching: 48
PnP pairs 2D shape: (4229, 2) 3D shape: (4229, 3)
Multiframe time (ms): 339
Floorplan Pose (x, y, angle): {'xy': array([2082.58768632,  689.64041504]), 'ang': 342.9471246428391}
Best map key: ('Mahidol_University', 'ICT', '1.1_NetVlad')
Number of candidates after local matching: 9
PnP pairs 2D shape: (616, 2) 3D shape: (616, 3)
Multiframe time (ms): 82
Floorplan Pose (x, y, angle): {'xy': array([ 957.22407548, 1354.05528038]), 'ang': 270.4768793419963}
Best map key: ('Mahidol_University', 'ICT', '1.1_NetVlad')
Number of candidates after local matching: 50
PnP pairs 2D shape: (13357, 2) 3D shape: (13357, 3)
Multiframe time (ms): 1950
Floorplan Pose (x, y, angle): {'xy': array([1890.82948776, 1728.19967338]), 'ang': 204.2861478665288}
Best map key: ('Mahidol_University', 'ICT', '1.1_NetVlad')
Number of candidates after local matching: 2
PnP pairs 2D shape: (140, 2) 3D shape: (140, 3)
Multiframe time (ms): 25
Floorplan Pose (x, y, angle): {'xy': array([1300.89582271, 1343.38967839]), 'ang': 245.2466775322498}
Best map key: ('Mahidol_University', 'ICT', '1.1_NetVlad')
Number of candidates after local matching: 50
PnP pairs 2D shape: (8529, 2) 3D shape: (8529, 3)
Multiframe time (ms): 699
Floorplan Pose (x, y, angle): {'xy': array([1226.16799376, 1342.4438942 ]), 'ang': 24.86386692796019}
Best map key: ('Mahidol_University', 'ICT', '1.1_NetVlad')
Number of candidates after local matching: 50
PnP pairs 2D shape: (10468, 2) 3D shape: (10468, 3)
Multiframe time (ms): 589
Floorplan Pose (x, y, angle): {'xy': array([1965.86912619, 1711.15080402]), 'ang': 246.32055696181618}
Best map key: ('Mahidol_University', 'ICT', '1.1_NetVlad')
Number of candidates after local matching: 50
PnP pairs 2D shape: (9474, 2) 3D shape: (9474, 3)
Multiframe time (ms): 823
Floorplan Pose (x, y, angle): {'xy': array([2357.66147459, 1685.98687885]), 'ang': 33.07255186543489}
Best map key: ('Mahidol_University', 'ICT', '1.1_NetVlad')
Number of candidates after local matching: 50
PnP pairs 2D shape: (8006, 2) 3D shape: (8006, 3)
Multiframe time (ms): 786
Floorplan Pose (x, y, angle): {'xy': array([2082.73564401, 1142.74955105]), 'ang': 208.69862804134317}
Best map key: ('Mahidol_University', 'ICT', '1.1_NetVlad')
Number of candidates after local matching: 33
PnP pairs 2D shape: (3378, 2) 3D shape: (3378, 3)
Multiframe time (ms): 356
Floorplan Pose (x, y, angle): {'xy': array([1873.84423775, 1332.51596633]), 'ang': 188.62512468933568}
Best map key: ('Mahidol_University', 'ICT', '1.1_NetVlad')
Number of candidates after local matching: 40
PnP pairs 2D shape: (5067, 2) 3D shape: (5067, 3)
Multiframe time (ms): 389
Floorplan Pose (x, y, angle): {'xy': array([2114.62985447, 1385.40616629]), 'ang': 351.7958333046602}
Best map key: ('Mahidol_University', 'ICT', '1.1_NetVlad')
Number of candidates after local matching: 49
PnP pairs 2D shape: (7417, 2) 3D shape: (7417, 3)
Multiframe time (ms): 518
Floorplan Pose (x, y, angle): {'xy': array([2051.97954317, 1700.47585778]), 'ang': 108.0105968988233}
Best map key: ('Mahidol_University', 'ICT', '1.1_NetVlad')
Number of candidates after local matching: 50
PnP pairs 2D shape: (5568, 2) 3D shape: (5568, 3)
Multiframe time (ms): 558
Floorplan Pose (x, y, angle): {'xy': array([ 788.28946169, 1351.1690418 ]), 'ang': 254.27825036785424}
Best map key: ('Mahidol_University', 'ICT', '1.1_NetVlad')
Number of candidates after local matching: 39
PnP pairs 2D shape: (3825, 2) 3D shape: (3825, 3)
Multiframe time (ms): 327
Floorplan Pose (x, y, angle): {'xy': array([ 780.78026405, 1313.37970032]), 'ang': 24.776496215796232}
Best map key: ('Mahidol_University', 'ICT', '1.1_NetVlad')
Number of candidates after local matching: 50
PnP pairs 2D shape: (4828, 2) 3D shape: (4828, 3)
Multiframe time (ms): 403
Floorplan Pose (x, y, angle): {'xy': array([2089.04107353,  690.5215503 ]), 'ang': 248.28938025577116}
Best map key: ('Mahidol_University', 'ICT', '1.1_NetVlad')
Number of candidates after local matching: 50
PnP pairs 2D shape: (11656, 2) 3D shape: (11656, 3)
Multiframe time (ms): 1140
Floorplan Pose (x, y, angle): {'xy': array([2140.97750858, 1465.34854017]), 'ang': 62.070519273344274}
Best map key: ('Mahidol_University', 'ICT', '1.1_NetVlad')
Number of candidates after local matching: 48
PnP pairs 2D shape: (7437, 2) 3D shape: (7437, 3)
Multiframe time (ms): 677
Floorplan Pose (x, y, angle): {'xy': array([2101.7166772 , 1321.75775473]), 'ang': 185.61466542947588}
Best map key: ('Mahidol_University', 'ICT', '1.1_NetVlad')
Number of candidates after local matching: 50
PnP pairs 2D shape: (9430, 2) 3D shape: (9430, 3)
Multiframe time (ms): 784
Floorplan Pose (x, y, angle): {'xy': array([1787.07046945, 1856.82031144]), 'ang': 64.055806830349}
Best map key: ('Mahidol_University', 'ICT', '1.1_NetVlad')
Number of candidates after local matching: 50
PnP pairs 2D shape: (13324, 2) 3D shape: (13324, 3)
Multiframe time (ms): 1423
Floorplan Pose (x, y, angle): {'xy': array([2149.06498965, 1447.90454159]), 'ang': 116.91733004219591}
Best map key: ('Mahidol_University', 'ICT', '1.1_NetVlad')
Number of candidates after local matching: 46
PnP pairs 2D shape: (4674, 2) 3D shape: (4674, 3)
Multiframe time (ms): 365
Floorplan Pose (x, y, angle): {'xy': array([1324.81826445, 1340.88922087]), 'ang': 353.31939107812696}
Best map key: ('Mahidol_University', 'ICT', '1.1_NetVlad')
Number of candidates after local matching: 50
PnP pairs 2D shape: (9618, 2) 3D shape: (9618, 3)
Multiframe time (ms): 979
Floorplan Pose (x, y, angle): {'xy': array([2020.83702982,  937.52425536]), 'ang': 77.99507734439413}
Best map key: ('Mahidol_University', 'ICT', '1.1_NetVlad')
Number of candidates after local matching: 50
PnP pairs 2D shape: (13855, 2) 3D shape: (13855, 3)
Multiframe time (ms): 1835
Floorplan Pose (x, y, angle): {'xy': array([2191.96637469, 1472.60304633]), 'ang': 115.46835420781075}
Best map key: ('Mahidol_University', 'ICT', '1.1_NetVlad')
Number of candidates after local matching: 50
PnP pairs 2D shape: (7562, 2) 3D shape: (7562, 3)
Multiframe time (ms): 818
Floorplan Pose (x, y, angle): {'xy': array([2610.95125709, 1682.76975339]), 'ang': 56.637376550717725}
==== Predicted coordinates were saved to '/home/nattachart.tak/PhD/Trial_New_UNav/UNav/experiment/configs//Config__v2-1_c/Results_localize_NetVlad.xlsx'. ====
==== Calculate distance errors ====
Traceback (most recent call last):
  File "/home/nattachart.tak/PhD/Trial_New_UNav/UNav/./experiment/run_experiment.py", line 181, in <module>
    distance_error_fn = distance_error.save_calculated_distance_error(config_exp, results_fn)
  File "/home/nattachart.tak/PhD/Trial_New_UNav/UNav/experiment/distance_error.py", line 22, in save_calculated_distance_error
    lambda row : distance.euclidean([row['coordx'], row['coordy']], [row['cx'], row['cy']]), axis=1).to_frame()
  File "/unav/venv/lib/python3.10/site-packages/pandas/core/generic.py", line 6299, in __getattr__
    return object.__getattribute__(self, name)
AttributeError: 'DataFrame' object has no attribute 'to_frame'
[Background Prefetch] Error: cannot schedule new futures after interpreter shutdown
[Background Prefetch] Error: cannot schedule new futures after interpreter shutdown
[Background Prefetch] Error: cannot schedule new futures after interpreter shutdown
[Background Prefetch] Error: cannot schedule new futures after interpreter shutdown
[Background Prefetch] Error: cannot schedule new futures after interpreter shutdown
[Background Prefetch] Error: cannot schedule new futures after interpreter shutdown
[Background Prefetch] Error: cannot schedule new futures after interpreter shutdown
[Background Prefetch] Error: cannot schedule new futures after interpreter shutdown
[Background Prefetch] Error: cannot schedule new futures after interpreter shutdown
[Background Prefetch] Error: cannot schedule new futures after interpreter shutdown
[Background Prefetch] Error: cannot schedule new futures after interpreter shutdown
[Background Prefetch] Error: cannot schedule new futures after interpreter shutdown
[Background Prefetch] Error: cannot schedule new futures after interpreter shutdown
[Background Prefetch] Error: cannot schedule new futures after interpreter shutdown
[Background Prefetch] Error: cannot schedule new futures after interpreter shutdown
[Background Prefetch] Error: cannot schedule new futures after interpreter shutdown
[Background Prefetch] Error: cannot schedule new futures after interpreter shutdown
[Background Prefetch] Error: cannot schedule new futures after interpreter shutdown
[Background Prefetch] Error: cannot schedule new futures after interpreter shutdown
[Background Prefetch] Error: cannot schedule new futures after interpreter shutdown
[Background Prefetch] Error: cannot schedule new futures after interpreter shutdown
[Background Prefetch] Error: cannot schedule new futures after interpreter shutdown
[Background Prefetch] Error: cannot schedule new futures after interpreter shutdown
[Background Prefetch] Error: cannot schedule new futures after interpreter shutdown
[Background Prefetch] Error: cannot schedule new futures after interpreter shutdown
[Background Prefetch] Error: cannot schedule new futures after interpreter shutdown
[Background Prefetch] Error: cannot schedule new futures after interpreter shutdown
