xFormers not available
/unav/venv/lib/python3.10/site-packages/timm/models/layers/__init__.py:48: FutureWarning: Importing from timm.models.layers is deprecated, please import via timm.layers
  warnings.warn(f"Importing from {__name__} is deprecated, please import via timm.layers", FutureWarning)
xFormers not available
/home/nattachart.tak/PhD/Trial_New_UNav/UNav/unav/core/third_party/LightGlue/lightglue/lightglue.py:15: FutureWarning: `torch.cuda.amp.custom_fwd(args...)` is deprecated. Please use `torch.amp.custom_fwd(args..., device_type='cuda')` instead.
  @torch.cuda.amp.custom_fwd(cast_inputs=torch.float32)
/home/nattachart.tak/PhD/Trial_New_UNav/UNav/unav/core/third_party/SuperPoint_SuperGlue/extractors/SuperGluePretrainedNetwork/models/superpoint.py:138: FutureWarning: You are using `torch.load` with `weights_only=False` (the current default value), which uses the default pickle module implicitly. It is possible to construct malicious pickle data which will execute arbitrary code during unpickling (See https://github.com/pytorch/pytorch/blob/main/SECURITY.md#untrusted-models for more details). In a future release, the default value for `weights_only` will be flipped to `True`. This limits the functions that could be executed during unpickling. Arbitrary objects will no longer be allowed to be loaded via this mode unless they are explicitly allowlisted by the user via `torch.serialization.add_safe_globals`. We recommend you start setting `weights_only=True` for any use case where you don't have full control of the loaded file. Please open an issue on GitHub for any issues related to this experimental feature.
  self.load_state_dict(torch.load(str(path)))
/home/nattachart.tak/PhD/Trial_New_UNav/UNav/unav/core/third_party/MixVPR/feature_extract.py:17: FutureWarning: You are using `torch.load` with `weights_only=False` (the current default value), which uses the default pickle module implicitly. It is possible to construct malicious pickle data which will execute arbitrary code during unpickling (See https://github.com/pytorch/pytorch/blob/main/SECURITY.md#untrusted-models for more details). In a future release, the default value for `weights_only` will be flipped to `True`. This limits the functions that could be executed during unpickling. Arbitrary objects will no longer be allowed to be loaded via this mode unless they are explicitly allowlisted by the user via `torch.serialization.add_safe_globals`. We recommend you start setting `weights_only=True` for any use case where you don't have full control of the loaded file. Please open an issue on GitHub for any issues related to this experimental feature.
  saved_state = torch.load(join(root, join(content["ckpt_path"], "model_best.pth") if pipeline
/unav/venv/lib/python3.10/site-packages/torch/nested/__init__.py:107: UserWarning: The PyTorch API of nested tensors is in prototype stage and will change in the near future. (Triggered internally at ../aten/src/ATen/NestedTensorImpl.cpp:178.)
  return torch._nested_tensor_from_tensor_list(ts, dtype, None, device, None)
Seed set to: 42 (type: <class 'int'>)
[INFO] Initializing models: Local -> superpoint+lightglue | Global -> MixVPR
Loaded SuperPoint model
Loaded MixVPR model for input images at [320, 320]  from parameters/MixVPR/ckpts/resnet50_MixVPR_4096_channels(1024)_rows(4).ckpt Successfully!
[✓] Loaded COLMAP model for ('Mahidol_University', 'ICT', '1.1_MixVPR'): 6030 frames
[✓] Loaded global features for ('Mahidol_University', 'ICT', '1.1_MixVPR'): 6030 images
[✓] Loaded transform matrix for ('Mahidol_University', 'ICT', '1.1_MixVPR'): shape=(2, 4)
[INFO] All map and feature loading complete.
Best map key: ('Mahidol_University', 'ICT', '1.1_MixVPR')
Number of candidates after local matching: 46
PnP pairs 2D shape: (3923, 2) 3D shape: (3923, 3)
Multiframe time (ms): 378
Floorplan Pose (x, y, angle): {'xy': array([ 952.46140311, 1349.35302012]), 'ang': 213.846502978688}
Best map key: ('Mahidol_University', 'ICT', '1.1_MixVPR')
Number of candidates after local matching: 49
PnP pairs 2D shape: (4228, 2) 3D shape: (4228, 3)
Multiframe time (ms): 357
Floorplan Pose (x, y, angle): {'xy': array([ 800.6383576 , 1181.64317534]), 'ang': 102.57263705415522}
Best map key: ('Mahidol_University', 'ICT', '1.1_MixVPR')
Number of candidates after local matching: 50
PnP pairs 2D shape: (6909, 2) 3D shape: (6909, 3)
Multiframe time (ms): 675
Floorplan Pose (x, y, angle): {'xy': array([2024.53663585,  910.57366718]), 'ang': 122.52821730121833}
Best map key: ('Mahidol_University', 'ICT', '1.1_MixVPR')
Number of candidates after local matching: 50
PnP pairs 2D shape: (12663, 2) 3D shape: (12663, 3)
Multiframe time (ms): 1089
Floorplan Pose (x, y, angle): {'xy': array([2222.77681141, 1496.59197536]), 'ang': 33.31083496948898}
Best map key: ('Mahidol_University', 'ICT', '1.1_MixVPR')
Number of candidates after local matching: 50
PnP pairs 2D shape: (12609, 2) 3D shape: (12609, 3)
Multiframe time (ms): 834
Floorplan Pose (x, y, angle): {'xy': array([2002.09828125, 1715.07752992]), 'ang': 225.10616368025808}
Best map key: ('Mahidol_University', 'ICT', '1.1_MixVPR')
Number of candidates after local matching: 25
PnP pairs 2D shape: (1863, 2) 3D shape: (1863, 3)
Multiframe time (ms): 141
Floorplan Pose (x, y, angle): {'xy': array([ 807.04741417, 1269.7998153 ]), 'ang': 307.03024332128234}
Best map key: ('Mahidol_University', 'ICT', '1.1_MixVPR')
Number of candidates after local matching: 40
PnP pairs 2D shape: (4037, 2) 3D shape: (4037, 3)
Multiframe time (ms): 302
Floorplan Pose (x, y, angle): {'xy': array([2630.45655833, 1807.10804514]), 'ang': 358.2869231508911}
Best map key: ('Mahidol_University', 'ICT', '1.1_MixVPR')
Number of candidates after local matching: 50
PnP pairs 2D shape: (11745, 2) 3D shape: (11745, 3)
Multiframe time (ms): 1140
Floorplan Pose (x, y, angle): {'xy': array([1501.42894968, 1760.31166419]), 'ang': 301.8322703461687}
Best map key: ('Mahidol_University', 'ICT', '1.1_MixVPR')
Number of candidates after local matching: 50
PnP pairs 2D shape: (6794, 2) 3D shape: (6794, 3)
Multiframe time (ms): 391
Floorplan Pose (x, y, angle): {'xy': array([ 881.74238424, 1356.03414587]), 'ang': 92.78831498020176}
Best map key: ('Mahidol_University', 'ICT', '1.1_MixVPR')
Number of candidates after local matching: 50
PnP pairs 2D shape: (7840, 2) 3D shape: (7840, 3)
Multiframe time (ms): 694
Floorplan Pose (x, y, angle): {'xy': array([1549.62086252, 1861.39740464]), 'ang': 71.18627901961088}
Best map key: ('Mahidol_University', 'ICT', '1.1_MixVPR')
Number of candidates after local matching: 50
PnP pairs 2D shape: (9816, 2) 3D shape: (9816, 3)
Multiframe time (ms): 669
Floorplan Pose (x, y, angle): {'xy': array([2043.25072556,  844.56032937]), 'ang': 46.381125132618386}
Best map key: ('Mahidol_University', 'ICT', '1.1_MixVPR')
Number of candidates after local matching: 50
PnP pairs 2D shape: (17668, 2) 3D shape: (17668, 3)
Multiframe time (ms): 1294
Floorplan Pose (x, y, angle): {'xy': array([1483.69248348, 1602.69917883]), 'ang': 1.1509896440809022}
Best map key: ('Mahidol_University', 'ICT', '1.1_MixVPR')
Number of candidates after local matching: 48
PnP pairs 2D shape: (4463, 2) 3D shape: (4463, 3)
Multiframe time (ms): 250
Floorplan Pose (x, y, angle): {'xy': array([2041.80554975,  603.19668814]), 'ang': 8.957489161713172}
Best map key: ('Mahidol_University', 'ICT', '1.1_MixVPR')
Number of candidates after local matching: 45
PnP pairs 2D shape: (4150, 2) 3D shape: (4150, 3)
Multiframe time (ms): 242
Floorplan Pose (x, y, angle): {'xy': array([1823.39624015, 1335.05736427]), 'ang': 205.45966559564033}
Best map key: ('Mahidol_University', 'ICT', '1.1_MixVPR')
Number of candidates after local matching: 46
PnP pairs 2D shape: (5481, 2) 3D shape: (5481, 3)
Multiframe time (ms): 416
Floorplan Pose (x, y, angle): {'xy': array([1406.23042117, 1503.25522172]), 'ang': 229.7440170782074}
Best map key: ('Mahidol_University', 'ICT', '1.1_MixVPR')
Number of candidates after local matching: 50
PnP pairs 2D shape: (5612, 2) 3D shape: (5612, 3)
Multiframe time (ms): 376
Floorplan Pose (x, y, angle): {'xy': array([2088.89655824, 1118.71284861]), 'ang': 216.63387084462295}
Best map key: ('Mahidol_University', 'ICT', '1.1_MixVPR')
Number of candidates after local matching: 42
PnP pairs 2D shape: (4334, 2) 3D shape: (4334, 3)
Multiframe time (ms): 287
Floorplan Pose (x, y, angle): {'xy': array([2083.5681631 ,  736.29078293]), 'ang': 303.66102778844225}
Best map key: ('Mahidol_University', 'ICT', '1.1_MixVPR')
Number of candidates after local matching: 38
PnP pairs 2D shape: (3335, 2) 3D shape: (3335, 3)
Multiframe time (ms): 285
Floorplan Pose (x, y, angle): {'xy': array([1322.56247598, 1360.5292974 ]), 'ang': 146.29887638638118}
Best map key: ('Mahidol_University', 'ICT', '1.1_MixVPR')
Number of candidates after local matching: 50
PnP pairs 2D shape: (7281, 2) 3D shape: (7281, 3)
Multiframe time (ms): 366
Floorplan Pose (x, y, angle): {'xy': array([2083.64919211, 1223.69218004]), 'ang': 324.18717474912097}
Best map key: ('Mahidol_University', 'ICT', '1.1_MixVPR')
Number of candidates after local matching: 50
PnP pairs 2D shape: (12267, 2) 3D shape: (12267, 3)
Multiframe time (ms): 943
Floorplan Pose (x, y, angle): {'xy': array([2206.39284837, 1494.15750156]), 'ang': 100.02439287668987}
Best map key: ('Mahidol_University', 'ICT', '1.1_MixVPR')
Number of candidates after local matching: 50
PnP pairs 2D shape: (7323, 2) 3D shape: (7323, 3)
Multiframe time (ms): 527
Floorplan Pose (x, y, angle): {'xy': array([2078.50346373, 1073.65981029]), 'ang': 201.78191127004058}
Best map key: ('Mahidol_University', 'ICT', '1.1_MixVPR')
Number of candidates after local matching: 42
PnP pairs 2D shape: (3277, 2) 3D shape: (3277, 3)
Multiframe time (ms): 256
Floorplan Pose (x, y, angle): {'xy': array([ 787.87322932, 1211.71102669]), 'ang': 109.36009550459924}
Best map key: ('Mahidol_University', 'ICT', '1.1_MixVPR')
Number of candidates after local matching: 50
PnP pairs 2D shape: (7215, 2) 3D shape: (7215, 3)
Multiframe time (ms): 574
Floorplan Pose (x, y, angle): {'xy': array([2093.31677351, 1284.78688087]), 'ang': 203.8415411743368}
Best map key: ('Mahidol_University', 'ICT', '1.1_MixVPR')
Number of candidates after local matching: 50
PnP pairs 2D shape: (5374, 2) 3D shape: (5374, 3)
Multiframe time (ms): 335
Floorplan Pose (x, y, angle): {'xy': array([1544.4246163 , 1338.70613926]), 'ang': 173.82811988767082}
Best map key: ('Mahidol_University', 'ICT', '1.1_MixVPR')
Number of candidates after local matching: 50
PnP pairs 2D shape: (8700, 2) 3D shape: (8700, 3)
Multiframe time (ms): 650
Floorplan Pose (x, y, angle): {'xy': array([2187.54834056, 1480.06248559]), 'ang': 234.27074242964613}
Best map key: ('Mahidol_University', 'ICT', '1.1_MixVPR')
Number of candidates after local matching: 33
PnP pairs 2D shape: (2540, 2) 3D shape: (2540, 3)
Multiframe time (ms): 145
Floorplan Pose (x, y, angle): {'xy': array([ 801.60977726, 1291.94074957]), 'ang': 86.69012743975844}
Best map key: ('Mahidol_University', 'ICT', '1.1_MixVPR')
Number of candidates after local matching: 38
PnP pairs 2D shape: (4180, 2) 3D shape: (4180, 3)
Multiframe time (ms): 372
Floorplan Pose (x, y, angle): {'xy': array([1228.33358289, 1341.37308092]), 'ang': 126.68092763370423}
Best map key: ('Mahidol_University', 'ICT', '1.1_MixVPR')
Number of candidates after local matching: 42
PnP pairs 2D shape: (3291, 2) 3D shape: (3291, 3)
Multiframe time (ms): 153
Floorplan Pose (x, y, angle): {'xy': array([1543.90008696, 1338.6290506 ]), 'ang': 333.5651520006062}
Best map key: ('Mahidol_University', 'ICT', '1.1_MixVPR')
Number of candidates after local matching: 50
PnP pairs 2D shape: (10169, 2) 3D shape: (10169, 3)
Multiframe time (ms): 625
Floorplan Pose (x, y, angle): {'xy': array([1828.39658236, 1740.98554244]), 'ang': 52.77510321005057}
Best map key: ('Mahidol_University', 'ICT', '1.1_MixVPR')
Number of candidates after local matching: 49
PnP pairs 2D shape: (6155, 2) 3D shape: (6155, 3)
Multiframe time (ms): 483
Floorplan Pose (x, y, angle): {'xy': array([1603.58005015, 1332.78216848]), 'ang': 171.80955771626216}
Best map key: ('Mahidol_University', 'ICT', '1.1_MixVPR')
Number of candidates after local matching: 50
PnP pairs 2D shape: (10600, 2) 3D shape: (10600, 3)
Multiframe time (ms): 730
Floorplan Pose (x, y, angle): {'xy': array([1883.6032873 , 1717.60593727]), 'ang': 109.74526014067719}
Best map key: ('Mahidol_University', 'ICT', '1.1_MixVPR')
Number of candidates after local matching: 50
PnP pairs 2D shape: (6429, 2) 3D shape: (6429, 3)
Multiframe time (ms): 490
Floorplan Pose (x, y, angle): {'xy': array([1076.29139882, 1342.90556725]), 'ang': 145.59975085222288}
Best map key: ('Mahidol_University', 'ICT', '1.1_MixVPR')
Number of candidates after local matching: 33
PnP pairs 2D shape: (2858, 2) 3D shape: (2858, 3)
Multiframe time (ms): 141
Floorplan Pose (x, y, angle): {'xy': array([1342.80640271, 1483.05117627]), 'ang': 149.9020825822839}
Best map key: ('Mahidol_University', 'ICT', '1.1_MixVPR')
Number of candidates after local matching: 18
PnP pairs 2D shape: (1764, 2) 3D shape: (1764, 3)
Multiframe time (ms): 159
Floorplan Pose (x, y, angle): {'xy': array([1334.88927831, 1412.4945962 ]), 'ang': 337.2057406244272}
Best map key: ('Mahidol_University', 'ICT', '1.1_MixVPR')
Number of candidates after local matching: 50
PnP pairs 2D shape: (9648, 2) 3D shape: (9648, 3)
Multiframe time (ms): 654
Floorplan Pose (x, y, angle): {'xy': array([2018.33123971,  981.58813355]), 'ang': 98.80990568549728}
Best map key: ('Mahidol_University', 'ICT', '1.1_MixVPR')
Number of candidates after local matching: 50
PnP pairs 2D shape: (11497, 2) 3D shape: (11497, 3)
Multiframe time (ms): 782
Floorplan Pose (x, y, angle): {'xy': array([2163.67999525, 1460.85034548]), 'ang': 49.81788632458013}
Best map key: ('Mahidol_University', 'ICT', '1.1_MixVPR')
Number of candidates after local matching: 50
PnP pairs 2D shape: (17003, 2) 3D shape: (17003, 3)
Multiframe time (ms): 1221
Floorplan Pose (x, y, angle): {'xy': array([2590.3240439 , 1679.73924154]), 'ang': 189.49518482814383}
Best map key: ('Mahidol_University', 'ICT', '1.1_MixVPR')
Number of candidates after local matching: 50
PnP pairs 2D shape: (7464, 2) 3D shape: (7464, 3)
Multiframe time (ms): 494
Floorplan Pose (x, y, angle): {'xy': array([1751.492333 , 1335.9512059]), 'ang': 66.13686494730032}
Best map key: ('Mahidol_University', 'ICT', '1.1_MixVPR')
Number of candidates after local matching: 50
PnP pairs 2D shape: (7129, 2) 3D shape: (7129, 3)
Multiframe time (ms): 492
Floorplan Pose (x, y, angle): {'xy': array([1722.61179174, 1332.07010786]), 'ang': 108.03060044830772}
Best map key: ('Mahidol_University', 'ICT', '1.1_MixVPR')
Number of candidates after local matching: 49
PnP pairs 2D shape: (4464, 2) 3D shape: (4464, 3)
Multiframe time (ms): 206
Floorplan Pose (x, y, angle): {'xy': array([2024.54706032,  883.33679316]), 'ang': 179.55950558547428}
Best map key: ('Mahidol_University', 'ICT', '1.1_MixVPR')
Number of candidates after local matching: 30
PnP pairs 2D shape: (3062, 2) 3D shape: (3062, 3)
Multiframe time (ms): 190
Floorplan Pose (x, y, angle): {'xy': array([1153.76043905, 1342.15737736]), 'ang': 65.57692940402077}
Best map key: ('Mahidol_University', 'ICT', '1.1_MixVPR')
Number of candidates after local matching: 49
PnP pairs 2D shape: (5761, 2) 3D shape: (5761, 3)
Multiframe time (ms): 480
Floorplan Pose (x, y, angle): {'xy': array([1499.99921989, 1792.65630472]), 'ang': 101.76197754024739}
Best map key: ('Mahidol_University', 'ICT', '1.1_MixVPR')
Number of candidates after local matching: 47
PnP pairs 2D shape: (4983, 2) 3D shape: (4983, 3)
Multiframe time (ms): 403
Floorplan Pose (x, y, angle): {'xy': array([2048.4175295 ,  668.91936509]), 'ang': 316.1253027293756}
Best map key: ('Mahidol_University', 'ICT', '1.1_MixVPR')
Number of candidates after local matching: 50
PnP pairs 2D shape: (17051, 2) 3D shape: (17051, 3)
Multiframe time (ms): 1176
Floorplan Pose (x, y, angle): {'xy': array([1500.9825823 , 1635.27236073]), 'ang': 23.233192777040543}
Best map key: ('Mahidol_University', 'ICT', '1.1_MixVPR')
Number of candidates after local matching: 47
PnP pairs 2D shape: (3970, 2) 3D shape: (3970, 3)
Multiframe time (ms): 242
Floorplan Pose (x, y, angle): {'xy': array([2044.38700917,  698.77928535]), 'ang': 35.00905127002396}
Best map key: ('Mahidol_University', 'ICT', '1.1_MixVPR')
Number of candidates after local matching: 50
PnP pairs 2D shape: (5018, 2) 3D shape: (5018, 3)
Multiframe time (ms): 327
Floorplan Pose (x, y, angle): {'xy': array([2048.02155224,  640.56875881]), 'ang': 136.35828703504325}
Best map key: ('Mahidol_University', 'ICT', '1.1_MixVPR')
Number of candidates after local matching: 50
PnP pairs 2D shape: (6787, 2) 3D shape: (6787, 3)
Multiframe time (ms): 477
Floorplan Pose (x, y, angle): {'xy': array([2127.47585154, 1465.18999521]), 'ang': 283.03226423388327}
Best map key: ('Mahidol_University', 'ICT', '1.1_MixVPR')
Number of candidates after local matching: 50
PnP pairs 2D shape: (7812, 2) 3D shape: (7812, 3)
Multiframe time (ms): 636
Floorplan Pose (x, y, angle): {'xy': array([2048.76734391, 1696.93041522]), 'ang': 45.5718740163449}
Best map key: ('Mahidol_University', 'ICT', '1.1_MixVPR')
Number of candidates after local matching: 50
PnP pairs 2D shape: (10232, 2) 3D shape: (10232, 3)
Multiframe time (ms): 740
Floorplan Pose (x, y, angle): {'xy': array([2638.88947284, 1697.68446311]), 'ang': 235.8292505079396}
Best map key: ('Mahidol_University', 'ICT', '1.1_MixVPR')
Number of candidates after local matching: 50
PnP pairs 2D shape: (10688, 2) 3D shape: (10688, 3)
Multiframe time (ms): 857
Floorplan Pose (x, y, angle): {'xy': array([2231.77816585, 1543.84468542]), 'ang': 84.29075215827137}
Best map key: ('Mahidol_University', 'ICT', '1.1_MixVPR')
Number of candidates after local matching: 50
PnP pairs 2D shape: (11046, 2) 3D shape: (11046, 3)
Multiframe time (ms): 956
Floorplan Pose (x, y, angle): {'xy': array([1425.57694245, 1508.7449239 ]), 'ang': 339.13122195218347}
Best map key: ('Mahidol_University', 'ICT', '1.1_MixVPR')
Number of candidates after local matching: 39
PnP pairs 2D shape: (4985, 2) 3D shape: (4985, 3)
Multiframe time (ms): 309
Floorplan Pose (x, y, angle): {'xy': array([1492.24334599, 1579.69440208]), 'ang': 179.93012856538203}
Best map key: ('Mahidol_University', 'ICT', '1.1_MixVPR')
Number of candidates after local matching: 46
PnP pairs 2D shape: (4515, 2) 3D shape: (4515, 3)
Multiframe time (ms): 314
Floorplan Pose (x, y, angle): {'xy': array([1518.30185308, 1338.99757584]), 'ang': 130.14820690741013}
Best map key: ('Mahidol_University', 'ICT', '1.1_MixVPR')
Number of candidates after local matching: 50
PnP pairs 2D shape: (6870, 2) 3D shape: (6870, 3)
Multiframe time (ms): 529
Floorplan Pose (x, y, angle): {'xy': array([2017.98542566, 1057.34844774]), 'ang': 275.230339046579}
Best map key: ('Mahidol_University', 'ICT', '1.1_MixVPR')
Number of candidates after local matching: 50
PnP pairs 2D shape: (6648, 2) 3D shape: (6648, 3)
Multiframe time (ms): 479
Floorplan Pose (x, y, angle): {'xy': array([ 772.26663879, 1281.79102543]), 'ang': 290.7499868079747}
Best map key: ('Mahidol_University', 'ICT', '1.1_MixVPR')
Number of candidates after local matching: 10
PnP pairs 2D shape: (589, 2) 3D shape: (589, 3)
Multiframe time (ms): 49
Floorplan Pose (x, y, angle): {'xy': array([ 785.2197194 , 1344.59507211]), 'ang': 163.71823116595763}
Best map key: ('Mahidol_University', 'ICT', '1.1_MixVPR')
Number of candidates after local matching: 50
PnP pairs 2D shape: (4492, 2) 3D shape: (4492, 3)
Multiframe time (ms): 387
Floorplan Pose (x, y, angle): {'xy': array([2043.44626767,  635.21620325]), 'ang': 230.8110690794914}
Best map key: ('Mahidol_University', 'ICT', '1.1_MixVPR')
Number of candidates after local matching: 43
PnP pairs 2D shape: (3684, 2) 3D shape: (3684, 3)
Multiframe time (ms): 372
Floorplan Pose (x, y, angle): {'xy': array([2048.0222858 ,  751.09947718]), 'ang': 282.7227333276358}
Best map key: ('Mahidol_University', 'ICT', '1.1_MixVPR')
Number of candidates after local matching: 50
PnP pairs 2D shape: (9844, 2) 3D shape: (9844, 3)
Multiframe time (ms): 671
Floorplan Pose (x, y, angle): {'xy': array([2075.11961329, 1026.19646707]), 'ang': 97.17143182318993}
Best map key: ('Mahidol_University', 'ICT', '1.1_MixVPR')
Number of candidates after local matching: 49
PnP pairs 2D shape: (4668, 2) 3D shape: (4668, 3)
Multiframe time (ms): 465
Floorplan Pose (x, y, angle): {'xy': array([2024.0587003 ,  577.36562072]), 'ang': 58.38877339985099}
Best map key: ('Mahidol_University', 'ICT', '1.1_MixVPR')
Number of candidates after local matching: 50
PnP pairs 2D shape: (10089, 2) 3D shape: (10089, 3)
Multiframe time (ms): 805
Floorplan Pose (x, y, angle): {'xy': array([2437.66888868, 1785.70385569]), 'ang': 338.94853750805504}
Best map key: ('Mahidol_University', 'ICT', '1.1_MixVPR')
Number of candidates after local matching: 22
PnP pairs 2D shape: (1438, 2) 3D shape: (1438, 3)
Multiframe time (ms): 123
Floorplan Pose (x, y, angle): {'xy': array([ 793.18264642, 1196.19547296]), 'ang': 154.59386423098812}
Best map key: ('Mahidol_University', 'ICT', '1.1_MixVPR')
Number of candidates after local matching: 50
PnP pairs 2D shape: (6540, 2) 3D shape: (6540, 3)
Multiframe time (ms): 445
Floorplan Pose (x, y, angle): {'xy': array([1976.18671075, 1330.21445452]), 'ang': 263.0524076280832}
Best map key: ('Mahidol_University', 'ICT', '1.1_MixVPR')
Number of candidates after local matching: 3
PnP pairs 2D shape: (230, 2) 3D shape: (230, 3)
Multiframe time (ms): 22
Floorplan Pose (x, y, angle): {'xy': array([1570.21516397, 1339.97591332]), 'ang': 230.43952438258813}
Best map key: ('Mahidol_University', 'ICT', '1.1_MixVPR')
Number of candidates after local matching: 50
PnP pairs 2D shape: (13889, 2) 3D shape: (13889, 3)
Multiframe time (ms): 1125
Floorplan Pose (x, y, angle): {'xy': array([2124.57713801, 1434.72389585]), 'ang': 44.00499040372667}
Best map key: ('Mahidol_University', 'ICT', '1.1_MixVPR')
Number of candidates after local matching: 50
PnP pairs 2D shape: (7096, 2) 3D shape: (7096, 3)
Multiframe time (ms): 515
Floorplan Pose (x, y, angle): {'xy': array([2446.62857293, 1667.56431981]), 'ang': 69.46385151370377}
Best map key: ('Mahidol_University', 'ICT', '1.1_MixVPR')
Number of candidates after local matching: 50
PnP pairs 2D shape: (9202, 2) 3D shape: (9202, 3)
Multiframe time (ms): 612
Floorplan Pose (x, y, angle): {'xy': array([1909.66363125, 1726.7637936 ]), 'ang': 86.29547794948682}
Best map key: ('Mahidol_University', 'ICT', '1.1_MixVPR')
Number of candidates after local matching: 42
PnP pairs 2D shape: (3645, 2) 3D shape: (3645, 3)
Multiframe time (ms): 220
Floorplan Pose (x, y, angle): {'xy': array([ 771.16827819, 1331.78377327]), 'ang': 26.655319261645598}
Best map key: ('Mahidol_University', 'ICT', '1.1_MixVPR')
Number of candidates after local matching: 50
PnP pairs 2D shape: (5437, 2) 3D shape: (5437, 3)
Multiframe time (ms): 408
Floorplan Pose (x, y, angle): {'xy': array([1125.40751745, 1356.9748065 ]), 'ang': 208.7139702627494}
Best map key: ('Mahidol_University', 'ICT', '1.1_MixVPR')
Number of candidates after local matching: 50
PnP pairs 2D shape: (4311, 2) 3D shape: (4311, 3)
Multiframe time (ms): 263
Floorplan Pose (x, y, angle): {'xy': array([2047.84545879,  704.14514187]), 'ang': 196.45102178421536}
Best map key: ('Mahidol_University', 'ICT', '1.1_MixVPR')
Number of candidates after local matching: 47
PnP pairs 2D shape: (3372, 2) 3D shape: (3372, 3)
Multiframe time (ms): 179
Floorplan Pose (x, y, angle): {'xy': array([2057.14093186,  724.4381747 ]), 'ang': 359.6869472179008}
Best map key: ('Mahidol_University', 'ICT', '1.1_MixVPR')
Number of candidates after local matching: 50
PnP pairs 2D shape: (6333, 2) 3D shape: (6333, 3)
Multiframe time (ms): 303
Floorplan Pose (x, y, angle): {'xy': array([2111.21473947, 1699.40872339]), 'ang': 70.5016961012873}
Best map key: ('Mahidol_University', 'ICT', '1.1_MixVPR')
Number of candidates after local matching: 29
PnP pairs 2D shape: (2166, 2) 3D shape: (2166, 3)
Multiframe time (ms): 210
Floorplan Pose (x, y, angle): {'xy': array([ 803.99373676, 1183.69108744]), 'ang': 146.48488619662726}
Best map key: ('Mahidol_University', 'ICT', '1.1_MixVPR')
Number of candidates after local matching: 50
PnP pairs 2D shape: (13593, 2) 3D shape: (13593, 3)
Multiframe time (ms): 1342
Floorplan Pose (x, y, angle): {'xy': array([1514.42341951, 1830.24969128]), 'ang': 299.7638600471387}
Best map key: ('Mahidol_University', 'ICT', '1.1_MixVPR')
Number of candidates after local matching: 48
PnP pairs 2D shape: (5226, 2) 3D shape: (5226, 3)
Multiframe time (ms): 409
Floorplan Pose (x, y, angle): {'xy': array([1930.25667769, 1330.96578056]), 'ang': 267.5816481309632}
Best map key: ('Mahidol_University', 'ICT', '1.1_MixVPR')
Number of candidates after local matching: 50
PnP pairs 2D shape: (5784, 2) 3D shape: (5784, 3)
Multiframe time (ms): 383
Floorplan Pose (x, y, angle): {'xy': array([1099.30930602, 1358.28410437]), 'ang': 107.60221770067022}
Best map key: ('Mahidol_University', 'ICT', '1.1_MixVPR')
Number of candidates after local matching: 22
PnP pairs 2D shape: (1776, 2) 3D shape: (1776, 3)
Multiframe time (ms): 135
Floorplan Pose (x, y, angle): {'xy': array([ 809.3855485 , 1186.87702279]), 'ang': 320.36314125506624}
Best map key: ('Mahidol_University', 'ICT', '1.1_MixVPR')
Number of candidates after local matching: 50
PnP pairs 2D shape: (14673, 2) 3D shape: (14673, 3)
Multiframe time (ms): 929
Floorplan Pose (x, y, angle): {'xy': array([1564.16657091, 1862.38368131]), 'ang': 31.663608506079143}
Best map key: ('Mahidol_University', 'ICT', '1.1_MixVPR')
Number of candidates after local matching: 49
PnP pairs 2D shape: (5137, 2) 3D shape: (5137, 3)
Multiframe time (ms): 297
Floorplan Pose (x, y, angle): {'xy': array([1057.45020923, 1353.40505056]), 'ang': 43.078676615782165}
Best map key: ('Mahidol_University', 'ICT', '1.1_MixVPR')
Number of candidates after local matching: 47
PnP pairs 2D shape: (4637, 2) 3D shape: (4637, 3)
Multiframe time (ms): 343
Floorplan Pose (x, y, angle): {'xy': array([2050.62446411,  865.91845331]), 'ang': 269.43560296361466}
Best map key: ('Mahidol_University', 'ICT', '1.1_MixVPR')
Number of candidates after local matching: 46
PnP pairs 2D shape: (4108, 2) 3D shape: (4108, 3)
Multiframe time (ms): 271
Floorplan Pose (x, y, angle): {'xy': array([ 799.76189519, 1195.17775388]), 'ang': 213.05783430267758}
Best map key: ('Mahidol_University', 'ICT', '1.1_MixVPR')
Number of candidates after local matching: 50
PnP pairs 2D shape: (6764, 2) 3D shape: (6764, 3)
Multiframe time (ms): 563
Floorplan Pose (x, y, angle): {'xy': array([1098.88858971, 1358.65152145]), 'ang': 125.15505055912489}
Best map key: ('Mahidol_University', 'ICT', '1.1_MixVPR')
Number of candidates after local matching: 50
PnP pairs 2D shape: (5595, 2) 3D shape: (5595, 3)
Multiframe time (ms): 312
Floorplan Pose (x, y, angle): {'xy': array([1035.2037215 , 1358.79918018]), 'ang': 43.606142908235725}
Best map key: ('Mahidol_University', 'ICT', '1.1_MixVPR')
Number of candidates after local matching: 50
PnP pairs 2D shape: (13650, 2) 3D shape: (13650, 3)
Multiframe time (ms): 1079
Floorplan Pose (x, y, angle): {'xy': array([1794.24739739, 1830.64699929]), 'ang': 234.8273080250868}
Best map key: ('Mahidol_University', 'ICT', '1.1_MixVPR')
Number of candidates after local matching: 50
PnP pairs 2D shape: (10307, 2) 3D shape: (10307, 3)
Multiframe time (ms): 685
Floorplan Pose (x, y, angle): {'xy': array([2011.74416074, 1259.59079572]), 'ang': 118.79151470455596}
Best map key: ('Mahidol_University', 'ICT', '1.1_MixVPR')
Number of candidates after local matching: 50
PnP pairs 2D shape: (8029, 2) 3D shape: (8029, 3)
Multiframe time (ms): 485
Floorplan Pose (x, y, angle): {'xy': array([2055.2180973 ,  900.21843656]), 'ang': 341.7379366813483}
Best map key: ('Mahidol_University', 'ICT', '1.1_MixVPR')
Number of candidates after local matching: 50
PnP pairs 2D shape: (7960, 2) 3D shape: (7960, 3)
Multiframe time (ms): 619
Floorplan Pose (x, y, angle): {'xy': array([2415.34773165, 1684.51565801]), 'ang': 96.50879942471907}
Best map key: ('Mahidol_University', 'ICT', '1.1_MixVPR')
Number of candidates after local matching: 50
PnP pairs 2D shape: (9044, 2) 3D shape: (9044, 3)
Multiframe time (ms): 681
Floorplan Pose (x, y, angle): {'xy': array([2011.89171496, 1153.95360646]), 'ang': 95.9731900036281}
Best map key: ('Mahidol_University', 'ICT', '1.1_MixVPR')
Number of candidates after local matching: 50
PnP pairs 2D shape: (4971, 2) 3D shape: (4971, 3)
Multiframe time (ms): 341
Floorplan Pose (x, y, angle): {'xy': array([2042.96209204,  644.28751577]), 'ang': 327.4578423630056}
Best map key: ('Mahidol_University', 'ICT', '1.1_MixVPR')
Number of candidates after local matching: 50
PnP pairs 2D shape: (8182, 2) 3D shape: (8182, 3)
Multiframe time (ms): 510
Floorplan Pose (x, y, angle): {'xy': array([1967.04384193, 1710.8730381 ]), 'ang': 64.69853485732253}
Best map key: ('Mahidol_University', 'ICT', '1.1_MixVPR')
Number of candidates after local matching: 50
PnP pairs 2D shape: (16689, 2) 3D shape: (16689, 3)
Multiframe time (ms): 1288
Floorplan Pose (x, y, angle): {'xy': array([2614.561012  , 1680.10693668]), 'ang': 178.89909068970428}
Best map key: ('Mahidol_University', 'ICT', '1.1_MixVPR')
Number of candidates after local matching: 50
PnP pairs 2D shape: (5911, 2) 3D shape: (5911, 3)
Multiframe time (ms): 395
Floorplan Pose (x, y, angle): {'xy': array([1794.14479678, 1333.48675535]), 'ang': 350.1610651515442}
Best map key: ('Mahidol_University', 'ICT', '1.1_MixVPR')
Number of candidates after local matching: 50
PnP pairs 2D shape: (5189, 2) 3D shape: (5189, 3)
Multiframe time (ms): 404
Floorplan Pose (x, y, angle): {'xy': array([2062.319561  ,  693.43022937]), 'ang': 41.6084052823793}
Best map key: ('Mahidol_University', 'ICT', '1.1_MixVPR')
Number of candidates after local matching: 47
PnP pairs 2D shape: (4875, 2) 3D shape: (4875, 3)
Multiframe time (ms): 327
Floorplan Pose (x, y, angle): {'xy': array([2085.14097965,  687.23360958]), 'ang': 283.1848814719907}
Best map key: ('Mahidol_University', 'ICT', '1.1_MixVPR')
Number of candidates after local matching: 50
PnP pairs 2D shape: (7519, 2) 3D shape: (7519, 3)
Multiframe time (ms): 571
Floorplan Pose (x, y, angle): {'xy': array([2104.76426762, 1378.55187369]), 'ang': 19.34012531376827}
Best map key: ('Mahidol_University', 'ICT', '1.1_MixVPR')
Number of candidates after local matching: 50
PnP pairs 2D shape: (4887, 2) 3D shape: (4887, 3)
Multiframe time (ms): 367
Floorplan Pose (x, y, angle): {'xy': array([2059.97362767,  776.95924733]), 'ang': 220.08092515390462}
Best map key: ('Mahidol_University', 'ICT', '1.1_MixVPR')
Number of candidates after local matching: 48
PnP pairs 2D shape: (7079, 2) 3D shape: (7079, 3)
Multiframe time (ms): 496
Floorplan Pose (x, y, angle): {'xy': array([2031.72178727, 1246.12851746]), 'ang': 340.4894850793101}
Best map key: ('Mahidol_University', 'ICT', '1.1_MixVPR')
Number of candidates after local matching: 50
PnP pairs 2D shape: (8801, 2) 3D shape: (8801, 3)
Multiframe time (ms): 833
Floorplan Pose (x, y, angle): {'xy': array([2165.44801273, 1476.47789002]), 'ang': 231.01090359400834}
Best map key: ('Mahidol_University', 'ICT', '1.1_MixVPR')
Number of candidates after local matching: 45
PnP pairs 2D shape: (4436, 2) 3D shape: (4436, 3)
Multiframe time (ms): 284
Floorplan Pose (x, y, angle): {'xy': array([1570.52774896, 1339.59013156]), 'ang': 355.26903900804604}
Best map key: ('Mahidol_University', 'ICT', '1.1_MixVPR')
Number of candidates after local matching: 16
PnP pairs 2D shape: (1000, 2) 3D shape: (1000, 3)
Multiframe time (ms): 60
Floorplan Pose (x, y, angle): {'xy': array([ 839.79929877, 1355.54384512]), 'ang': 93.37346779396174}
Best map key: ('Mahidol_University', 'ICT', '1.1_MixVPR')
Number of candidates after local matching: 26
PnP pairs 2D shape: (2187, 2) 3D shape: (2187, 3)
Multiframe time (ms): 118
Floorplan Pose (x, y, angle): {'xy': array([1325.54805451, 1384.51375828]), 'ang': 168.05781321024233}
Best map key: ('Mahidol_University', 'ICT', '1.1_MixVPR')
Number of candidates after local matching: 50
PnP pairs 2D shape: (7312, 2) 3D shape: (7312, 3)
Multiframe time (ms): 588
Floorplan Pose (x, y, angle): {'xy': array([2014.41819366, 1199.41334581]), 'ang': 274.4614860436976}
Best map key: ('Mahidol_University', 'ICT', '1.1_MixVPR')
Number of candidates after local matching: 50
PnP pairs 2D shape: (7216, 2) 3D shape: (7216, 3)
Multiframe time (ms): 445
Floorplan Pose (x, y, angle): {'xy': array([2490.47060291, 1803.12540501]), 'ang': 36.93738569950297}
Best map key: ('Mahidol_University', 'ICT', '1.1_MixVPR')
Number of candidates after local matching: 50
PnP pairs 2D shape: (7455, 2) 3D shape: (7455, 3)
Multiframe time (ms): 554
Floorplan Pose (x, y, angle): {'xy': array([2524.65650046, 1665.660488  ]), 'ang': 66.28849875645719}
Best map key: ('Mahidol_University', 'ICT', '1.1_MixVPR')
Number of candidates after local matching: 49
PnP pairs 2D shape: (4676, 2) 3D shape: (4676, 3)
Multiframe time (ms): 311
Floorplan Pose (x, y, angle): {'xy': array([1133.65620122, 1352.85550157]), 'ang': 148.83544307571134}
Best map key: ('Mahidol_University', 'ICT', '1.1_MixVPR')
Number of candidates after local matching: 50
PnP pairs 2D shape: (7753, 2) 3D shape: (7753, 3)
Multiframe time (ms): 510
Floorplan Pose (x, y, angle): {'xy': array([2017.54121765,  985.46248292]), 'ang': 120.57056960334529}
Best map key: ('Mahidol_University', 'ICT', '1.1_MixVPR')
Number of candidates after local matching: 50
PnP pairs 2D shape: (8460, 2) 3D shape: (8460, 3)
Multiframe time (ms): 602
Floorplan Pose (x, y, angle): {'xy': array([2015.91239537, 1008.25372541]), 'ang': 21.5476446410588}
Best map key: ('Mahidol_University', 'ICT', '1.1_MixVPR')
Number of candidates after local matching: 50
PnP pairs 2D shape: (7198, 2) 3D shape: (7198, 3)
Multiframe time (ms): 361
Floorplan Pose (x, y, angle): {'xy': array([2076.48739158, 1001.16350526]), 'ang': 23.045509100592813}
Best map key: ('Mahidol_University', 'ICT', '1.1_MixVPR')
Number of candidates after local matching: 11
PnP pairs 2D shape: (797, 2) 3D shape: (797, 3)
Multiframe time (ms): 49
Floorplan Pose (x, y, angle): {'xy': array([1331.14348561, 1386.05971696]), 'ang': 331.2470326133177}
Best map key: ('Mahidol_University', 'ICT', '1.1_MixVPR')
Number of candidates after local matching: 50
PnP pairs 2D shape: (10665, 2) 3D shape: (10665, 3)
Multiframe time (ms): 666
Floorplan Pose (x, y, angle): {'xy': array([2036.26833437,  900.33118643]), 'ang': 40.475692530874156}
Best map key: ('Mahidol_University', 'ICT', '1.1_MixVPR')
Number of candidates after local matching: 28
PnP pairs 2D shape: (2735, 2) 3D shape: (2735, 3)
Multiframe time (ms): 137
Floorplan Pose (x, y, angle): {'xy': array([1724.91318992, 1334.73590649]), 'ang': 266.83296581458035}
Best map key: ('Mahidol_University', 'ICT', '1.1_MixVPR')
Number of candidates after local matching: 49
PnP pairs 2D shape: (4538, 2) 3D shape: (4538, 3)
Multiframe time (ms): 271
Floorplan Pose (x, y, angle): {'xy': array([2040.2921699 ,  605.09486023]), 'ang': 29.048143503614988}
Best map key: ('Mahidol_University', 'ICT', '1.1_MixVPR')
Number of candidates after local matching: 34
PnP pairs 2D shape: (2687, 2) 3D shape: (2687, 3)
Multiframe time (ms): 193
Floorplan Pose (x, y, angle): {'xy': array([1275.44022873, 1345.55645252]), 'ang': 204.8807306862108}
Best map key: ('Mahidol_University', 'ICT', '1.1_MixVPR')
Number of candidates after local matching: 47
PnP pairs 2D shape: (4701, 2) 3D shape: (4701, 3)
Multiframe time (ms): 390
Floorplan Pose (x, y, angle): {'xy': array([1075.04620429, 1358.60592581]), 'ang': 351.5566326954064}
Best map key: ('Mahidol_University', 'ICT', '1.1_MixVPR')
Number of candidates after local matching: 50
PnP pairs 2D shape: (5143, 2) 3D shape: (5143, 3)
Multiframe time (ms): 434
Floorplan Pose (x, y, angle): {'xy': array([2022.78015986,  765.74555909]), 'ang': 233.64037288384608}
Best map key: ('Mahidol_University', 'ICT', '1.1_MixVPR')
Number of candidates after local matching: 50
PnP pairs 2D shape: (4562, 2) 3D shape: (4562, 3)
Multiframe time (ms): 257
Floorplan Pose (x, y, angle): {'xy': array([2008.66956281, 1132.68809706]), 'ang': 182.22487224743534}
Best map key: ('Mahidol_University', 'ICT', '1.1_MixVPR')
Number of candidates after local matching: 46
PnP pairs 2D shape: (5126, 2) 3D shape: (5126, 3)
Multiframe time (ms): 322
Floorplan Pose (x, y, angle): {'xy': array([ 801.62247092, 1313.52822219]), 'ang': 14.831280834495665}
Best map key: ('Mahidol_University', 'ICT', '1.1_MixVPR')
Number of candidates after local matching: 50
PnP pairs 2D shape: (9213, 2) 3D shape: (9213, 3)
Multiframe time (ms): 586
Floorplan Pose (x, y, angle): {'xy': array([2079.66638183, 1049.64428151]), 'ang': 321.2759600245866}
Best map key: ('Mahidol_University', 'ICT', '1.1_MixVPR')
Number of candidates after local matching: 41
PnP pairs 2D shape: (2860, 2) 3D shape: (2860, 3)
Multiframe time (ms): 223
Floorplan Pose (x, y, angle): {'xy': array([ 778.44895911, 1247.27971151]), 'ang': 100.6640268058327}
Best map key: None
Number of candidates after local matching: 0
PnP pairs 2D shape: (0, 2) 3D shape: (0, 3)
Multiframe time (ms): 0
Not enough 2D-3D correspondences for pose estimation.
Best map key: ('Mahidol_University', 'ICT', '1.1_MixVPR')
Number of candidates after local matching: 50
PnP pairs 2D shape: (6892, 2) 3D shape: (6892, 3)
Multiframe time (ms): 532
Floorplan Pose (x, y, angle): {'xy': array([2256.38120909, 1663.11903649]), 'ang': 86.62943485533586}
Best map key: ('Mahidol_University', 'ICT', '1.1_MixVPR')
Number of candidates after local matching: 50
PnP pairs 2D shape: (6387, 2) 3D shape: (6387, 3)
Multiframe time (ms): 521
Floorplan Pose (x, y, angle): {'xy': array([2093.2855456 , 1246.83465224]), 'ang': 188.76291891181074}
Best map key: ('Mahidol_University', 'ICT', '1.1_MixVPR')
Number of candidates after local matching: 50
PnP pairs 2D shape: (5737, 2) 3D shape: (5737, 3)
Multiframe time (ms): 439
Floorplan Pose (x, y, angle): {'xy': array([2059.92690886,  693.33229502]), 'ang': 62.19356314648607}
Best map key: ('Mahidol_University', 'ICT', '1.1_MixVPR')
Number of candidates after local matching: 50
PnP pairs 2D shape: (8033, 2) 3D shape: (8033, 3)
Multiframe time (ms): 844
Floorplan Pose (x, y, angle): {'xy': array([2135.28319727, 1432.72577214]), 'ang': 226.42381933807278}
Best map key: ('Mahidol_University', 'ICT', '1.1_MixVPR')
Number of candidates after local matching: 50
PnP pairs 2D shape: (12384, 2) 3D shape: (12384, 3)
Multiframe time (ms): 1126
Floorplan Pose (x, y, angle): {'xy': array([2177.62586705, 1536.63345861]), 'ang': 163.00743197284953}
Best map key: ('Mahidol_University', 'ICT', '1.1_MixVPR')
Number of candidates after local matching: 43
PnP pairs 2D shape: (3158, 2) 3D shape: (3158, 3)
Multiframe time (ms): 226
Floorplan Pose (x, y, angle): {'xy': array([2053.30175589,  779.98330529]), 'ang': 158.21787122501868}
Best map key: ('Mahidol_University', 'ICT', '1.1_MixVPR')
Number of candidates after local matching: 50
PnP pairs 2D shape: (9004, 2) 3D shape: (9004, 3)
Multiframe time (ms): 773
Floorplan Pose (x, y, angle): {'xy': array([1769.50222369, 1332.97363175]), 'ang': 14.957892355867301}
Best map key: ('Mahidol_University', 'ICT', '1.1_MixVPR')
Number of candidates after local matching: 50
PnP pairs 2D shape: (13295, 2) 3D shape: (13295, 3)
Multiframe time (ms): 1006
Floorplan Pose (x, y, angle): {'xy': array([1851.80545404, 1731.12651826]), 'ang': 324.79449908108165}
Best map key: ('Mahidol_University', 'ICT', '1.1_MixVPR')
Number of candidates after local matching: 40
PnP pairs 2D shape: (3163, 2) 3D shape: (3163, 3)
Multiframe time (ms): 215
Floorplan Pose (x, y, angle): {'xy': array([1621.08227938, 1338.2668894 ]), 'ang': 333.8223018471848}
Best map key: ('Mahidol_University', 'ICT', '1.1_MixVPR')
Number of candidates after local matching: 50
PnP pairs 2D shape: (13007, 2) 3D shape: (13007, 3)
Multiframe time (ms): 1427
Floorplan Pose (x, y, angle): {'xy': array([2114.41928461, 1461.97572182]), 'ang': 173.0959917294467}
Best map key: ('Mahidol_University', 'ICT', '1.1_MixVPR')
Number of candidates after local matching: 50
PnP pairs 2D shape: (7962, 2) 3D shape: (7962, 3)
Multiframe time (ms): 705
Floorplan Pose (x, y, angle): {'xy': array([1779.22368004, 1337.67237291]), 'ang': 11.777225411504421}
Best map key: ('Mahidol_University', 'ICT', '1.1_MixVPR')
Number of candidates after local matching: 1
PnP pairs 2D shape: (55, 2) 3D shape: (55, 3)
Multiframe time (ms): 9
Floorplan Pose (x, y, angle): {'xy': array([1901.53994308, 1335.28302987]), 'ang': 249.8756147766802}
Best map key: ('Mahidol_University', 'ICT', '1.1_MixVPR')
Number of candidates after local matching: 50
PnP pairs 2D shape: (9979, 2) 3D shape: (9979, 3)
Multiframe time (ms): 698
Floorplan Pose (x, y, angle): {'xy': array([2393.61758255, 1682.25952473]), 'ang': 137.92487889263123}
Best map key: ('Mahidol_University', 'ICT', '1.1_MixVPR')
Number of candidates after local matching: 50
PnP pairs 2D shape: (9035, 2) 3D shape: (9035, 3)
Multiframe time (ms): 1022
Floorplan Pose (x, y, angle): {'xy': array([1306.5178701 , 1355.75001195]), 'ang': 33.53192060478429}
Best map key: ('Mahidol_University', 'ICT', '1.1_MixVPR')
Number of candidates after local matching: 50
PnP pairs 2D shape: (15413, 2) 3D shape: (15413, 3)
Multiframe time (ms): 1506
Floorplan Pose (x, y, angle): {'xy': array([2643.53787576, 1705.1837551 ]), 'ang': 177.5429393748122}
Best map key: ('Mahidol_University', 'ICT', '1.1_MixVPR')
Number of candidates after local matching: 50
PnP pairs 2D shape: (12082, 2) 3D shape: (12082, 3)
Multiframe time (ms): 1112
Floorplan Pose (x, y, angle): {'xy': array([1745.91542098, 1880.89565508]), 'ang': 288.1854802567077}
Best map key: ('Mahidol_University', 'ICT', '1.1_MixVPR')
Number of candidates after local matching: 49
PnP pairs 2D shape: (4653, 2) 3D shape: (4653, 3)
Multiframe time (ms): 347
Floorplan Pose (x, y, angle): {'xy': array([ 788.22278664, 1345.29245531]), 'ang': 4.72116475456361}
Best map key: ('Mahidol_University', 'ICT', '1.1_MixVPR')
Number of candidates after local matching: 50
PnP pairs 2D shape: (4853, 2) 3D shape: (4853, 3)
Multiframe time (ms): 406
Floorplan Pose (x, y, angle): {'xy': array([ 840.147892  , 1354.22779061]), 'ang': 353.13248063025577}
Best map key: ('Mahidol_University', 'ICT', '1.1_MixVPR')
Number of candidates after local matching: 34
PnP pairs 2D shape: (2317, 2) 3D shape: (2317, 3)
Multiframe time (ms): 124
Floorplan Pose (x, y, angle): {'xy': array([1414.23147043, 1337.86199708]), 'ang': 331.97146148485666}
Best map key: ('Mahidol_University', 'ICT', '1.1_MixVPR')
Number of candidates after local matching: 50
PnP pairs 2D shape: (7121, 2) 3D shape: (7121, 3)
Multiframe time (ms): 527
Floorplan Pose (x, y, angle): {'xy': array([2075.83138498, 1096.98763059]), 'ang': 222.86983018164486}
Best map key: ('Mahidol_University', 'ICT', '1.1_MixVPR')
Number of candidates after local matching: 47
PnP pairs 2D shape: (6205, 2) 3D shape: (6205, 3)
Multiframe time (ms): 456
Floorplan Pose (x, y, angle): {'xy': array([1428.5023953 , 1506.09679242]), 'ang': 194.62951929725835}
Best map key: ('Mahidol_University', 'ICT', '1.1_MixVPR')
Number of candidates after local matching: 50
PnP pairs 2D shape: (6837, 2) 3D shape: (6837, 3)
Multiframe time (ms): 642
Floorplan Pose (x, y, angle): {'xy': array([2015.32134327, 1214.51171313]), 'ang': 230.28586747650152}
Best map key: ('Mahidol_University', 'ICT', '1.1_MixVPR')
Number of candidates after local matching: 50
PnP pairs 2D shape: (8006, 2) 3D shape: (8006, 3)
Multiframe time (ms): 424
Floorplan Pose (x, y, angle): {'xy': array([2023.51581429, 1011.51147986]), 'ang': 0.1783968674377909}
Best map key: ('Mahidol_University', 'ICT', '1.1_MixVPR')
Number of candidates after local matching: 50
PnP pairs 2D shape: (7303, 2) 3D shape: (7303, 3)
Multiframe time (ms): 472
Floorplan Pose (x, y, angle): {'xy': array([2100.93854543, 1247.20388478]), 'ang': 266.9175956646126}
Best map key: ('Mahidol_University', 'ICT', '1.1_MixVPR')
Number of candidates after local matching: 50
PnP pairs 2D shape: (5553, 2) 3D shape: (5553, 3)
Multiframe time (ms): 547
Floorplan Pose (x, y, angle): {'xy': array([2018.12459799, 1034.0637135 ]), 'ang': 221.1303770216797}
Best map key: ('Mahidol_University', 'ICT', '1.1_MixVPR')
Number of candidates after local matching: 15
PnP pairs 2D shape: (1049, 2) 3D shape: (1049, 3)
Multiframe time (ms): 113
Floorplan Pose (x, y, angle): {'xy': array([ 762.31003404, 1195.65354784]), 'ang': 212.53497725699768}
Best map key: ('Mahidol_University', 'ICT', '1.1_MixVPR')
Number of candidates after local matching: 48
PnP pairs 2D shape: (4768, 2) 3D shape: (4768, 3)
Multiframe time (ms): 358
Floorplan Pose (x, y, angle): {'xy': array([1214.1702964 , 1345.01070748]), 'ang': 172.84204986427804}
Best map key: ('Mahidol_University', 'ICT', '1.1_MixVPR')
Number of candidates after local matching: 50
PnP pairs 2D shape: (5443, 2) 3D shape: (5443, 3)
Multiframe time (ms): 480
Floorplan Pose (x, y, angle): {'xy': array([1555.8198016 , 1332.79200956]), 'ang': 155.08949302867475}
Best map key: ('Mahidol_University', 'ICT', '1.1_MixVPR')
Number of candidates after local matching: 44
PnP pairs 2D shape: (3391, 2) 3D shape: (3391, 3)
Multiframe time (ms): 222
Floorplan Pose (x, y, angle): {'xy': array([1106.37007322, 1340.71660814]), 'ang': 328.4467452195173}
Best map key: ('Mahidol_University', 'ICT', '1.1_MixVPR')
Number of candidates after local matching: 50
PnP pairs 2D shape: (9332, 2) 3D shape: (9332, 3)
Multiframe time (ms): 509
Floorplan Pose (x, y, angle): {'xy': array([2038.90847377,  973.96214565]), 'ang': 336.46106856880533}
Best map key: ('Mahidol_University', 'ICT', '1.1_MixVPR')
Number of candidates after local matching: 50
PnP pairs 2D shape: (12015, 2) 3D shape: (12015, 3)
Multiframe time (ms): 1042
Floorplan Pose (x, y, angle): {'xy': array([2534.26346997, 1820.29255536]), 'ang': 227.46345527416534}
Best map key: ('Mahidol_University', 'ICT', '1.1_MixVPR')
Number of candidates after local matching: 50
PnP pairs 2D shape: (6810, 2) 3D shape: (6810, 3)
Multiframe time (ms): 528
Floorplan Pose (x, y, angle): {'xy': array([2166.55304666, 1466.77171292]), 'ang': 268.85817100832793}
Best map key: ('Mahidol_University', 'ICT', '1.1_MixVPR')
Number of candidates after local matching: 50
PnP pairs 2D shape: (13656, 2) 3D shape: (13656, 3)
Multiframe time (ms): 1791
Floorplan Pose (x, y, angle): {'xy': array([1800.95660178, 1781.74560477]), 'ang': 351.9602814606813}
Best map key: ('Mahidol_University', 'ICT', '1.1_MixVPR')
Number of candidates after local matching: 26
PnP pairs 2D shape: (1777, 2) 3D shape: (1777, 3)
Multiframe time (ms): 109
Floorplan Pose (x, y, angle): {'xy': array([1105.36110099, 1343.04969296]), 'ang': 220.99071733771268}
Best map key: ('Mahidol_University', 'ICT', '1.1_MixVPR')
Number of candidates after local matching: 50
PnP pairs 2D shape: (17413, 2) 3D shape: (17413, 3)
Multiframe time (ms): 1297
Floorplan Pose (x, y, angle): {'xy': array([1379.05825431, 1497.8292258 ]), 'ang': 39.09738598056045}
Best map key: ('Mahidol_University', 'ICT', '1.1_MixVPR')
Number of candidates after local matching: 50
PnP pairs 2D shape: (5627, 2) 3D shape: (5627, 3)
Multiframe time (ms): 353
Floorplan Pose (x, y, angle): {'xy': array([2089.63600445, 1117.39489905]), 'ang': 195.36134841683156}
Best map key: ('Mahidol_University', 'ICT', '1.1_MixVPR')
Number of candidates after local matching: 50
PnP pairs 2D shape: (12470, 2) 3D shape: (12470, 3)
Multiframe time (ms): 1097
Floorplan Pose (x, y, angle): {'xy': array([2279.33469107, 1698.06675046]), 'ang': 342.29002706629217}
Best map key: ('Mahidol_University', 'ICT', '1.1_MixVPR')
Number of candidates after local matching: 48
PnP pairs 2D shape: (5065, 2) 3D shape: (5065, 3)
Multiframe time (ms): 518
Floorplan Pose (x, y, angle): {'xy': array([2075.33390755,  648.60255022]), 'ang': 269.6669187248335}
Best map key: None
Number of candidates after local matching: 0
PnP pairs 2D shape: (0, 2) 3D shape: (0, 3)
Multiframe time (ms): 0
Not enough 2D-3D correspondences for pose estimation.
Best map key: ('Mahidol_University', 'ICT', '1.1_MixVPR')
Number of candidates after local matching: 50
PnP pairs 2D shape: (5640, 2) 3D shape: (5640, 3)
Multiframe time (ms): 435
Floorplan Pose (x, y, angle): {'xy': array([2082.97961661,  692.05708559]), 'ang': 62.8175854627353}
Best map key: ('Mahidol_University', 'ICT', '1.1_MixVPR')
Number of candidates after local matching: 49
PnP pairs 2D shape: (5408, 2) 3D shape: (5408, 3)
Multiframe time (ms): 351
Floorplan Pose (x, y, angle): {'xy': array([2052.61327111,  833.73014523]), 'ang': 190.94065027605208}
Best map key: ('Mahidol_University', 'ICT', '1.1_MixVPR')
Number of candidates after local matching: 50
PnP pairs 2D shape: (10320, 2) 3D shape: (10320, 3)
Multiframe time (ms): 1016
Floorplan Pose (x, y, angle): {'xy': array([1938.74476566, 1714.2209614 ]), 'ang': 248.7851738892653}
Best map key: ('Mahidol_University', 'ICT', '1.1_MixVPR')
Number of candidates after local matching: 50
PnP pairs 2D shape: (8466, 2) 3D shape: (8466, 3)
Multiframe time (ms): 738
Floorplan Pose (x, y, angle): {'xy': array([2071.34011462,  950.78638284]), 'ang': 121.96744602894373}
Best map key: ('Mahidol_University', 'ICT', '1.1_MixVPR')
Number of candidates after local matching: 50
PnP pairs 2D shape: (7800, 2) 3D shape: (7800, 3)
Multiframe time (ms): 785
Floorplan Pose (x, y, angle): {'xy': array([1754.19729505, 1337.62158086]), 'ang': 22.935234158570942}
Best map key: ('Mahidol_University', 'ICT', '1.1_MixVPR')
Number of candidates after local matching: 50
PnP pairs 2D shape: (16714, 2) 3D shape: (16714, 3)
Multiframe time (ms): 1551
Floorplan Pose (x, y, angle): {'xy': array([2376.3529491 , 1688.25961923]), 'ang': 191.93729289123632}
Best map key: ('Mahidol_University', 'ICT', '1.1_MixVPR')
Number of candidates after local matching: 48
PnP pairs 2D shape: (4817, 2) 3D shape: (4817, 3)
Multiframe time (ms): 451
Floorplan Pose (x, y, angle): {'xy': array([ 762.49754063, 1195.84446877]), 'ang': 292.4240609766532}
Best map key: None
Number of candidates after local matching: 0
PnP pairs 2D shape: (0, 2) 3D shape: (0, 3)
Multiframe time (ms): 0
Not enough 2D-3D correspondences for pose estimation.
Best map key: ('Mahidol_University', 'ICT', '1.1_MixVPR')
Number of candidates after local matching: 50
PnP pairs 2D shape: (5635, 2) 3D shape: (5635, 3)
Multiframe time (ms): 361
Floorplan Pose (x, y, angle): {'xy': array([2036.77116793,  904.13725339]), 'ang': 157.56171573338634}
Best map key: ('Mahidol_University', 'ICT', '1.1_MixVPR')
Number of candidates after local matching: 50
PnP pairs 2D shape: (14992, 2) 3D shape: (14992, 3)
Multiframe time (ms): 1666
Floorplan Pose (x, y, angle): {'xy': array([1504.39842829, 1722.22382677]), 'ang': 44.66873230098275}
Best map key: ('Mahidol_University', 'ICT', '1.1_MixVPR')
Number of candidates after local matching: 48
PnP pairs 2D shape: (4989, 2) 3D shape: (4989, 3)
Multiframe time (ms): 425
Floorplan Pose (x, y, angle): {'xy': array([1645.30166493, 1336.95598576]), 'ang': 354.5910408381608}
Best map key: ('Mahidol_University', 'ICT', '1.1_MixVPR')
Number of candidates after local matching: 50
PnP pairs 2D shape: (9566, 2) 3D shape: (9566, 3)
Multiframe time (ms): 874
Floorplan Pose (x, y, angle): {'xy': array([2018.50047495,  990.31854271]), 'ang': 76.91136840440932}
Best map key: ('Mahidol_University', 'ICT', '1.1_MixVPR')
Number of candidates after local matching: 50
PnP pairs 2D shape: (6356, 2) 3D shape: (6356, 3)
Multiframe time (ms): 397
Floorplan Pose (x, y, angle): {'xy': array([2014.56115656, 1059.05653022]), 'ang': 140.40934401942388}
Best map key: ('Mahidol_University', 'ICT', '1.1_MixVPR')
Number of candidates after local matching: 50
PnP pairs 2D shape: (5812, 2) 3D shape: (5812, 3)
Multiframe time (ms): 393
Floorplan Pose (x, y, angle): {'xy': array([2071.49397652,  892.46854193]), 'ang': 304.21687589513266}
Best map key: ('Mahidol_University', 'ICT', '1.1_MixVPR')
Number of candidates after local matching: 46
PnP pairs 2D shape: (5292, 2) 3D shape: (5292, 3)
Multiframe time (ms): 394
Floorplan Pose (x, y, angle): {'xy': array([1592.91742547, 1337.16566817]), 'ang': 26.288140614396923}
Best map key: ('Mahidol_University', 'ICT', '1.1_MixVPR')
Number of candidates after local matching: 48
PnP pairs 2D shape: (5366, 2) 3D shape: (5366, 3)
Multiframe time (ms): 636
Floorplan Pose (x, y, angle): {'xy': array([ 803.08921719, 1293.08194411]), 'ang': 230.26315850602057}
Best map key: ('Mahidol_University', 'ICT', '1.1_MixVPR')
Number of candidates after local matching: 29
PnP pairs 2D shape: (2387, 2) 3D shape: (2387, 3)
Multiframe time (ms): 223
Floorplan Pose (x, y, angle): {'xy': array([ 791.00045716, 1194.71366798]), 'ang': 314.27711224399957}
Best map key: ('Mahidol_University', 'ICT', '1.1_MixVPR')
Number of candidates after local matching: 11
PnP pairs 2D shape: (779, 2) 3D shape: (779, 3)
Multiframe time (ms): 71
Floorplan Pose (x, y, angle): {'xy': array([ 926.61941409, 1353.3173817 ]), 'ang': 247.85557761997143}
Best map key: ('Mahidol_University', 'ICT', '1.1_MixVPR')
Number of candidates after local matching: 27
PnP pairs 2D shape: (1990, 2) 3D shape: (1990, 3)
Multiframe time (ms): 141
Floorplan Pose (x, y, angle): {'xy': array([1208.54259354, 1351.56171102]), 'ang': 309.78728834299}
Best map key: ('Mahidol_University', 'ICT', '1.1_MixVPR')
Number of candidates after local matching: 45
PnP pairs 2D shape: (3762, 2) 3D shape: (3762, 3)
Multiframe time (ms): 328
Floorplan Pose (x, y, angle): {'xy': array([ 798.13990556, 1284.45646707]), 'ang': 210.33439074451232}
Best map key: ('Mahidol_University', 'ICT', '1.1_MixVPR')
Number of candidates after local matching: 50
PnP pairs 2D shape: (7466, 2) 3D shape: (7466, 3)
Multiframe time (ms): 613
Floorplan Pose (x, y, angle): {'xy': array([2022.56446531, 1295.83076577]), 'ang': 316.33513622125764}
Best map key: ('Mahidol_University', 'ICT', '1.1_MixVPR')
Number of candidates after local matching: 50
PnP pairs 2D shape: (6121, 2) 3D shape: (6121, 3)
Multiframe time (ms): 462
Floorplan Pose (x, y, angle): {'xy': array([1023.43877395, 1343.50432655]), 'ang': 67.06174237326745}
Best map key: ('Mahidol_University', 'ICT', '1.1_MixVPR')
Number of candidates after local matching: 45
PnP pairs 2D shape: (4411, 2) 3D shape: (4411, 3)
Multiframe time (ms): 220
Floorplan Pose (x, y, angle): {'xy': array([2092.84581903,  712.04069501]), 'ang': 36.395859317234404}
Best map key: ('Mahidol_University', 'ICT', '1.1_MixVPR')
Number of candidates after local matching: 50
PnP pairs 2D shape: (8729, 2) 3D shape: (8729, 3)
Multiframe time (ms): 660
Floorplan Pose (x, y, angle): {'xy': array([2232.5180856 , 1571.38780428]), 'ang': 246.19811329684916}
Best map key: ('Mahidol_University', 'ICT', '1.1_MixVPR')
Number of candidates after local matching: 2
PnP pairs 2D shape: (121, 2) 3D shape: (121, 3)
Multiframe time (ms): 20
Floorplan Pose (x, y, angle): {'xy': array([1102.31789283, 1343.25171717]), 'ang': 311.0300874156064}
Best map key: ('Mahidol_University', 'ICT', '1.1_MixVPR')
Number of candidates after local matching: 38
PnP pairs 2D shape: (2871, 2) 3D shape: (2871, 3)
Multiframe time (ms): 161
Floorplan Pose (x, y, angle): {'xy': array([1132.624906  , 1353.90612723]), 'ang': 85.70906525309137}
Best map key: ('Mahidol_University', 'ICT', '1.1_MixVPR')
Number of candidates after local matching: 50
PnP pairs 2D shape: (7638, 2) 3D shape: (7638, 3)
Multiframe time (ms): 780
Floorplan Pose (x, y, angle): {'xy': array([2061.74690516,  919.04258296]), 'ang': 337.93176223567013}
Best map key: ('Mahidol_University', 'ICT', '1.1_MixVPR')
Number of candidates after local matching: 49
PnP pairs 2D shape: (6443, 2) 3D shape: (6443, 3)
Multiframe time (ms): 482
Floorplan Pose (x, y, angle): {'xy': array([2225.81806546, 1497.6882735 ]), 'ang': 253.27564766433957}
Best map key: ('Mahidol_University', 'ICT', '1.1_MixVPR')
Number of candidates after local matching: 49
PnP pairs 2D shape: (6233, 2) 3D shape: (6233, 3)
Multiframe time (ms): 395
Floorplan Pose (x, y, angle): {'xy': array([1508.04770516, 1838.02885492]), 'ang': 85.10623699221196}
Best map key: ('Mahidol_University', 'ICT', '1.1_MixVPR')
Number of candidates after local matching: 46
PnP pairs 2D shape: (4077, 2) 3D shape: (4077, 3)
Multiframe time (ms): 330
Floorplan Pose (x, y, angle): {'xy': array([ 817.57539424, 1214.90206297]), 'ang': 108.97946056098904}
Best map key: ('Mahidol_University', 'ICT', '1.1_MixVPR')
Number of candidates after local matching: 47
PnP pairs 2D shape: (4323, 2) 3D shape: (4323, 3)
Multiframe time (ms): 357
Floorplan Pose (x, y, angle): {'xy': array([1236.81980843, 1342.11369826]), 'ang': 183.01209464438242}
Best map key: ('Mahidol_University', 'ICT', '1.1_MixVPR')
Number of candidates after local matching: 50
PnP pairs 2D shape: (5969, 2) 3D shape: (5969, 3)
Multiframe time (ms): 535
Floorplan Pose (x, y, angle): {'xy': array([2073.19676705,  837.5076491 ]), 'ang': 205.90795640082973}
Best map key: ('Mahidol_University', 'ICT', '1.1_MixVPR')
Number of candidates after local matching: 50
PnP pairs 2D shape: (7656, 2) 3D shape: (7656, 3)
Multiframe time (ms): 664
Floorplan Pose (x, y, angle): {'xy': array([1873.5563551 , 1334.70749414]), 'ang': 353.06648376778793}
Best map key: ('Mahidol_University', 'ICT', '1.1_MixVPR')
Number of candidates after local matching: 44
PnP pairs 2D shape: (3535, 2) 3D shape: (3535, 3)
Multiframe time (ms): 341
Floorplan Pose (x, y, angle): {'xy': array([2073.63979775,  837.34997697]), 'ang': 304.8887642419063}
Best map key: ('Mahidol_University', 'ICT', '1.1_MixVPR')
Number of candidates after local matching: 50
PnP pairs 2D shape: (11731, 2) 3D shape: (11731, 3)
Multiframe time (ms): 1237
Floorplan Pose (x, y, angle): {'xy': array([1797.25659971, 1832.16845626]), 'ang': 270.7398334537743}
Best map key: ('Mahidol_University', 'ICT', '1.1_MixVPR')
Number of candidates after local matching: 24
PnP pairs 2D shape: (1449, 2) 3D shape: (1449, 3)
Multiframe time (ms): 138
Floorplan Pose (x, y, angle): {'xy': array([ 823.51653882, 1330.00022419]), 'ang': 150.00645187074835}
Best map key: ('Mahidol_University', 'ICT', '1.1_MixVPR')
Number of candidates after local matching: 50
PnP pairs 2D shape: (11600, 2) 3D shape: (11600, 3)
Multiframe time (ms): 1148
Floorplan Pose (x, y, angle): {'xy': array([1914.39693379, 1717.70459609]), 'ang': 130.5245804948462}
Best map key: ('Mahidol_University', 'ICT', '1.1_MixVPR')
Number of candidates after local matching: 49
PnP pairs 2D shape: (6309, 2) 3D shape: (6309, 3)
Multiframe time (ms): 596
Floorplan Pose (x, y, angle): {'xy': array([1181.00026312, 1343.27412117]), 'ang': 1.5756955989642483}
Best map key: ('Mahidol_University', 'ICT', '1.1_MixVPR')
Number of candidates after local matching: 43
PnP pairs 2D shape: (3608, 2) 3D shape: (3608, 3)
Multiframe time (ms): 226
Floorplan Pose (x, y, angle): {'xy': array([1153.09565493, 1340.74451004]), 'ang': 126.98535395346481}
Best map key: ('Mahidol_University', 'ICT', '1.1_MixVPR')
Number of candidates after local matching: 50
PnP pairs 2D shape: (8826, 2) 3D shape: (8826, 3)
Multiframe time (ms): 920
Floorplan Pose (x, y, angle): {'xy': array([2430.09039187, 1666.31023889]), 'ang': 25.52731061040347}
Best map key: ('Mahidol_University', 'ICT', '1.1_MixVPR')
Number of candidates after local matching: 50
PnP pairs 2D shape: (12935, 2) 3D shape: (12935, 3)
Multiframe time (ms): 1630
Floorplan Pose (x, y, angle): {'xy': array([2635.86266547, 1723.09973146]), 'ang': 204.43537364748644}
Best map key: ('Mahidol_University', 'ICT', '1.1_MixVPR')
Number of candidates after local matching: 15
PnP pairs 2D shape: (1270, 2) 3D shape: (1270, 3)
Multiframe time (ms): 104
Floorplan Pose (x, y, angle): {'xy': array([ 800.87171522, 1292.70579842]), 'ang': 13.036743023951512}
Best map key: ('Mahidol_University', 'ICT', '1.1_MixVPR')
Number of candidates after local matching: 2
PnP pairs 2D shape: (110, 2) 3D shape: (110, 3)
Multiframe time (ms): 19
Floorplan Pose (x, y, angle): {'xy': array([1642.23569776, 1333.00805629]), 'ang': 245.60368312410776}
Best map key: ('Mahidol_University', 'ICT', '1.1_MixVPR')
Number of candidates after local matching: 50
PnP pairs 2D shape: (6344, 2) 3D shape: (6344, 3)
Multiframe time (ms): 529
Floorplan Pose (x, y, angle): {'xy': array([2085.55766129,  694.71946906]), 'ang': 80.34753061749713}
Best map key: ('Mahidol_University', 'ICT', '1.1_MixVPR')
Number of candidates after local matching: 48
PnP pairs 2D shape: (5819, 2) 3D shape: (5819, 3)
Multiframe time (ms): 316
Floorplan Pose (x, y, angle): {'xy': array([1848.3157524 , 1333.65698011]), 'ang': 354.3850622635779}
Best map key: ('Mahidol_University', 'ICT', '1.1_MixVPR')
Number of candidates after local matching: 50
PnP pairs 2D shape: (12315, 2) 3D shape: (12315, 3)
Multiframe time (ms): 1886
Floorplan Pose (x, y, angle): {'xy': array([2183.06526155, 1529.57205482]), 'ang': 135.0994694311245}
Best map key: ('Mahidol_University', 'ICT', '1.1_MixVPR')
Number of candidates after local matching: 50
PnP pairs 2D shape: (7606, 2) 3D shape: (7606, 3)
Multiframe time (ms): 585
Floorplan Pose (x, y, angle): {'xy': array([2090.72197553,  711.24433789]), 'ang': 97.92918095267899}
Best map key: ('Mahidol_University', 'ICT', '1.1_MixVPR')
Number of candidates after local matching: 50
PnP pairs 2D shape: (8833, 2) 3D shape: (8833, 3)
Multiframe time (ms): 698
Floorplan Pose (x, y, angle): {'xy': array([2076.85722924, 1104.50197374]), 'ang': 123.2909677215411}
Best map key: ('Mahidol_University', 'ICT', '1.1_MixVPR')
Number of candidates after local matching: 50
PnP pairs 2D shape: (7842, 2) 3D shape: (7842, 3)
Multiframe time (ms): 603
Floorplan Pose (x, y, angle): {'xy': array([2015.98554988, 1057.95409205]), 'ang': 117.97082000655543}
Best map key: ('Mahidol_University', 'ICT', '1.1_MixVPR')
Number of candidates after local matching: 1
PnP pairs 2D shape: (53, 2) 3D shape: (53, 3)
Multiframe time (ms): 16
Floorplan Pose (x, y, angle): {'xy': array([1723.18447125, 1332.17909257]), 'ang': 251.92343939179244}
Best map key: ('Mahidol_University', 'ICT', '1.1_MixVPR')
Number of candidates after local matching: 50
PnP pairs 2D shape: (12008, 2) 3D shape: (12008, 3)
Multiframe time (ms): 1395
Floorplan Pose (x, y, angle): {'xy': array([1500.26689683, 1714.25569182]), 'ang': 298.4795092564889}
Best map key: ('Mahidol_University', 'ICT', '1.1_MixVPR')
Number of candidates after local matching: 46
PnP pairs 2D shape: (4814, 2) 3D shape: (4814, 3)
Multiframe time (ms): 531
Floorplan Pose (x, y, angle): {'xy': array([2066.47879454,  720.38904966]), 'ang': 299.13999557792346}
Best map key: ('Mahidol_University', 'ICT', '1.1_MixVPR')
Number of candidates after local matching: 20
PnP pairs 2D shape: (1715, 2) 3D shape: (1715, 3)
Multiframe time (ms): 185
Floorplan Pose (x, y, angle): {'xy': array([ 810.46046377, 1168.06315409]), 'ang': 32.59325706318418}
Best map key: ('Mahidol_University', 'ICT', '1.1_MixVPR')
Number of candidates after local matching: 50
PnP pairs 2D shape: (4596, 2) 3D shape: (4596, 3)
Multiframe time (ms): 344
Floorplan Pose (x, y, angle): {'xy': array([2073.47919591,  765.21913403]), 'ang': 167.84726619572206}
Best map key: ('Mahidol_University', 'ICT', '1.1_MixVPR')
Number of candidates after local matching: 50
PnP pairs 2D shape: (6498, 2) 3D shape: (6498, 3)
Multiframe time (ms): 577
Floorplan Pose (x, y, angle): {'xy': array([2081.47179698,  691.70696198]), 'ang': 81.58445394027918}
Best map key: ('Mahidol_University', 'ICT', '1.1_MixVPR')
Number of candidates after local matching: 50
PnP pairs 2D shape: (5132, 2) 3D shape: (5132, 3)
Multiframe time (ms): 440
Floorplan Pose (x, y, angle): {'xy': array([2053.78946583,  847.82164877]), 'ang': 204.9183318351501}
Best map key: ('Mahidol_University', 'ICT', '1.1_MixVPR')
Number of candidates after local matching: 50
PnP pairs 2D shape: (8224, 2) 3D shape: (8224, 3)
Multiframe time (ms): 629
Floorplan Pose (x, y, angle): {'xy': array([2039.66024598,  947.79346888]), 'ang': 334.1631741107359}
Best map key: ('Mahidol_University', 'ICT', '1.1_MixVPR')
Number of candidates after local matching: 50
PnP pairs 2D shape: (7903, 2) 3D shape: (7903, 3)
Multiframe time (ms): 621
Floorplan Pose (x, y, angle): {'xy': array([2435.96018953, 1776.75812368]), 'ang': 35.85027427660522}
Best map key: ('Mahidol_University', 'ICT', '1.1_MixVPR')
Number of candidates after local matching: 50
PnP pairs 2D shape: (8729, 2) 3D shape: (8729, 3)
Multiframe time (ms): 815
Floorplan Pose (x, y, angle): {'xy': array([2470.6941365 , 1683.40898532]), 'ang': 28.357607309628424}
Best map key: ('Mahidol_University', 'ICT', '1.1_MixVPR')
Number of candidates after local matching: 50
PnP pairs 2D shape: (11813, 2) 3D shape: (11813, 3)
Multiframe time (ms): 1563
Floorplan Pose (x, y, angle): {'xy': array([2369.75344167, 1734.24175233]), 'ang': 242.77022845839855}
Best map key: ('Mahidol_University', 'ICT', '1.1_MixVPR')
Number of candidates after local matching: 47
PnP pairs 2D shape: (4213, 2) 3D shape: (4213, 3)
Multiframe time (ms): 475
Floorplan Pose (x, y, angle): {'xy': array([2048.30843429,  604.76166138]), 'ang': 336.1182923999605}
Best map key: None
Number of candidates after local matching: 0
PnP pairs 2D shape: (0, 2) 3D shape: (0, 3)
Multiframe time (ms): 1
Not enough 2D-3D correspondences for pose estimation.
Best map key: ('Mahidol_University', 'ICT', '1.1_MixVPR')
Number of candidates after local matching: 10
PnP pairs 2D shape: (1016, 2) 3D shape: (1016, 3)
Multiframe time (ms): 88
Floorplan Pose (x, y, angle): {'xy': array([ 998.81593317, 1345.28652596]), 'ang': 289.7046295132808}
Best map key: ('Mahidol_University', 'ICT', '1.1_MixVPR')
Number of candidates after local matching: 50
PnP pairs 2D shape: (9892, 2) 3D shape: (9892, 3)
Multiframe time (ms): 783
Floorplan Pose (x, y, angle): {'xy': array([1815.5261798 , 1756.07734394]), 'ang': 100.28089025243418}
Best map key: ('Mahidol_University', 'ICT', '1.1_MixVPR')
Number of candidates after local matching: 50
PnP pairs 2D shape: (5927, 2) 3D shape: (5927, 3)
Multiframe time (ms): 592
Floorplan Pose (x, y, angle): {'xy': array([ 831.63930606, 1338.17440765]), 'ang': 256.86885542626146}
Best map key: ('Mahidol_University', 'ICT', '1.1_MixVPR')
Number of candidates after local matching: 50
PnP pairs 2D shape: (8755, 2) 3D shape: (8755, 3)
Multiframe time (ms): 637
Floorplan Pose (x, y, angle): {'xy': array([2023.1558228 , 1273.47336045]), 'ang': 316.65758438567957}
Best map key: ('Mahidol_University', 'ICT', '1.1_MixVPR')
Number of candidates after local matching: 50
PnP pairs 2D shape: (7069, 2) 3D shape: (7069, 3)
Multiframe time (ms): 862
Floorplan Pose (x, y, angle): {'xy': array([2026.41876257,  883.52455897]), 'ang': 336.881417238897}
Best map key: ('Mahidol_University', 'ICT', '1.1_MixVPR')
Number of candidates after local matching: 50
PnP pairs 2D shape: (14654, 2) 3D shape: (14654, 3)
Multiframe time (ms): 1939
Floorplan Pose (x, y, angle): {'xy': array([2375.39327777, 1736.04554829]), 'ang': 220.47975710534368}
Best map key: ('Mahidol_University', 'ICT', '1.1_MixVPR')
Number of candidates after local matching: 15
PnP pairs 2D shape: (1699, 2) 3D shape: (1699, 3)
Multiframe time (ms): 115
Floorplan Pose (x, y, angle): {'xy': array([1645.88022131, 1337.97678878]), 'ang': 291.99832789532786}
Best map key: ('Mahidol_University', 'ICT', '1.1_MixVPR')
Number of candidates after local matching: 50
PnP pairs 2D shape: (6750, 2) 3D shape: (6750, 3)
Multiframe time (ms): 571
Floorplan Pose (x, y, angle): {'xy': array([1083.24530186, 1354.07105155]), 'ang': 150.4880070175935}
Best map key: ('Mahidol_University', 'ICT', '1.1_MixVPR')
Number of candidates after local matching: 50
PnP pairs 2D shape: (13497, 2) 3D shape: (13497, 3)
Multiframe time (ms): 1268
Floorplan Pose (x, y, angle): {'xy': array([2089.33559331, 1704.16202188]), 'ang': 207.87374137317298}
Best map key: ('Mahidol_University', 'ICT', '1.1_MixVPR')
Number of candidates after local matching: 49
PnP pairs 2D shape: (7389, 2) 3D shape: (7389, 3)
Multiframe time (ms): 771
Floorplan Pose (x, y, angle): {'xy': array([2497.24126315, 1812.67668813]), 'ang': 60.52568479900444}
Best map key: ('Mahidol_University', 'ICT', '1.1_MixVPR')
Number of candidates after local matching: 49
PnP pairs 2D shape: (5772, 2) 3D shape: (5772, 3)
Multiframe time (ms): 527
Floorplan Pose (x, y, angle): {'xy': array([2631.1510382 , 1682.43427895]), 'ang': 39.86652311714981}
Best map key: None
Number of candidates after local matching: 0
PnP pairs 2D shape: (0, 2) 3D shape: (0, 3)
Multiframe time (ms): 0
Not enough 2D-3D correspondences for pose estimation.
Best map key: ('Mahidol_University', 'ICT', '1.1_MixVPR')
Number of candidates after local matching: 44
PnP pairs 2D shape: (4605, 2) 3D shape: (4605, 3)
Multiframe time (ms): 412
Floorplan Pose (x, y, angle): {'xy': array([2073.53853522,  612.91574049]), 'ang': 269.3451061335139}
Best map key: ('Mahidol_University', 'ICT', '1.1_MixVPR')
Number of candidates after local matching: 50
PnP pairs 2D shape: (6922, 2) 3D shape: (6922, 3)
Multiframe time (ms): 1003
Floorplan Pose (x, y, angle): {'xy': array([2047.07806709,  705.31247545]), 'ang': 93.30911510823798}
Best map key: ('Mahidol_University', 'ICT', '1.1_MixVPR')
Number of candidates after local matching: 46
PnP pairs 2D shape: (3821, 2) 3D shape: (3821, 3)
Multiframe time (ms): 241
Floorplan Pose (x, y, angle): {'xy': array([2054.37773567,  730.27261038]), 'ang': 15.917704301471428}
Best map key: ('Mahidol_University', 'ICT', '1.1_MixVPR')
Number of candidates after local matching: 50
PnP pairs 2D shape: (8624, 2) 3D shape: (8624, 3)
Multiframe time (ms): 1102
Floorplan Pose (x, y, angle): {'xy': array([2053.33149293,  839.71744259]), 'ang': 88.4736417977702}
Best map key: ('Mahidol_University', 'ICT', '1.1_MixVPR')
Number of candidates after local matching: 49
PnP pairs 2D shape: (4224, 2) 3D shape: (4224, 3)
Multiframe time (ms): 261
Floorplan Pose (x, y, angle): {'xy': array([2034.30944439,  604.15001144]), 'ang': 348.7992325093031}
Best map key: ('Mahidol_University', 'ICT', '1.1_MixVPR')
Number of candidates after local matching: 48
PnP pairs 2D shape: (3974, 2) 3D shape: (3974, 3)
Multiframe time (ms): 401
Floorplan Pose (x, y, angle): {'xy': array([2072.51325609,  839.49953482]), 'ang': 325.3105782286534}
Best map key: ('Mahidol_University', 'ICT', '1.1_MixVPR')
Number of candidates after local matching: 42
PnP pairs 2D shape: (4291, 2) 3D shape: (4291, 3)
Multiframe time (ms): 342
Floorplan Pose (x, y, angle): {'xy': array([1355.39204603, 1494.00663464]), 'ang': 148.583565886628}
Best map key: ('Mahidol_University', 'ICT', '1.1_MixVPR')
Number of candidates after local matching: 50
PnP pairs 2D shape: (12375, 2) 3D shape: (12375, 3)
Multiframe time (ms): 1679
Floorplan Pose (x, y, angle): {'xy': array([1974.67442622, 1704.30199755]), 'ang': 148.0534449319581}
Best map key: ('Mahidol_University', 'ICT', '1.1_MixVPR')
Number of candidates after local matching: 22
PnP pairs 2D shape: (1534, 2) 3D shape: (1534, 3)
Multiframe time (ms): 118
Floorplan Pose (x, y, angle): {'xy': array([1043.06397013, 1360.11305444]), 'ang': 294.41882733867567}
Best map key: ('Mahidol_University', 'ICT', '1.1_MixVPR')
Number of candidates after local matching: 50
PnP pairs 2D shape: (9639, 2) 3D shape: (9639, 3)
Multiframe time (ms): 1072
Floorplan Pose (x, y, angle): {'xy': array([2358.06580625, 1686.60928764]), 'ang': 33.12490113911435}
Best map key: ('Mahidol_University', 'ICT', '1.1_MixVPR')
Number of candidates after local matching: 50
PnP pairs 2D shape: (9944, 2) 3D shape: (9944, 3)
Multiframe time (ms): 870
Floorplan Pose (x, y, angle): {'xy': array([2053.02087585, 1699.89105193]), 'ang': 126.58920421099589}
Best map key: None
Number of candidates after local matching: 0
PnP pairs 2D shape: (0, 2) 3D shape: (0, 3)
Multiframe time (ms): 0
Not enough 2D-3D correspondences for pose estimation.
Best map key: ('Mahidol_University', 'ICT', '1.1_MixVPR')
Number of candidates after local matching: 26
PnP pairs 2D shape: (1731, 2) 3D shape: (1731, 3)
Multiframe time (ms): 218
Floorplan Pose (x, y, angle): {'xy': array([ 779.23223183, 1341.48230248]), 'ang': 201.14603969701471}
Best map key: ('Mahidol_University', 'ICT', '1.1_MixVPR')
Number of candidates after local matching: 50
PnP pairs 2D shape: (11689, 2) 3D shape: (11689, 3)
Multiframe time (ms): 1006
Floorplan Pose (x, y, angle): {'xy': array([2223.14454111, 1523.30314677]), 'ang': 7.396540375260659}
Best map key: ('Mahidol_University', 'ICT', '1.1_MixVPR')
Number of candidates after local matching: 50
PnP pairs 2D shape: (5380, 2) 3D shape: (5380, 3)
Multiframe time (ms): 443
Floorplan Pose (x, y, angle): {'xy': array([1794.44865227, 1333.72344444]), 'ang': 185.27280553008248}
Best map key: ('Mahidol_University', 'ICT', '1.1_MixVPR')
Number of candidates after local matching: 50
PnP pairs 2D shape: (10225, 2) 3D shape: (10225, 3)
Multiframe time (ms): 1033
Floorplan Pose (x, y, angle): {'xy': array([2437.38314135, 1687.36427974]), 'ang': 354.1279578450581}
Best map key: ('Mahidol_University', 'ICT', '1.1_MixVPR')
Number of candidates after local matching: 50
PnP pairs 2D shape: (5388, 2) 3D shape: (5388, 3)
Multiframe time (ms): 571
Floorplan Pose (x, y, angle): {'xy': array([2076.96166797, 1101.52489407]), 'ang': 228.88237226193414}
Best map key: ('Mahidol_University', 'ICT', '1.1_MixVPR')
Number of candidates after local matching: 50
PnP pairs 2D shape: (11942, 2) 3D shape: (11942, 3)
Multiframe time (ms): 1357
Floorplan Pose (x, y, angle): {'xy': array([2105.82784132, 1378.56728999]), 'ang': 60.337764968186725}
Best map key: ('Mahidol_University', 'ICT', '1.1_MixVPR')
Number of candidates after local matching: 33
PnP pairs 2D shape: (3492, 2) 3D shape: (3492, 3)
Multiframe time (ms): 254
Floorplan Pose (x, y, angle): {'xy': array([1337.02722119, 1413.56204595]), 'ang': 241.93619198188964}
Best map key: ('Mahidol_University', 'ICT', '1.1_MixVPR')
Number of candidates after local matching: 50
PnP pairs 2D shape: (7236, 2) 3D shape: (7236, 3)
Multiframe time (ms): 494
Floorplan Pose (x, y, angle): {'xy': array([2013.85971856, 1129.16561274]), 'ang': 277.2357700663782}
Best map key: ('Mahidol_University', 'ICT', '1.1_MixVPR')
Number of candidates after local matching: 45
PnP pairs 2D shape: (4536, 2) 3D shape: (4536, 3)
Multiframe time (ms): 382
Floorplan Pose (x, y, angle): {'xy': array([2083.37362083,  683.66767717]), 'ang': 264.45079591553446}
Best map key: ('Mahidol_University', 'ICT', '1.1_MixVPR')
Number of candidates after local matching: 50
PnP pairs 2D shape: (17769, 2) 3D shape: (17769, 3)
Multiframe time (ms): 1839
Floorplan Pose (x, y, angle): {'xy': array([1740.73961332, 1872.54343084]), 'ang': 326.49578062860223}
Best map key: ('Mahidol_University', 'ICT', '1.1_MixVPR')
Number of candidates after local matching: 21
PnP pairs 2D shape: (1941, 2) 3D shape: (1941, 3)
Multiframe time (ms): 131
Floorplan Pose (x, y, angle): {'xy': array([ 802.03334003, 1292.24438041]), 'ang': 27.391042696711196}
Best map key: ('Mahidol_University', 'ICT', '1.1_MixVPR')
Number of candidates after local matching: 48
PnP pairs 2D shape: (4962, 2) 3D shape: (4962, 3)
Multiframe time (ms): 446
Floorplan Pose (x, y, angle): {'xy': array([1825.39214399, 1334.61214958]), 'ang': 186.59381766728413}
Best map key: ('Mahidol_University', 'ICT', '1.1_MixVPR')
Number of candidates after local matching: 50
PnP pairs 2D shape: (14501, 2) 3D shape: (14501, 3)
Multiframe time (ms): 1529
Floorplan Pose (x, y, angle): {'xy': array([2505.66570939, 1810.87822787]), 'ang': 214.98348508125738}
Best map key: ('Mahidol_University', 'ICT', '1.1_MixVPR')
Number of candidates after local matching: 32
PnP pairs 2D shape: (2770, 2) 3D shape: (2770, 3)
Multiframe time (ms): 241
Floorplan Pose (x, y, angle): {'xy': array([1776.89822117, 1336.25223382]), 'ang': 286.8074456458435}
Best map key: ('Mahidol_University', 'ICT', '1.1_MixVPR')
Number of candidates after local matching: 50
PnP pairs 2D shape: (7068, 2) 3D shape: (7068, 3)
Multiframe time (ms): 511
Floorplan Pose (x, y, angle): {'xy': array([2069.60126938,  920.86818724]), 'ang': 322.1145624419636}
Best map key: ('Mahidol_University', 'ICT', '1.1_MixVPR')
Number of candidates after local matching: 39
PnP pairs 2D shape: (4834, 2) 3D shape: (4834, 3)
Multiframe time (ms): 333
Floorplan Pose (x, y, angle): {'xy': array([1849.24495724, 1335.08725827]), 'ang': 293.5021500450147}
Best map key: ('Mahidol_University', 'ICT', '1.1_MixVPR')
Number of candidates after local matching: 49
PnP pairs 2D shape: (5438, 2) 3D shape: (5438, 3)
Multiframe time (ms): 456
Floorplan Pose (x, y, angle): {'xy': array([1717.11949851, 1331.32601636]), 'ang': 173.51427879761462}
Best map key: None
Number of candidates after local matching: 0
PnP pairs 2D shape: (0, 2) 3D shape: (0, 3)
Multiframe time (ms): 0
Not enough 2D-3D correspondences for pose estimation.
Best map key: ('Mahidol_University', 'ICT', '1.1_MixVPR')
Number of candidates after local matching: 50
PnP pairs 2D shape: (4748, 2) 3D shape: (4748, 3)
Multiframe time (ms): 382
Floorplan Pose (x, y, angle): {'xy': array([2075.21912181,  707.19067247]), 'ang': 203.59497999764892}
Best map key: ('Mahidol_University', 'ICT', '1.1_MixVPR')
Number of candidates after local matching: 50
PnP pairs 2D shape: (5636, 2) 3D shape: (5636, 3)
Multiframe time (ms): 375
Floorplan Pose (x, y, angle): {'xy': array([2042.55927787,  865.29766911]), 'ang': 193.6649108300622}
Best map key: ('Mahidol_University', 'ICT', '1.1_MixVPR')
Number of candidates after local matching: 41
PnP pairs 2D shape: (3769, 2) 3D shape: (3769, 3)
Multiframe time (ms): 349
Floorplan Pose (x, y, angle): {'xy': array([ 783.7284788 , 1281.77143361]), 'ang': 346.5504326892438}
Best map key: ('Mahidol_University', 'ICT', '1.1_MixVPR')
Number of candidates after local matching: 50
PnP pairs 2D shape: (11594, 2) 3D shape: (11594, 3)
Multiframe time (ms): 1267
Floorplan Pose (x, y, angle): {'xy': array([2154.30113977, 1433.6468343 ]), 'ang': 81.70755195644355}
Best map key: ('Mahidol_University', 'ICT', '1.1_MixVPR')
Number of candidates after local matching: 50
PnP pairs 2D shape: (5875, 2) 3D shape: (5875, 3)
Multiframe time (ms): 445
Floorplan Pose (x, y, angle): {'xy': array([2035.88761664,  932.1837278 ]), 'ang': 137.91052012959344}
Best map key: ('Mahidol_University', 'ICT', '1.1_MixVPR')
Number of candidates after local matching: 50
PnP pairs 2D shape: (9097, 2) 3D shape: (9097, 3)
Multiframe time (ms): 655
Floorplan Pose (x, y, angle): {'xy': array([2045.48790874,  894.65778324]), 'ang': 30.74157905642925}
Best map key: ('Mahidol_University', 'ICT', '1.1_MixVPR')
Number of candidates after local matching: 50
PnP pairs 2D shape: (5860, 2) 3D shape: (5860, 3)
Multiframe time (ms): 408
Floorplan Pose (x, y, angle): {'xy': array([1059.73616273, 1358.66669835]), 'ang': 61.720194101731714}
Best map key: ('Mahidol_University', 'ICT', '1.1_MixVPR')
Number of candidates after local matching: 49
PnP pairs 2D shape: (7075, 2) 3D shape: (7075, 3)
Multiframe time (ms): 521
Floorplan Pose (x, y, angle): {'xy': array([2031.1604591 , 1247.60302394]), 'ang': 15.649512049700913}
Best map key: ('Mahidol_University', 'ICT', '1.1_MixVPR')
Number of candidates after local matching: 50
PnP pairs 2D shape: (9223, 2) 3D shape: (9223, 3)
Multiframe time (ms): 909
Floorplan Pose (x, y, angle): {'xy': array([2554.40543478, 1819.12988003]), 'ang': 69.30671047835158}
Best map key: ('Mahidol_University', 'ICT', '1.1_MixVPR')
Number of candidates after local matching: 50
PnP pairs 2D shape: (7569, 2) 3D shape: (7569, 3)
Multiframe time (ms): 626
Floorplan Pose (x, y, angle): {'xy': array([1821.19007441, 1333.56626901]), 'ang': 131.00987360183416}
Best map key: ('Mahidol_University', 'ICT', '1.1_MixVPR')
Number of candidates after local matching: 45
PnP pairs 2D shape: (4174, 2) 3D shape: (4174, 3)
Multiframe time (ms): 302
Floorplan Pose (x, y, angle): {'xy': array([1199.06529783, 1341.2820858 ]), 'ang': 181.9017625317572}
Best map key: ('Mahidol_University', 'ICT', '1.1_MixVPR')
Number of candidates after local matching: 46
PnP pairs 2D shape: (3766, 2) 3D shape: (3766, 3)
Multiframe time (ms): 598
Floorplan Pose (x, y, angle): {'xy': array([ 952.88565006, 1349.79344054]), 'ang': 213.9393575998141}
Best map key: ('Mahidol_University', 'ICT', '1.1_MixVPR')
Number of candidates after local matching: 50
PnP pairs 2D shape: (6758, 2) 3D shape: (6758, 3)
Multiframe time (ms): 611
Floorplan Pose (x, y, angle): {'xy': array([2024.80343275,  910.70150528]), 'ang': 122.48543739577903}
Best map key: ('Mahidol_University', 'ICT', '1.1_MixVPR')
Number of candidates after local matching: 25
PnP pairs 2D shape: (1883, 2) 3D shape: (1883, 3)
Multiframe time (ms): 162
Floorplan Pose (x, y, angle): {'xy': array([ 806.7011375 , 1269.89137246]), 'ang': 307.0573993012451}
Best map key: ('Mahidol_University', 'ICT', '1.1_MixVPR')
Number of candidates after local matching: 50
PnP pairs 2D shape: (6720, 2) 3D shape: (6720, 3)
Multiframe time (ms): 387
Floorplan Pose (x, y, angle): {'xy': array([ 881.92063607, 1355.76572296]), 'ang': 92.50909102120954}
Best map key: ('Mahidol_University', 'ICT', '1.1_MixVPR')
Number of candidates after local matching: 50
PnP pairs 2D shape: (9227, 2) 3D shape: (9227, 3)
Multiframe time (ms): 634
Floorplan Pose (x, y, angle): {'xy': array([2043.73530737,  845.22580606]), 'ang': 46.39986316544449}
Best map key: ('Mahidol_University', 'ICT', '1.1_MixVPR')
Number of candidates after local matching: 50
PnP pairs 2D shape: (17175, 2) 3D shape: (17175, 3)
Multiframe time (ms): 1619
Floorplan Pose (x, y, angle): {'xy': array([1482.0802156 , 1602.62062182]), 'ang': 1.197602308919144}
Best map key: ('Mahidol_University', 'ICT', '1.1_MixVPR')
Number of candidates after local matching: 48
PnP pairs 2D shape: (4507, 2) 3D shape: (4507, 3)
Multiframe time (ms): 241
Floorplan Pose (x, y, angle): {'xy': array([2042.75905594,  604.09018653]), 'ang': 9.713147136366732}
Best map key: ('Mahidol_University', 'ICT', '1.1_MixVPR')
Number of candidates after local matching: 46
PnP pairs 2D shape: (5708, 2) 3D shape: (5708, 3)
Multiframe time (ms): 546
Floorplan Pose (x, y, angle): {'xy': array([1406.85668239, 1504.0925619 ]), 'ang': 229.71392235885256}
Best map key: ('Mahidol_University', 'ICT', '1.1_MixVPR')
Number of candidates after local matching: 43
PnP pairs 2D shape: (4276, 2) 3D shape: (4276, 3)
Multiframe time (ms): 449
Floorplan Pose (x, y, angle): {'xy': array([2081.73262429,  737.64002843]), 'ang': 303.49491015547295}
Best map key: ('Mahidol_University', 'ICT', '1.1_MixVPR')
Number of candidates after local matching: 44
PnP pairs 2D shape: (3429, 2) 3D shape: (3429, 3)
Multiframe time (ms): 270
Floorplan Pose (x, y, angle): {'xy': array([2057.30945412,  803.68992083]), 'ang': 319.67843633362895}
Best map key: ('Mahidol_University', 'ICT', '1.1_MixVPR')
Number of candidates after local matching: 38
PnP pairs 2D shape: (3419, 2) 3D shape: (3419, 3)
Multiframe time (ms): 327
Floorplan Pose (x, y, angle): {'xy': array([1322.41956552, 1364.79436944]), 'ang': 145.91595183193223}
Best map key: ('Mahidol_University', 'ICT', '1.1_MixVPR')
Number of candidates after local matching: 50
PnP pairs 2D shape: (7516, 2) 3D shape: (7516, 3)
Multiframe time (ms): 480
Floorplan Pose (x, y, angle): {'xy': array([2083.80743311, 1223.64534647]), 'ang': 324.20403659271597}
Best map key: ('Mahidol_University', 'ICT', '1.1_MixVPR')
Number of candidates after local matching: 50
PnP pairs 2D shape: (7233, 2) 3D shape: (7233, 3)
Multiframe time (ms): 620
Floorplan Pose (x, y, angle): {'xy': array([2078.37169059, 1074.11552708]), 'ang': 201.85252766363556}
Best map key: ('Mahidol_University', 'ICT', '1.1_MixVPR')
Number of candidates after local matching: 50
PnP pairs 2D shape: (7454, 2) 3D shape: (7454, 3)
Multiframe time (ms): 566
Floorplan Pose (x, y, angle): {'xy': array([2080.61340179, 1172.47422333]), 'ang': 266.6777306356337}
Best map key: ('Mahidol_University', 'ICT', '1.1_MixVPR')
Number of candidates after local matching: 50
PnP pairs 2D shape: (7607, 2) 3D shape: (7607, 3)
Multiframe time (ms): 746
Floorplan Pose (x, y, angle): {'xy': array([2094.09079055, 1284.94269502]), 'ang': 203.75603089001297}
Best map key: ('Mahidol_University', 'ICT', '1.1_MixVPR')
Number of candidates after local matching: 50
PnP pairs 2D shape: (5638, 2) 3D shape: (5638, 3)
Multiframe time (ms): 546
Floorplan Pose (x, y, angle): {'xy': array([1544.04668407, 1338.72857656]), 'ang': 173.78131708547195}
Best map key: ('Mahidol_University', 'ICT', '1.1_MixVPR')
Number of candidates after local matching: 50
PnP pairs 2D shape: (8334, 2) 3D shape: (8334, 3)
Multiframe time (ms): 897
Floorplan Pose (x, y, angle): {'xy': array([2187.78670625, 1479.8519114 ]), 'ang': 234.4467808842413}
Best map key: ('Mahidol_University', 'ICT', '1.1_MixVPR')
Number of candidates after local matching: 32
PnP pairs 2D shape: (2377, 2) 3D shape: (2377, 3)
Multiframe time (ms): 202
Floorplan Pose (x, y, angle): {'xy': array([ 803.59099818, 1294.49223345]), 'ang': 87.15539654592321}
Best map key: ('Mahidol_University', 'ICT', '1.1_MixVPR')
Number of candidates after local matching: 50
PnP pairs 2D shape: (10619, 2) 3D shape: (10619, 3)
Multiframe time (ms): 899
Floorplan Pose (x, y, angle): {'xy': array([1830.15707605, 1741.86408876]), 'ang': 53.5714542116512}
Best map key: ('Mahidol_University', 'ICT', '1.1_MixVPR')
Number of candidates after local matching: 50
PnP pairs 2D shape: (10065, 2) 3D shape: (10065, 3)
Multiframe time (ms): 886
Floorplan Pose (x, y, angle): {'xy': array([1883.35177954, 1714.62266952]), 'ang': 109.70327165232655}
Best map key: ('Mahidol_University', 'ICT', '1.1_MixVPR')
Number of candidates after local matching: 33
PnP pairs 2D shape: (2989, 2) 3D shape: (2989, 3)
Multiframe time (ms): 186
Floorplan Pose (x, y, angle): {'xy': array([1341.93785807, 1483.35830207]), 'ang': 150.8713037709269}
Best map key: ('Mahidol_University', 'ICT', '1.1_MixVPR')
Number of candidates after local matching: 50
PnP pairs 2D shape: (4364, 2) 3D shape: (4364, 3)
Multiframe time (ms): 295
Floorplan Pose (x, y, angle): {'xy': array([2028.67250013,  775.35181044]), 'ang': 199.00421619182075}
Best map key: ('Mahidol_University', 'ICT', '1.1_MixVPR')
Number of candidates after local matching: 19
PnP pairs 2D shape: (1897, 2) 3D shape: (1897, 3)
Multiframe time (ms): 167
Floorplan Pose (x, y, angle): {'xy': array([1333.38517795, 1413.14851392]), 'ang': 337.581799271939}
Best map key: ('Mahidol_University', 'ICT', '1.1_MixVPR')
Number of candidates after local matching: 50
PnP pairs 2D shape: (9003, 2) 3D shape: (9003, 3)
Multiframe time (ms): 951
Floorplan Pose (x, y, angle): {'xy': array([2011.83335547, 1102.15652298]), 'ang': 96.72131256479624}
Best map key: ('Mahidol_University', 'ICT', '1.1_MixVPR')
Number of candidates after local matching: 49
PnP pairs 2D shape: (4752, 2) 3D shape: (4752, 3)
Multiframe time (ms): 277
Floorplan Pose (x, y, angle): {'xy': array([1103.82017673, 1343.01456603]), 'ang': 99.40113991790932}
Best map key: ('Mahidol_University', 'ICT', '1.1_MixVPR')
Number of candidates after local matching: 50
PnP pairs 2D shape: (16437, 2) 3D shape: (16437, 3)
Multiframe time (ms): 2225
Floorplan Pose (x, y, angle): {'xy': array([2591.45552932, 1680.03937591]), 'ang': 189.62911095753654}
Best map key: ('Mahidol_University', 'ICT', '1.1_MixVPR')
Number of candidates after local matching: 50
PnP pairs 2D shape: (7369, 2) 3D shape: (7369, 3)
Multiframe time (ms): 649
Floorplan Pose (x, y, angle): {'xy': array([1751.46287712, 1336.06879559]), 'ang': 66.5332531293101}
Best map key: ('Mahidol_University', 'ICT', '1.1_MixVPR')
Number of candidates after local matching: 50
PnP pairs 2D shape: (7299, 2) 3D shape: (7299, 3)
Multiframe time (ms): 525
Floorplan Pose (x, y, angle): {'xy': array([1722.49751464, 1332.16679819]), 'ang': 108.31844535865115}
Best map key: ('Mahidol_University', 'ICT', '1.1_MixVPR')
Number of candidates after local matching: 49
PnP pairs 2D shape: (4625, 2) 3D shape: (4625, 3)
Multiframe time (ms): 257
Floorplan Pose (x, y, angle): {'xy': array([2024.45709172,  883.73602602]), 'ang': 179.6897314210252}
Best map key: ('Mahidol_University', 'ICT', '1.1_MixVPR')
Number of candidates after local matching: 50
PnP pairs 2D shape: (10966, 2) 3D shape: (10966, 3)
Multiframe time (ms): 2506
Floorplan Pose (x, y, angle): {'xy': array([1848.550236 , 1337.3106315]), 'ang': 93.3455490215459}
Best map key: ('Mahidol_University', 'ICT', '1.1_MixVPR')
Number of candidates after local matching: 49
PnP pairs 2D shape: (5851, 2) 3D shape: (5851, 3)
Multiframe time (ms): 450
Floorplan Pose (x, y, angle): {'xy': array([1499.92398904, 1791.41303701]), 'ang': 101.73206702374412}
Best map key: ('Mahidol_University', 'ICT', '1.1_MixVPR')
Number of candidates after local matching: 50
PnP pairs 2D shape: (17739, 2) 3D shape: (17739, 3)
Multiframe time (ms): 1358
Floorplan Pose (x, y, angle): {'xy': array([1500.41048864, 1635.09720035]), 'ang': 23.2314409556567}
Best map key: ('Mahidol_University', 'ICT', '1.1_MixVPR')
Number of candidates after local matching: 6
PnP pairs 2D shape: (393, 2) 3D shape: (393, 3)
Multiframe time (ms): 52
Floorplan Pose (x, y, angle): {'xy': array([ 893.78222756, 1347.83265405]), 'ang': 299.84722724593644}
Best map key: ('Mahidol_University', 'ICT', '1.1_MixVPR')
Number of candidates after local matching: 50
PnP pairs 2D shape: (8413, 2) 3D shape: (8413, 3)
Multiframe time (ms): 869
Floorplan Pose (x, y, angle): {'xy': array([2003.18261981, 1328.82964181]), 'ang': 69.68138002957829}
Best map key: ('Mahidol_University', 'ICT', '1.1_MixVPR')
Number of candidates after local matching: 50
PnP pairs 2D shape: (6502, 2) 3D shape: (6502, 3)
Multiframe time (ms): 594
Floorplan Pose (x, y, angle): {'xy': array([2012.97011468, 1154.02790557]), 'ang': 238.1387075063761}
Best map key: ('Mahidol_University', 'ICT', '1.1_MixVPR')
Number of candidates after local matching: 47
PnP pairs 2D shape: (3852, 2) 3D shape: (3852, 3)
Multiframe time (ms): 273
Floorplan Pose (x, y, angle): {'xy': array([2048.61402167,  703.74274784]), 'ang': 34.47440578082633}
Best map key: ('Mahidol_University', 'ICT', '1.1_MixVPR')
Number of candidates after local matching: 50
PnP pairs 2D shape: (12975, 2) 3D shape: (12975, 3)
Multiframe time (ms): 1616
Floorplan Pose (x, y, angle): {'xy': array([2232.84597233, 1601.86035924]), 'ang': 170.08739037316437}
Best map key: ('Mahidol_University', 'ICT', '1.1_MixVPR')
Number of candidates after local matching: 50
PnP pairs 2D shape: (4995, 2) 3D shape: (4995, 3)
Multiframe time (ms): 462
Floorplan Pose (x, y, angle): {'xy': array([2048.91938894,  639.78806223]), 'ang': 136.67736821898936}
Best map key: ('Mahidol_University', 'ICT', '1.1_MixVPR')
Number of candidates after local matching: 50
PnP pairs 2D shape: (10431, 2) 3D shape: (10431, 3)
Multiframe time (ms): 817
Floorplan Pose (x, y, angle): {'xy': array([2367.68852675, 1729.67510819]), 'ang': 262.6464511696362}
Best map key: ('Mahidol_University', 'ICT', '1.1_MixVPR')
Number of candidates after local matching: 50
PnP pairs 2D shape: (7669, 2) 3D shape: (7669, 3)
Multiframe time (ms): 610
Floorplan Pose (x, y, angle): {'xy': array([2049.20266385, 1697.1887861 ]), 'ang': 45.48013724845178}
Best map key: ('Mahidol_University', 'ICT', '1.1_MixVPR')
Number of candidates after local matching: 14
PnP pairs 2D shape: (1133, 2) 3D shape: (1133, 3)
Multiframe time (ms): 63
Floorplan Pose (x, y, angle): {'xy': array([1668.51630666, 1332.62105375]), 'ang': 288.9191975490396}
Best map key: ('Mahidol_University', 'ICT', '1.1_MixVPR')
Number of candidates after local matching: 50
PnP pairs 2D shape: (10640, 2) 3D shape: (10640, 3)
Multiframe time (ms): 1310
Floorplan Pose (x, y, angle): {'xy': array([2639.36302512, 1697.77317126]), 'ang': 235.62314084444176}
Best map key: ('Mahidol_University', 'ICT', '1.1_MixVPR')
Number of candidates after local matching: 50
PnP pairs 2D shape: (11382, 2) 3D shape: (11382, 3)
Multiframe time (ms): 1068
Floorplan Pose (x, y, angle): {'xy': array([1425.45886751, 1508.88067533]), 'ang': 338.6967876474457}
Best map key: ('Mahidol_University', 'ICT', '1.1_MixVPR')
Number of candidates after local matching: 40
PnP pairs 2D shape: (5072, 2) 3D shape: (5072, 3)
Multiframe time (ms): 386
Floorplan Pose (x, y, angle): {'xy': array([1492.87349757, 1579.72279484]), 'ang': 179.95407290019537}
Best map key: ('Mahidol_University', 'ICT', '1.1_MixVPR')
Number of candidates after local matching: 44
PnP pairs 2D shape: (3504, 2) 3D shape: (3504, 3)
Multiframe time (ms): 338
Floorplan Pose (x, y, angle): {'xy': array([1024.62206052, 1344.07426834]), 'ang': 348.4223705461974}
Best map key: ('Mahidol_University', 'ICT', '1.1_MixVPR')
Number of candidates after local matching: 48
PnP pairs 2D shape: (4385, 2) 3D shape: (4385, 3)
Multiframe time (ms): 380
Floorplan Pose (x, y, angle): {'xy': array([1518.01786724, 1339.36595423]), 'ang': 128.38368616046054}
Best map key: ('Mahidol_University', 'ICT', '1.1_MixVPR')
Number of candidates after local matching: 50
PnP pairs 2D shape: (6957, 2) 3D shape: (6957, 3)
Multiframe time (ms): 596
Floorplan Pose (x, y, angle): {'xy': array([2018.48315847, 1057.61698948]), 'ang': 275.11061043523637}
Best map key: ('Mahidol_University', 'ICT', '1.1_MixVPR')
Number of candidates after local matching: 50
PnP pairs 2D shape: (6636, 2) 3D shape: (6636, 3)
Multiframe time (ms): 574
Floorplan Pose (x, y, angle): {'xy': array([ 772.516834  , 1280.56569548]), 'ang': 290.6460962013341}
Best map key: ('Mahidol_University', 'ICT', '1.1_MixVPR')
Number of candidates after local matching: 5
PnP pairs 2D shape: (274, 2) 3D shape: (274, 3)
Multiframe time (ms): 34
Floorplan Pose (x, y, angle): {'xy': array([ 779.34106836, 1343.10865055]), 'ang': 161.49969370983268}
Best map key: ('Mahidol_University', 'ICT', '1.1_MixVPR')
Number of candidates after local matching: 50
PnP pairs 2D shape: (4425, 2) 3D shape: (4425, 3)
Multiframe time (ms): 447
Floorplan Pose (x, y, angle): {'xy': array([2039.64359538,  629.52850869]), 'ang': 230.51978647811734}
Best map key: ('Mahidol_University', 'ICT', '1.1_MixVPR')
Number of candidates after local matching: 49
PnP pairs 2D shape: (4642, 2) 3D shape: (4642, 3)
Multiframe time (ms): 470
Floorplan Pose (x, y, angle): {'xy': array([2021.2127751 ,  576.33676575]), 'ang': 58.805552031761785}
Best map key: ('Mahidol_University', 'ICT', '1.1_MixVPR')
Number of candidates after local matching: 50
PnP pairs 2D shape: (9864, 2) 3D shape: (9864, 3)
Multiframe time (ms): 1398
Floorplan Pose (x, y, angle): {'xy': array([2436.9339185 , 1784.63223779]), 'ang': 339.26594511830785}
Best map key: ('Mahidol_University', 'ICT', '1.1_MixVPR')
Number of candidates after local matching: 24
PnP pairs 2D shape: (1616, 2) 3D shape: (1616, 3)
Multiframe time (ms): 228
Floorplan Pose (x, y, angle): {'xy': array([ 793.43474898, 1195.92398707]), 'ang': 154.40139843947242}
Best map key: ('Mahidol_University', 'ICT', '1.1_MixVPR')
Number of candidates after local matching: 50
PnP pairs 2D shape: (6536, 2) 3D shape: (6536, 3)
Multiframe time (ms): 1054
Floorplan Pose (x, y, angle): {'xy': array([1976.82264195, 1328.13899764]), 'ang': 262.7093146396992}
Best map key: ('Mahidol_University', 'ICT', '1.1_MixVPR')
Number of candidates after local matching: 50
PnP pairs 2D shape: (14380, 2) 3D shape: (14380, 3)
Multiframe time (ms): 1726
Floorplan Pose (x, y, angle): {'xy': array([2123.4017869, 1434.53086  ]), 'ang': 43.971586423271106}
Best map key: ('Mahidol_University', 'ICT', '1.1_MixVPR')
Number of candidates after local matching: 49
PnP pairs 2D shape: (5486, 2) 3D shape: (5486, 3)
Multiframe time (ms): 483
Floorplan Pose (x, y, angle): {'xy': array([ 778.94162091, 1315.33566276]), 'ang': 246.22814032017263}
Best map key: ('Mahidol_University', 'ICT', '1.1_MixVPR')
Number of candidates after local matching: 50
PnP pairs 2D shape: (7338, 2) 3D shape: (7338, 3)
Multiframe time (ms): 726
Floorplan Pose (x, y, angle): {'xy': array([2446.16595505, 1670.82141643]), 'ang': 69.21438985310856}
Best map key: ('Mahidol_University', 'ICT', '1.1_MixVPR')
Number of candidates after local matching: 50
PnP pairs 2D shape: (7141, 2) 3D shape: (7141, 3)
Multiframe time (ms): 476
Floorplan Pose (x, y, angle): {'xy': array([2017.47027766,  958.07067246]), 'ang': 121.20706298352188}
Best map key: ('Mahidol_University', 'ICT', '1.1_MixVPR')
Number of candidates after local matching: 50
PnP pairs 2D shape: (8935, 2) 3D shape: (8935, 3)
Multiframe time (ms): 620
Floorplan Pose (x, y, angle): {'xy': array([1908.94802342, 1727.35542083]), 'ang': 85.93356914932384}
Best map key: ('Mahidol_University', 'ICT', '1.1_MixVPR')
Number of candidates after local matching: 50
PnP pairs 2D shape: (6710, 2) 3D shape: (6710, 3)
Multiframe time (ms): 605
Floorplan Pose (x, y, angle): {'xy': array([2074.60160669, 1057.79770195]), 'ang': 136.91835745187646}
Best map key: ('Mahidol_University', 'ICT', '1.1_MixVPR')
Number of candidates after local matching: 50
PnP pairs 2D shape: (4254, 2) 3D shape: (4254, 3)
Multiframe time (ms): 317
Floorplan Pose (x, y, angle): {'xy': array([2047.90512235,  704.01255539]), 'ang': 196.41135468185124}
Best map key: ('Mahidol_University', 'ICT', '1.1_MixVPR')
Number of candidates after local matching: 44
PnP pairs 2D shape: (3203, 2) 3D shape: (3203, 3)
Multiframe time (ms): 196
Floorplan Pose (x, y, angle): {'xy': array([2054.28486323,  724.74279953]), 'ang': 359.4129339026696}
Best map key: ('Mahidol_University', 'ICT', '1.1_MixVPR')
Number of candidates after local matching: 50
PnP pairs 2D shape: (6180, 2) 3D shape: (6180, 3)
Multiframe time (ms): 392
Floorplan Pose (x, y, angle): {'xy': array([2111.49558794, 1700.50230298]), 'ang': 71.02756273286235}
Best map key: ('Mahidol_University', 'ICT', '1.1_MixVPR')
Number of candidates after local matching: 25
PnP pairs 2D shape: (1850, 2) 3D shape: (1850, 3)
Multiframe time (ms): 148
Floorplan Pose (x, y, angle): {'xy': array([ 803.08676807, 1183.68077312]), 'ang': 146.10717927510845}
Best map key: ('Mahidol_University', 'ICT', '1.1_MixVPR')
Number of candidates after local matching: 50
PnP pairs 2D shape: (4794, 2) 3D shape: (4794, 3)
Multiframe time (ms): 496
Floorplan Pose (x, y, angle): {'xy': array([2098.22967971,  696.81883824]), 'ang': 210.33140023293672}
Best map key: ('Mahidol_University', 'ICT', '1.1_MixVPR')
Number of candidates after local matching: 50
PnP pairs 2D shape: (14987, 2) 3D shape: (14987, 3)
Multiframe time (ms): 1137
Floorplan Pose (x, y, angle): {'xy': array([1565.59517396, 1863.49866464]), 'ang': 31.986385464683174}
Best map key: ('Mahidol_University', 'ICT', '1.1_MixVPR')
Number of candidates after local matching: 49
PnP pairs 2D shape: (5103, 2) 3D shape: (5103, 3)
Multiframe time (ms): 481
Floorplan Pose (x, y, angle): {'xy': array([1057.37356605, 1353.42753803]), 'ang': 43.074951878773795}
Best map key: ('Mahidol_University', 'ICT', '1.1_MixVPR')
Number of candidates after local matching: 47
PnP pairs 2D shape: (4567, 2) 3D shape: (4567, 3)
Multiframe time (ms): 325
Floorplan Pose (x, y, angle): {'xy': array([2050.87794013,  867.06455262]), 'ang': 269.523315700444}
Best map key: ('Mahidol_University', 'ICT', '1.1_MixVPR')
Number of candidates after local matching: 50
PnP pairs 2D shape: (6713, 2) 3D shape: (6713, 3)
Multiframe time (ms): 521
Floorplan Pose (x, y, angle): {'xy': array([1099.02593563, 1358.38313481]), 'ang': 128.00711293258414}
Best map key: ('Mahidol_University', 'ICT', '1.1_MixVPR')
Number of candidates after local matching: 50
PnP pairs 2D shape: (5529, 2) 3D shape: (5529, 3)
Multiframe time (ms): 529
Floorplan Pose (x, y, angle): {'xy': array([1038.64025696, 1360.91702281]), 'ang': 43.66092275507344}
Best map key: ('Mahidol_University', 'ICT', '1.1_MixVPR')
Number of candidates after local matching: 50
PnP pairs 2D shape: (9773, 2) 3D shape: (9773, 3)
Multiframe time (ms): 686
Floorplan Pose (x, y, angle): {'xy': array([2011.9180546 , 1259.63621232]), 'ang': 119.02848269159848}
Best map key: ('Mahidol_University', 'ICT', '1.1_MixVPR')
Number of candidates after local matching: 50
PnP pairs 2D shape: (7911, 2) 3D shape: (7911, 3)
Multiframe time (ms): 722
Floorplan Pose (x, y, angle): {'xy': array([2051.25552907,  901.20104582]), 'ang': 341.82516862359216}
Best map key: ('Mahidol_University', 'ICT', '1.1_MixVPR')
Number of candidates after local matching: 50
PnP pairs 2D shape: (12231, 2) 3D shape: (12231, 3)
Multiframe time (ms): 1588
Floorplan Pose (x, y, angle): {'xy': array([1780.68445852, 1856.27086343]), 'ang': 174.48592985973525}
Best map key: ('Mahidol_University', 'ICT', '1.1_MixVPR')
Number of candidates after local matching: 50
PnP pairs 2D shape: (9391, 2) 3D shape: (9391, 3)
Multiframe time (ms): 958
Floorplan Pose (x, y, angle): {'xy': array([2011.98563895, 1153.52181523]), 'ang': 95.97836604357009}
Best map key: ('Mahidol_University', 'ICT', '1.1_MixVPR')
Number of candidates after local matching: 49
PnP pairs 2D shape: (4576, 2) 3D shape: (4576, 3)
Multiframe time (ms): 444
Floorplan Pose (x, y, angle): {'xy': array([2045.34149505,  643.53626418]), 'ang': 327.44906218836786}
Best map key: ('Mahidol_University', 'ICT', '1.1_MixVPR')
Number of candidates after local matching: 50
PnP pairs 2D shape: (16681, 2) 3D shape: (16681, 3)
Multiframe time (ms): 1505
Floorplan Pose (x, y, angle): {'xy': array([2616.45742474, 1679.59661117]), 'ang': 177.41185214169283}
Best map key: ('Mahidol_University', 'ICT', '1.1_MixVPR')
Number of candidates after local matching: 50
PnP pairs 2D shape: (5739, 2) 3D shape: (5739, 3)
Multiframe time (ms): 403
Floorplan Pose (x, y, angle): {'xy': array([1793.59945563, 1333.43086087]), 'ang': 350.1903790691445}
Best map key: ('Mahidol_University', 'ICT', '1.1_MixVPR')
Number of candidates after local matching: 50
PnP pairs 2D shape: (5224, 2) 3D shape: (5224, 3)
Multiframe time (ms): 380
Floorplan Pose (x, y, angle): {'xy': array([2056.95101805,  688.22033363]), 'ang': 45.03823713816713}
Best map key: ('Mahidol_University', 'ICT', '1.1_MixVPR')
Number of candidates after local matching: 50
PnP pairs 2D shape: (4898, 2) 3D shape: (4898, 3)
Multiframe time (ms): 597
Floorplan Pose (x, y, angle): {'xy': array([2058.02337907,  774.81147579]), 'ang': 220.11141562360842}
Best map key: ('Mahidol_University', 'ICT', '1.1_MixVPR')
Number of candidates after local matching: 50
PnP pairs 2D shape: (8705, 2) 3D shape: (8705, 3)
Multiframe time (ms): 1778
Floorplan Pose (x, y, angle): {'xy': array([2164.84243059, 1476.72811262]), 'ang': 231.7275271625321}
Best map key: ('Mahidol_University', 'ICT', '1.1_MixVPR')
Number of candidates after local matching: 50
PnP pairs 2D shape: (6905, 2) 3D shape: (6905, 3)
Multiframe time (ms): 501
Floorplan Pose (x, y, angle): {'xy': array([2255.16757447, 1689.04427231]), 'ang': 77.67329645904123}
Best map key: ('Mahidol_University', 'ICT', '1.1_MixVPR')
Number of candidates after local matching: 45
PnP pairs 2D shape: (4208, 2) 3D shape: (4208, 3)
Multiframe time (ms): 617
Floorplan Pose (x, y, angle): {'xy': array([1571.10684187, 1339.40862611]), 'ang': 355.4296563117991}
Best map key: ('Mahidol_University', 'ICT', '1.1_MixVPR')
Number of candidates after local matching: 50
PnP pairs 2D shape: (13419, 2) 3D shape: (13419, 3)
Multiframe time (ms): 1150
Floorplan Pose (x, y, angle): {'xy': array([2232.97699056, 1652.2217377 ]), 'ang': 186.95925879422418}
Best map key: ('Mahidol_University', 'ICT', '1.1_MixVPR')
Number of candidates after local matching: 44
PnP pairs 2D shape: (4719, 2) 3D shape: (4719, 3)
Multiframe time (ms): 409
Floorplan Pose (x, y, angle): {'xy': array([2083.09055568,  715.29816306]), 'ang': 296.65068649676607}
Best map key: ('Mahidol_University', 'ICT', '1.1_MixVPR')
Number of candidates after local matching: 29
PnP pairs 2D shape: (2328, 2) 3D shape: (2328, 3)
Multiframe time (ms): 137
Floorplan Pose (x, y, angle): {'xy': array([1330.79341596, 1386.57578983]), 'ang': 167.68035909378122}
Best map key: ('Mahidol_University', 'ICT', '1.1_MixVPR')
Number of candidates after local matching: 50
PnP pairs 2D shape: (5445, 2) 3D shape: (5445, 3)
Multiframe time (ms): 301
Floorplan Pose (x, y, angle): {'xy': array([2082.21551179,  691.05062614]), 'ang': 124.68271090340899}
Best map key: ('Mahidol_University', 'ICT', '1.1_MixVPR')
Number of candidates after local matching: 50
PnP pairs 2D shape: (16569, 2) 3D shape: (16569, 3)
Multiframe time (ms): 1730
Floorplan Pose (x, y, angle): {'xy': array([1715.34584297, 1872.57690569]), 'ang': 331.4209120546122}
Best map key: ('Mahidol_University', 'ICT', '1.1_MixVPR')
Number of candidates after local matching: 50
PnP pairs 2D shape: (7626, 2) 3D shape: (7626, 3)
Multiframe time (ms): 830
Floorplan Pose (x, y, angle): {'xy': array([1616.98086275, 1866.31892049]), 'ang': 173.84454832937405}
Best map key: ('Mahidol_University', 'ICT', '1.1_MixVPR')
Number of candidates after local matching: 50
PnP pairs 2D shape: (7173, 2) 3D shape: (7173, 3)
Multiframe time (ms): 665
Floorplan Pose (x, y, angle): {'xy': array([2490.6353205 , 1803.59542867]), 'ang': 36.994763019301054}
Best map key: ('Mahidol_University', 'ICT', '1.1_MixVPR')
Number of candidates after local matching: 49
PnP pairs 2D shape: (5370, 2) 3D shape: (5370, 3)
Multiframe time (ms): 353
Floorplan Pose (x, y, angle): {'xy': array([2085.21487828,  731.4353987 ]), 'ang': 49.80611501631134}
Best map key: ('Mahidol_University', 'ICT', '1.1_MixVPR')
Number of candidates after local matching: 49
PnP pairs 2D shape: (4794, 2) 3D shape: (4794, 3)
Multiframe time (ms): 390
Floorplan Pose (x, y, angle): {'xy': array([1133.58758141, 1352.86192246]), 'ang': 148.5942384344839}
Best map key: ('Mahidol_University', 'ICT', '1.1_MixVPR')
Number of candidates after local matching: 50
PnP pairs 2D shape: (9902, 2) 3D shape: (9902, 3)
Multiframe time (ms): 1143
Floorplan Pose (x, y, angle): {'xy': array([1502.4473982 , 1651.36239312]), 'ang': 299.2654456812874}
Best map key: ('Mahidol_University', 'ICT', '1.1_MixVPR')
Number of candidates after local matching: 50
PnP pairs 2D shape: (11335, 2) 3D shape: (11335, 3)
Multiframe time (ms): 1139
Floorplan Pose (x, y, angle): {'xy': array([2527.90754159, 1808.93348092]), 'ang': 153.49055264138278}
Best map key: ('Mahidol_University', 'ICT', '1.1_MixVPR')
Number of candidates after local matching: 50
PnP pairs 2D shape: (8993, 2) 3D shape: (8993, 3)
Multiframe time (ms): 718
Floorplan Pose (x, y, angle): {'xy': array([2257.0174462 , 1688.91675044]), 'ang': 135.52098359013704}
Best map key: ('Mahidol_University', 'ICT', '1.1_MixVPR')
Number of candidates after local matching: 50
PnP pairs 2D shape: (7851, 2) 3D shape: (7851, 3)
Multiframe time (ms): 899
Floorplan Pose (x, y, angle): {'xy': array([2018.07673424,  984.22102675]), 'ang': 120.11245508736955}
Best map key: ('Mahidol_University', 'ICT', '1.1_MixVPR')
Number of candidates after local matching: 50
PnP pairs 2D shape: (8539, 2) 3D shape: (8539, 3)
Multiframe time (ms): 582
Floorplan Pose (x, y, angle): {'xy': array([2016.17353696, 1007.91078615]), 'ang': 21.618044127072423}
Best map key: ('Mahidol_University', 'ICT', '1.1_MixVPR')
Number of candidates after local matching: 50
PnP pairs 2D shape: (7401, 2) 3D shape: (7401, 3)
Multiframe time (ms): 550
Floorplan Pose (x, y, angle): {'xy': array([2076.45680473, 1001.20317544]), 'ang': 23.108361204242787}
Best map key: ('Mahidol_University', 'ICT', '1.1_MixVPR')
Number of candidates after local matching: 50
PnP pairs 2D shape: (10132, 2) 3D shape: (10132, 3)
Multiframe time (ms): 865
Floorplan Pose (x, y, angle): {'xy': array([2035.82676365,  901.68008143]), 'ang': 39.95124780098698}
Best map key: ('Mahidol_University', 'ICT', '1.1_MixVPR')
Number of candidates after local matching: 28
PnP pairs 2D shape: (2901, 2) 3D shape: (2901, 3)
Multiframe time (ms): 145
Floorplan Pose (x, y, angle): {'xy': array([1725.01081776, 1334.70947009]), 'ang': 265.93407567046734}
Best map key: ('Mahidol_University', 'ICT', '1.1_MixVPR')
Number of candidates after local matching: 50
PnP pairs 2D shape: (10172, 2) 3D shape: (10172, 3)
Multiframe time (ms): 813
Floorplan Pose (x, y, angle): {'xy': array([2639.09390118, 1774.1009606 ]), 'ang': 244.4477695872798}
Best map key: ('Mahidol_University', 'ICT', '1.1_MixVPR')
Number of candidates after local matching: 50
PnP pairs 2D shape: (4614, 2) 3D shape: (4614, 3)
Multiframe time (ms): 303
Floorplan Pose (x, y, angle): {'xy': array([2040.67349385,  604.95682634]), 'ang': 29.215076619412404}
Best map key: ('Mahidol_University', 'ICT', '1.1_MixVPR')
Number of candidates after local matching: 50
PnP pairs 2D shape: (12736, 2) 3D shape: (12736, 3)
Multiframe time (ms): 1368
Floorplan Pose (x, y, angle): {'xy': array([1404.7965647 , 1497.93797845]), 'ang': 68.29286761743315}
Best map key: ('Mahidol_University', 'ICT', '1.1_MixVPR')
Number of candidates after local matching: 50
PnP pairs 2D shape: (5414, 2) 3D shape: (5414, 3)
Multiframe time (ms): 584
Floorplan Pose (x, y, angle): {'xy': array([1515.93484617, 1339.19599212]), 'ang': 172.97017421824071}
Best map key: ('Mahidol_University', 'ICT', '1.1_MixVPR')
Number of candidates after local matching: 50
PnP pairs 2D shape: (9220, 2) 3D shape: (9220, 3)
Multiframe time (ms): 973
Floorplan Pose (x, y, angle): {'xy': array([1697.37313198, 1869.57631767]), 'ang': 171.25814193885165}
Best map key: ('Mahidol_University', 'ICT', '1.1_MixVPR')
Number of candidates after local matching: 35
PnP pairs 2D shape: (2801, 2) 3D shape: (2801, 3)
Multiframe time (ms): 211
Floorplan Pose (x, y, angle): {'xy': array([1275.74032962, 1345.26876016]), 'ang': 205.24785436491848}
Best map key: ('Mahidol_University', 'ICT', '1.1_MixVPR')
Number of candidates after local matching: 50
PnP pairs 2D shape: (5225, 2) 3D shape: (5225, 3)
Multiframe time (ms): 518
Floorplan Pose (x, y, angle): {'xy': array([2023.01624306,  766.30602801]), 'ang': 233.8268431944016}
Best map key: ('Mahidol_University', 'ICT', '1.1_MixVPR')
Number of candidates after local matching: 49
PnP pairs 2D shape: (4406, 2) 3D shape: (4406, 3)
Multiframe time (ms): 347
Floorplan Pose (x, y, angle): {'xy': array([2009.37568135, 1132.39839225]), 'ang': 182.16661492104666}
Best map key: ('Mahidol_University', 'ICT', '1.1_MixVPR')
Number of candidates after local matching: 50
PnP pairs 2D shape: (15493, 2) 3D shape: (15493, 3)
Multiframe time (ms): 1254
Floorplan Pose (x, y, angle): {'xy': array([1883.3047324 , 1728.58614442]), 'ang': 183.47095375966848}
Best map key: ('Mahidol_University', 'ICT', '1.1_MixVPR')
Number of candidates after local matching: 46
PnP pairs 2D shape: (4985, 2) 3D shape: (4985, 3)
Multiframe time (ms): 483
Floorplan Pose (x, y, angle): {'xy': array([ 801.4803577 , 1312.91753713]), 'ang': 14.821497400647232}
Best map key: None
Number of candidates after local matching: 0
PnP pairs 2D shape: (0, 2) 3D shape: (0, 3)
Multiframe time (ms): 0
Not enough 2D-3D correspondences for pose estimation.
Best map key: ('Mahidol_University', 'ICT', '1.1_MixVPR')
Number of candidates after local matching: 42
PnP pairs 2D shape: (2867, 2) 3D shape: (2867, 3)
Multiframe time (ms): 264
Floorplan Pose (x, y, angle): {'xy': array([ 777.77000568, 1247.77002994]), 'ang': 100.65971819002158}
Best map key: None
Number of candidates after local matching: 0
PnP pairs 2D shape: (0, 2) 3D shape: (0, 3)
Multiframe time (ms): 0
Not enough 2D-3D correspondences for pose estimation.
Best map key: ('Mahidol_University', 'ICT', '1.1_MixVPR')
Number of candidates after local matching: 50
PnP pairs 2D shape: (5920, 2) 3D shape: (5920, 3)
Multiframe time (ms): 323
Floorplan Pose (x, y, angle): {'xy': array([2070.16723339, 1055.5185093 ]), 'ang': 162.75325520651236}
Best map key: ('Mahidol_University', 'ICT', '1.1_MixVPR')
Number of candidates after local matching: 50
PnP pairs 2D shape: (7080, 2) 3D shape: (7080, 3)
Multiframe time (ms): 761
Floorplan Pose (x, y, angle): {'xy': array([2255.07140367, 1661.84507717]), 'ang': 85.51594747594427}
Best map key: ('Mahidol_University', 'ICT', '1.1_MixVPR')
Number of candidates after local matching: 50
PnP pairs 2D shape: (6589, 2) 3D shape: (6589, 3)
Multiframe time (ms): 962
Floorplan Pose (x, y, angle): {'xy': array([2094.01521096, 1247.7066728 ]), 'ang': 188.62683432080794}
Best map key: ('Mahidol_University', 'ICT', '1.1_MixVPR')
Number of candidates after local matching: 50
PnP pairs 2D shape: (8680, 2) 3D shape: (8680, 3)
Multiframe time (ms): 815
Floorplan Pose (x, y, angle): {'xy': array([2134.13867961, 1432.52203294]), 'ang': 226.71035648820754}
Best map key: ('Mahidol_University', 'ICT', '1.1_MixVPR')
Number of candidates after local matching: 50
PnP pairs 2D shape: (5960, 2) 3D shape: (5960, 3)
Multiframe time (ms): 617
Floorplan Pose (x, y, angle): {'xy': array([2064.0125672 ,  646.00216701]), 'ang': 176.0913744967144}
Best map key: ('Mahidol_University', 'ICT', '1.1_MixVPR')
Number of candidates after local matching: 47
PnP pairs 2D shape: (4263, 2) 3D shape: (4263, 3)
Multiframe time (ms): 370
Floorplan Pose (x, y, angle): {'xy': array([ 777.93933055, 1222.34094098]), 'ang': 56.296287090172655}
Best map key: ('Mahidol_University', 'ICT', '1.1_MixVPR')
Number of candidates after local matching: 50
PnP pairs 2D shape: (12755, 2) 3D shape: (12755, 3)
Multiframe time (ms): 1265
Floorplan Pose (x, y, angle): {'xy': array([2177.00927295, 1536.2726561 ]), 'ang': 163.17935017126993}
Best map key: ('Mahidol_University', 'ICT', '1.1_MixVPR')
Number of candidates after local matching: 50
PnP pairs 2D shape: (8900, 2) 3D shape: (8900, 3)
Multiframe time (ms): 703
Floorplan Pose (x, y, angle): {'xy': array([2018.19326377,  956.43273232]), 'ang': 99.64192564568688}
Best map key: ('Mahidol_University', 'ICT', '1.1_MixVPR')
Number of candidates after local matching: 50
PnP pairs 2D shape: (8433, 2) 3D shape: (8433, 3)
Multiframe time (ms): 766
Floorplan Pose (x, y, angle): {'xy': array([1770.52195435, 1333.0227144 ]), 'ang': 14.458470284159308}
Best map key: ('Mahidol_University', 'ICT', '1.1_MixVPR')
Number of candidates after local matching: 50
PnP pairs 2D shape: (13768, 2) 3D shape: (13768, 3)
Multiframe time (ms): 1210
Floorplan Pose (x, y, angle): {'xy': array([1852.65341258, 1730.57587545]), 'ang': 324.74313444757144}
Best map key: ('Mahidol_University', 'ICT', '1.1_MixVPR')
Number of candidates after local matching: 50
PnP pairs 2D shape: (8388, 2) 3D shape: (8388, 3)
Multiframe time (ms): 746
Floorplan Pose (x, y, angle): {'xy': array([1777.87060245, 1336.80119752]), 'ang': 12.51308582216793}
Best map key: ('Mahidol_University', 'ICT', '1.1_MixVPR')
Number of candidates after local matching: 48
PnP pairs 2D shape: (4271, 2) 3D shape: (4271, 3)
Multiframe time (ms): 345
Floorplan Pose (x, y, angle): {'xy': array([ 901.66681391, 1356.63270216]), 'ang': 192.02802168366176}
Best map key: ('Mahidol_University', 'ICT', '1.1_MixVPR')
Number of candidates after local matching: 1
PnP pairs 2D shape: (54, 2) 3D shape: (54, 3)
Multiframe time (ms): 12
Floorplan Pose (x, y, angle): {'xy': array([1901.51783498, 1335.29193006]), 'ang': 248.2445608075712}
Best map key: ('Mahidol_University', 'ICT', '1.1_MixVPR')
Number of candidates after local matching: 50
PnP pairs 2D shape: (9112, 2) 3D shape: (9112, 3)
Multiframe time (ms): 851
Floorplan Pose (x, y, angle): {'xy': array([1304.00743887, 1354.5622702 ]), 'ang': 33.48026960064199}
Best map key: ('Mahidol_University', 'ICT', '1.1_MixVPR')
Number of candidates after local matching: 50
PnP pairs 2D shape: (14780, 2) 3D shape: (14780, 3)
Multiframe time (ms): 1661
Floorplan Pose (x, y, angle): {'xy': array([2635.41829966, 1704.14455457]), 'ang': 167.68828036402007}
Best map key: ('Mahidol_University', 'ICT', '1.1_MixVPR')
Number of candidates after local matching: 50
PnP pairs 2D shape: (11820, 2) 3D shape: (11820, 3)
Multiframe time (ms): 1395
Floorplan Pose (x, y, angle): {'xy': array([1746.53438389, 1881.21961754]), 'ang': 288.06403528418275}
Best map key: ('Mahidol_University', 'ICT', '1.1_MixVPR')
Number of candidates after local matching: 47
PnP pairs 2D shape: (4520, 2) 3D shape: (4520, 3)
Multiframe time (ms): 512
Floorplan Pose (x, y, angle): {'xy': array([ 786.97373346, 1344.7109145 ]), 'ang': 4.885481162955251}
Best map key: ('Mahidol_University', 'ICT', '1.1_MixVPR')
Number of candidates after local matching: 50
PnP pairs 2D shape: (9844, 2) 3D shape: (9844, 3)
Multiframe time (ms): 896
Floorplan Pose (x, y, angle): {'xy': array([2345.1970455 , 1715.92119966]), 'ang': 307.53795214642474}
Best map key: ('Mahidol_University', 'ICT', '1.1_MixVPR')
Number of candidates after local matching: 50
PnP pairs 2D shape: (10079, 2) 3D shape: (10079, 3)
Multiframe time (ms): 1074
Floorplan Pose (x, y, angle): {'xy': array([2155.83286312, 1490.09749554]), 'ang': 6.0215302165123}
Best map key: ('Mahidol_University', 'ICT', '1.1_MixVPR')
Number of candidates after local matching: 50
PnP pairs 2D shape: (14115, 2) 3D shape: (14115, 3)
Multiframe time (ms): 1560
Floorplan Pose (x, y, angle): {'xy': array([2169.83870497, 1480.28872468]), 'ang': 154.2813090292328}
Best map key: ('Mahidol_University', 'ICT', '1.1_MixVPR')
Number of candidates after local matching: 50
PnP pairs 2D shape: (7226, 2) 3D shape: (7226, 3)
Multiframe time (ms): 631
Floorplan Pose (x, y, angle): {'xy': array([2075.03781064, 1095.77805846]), 'ang': 222.48387753758277}
Best map key: ('Mahidol_University', 'ICT', '1.1_MixVPR')
Number of candidates after local matching: 50
PnP pairs 2D shape: (16314, 2) 3D shape: (16314, 3)
Multiframe time (ms): 2375
Floorplan Pose (x, y, angle): {'xy': array([1759.77184729, 1869.07022351]), 'ang': 340.5634513988915}
Best map key: ('Mahidol_University', 'ICT', '1.1_MixVPR')
Number of candidates after local matching: 50
PnP pairs 2D shape: (7087, 2) 3D shape: (7087, 3)
Multiframe time (ms): 589
Floorplan Pose (x, y, angle): {'xy': array([2025.17389978, 1224.7141822 ]), 'ang': 232.2755684509758}
Best map key: ('Mahidol_University', 'ICT', '1.1_MixVPR')
Number of candidates after local matching: 50
PnP pairs 2D shape: (7827, 2) 3D shape: (7827, 3)
Multiframe time (ms): 411
Floorplan Pose (x, y, angle): {'xy': array([2022.38697096, 1010.45274049]), 'ang': 0.41485032718811093}
Best map key: ('Mahidol_University', 'ICT', '1.1_MixVPR')
Number of candidates after local matching: 34
PnP pairs 2D shape: (2190, 2) 3D shape: (2190, 3)
Multiframe time (ms): 161
Floorplan Pose (x, y, angle): {'xy': array([ 868.17553643, 1349.88681576]), 'ang': 227.722359354532}
Best map key: ('Mahidol_University', 'ICT', '1.1_MixVPR')
Number of candidates after local matching: 50
PnP pairs 2D shape: (5371, 2) 3D shape: (5371, 3)
Multiframe time (ms): 501
Floorplan Pose (x, y, angle): {'xy': array([2017.72311072, 1033.23960861]), 'ang': 220.6563127004922}
Best map key: ('Mahidol_University', 'ICT', '1.1_MixVPR')
Number of candidates after local matching: 48
PnP pairs 2D shape: (4803, 2) 3D shape: (4803, 3)
Multiframe time (ms): 441
Floorplan Pose (x, y, angle): {'xy': array([1213.69560989, 1344.96184066]), 'ang': 172.59938294644653}
Best map key: ('Mahidol_University', 'ICT', '1.1_MixVPR')
Number of candidates after local matching: 50
PnP pairs 2D shape: (5431, 2) 3D shape: (5431, 3)
Multiframe time (ms): 501
Floorplan Pose (x, y, angle): {'xy': array([1555.82096128, 1333.0776398 ]), 'ang': 155.40771143870572}
Best map key: ('Mahidol_University', 'ICT', '1.1_MixVPR')
Number of candidates after local matching: 50
PnP pairs 2D shape: (9370, 2) 3D shape: (9370, 3)
Multiframe time (ms): 866
Floorplan Pose (x, y, angle): {'xy': array([1499.41757533, 1710.33575222]), 'ang': 278.789116257301}
Best map key: ('Mahidol_University', 'ICT', '1.1_MixVPR')
Number of candidates after local matching: 50
PnP pairs 2D shape: (12895, 2) 3D shape: (12895, 3)
Multiframe time (ms): 1049
Floorplan Pose (x, y, angle): {'xy': array([2529.74863103, 1817.75180885]), 'ang': 227.56816914555867}
Best map key: ('Mahidol_University', 'ICT', '1.1_MixVPR')
Number of candidates after local matching: 50
PnP pairs 2D shape: (6892, 2) 3D shape: (6892, 3)
Multiframe time (ms): 635
Floorplan Pose (x, y, angle): {'xy': array([2166.573581  , 1467.05475149]), 'ang': 268.61895289200993}
Best map key: ('Mahidol_University', 'ICT', '1.1_MixVPR')
Number of candidates after local matching: 50
PnP pairs 2D shape: (14182, 2) 3D shape: (14182, 3)
Multiframe time (ms): 1463
Floorplan Pose (x, y, angle): {'xy': array([1803.8512949 , 1782.38434845]), 'ang': 352.1012825057926}
Best map key: ('Mahidol_University', 'ICT', '1.1_MixVPR')
Number of candidates after local matching: 50
PnP pairs 2D shape: (17056, 2) 3D shape: (17056, 3)
Multiframe time (ms): 1311
Floorplan Pose (x, y, angle): {'xy': array([1378.99224243, 1497.81064936]), 'ang': 39.257012556815454}
Best map key: ('Mahidol_University', 'ICT', '1.1_MixVPR')
Number of candidates after local matching: 50
PnP pairs 2D shape: (5887, 2) 3D shape: (5887, 3)
Multiframe time (ms): 416
Floorplan Pose (x, y, angle): {'xy': array([2087.93905529, 1117.48062472]), 'ang': 195.4395416416096}
Best map key: ('Mahidol_University', 'ICT', '1.1_MixVPR')
Number of candidates after local matching: 48
PnP pairs 2D shape: (5068, 2) 3D shape: (5068, 3)
Multiframe time (ms): 438
Floorplan Pose (x, y, angle): {'xy': array([2072.5842535 ,  645.85783845]), 'ang': 269.6756693768385}
Best map key: None
Number of candidates after local matching: 0
PnP pairs 2D shape: (0, 2) 3D shape: (0, 3)
Multiframe time (ms): 0
Not enough 2D-3D correspondences for pose estimation.
Best map key: ('Mahidol_University', 'ICT', '1.1_MixVPR')
Number of candidates after local matching: 50
PnP pairs 2D shape: (5681, 2) 3D shape: (5681, 3)
Multiframe time (ms): 506
Floorplan Pose (x, y, angle): {'xy': array([2083.22298875,  692.42522911]), 'ang': 62.8697031430288}
Best map key: ('Mahidol_University', 'ICT', '1.1_MixVPR')
Number of candidates after local matching: 48
PnP pairs 2D shape: (7611, 2) 3D shape: (7611, 3)
Multiframe time (ms): 532
Floorplan Pose (x, y, angle): {'xy': array([2091.35335673, 1249.94724568]), 'ang': 168.15793328607595}
Best map key: ('Mahidol_University', 'ICT', '1.1_MixVPR')
Number of candidates after local matching: 49
PnP pairs 2D shape: (5437, 2) 3D shape: (5437, 3)
Multiframe time (ms): 417
Floorplan Pose (x, y, angle): {'xy': array([2051.98060999,  833.85316177]), 'ang': 190.7778259953166}
Best map key: ('Mahidol_University', 'ICT', '1.1_MixVPR')
Number of candidates after local matching: 50
PnP pairs 2D shape: (10680, 2) 3D shape: (10680, 3)
Multiframe time (ms): 858
Floorplan Pose (x, y, angle): {'xy': array([1938.09039339, 1714.6789117 ]), 'ang': 248.99699465766253}
Best map key: ('Mahidol_University', 'ICT', '1.1_MixVPR')
Number of candidates after local matching: 50
PnP pairs 2D shape: (8364, 2) 3D shape: (8364, 3)
Multiframe time (ms): 604
Floorplan Pose (x, y, angle): {'xy': array([2071.38868575,  950.76385541]), 'ang': 122.16651946414942}
Best map key: ('Mahidol_University', 'ICT', '1.1_MixVPR')
Number of candidates after local matching: 50
PnP pairs 2D shape: (4376, 2) 3D shape: (4376, 3)
Multiframe time (ms): 321
Floorplan Pose (x, y, angle): {'xy': array([2068.12149486,  706.88829033]), 'ang': 181.35960562432794}
Best map key: ('Mahidol_University', 'ICT', '1.1_MixVPR')
Number of candidates after local matching: 50
PnP pairs 2D shape: (7687, 2) 3D shape: (7687, 3)
Multiframe time (ms): 658
Floorplan Pose (x, y, angle): {'xy': array([1752.6434715 , 1336.75389973]), 'ang': 22.844738103982273}
Best map key: ('Mahidol_University', 'ICT', '1.1_MixVPR')
Number of candidates after local matching: 43
PnP pairs 2D shape: (3472, 2) 3D shape: (3472, 3)
Multiframe time (ms): 250
Floorplan Pose (x, y, angle): {'xy': array([2059.08677084,  775.18549241]), 'ang': 317.6695832165319}
Best map key: ('Mahidol_University', 'ICT', '1.1_MixVPR')
Number of candidates after local matching: 49
PnP pairs 2D shape: (4908, 2) 3D shape: (4908, 3)
Multiframe time (ms): 444
Floorplan Pose (x, y, angle): {'xy': array([ 762.59290873, 1195.59903357]), 'ang': 292.25857495622506}
Best map key: None
Number of candidates after local matching: 0
PnP pairs 2D shape: (0, 2) 3D shape: (0, 3)
Multiframe time (ms): 0
Not enough 2D-3D correspondences for pose estimation.
Best map key: ('Mahidol_University', 'ICT', '1.1_MixVPR')
Number of candidates after local matching: 22
PnP pairs 2D shape: (2257, 2) 3D shape: (2257, 3)
Multiframe time (ms): 133
Floorplan Pose (x, y, angle): {'xy': array([1331.5173975, 1387.5079062]), 'ang': 256.1063362532258}
Best map key: ('Mahidol_University', 'ICT', '1.1_MixVPR')
Number of candidates after local matching: 44
PnP pairs 2D shape: (4255, 2) 3D shape: (4255, 3)
Multiframe time (ms): 328
Floorplan Pose (x, y, angle): {'xy': array([1103.35931927, 1341.06976354]), 'ang': 41.59969107209607}
Best map key: ('Mahidol_University', 'ICT', '1.1_MixVPR')
Number of candidates after local matching: 50
PnP pairs 2D shape: (12124, 2) 3D shape: (12124, 3)
Multiframe time (ms): 1047
Floorplan Pose (x, y, angle): {'xy': array([2112.24583915, 1417.27516583]), 'ang': 37.590213313875786}
Best map key: ('Mahidol_University', 'ICT', '1.1_MixVPR')
Number of candidates after local matching: 50
PnP pairs 2D shape: (10199, 2) 3D shape: (10199, 3)
Multiframe time (ms): 718
Floorplan Pose (x, y, angle): {'xy': array([2018.34311043,  991.28976765]), 'ang': 76.87551656286593}
Best map key: ('Mahidol_University', 'ICT', '1.1_MixVPR')
Number of candidates after local matching: 46
PnP pairs 2D shape: (4700, 2) 3D shape: (4700, 3)
Multiframe time (ms): 327
Floorplan Pose (x, y, angle): {'xy': array([1362.34312062, 1337.70346793]), 'ang': 353.06440800295974}
Best map key: ('Mahidol_University', 'ICT', '1.1_MixVPR')
Number of candidates after local matching: 46
PnP pairs 2D shape: (6096, 2) 3D shape: (6096, 3)
Multiframe time (ms): 368
Floorplan Pose (x, y, angle): {'xy': array([2079.16580656, 1147.29562289]), 'ang': 5.5863402343464905}
Best map key: ('Mahidol_University', 'ICT', '1.1_MixVPR')
Number of candidates after local matching: 48
PnP pairs 2D shape: (5404, 2) 3D shape: (5404, 3)
Multiframe time (ms): 627
Floorplan Pose (x, y, angle): {'xy': array([1024.86332369, 1344.72196138]), 'ang': 164.89277021016764}
Best map key: ('Mahidol_University', 'ICT', '1.1_MixVPR')
Number of candidates after local matching: 49
PnP pairs 2D shape: (5448, 2) 3D shape: (5448, 3)
Multiframe time (ms): 569
Floorplan Pose (x, y, angle): {'xy': array([ 802.60816172, 1293.27919502]), 'ang': 230.52124410891585}
Best map key: ('Mahidol_University', 'ICT', '1.1_MixVPR')
Number of candidates after local matching: 42
PnP pairs 2D shape: (3212, 2) 3D shape: (3212, 3)
Multiframe time (ms): 290
Floorplan Pose (x, y, angle): {'xy': array([ 854.47910696, 1357.2680707 ]), 'ang': 168.3613409521121}
Best map key: ('Mahidol_University', 'ICT', '1.1_MixVPR')
Number of candidates after local matching: 29
PnP pairs 2D shape: (2374, 2) 3D shape: (2374, 3)
Multiframe time (ms): 195
Floorplan Pose (x, y, angle): {'xy': array([ 795.24499892, 1192.68162628]), 'ang': 313.61462697467766}
Best map key: ('Mahidol_University', 'ICT', '1.1_MixVPR')
Number of candidates after local matching: 10
PnP pairs 2D shape: (728, 2) 3D shape: (728, 3)
Multiframe time (ms): 59
Floorplan Pose (x, y, angle): {'xy': array([ 926.94294357, 1353.81326373]), 'ang': 248.30251173271623}
Best map key: ('Mahidol_University', 'ICT', '1.1_MixVPR')
Number of candidates after local matching: 50
PnP pairs 2D shape: (6991, 2) 3D shape: (6991, 3)
Multiframe time (ms): 489
Floorplan Pose (x, y, angle): {'xy': array([2078.83859021, 1054.89435304]), 'ang': 278.54833464483994}
Best map key: ('Mahidol_University', 'ICT', '1.1_MixVPR')
Number of candidates after local matching: 28
PnP pairs 2D shape: (2040, 2) 3D shape: (2040, 3)
Multiframe time (ms): 92
Floorplan Pose (x, y, angle): {'xy': array([1208.42397475, 1351.61593776]), 'ang': 309.9981392763706}
Best map key: ('Mahidol_University', 'ICT', '1.1_MixVPR')
Number of candidates after local matching: 50
PnP pairs 2D shape: (7042, 2) 3D shape: (7042, 3)
Multiframe time (ms): 501
Floorplan Pose (x, y, angle): {'xy': array([1724.08837626, 1335.19774038]), 'ang': 129.53800930154637}
Best map key: ('Mahidol_University', 'ICT', '1.1_MixVPR')
Number of candidates after local matching: 50
PnP pairs 2D shape: (13025, 2) 3D shape: (13025, 3)
Multiframe time (ms): 1158
Floorplan Pose (x, y, angle): {'xy': array([2105.81408197, 1399.00354309]), 'ang': 125.78514074397401}
Best map key: ('Mahidol_University', 'ICT', '1.1_MixVPR')
Number of candidates after local matching: 50
PnP pairs 2D shape: (5958, 2) 3D shape: (5958, 3)
Multiframe time (ms): 564
Floorplan Pose (x, y, angle): {'xy': array([1023.93407099, 1343.43236512]), 'ang': 68.07334585052358}
Best map key: ('Mahidol_University', 'ICT', '1.1_MixVPR')
Number of candidates after local matching: 45
PnP pairs 2D shape: (4312, 2) 3D shape: (4312, 3)
Multiframe time (ms): 329
Floorplan Pose (x, y, angle): {'xy': array([2091.81690041,  711.70933428]), 'ang': 36.53082641347847}
Best map key: ('Mahidol_University', 'ICT', '1.1_MixVPR')
Number of candidates after local matching: 33
PnP pairs 2D shape: (3832, 2) 3D shape: (3832, 3)
Multiframe time (ms): 202
Floorplan Pose (x, y, angle): {'xy': array([1336.71750092, 1437.3580174 ]), 'ang': 262.3696781704632}
Best map key: ('Mahidol_University', 'ICT', '1.1_MixVPR')
Number of candidates after local matching: 2
PnP pairs 2D shape: (121, 2) 3D shape: (121, 3)
Multiframe time (ms): 19
Floorplan Pose (x, y, angle): {'xy': array([1102.31789283, 1343.25171717]), 'ang': 311.0300874156064}
Best map key: ('Mahidol_University', 'ICT', '1.1_MixVPR')
Number of candidates after local matching: 43
PnP pairs 2D shape: (3124, 2) 3D shape: (3124, 3)
Multiframe time (ms): 229
Floorplan Pose (x, y, angle): {'xy': array([1132.68870898, 1354.07923578]), 'ang': 87.13657489873002}
Best map key: ('Mahidol_University', 'ICT', '1.1_MixVPR')
Number of candidates after local matching: 50
PnP pairs 2D shape: (7598, 2) 3D shape: (7598, 3)
Multiframe time (ms): 416
Floorplan Pose (x, y, angle): {'xy': array([2038.72336365,  922.80365252]), 'ang': 338.09712933493665}
Best map key: ('Mahidol_University', 'ICT', '1.1_MixVPR')
Number of candidates after local matching: 30
PnP pairs 2D shape: (2154, 2) 3D shape: (2154, 3)
Multiframe time (ms): 220
Floorplan Pose (x, y, angle): {'xy': array([ 790.44495739, 1175.54716908]), 'ang': 139.92084144833322}
Best map key: ('Mahidol_University', 'ICT', '1.1_MixVPR')
Number of candidates after local matching: 49
PnP pairs 2D shape: (5847, 2) 3D shape: (5847, 3)
Multiframe time (ms): 446
Floorplan Pose (x, y, angle): {'xy': array([1507.69259125, 1835.8061214 ]), 'ang': 84.29755334651654}
Best map key: ('Mahidol_University', 'ICT', '1.1_MixVPR')
Number of candidates after local matching: 49
PnP pairs 2D shape: (9317, 2) 3D shape: (9317, 3)
Multiframe time (ms): 658
Floorplan Pose (x, y, angle): {'xy': array([1938.86622846, 1716.96634616]), 'ang': 267.6470317568923}
Best map key: ('Mahidol_University', 'ICT', '1.1_MixVPR')
Number of candidates after local matching: 47
PnP pairs 2D shape: (4000, 2) 3D shape: (4000, 3)
Multiframe time (ms): 285
Floorplan Pose (x, y, angle): {'xy': array([ 817.07318602, 1214.77192889]), 'ang': 108.84287867657287}
Best map key: ('Mahidol_University', 'ICT', '1.1_MixVPR')
Number of candidates after local matching: 50
PnP pairs 2D shape: (5859, 2) 3D shape: (5859, 3)
Multiframe time (ms): 435
Floorplan Pose (x, y, angle): {'xy': array([2074.4739046 ,  838.16731834]), 'ang': 206.00613735976185}
Best map key: ('Mahidol_University', 'ICT', '1.1_MixVPR')
Number of candidates after local matching: 50
PnP pairs 2D shape: (7756, 2) 3D shape: (7756, 3)
Multiframe time (ms): 418
Floorplan Pose (x, y, angle): {'xy': array([1876.38247252, 1336.40940643]), 'ang': 351.6422189269457}
Best map key: ('Mahidol_University', 'ICT', '1.1_MixVPR')
Number of candidates after local matching: 49
PnP pairs 2D shape: (4388, 2) 3D shape: (4388, 3)
Multiframe time (ms): 369
Floorplan Pose (x, y, angle): {'xy': array([2057.71583287,  688.1259111 ]), 'ang': 343.5543235126745}
Best map key: ('Mahidol_University', 'ICT', '1.1_MixVPR')
Number of candidates after local matching: 50
PnP pairs 2D shape: (9561, 2) 3D shape: (9561, 3)
Multiframe time (ms): 841
Floorplan Pose (x, y, angle): {'xy': array([2069.73304294,  919.86818355]), 'ang': 100.53205906262555}
Best map key: ('Mahidol_University', 'ICT', '1.1_MixVPR')
Number of candidates after local matching: 46
PnP pairs 2D shape: (3761, 2) 3D shape: (3761, 3)
Multiframe time (ms): 239
Floorplan Pose (x, y, angle): {'xy': array([2073.87399385,  837.12915782]), 'ang': 305.16188576235146}
Best map key: ('Mahidol_University', 'ICT', '1.1_MixVPR')
Number of candidates after local matching: 50
PnP pairs 2D shape: (5676, 2) 3D shape: (5676, 3)
Multiframe time (ms): 543
Floorplan Pose (x, y, angle): {'xy': array([1085.99709374, 1350.98740613]), 'ang': 353.57117776391203}
Best map key: ('Mahidol_University', 'ICT', '1.1_MixVPR')
Number of candidates after local matching: 22
PnP pairs 2D shape: (1358, 2) 3D shape: (1358, 3)
Multiframe time (ms): 163
Floorplan Pose (x, y, angle): {'xy': array([ 823.20311778, 1330.61057515]), 'ang': 150.2660906568744}
Best map key: ('Mahidol_University', 'ICT', '1.1_MixVPR')
Number of candidates after local matching: 50
PnP pairs 2D shape: (7632, 2) 3D shape: (7632, 3)
Multiframe time (ms): 507
Floorplan Pose (x, y, angle): {'xy': array([1379.37016278, 1501.59203606]), 'ang': 119.71685334174626}
Best map key: ('Mahidol_University', 'ICT', '1.1_MixVPR')
Number of candidates after local matching: 50
PnP pairs 2D shape: (11504, 2) 3D shape: (11504, 3)
Multiframe time (ms): 1102
Floorplan Pose (x, y, angle): {'xy': array([1914.74142011, 1716.59103051]), 'ang': 130.41311949148}
Best map key: ('Mahidol_University', 'ICT', '1.1_MixVPR')
Number of candidates after local matching: 49
PnP pairs 2D shape: (6300, 2) 3D shape: (6300, 3)
Multiframe time (ms): 398
Floorplan Pose (x, y, angle): {'xy': array([1180.39623808, 1342.66774092]), 'ang': 1.6501268022136335}
Best map key: ('Mahidol_University', 'ICT', '1.1_MixVPR')
Number of candidates after local matching: 50
PnP pairs 2D shape: (5446, 2) 3D shape: (5446, 3)
Multiframe time (ms): 402
Floorplan Pose (x, y, angle): {'xy': array([ 997.71225499, 1345.84473496]), 'ang': 184.0750549787914}
Best map key: ('Mahidol_University', 'ICT', '1.1_MixVPR')
Number of candidates after local matching: 43
PnP pairs 2D shape: (3592, 2) 3D shape: (3592, 3)
Multiframe time (ms): 189
Floorplan Pose (x, y, angle): {'xy': array([1152.9589009 , 1341.13325359]), 'ang': 126.4552239087048}
Best map key: ('Mahidol_University', 'ICT', '1.1_MixVPR')
Number of candidates after local matching: 50
PnP pairs 2D shape: (9369, 2) 3D shape: (9369, 3)
Multiframe time (ms): 851
Floorplan Pose (x, y, angle): {'xy': array([2432.11687785, 1668.09283952]), 'ang': 25.90767652310048}
Best map key: ('Mahidol_University', 'ICT', '1.1_MixVPR')
Number of candidates after local matching: 50
PnP pairs 2D shape: (12872, 2) 3D shape: (12872, 3)
Multiframe time (ms): 1264
Floorplan Pose (x, y, angle): {'xy': array([2635.21577506, 1723.28595705]), 'ang': 204.48227345693783}
Best map key: ('Mahidol_University', 'ICT', '1.1_MixVPR')
Number of candidates after local matching: 50
PnP pairs 2D shape: (13060, 2) 3D shape: (13060, 3)
Multiframe time (ms): 1457
Floorplan Pose (x, y, angle): {'xy': array([1492.95418592, 1603.39840149]), 'ang': 76.97905258483854}
Best map key: ('Mahidol_University', 'ICT', '1.1_MixVPR')
Number of candidates after local matching: 49
PnP pairs 2D shape: (6204, 2) 3D shape: (6204, 3)
Multiframe time (ms): 461
Floorplan Pose (x, y, angle): {'xy': array([2086.53806318,  693.57130974]), 'ang': 80.35342906805496}
Best map key: ('Mahidol_University', 'ICT', '1.1_MixVPR')
Number of candidates after local matching: 48
PnP pairs 2D shape: (5549, 2) 3D shape: (5549, 3)
Multiframe time (ms): 437
Floorplan Pose (x, y, angle): {'xy': array([1848.31287731, 1333.65224477]), 'ang': 354.34823347584927}
Best map key: ('Mahidol_University', 'ICT', '1.1_MixVPR')
Number of candidates after local matching: 50
PnP pairs 2D shape: (12637, 2) 3D shape: (12637, 3)
Multiframe time (ms): 1149
Floorplan Pose (x, y, angle): {'xy': array([2184.15171592, 1528.44717641]), 'ang': 134.94865585492232}
Best map key: ('Mahidol_University', 'ICT', '1.1_MixVPR')
Number of candidates after local matching: 8
PnP pairs 2D shape: (585, 2) 3D shape: (585, 3)
Multiframe time (ms): 51
Floorplan Pose (x, y, angle): {'xy': array([1901.95461373, 1335.28643886]), 'ang': 229.9585603367903}
Best map key: ('Mahidol_University', 'ICT', '1.1_MixVPR')
Number of candidates after local matching: 50
PnP pairs 2D shape: (7717, 2) 3D shape: (7717, 3)
Multiframe time (ms): 811
Floorplan Pose (x, y, angle): {'xy': array([2090.84166696,  710.99318578]), 'ang': 97.88151072512007}
Best map key: ('Mahidol_University', 'ICT', '1.1_MixVPR')
Number of candidates after local matching: 50
PnP pairs 2D shape: (8671, 2) 3D shape: (8671, 3)
Multiframe time (ms): 780
Floorplan Pose (x, y, angle): {'xy': array([2076.32641262, 1105.4635141 ]), 'ang': 123.27052499108349}
Best map key: ('Mahidol_University', 'ICT', '1.1_MixVPR')
Number of candidates after local matching: 50
PnP pairs 2D shape: (8093, 2) 3D shape: (8093, 3)
Multiframe time (ms): 607
Floorplan Pose (x, y, angle): {'xy': array([2016.09423342, 1057.44735161]), 'ang': 118.04526441035507}
Best map key: ('Mahidol_University', 'ICT', '1.1_MixVPR')
Number of candidates after local matching: 1
PnP pairs 2D shape: (53, 2) 3D shape: (53, 3)
Multiframe time (ms): 10
Floorplan Pose (x, y, angle): {'xy': array([1723.18447125, 1332.17909257]), 'ang': 251.92343939179244}
Best map key: ('Mahidol_University', 'ICT', '1.1_MixVPR')
Number of candidates after local matching: 50
PnP pairs 2D shape: (5516, 2) 3D shape: (5516, 3)
Multiframe time (ms): 337
Floorplan Pose (x, y, angle): {'xy': array([2036.81115242,  891.10307098]), 'ang': 254.371384813009}
Best map key: ('Mahidol_University', 'ICT', '1.1_MixVPR')
Number of candidates after local matching: 50
PnP pairs 2D shape: (6723, 2) 3D shape: (6723, 3)
Multiframe time (ms): 402
Floorplan Pose (x, y, angle): {'xy': array([2080.9217195 ,  694.80393836]), 'ang': 80.966396754196}
Best map key: ('Mahidol_University', 'ICT', '1.1_MixVPR')
Number of candidates after local matching: 50
PnP pairs 2D shape: (7824, 2) 3D shape: (7824, 3)
Multiframe time (ms): 537
Floorplan Pose (x, y, angle): {'xy': array([2436.03040932, 1776.91312257]), 'ang': 35.8472136949167}
Best map key: ('Mahidol_University', 'ICT', '1.1_MixVPR')
Number of candidates after local matching: 50
PnP pairs 2D shape: (9026, 2) 3D shape: (9026, 3)
Multiframe time (ms): 638
Floorplan Pose (x, y, angle): {'xy': array([2470.49118683, 1683.35640232]), 'ang': 28.38075586861121}
Best map key: ('Mahidol_University', 'ICT', '1.1_MixVPR')
Number of candidates after local matching: 50
PnP pairs 2D shape: (12306, 2) 3D shape: (12306, 3)
Multiframe time (ms): 891
Floorplan Pose (x, y, angle): {'xy': array([2376.04730491, 1726.39742901]), 'ang': 167.43401934572535}
Best map key: ('Mahidol_University', 'ICT', '1.1_MixVPR')
Number of candidates after local matching: 50
PnP pairs 2D shape: (12092, 2) 3D shape: (12092, 3)
Multiframe time (ms): 908
Floorplan Pose (x, y, angle): {'xy': array([2370.09201442, 1734.10979301]), 'ang': 242.68012370926584}
Best map key: ('Mahidol_University', 'ICT', '1.1_MixVPR')
Number of candidates after local matching: 12
PnP pairs 2D shape: (1140, 2) 3D shape: (1140, 3)
Multiframe time (ms): 79
Floorplan Pose (x, y, angle): {'xy': array([ 998.45053486, 1345.51918383]), 'ang': 289.2641047540455}
Best map key: ('Mahidol_University', 'ICT', '1.1_MixVPR')
Number of candidates after local matching: 50
PnP pairs 2D shape: (9929, 2) 3D shape: (9929, 3)
Multiframe time (ms): 855
Floorplan Pose (x, y, angle): {'xy': array([1815.03834172, 1756.44564582]), 'ang': 100.18832948670554}
Best map key: ('Mahidol_University', 'ICT', '1.1_MixVPR')
Number of candidates after local matching: 50
PnP pairs 2D shape: (6185, 2) 3D shape: (6185, 3)
Multiframe time (ms): 555
Floorplan Pose (x, y, angle): {'xy': array([ 833.72031261, 1345.40147249]), 'ang': 257.7767109456467}
Best map key: ('Mahidol_University', 'ICT', '1.1_MixVPR')
Number of candidates after local matching: 50
PnP pairs 2D shape: (8852, 2) 3D shape: (8852, 3)
Multiframe time (ms): 443
Floorplan Pose (x, y, angle): {'xy': array([2024.53030045, 1272.63536385]), 'ang': 316.524399073645}
Best map key: ('Mahidol_University', 'ICT', '1.1_MixVPR')
Number of candidates after local matching: 50
PnP pairs 2D shape: (6926, 2) 3D shape: (6926, 3)
Multiframe time (ms): 534
Floorplan Pose (x, y, angle): {'xy': array([2026.75562565,  883.25899504]), 'ang': 336.9333839828579}
Best map key: ('Mahidol_University', 'ICT', '1.1_MixVPR')
Number of candidates after local matching: 50
PnP pairs 2D shape: (13856, 2) 3D shape: (13856, 3)
Multiframe time (ms): 1486
Floorplan Pose (x, y, angle): {'xy': array([2375.70943961, 1737.24466244]), 'ang': 220.40315866131843}
Best map key: ('Mahidol_University', 'ICT', '1.1_MixVPR')
Number of candidates after local matching: 48
PnP pairs 2D shape: (5380, 2) 3D shape: (5380, 3)
Multiframe time (ms): 330
Floorplan Pose (x, y, angle): {'xy': array([2014.94744703, 1233.99149444]), 'ang': 198.1271481850788}
Best map key: ('Mahidol_University', 'ICT', '1.1_MixVPR')
Number of candidates after local matching: 50
PnP pairs 2D shape: (10176, 2) 3D shape: (10176, 3)
Multiframe time (ms): 664
Floorplan Pose (x, y, angle): {'xy': array([1902.73137949, 1340.8953621 ]), 'ang': 133.64608208960976}
Best map key: ('Mahidol_University', 'ICT', '1.1_MixVPR')
Number of candidates after local matching: 50
PnP pairs 2D shape: (6873, 2) 3D shape: (6873, 3)
Multiframe time (ms): 462
Floorplan Pose (x, y, angle): {'xy': array([1083.5374997 , 1353.93669855]), 'ang': 150.5590856010443}
Best map key: ('Mahidol_University', 'ICT', '1.1_MixVPR')
Number of candidates after local matching: 50
PnP pairs 2D shape: (7144, 2) 3D shape: (7144, 3)
Multiframe time (ms): 309
Floorplan Pose (x, y, angle): {'xy': array([2077.44644494, 1025.91253907]), 'ang': 340.7637956493046}
Best map key: ('Mahidol_University', 'ICT', '1.1_MixVPR')
Number of candidates after local matching: 50
PnP pairs 2D shape: (10200, 2) 3D shape: (10200, 3)
Multiframe time (ms): 667
Floorplan Pose (x, y, angle): {'xy': array([1880.54024147, 1731.99549981]), 'ang': 289.1671059105013}
Best map key: None
Number of candidates after local matching: 0
PnP pairs 2D shape: (0, 2) 3D shape: (0, 3)
Multiframe time (ms): 0
Not enough 2D-3D correspondences for pose estimation.
Best map key: ('Mahidol_University', 'ICT', '1.1_MixVPR')
Number of candidates after local matching: 50
PnP pairs 2D shape: (5486, 2) 3D shape: (5486, 3)
Multiframe time (ms): 767
Floorplan Pose (x, y, angle): {'xy': array([2035.54717076,  856.23945716]), 'ang': 232.7185953737084}
Best map key: ('Mahidol_University', 'ICT', '1.1_MixVPR')
Number of candidates after local matching: 44
PnP pairs 2D shape: (4641, 2) 3D shape: (4641, 3)
Multiframe time (ms): 393
Floorplan Pose (x, y, angle): {'xy': array([2075.19606554,  621.48638216]), 'ang': 269.31651502860467}
Best map key: ('Mahidol_University', 'ICT', '1.1_MixVPR')
Number of candidates after local matching: 50
PnP pairs 2D shape: (6750, 2) 3D shape: (6750, 3)
Multiframe time (ms): 601
Floorplan Pose (x, y, angle): {'xy': array([2047.21800219,  705.68552659]), 'ang': 93.46382745874864}
Best map key: ('Mahidol_University', 'ICT', '1.1_MixVPR')
Number of candidates after local matching: 46
PnP pairs 2D shape: (3824, 2) 3D shape: (3824, 3)
Multiframe time (ms): 234
Floorplan Pose (x, y, angle): {'xy': array([2054.1357499,  729.1957319]), 'ang': 15.928069223386728}
Best map key: ('Mahidol_University', 'ICT', '1.1_MixVPR')
Number of candidates after local matching: 50
PnP pairs 2D shape: (9304, 2) 3D shape: (9304, 3)
Multiframe time (ms): 818
Floorplan Pose (x, y, angle): {'xy': array([2052.89647352,  839.75925091]), 'ang': 88.46047873154328}
Best map key: ('Mahidol_University', 'ICT', '1.1_MixVPR')
Number of candidates after local matching: 50
PnP pairs 2D shape: (8170, 2) 3D shape: (8170, 3)
Multiframe time (ms): 435
Floorplan Pose (x, y, angle): {'xy': array([1937.10404435, 1716.78454207]), 'ang': 46.309663687399244}
Best map key: ('Mahidol_University', 'ICT', '1.1_MixVPR')
Number of candidates after local matching: 49
PnP pairs 2D shape: (4344, 2) 3D shape: (4344, 3)
Multiframe time (ms): 243
Floorplan Pose (x, y, angle): {'xy': array([2035.09659434,  604.27412807]), 'ang': 348.72845291595013}
Best map key: ('Mahidol_University', 'ICT', '1.1_MixVPR')
Number of candidates after local matching: 47
PnP pairs 2D shape: (3950, 2) 3D shape: (3950, 3)
Multiframe time (ms): 232
Floorplan Pose (x, y, angle): {'xy': array([2072.44467904,  839.44681466]), 'ang': 325.4195111138864}
Best map key: ('Mahidol_University', 'ICT', '1.1_MixVPR')
Number of candidates after local matching: 40
PnP pairs 2D shape: (4394, 2) 3D shape: (4394, 3)
Multiframe time (ms): 196
Floorplan Pose (x, y, angle): {'xy': array([1356.37446229, 1493.140699  ]), 'ang': 147.30703271909329}
Best map key: ('Mahidol_University', 'ICT', '1.1_MixVPR')
Number of candidates after local matching: 50
PnP pairs 2D shape: (12531, 2) 3D shape: (12531, 3)
Multiframe time (ms): 1041
Floorplan Pose (x, y, angle): {'xy': array([1973.90965703, 1709.32904536]), 'ang': 148.42266628103812}
Best map key: ('Mahidol_University', 'ICT', '1.1_MixVPR')
Number of candidates after local matching: 16
PnP pairs 2D shape: (1035, 2) 3D shape: (1035, 3)
Multiframe time (ms): 256
Floorplan Pose (x, y, angle): {'xy': array([ 959.14762647, 1356.5332715 ]), 'ang': 257.638739599382}
Best map key: ('Mahidol_University', 'ICT', '1.1_MixVPR')
Number of candidates after local matching: 19
PnP pairs 2D shape: (1389, 2) 3D shape: (1389, 3)
Multiframe time (ms): 106
Floorplan Pose (x, y, angle): {'xy': array([1043.09981653, 1359.89517958]), 'ang': 294.3908788568675}
Best map key: ('Mahidol_University', 'ICT', '1.1_MixVPR')
Number of candidates after local matching: 50
PnP pairs 2D shape: (9626, 2) 3D shape: (9626, 3)
Multiframe time (ms): 1185
Floorplan Pose (x, y, angle): {'xy': array([2359.10481566, 1686.00945904]), 'ang': 33.30856468662796}
Best map key: ('Mahidol_University', 'ICT', '1.1_MixVPR')
Number of candidates after local matching: 50
PnP pairs 2D shape: (10326, 2) 3D shape: (10326, 3)
Multiframe time (ms): 960
Floorplan Pose (x, y, angle): {'xy': array([2052.47443433, 1701.16010188]), 'ang': 126.33393565394597}
Best map key: ('Mahidol_University', 'ICT', '1.1_MixVPR')
Number of candidates after local matching: 50
PnP pairs 2D shape: (5317, 2) 3D shape: (5317, 3)
Multiframe time (ms): 436
Floorplan Pose (x, y, angle): {'xy': array([2069.56932965,  946.20379487]), 'ang': 264.3380786047188}
Best map key: ('Mahidol_University', 'ICT', '1.1_MixVPR')
Number of candidates after local matching: 29
PnP pairs 2D shape: (1940, 2) 3D shape: (1940, 3)
Multiframe time (ms): 292
Floorplan Pose (x, y, angle): {'xy': array([ 778.60060538, 1341.16164545]), 'ang': 200.72588842106012}
Best map key: ('Mahidol_University', 'ICT', '1.1_MixVPR')
Number of candidates after local matching: 50
PnP pairs 2D shape: (10211, 2) 3D shape: (10211, 3)
Multiframe time (ms): 833
Floorplan Pose (x, y, angle): {'xy': array([2436.70935365, 1687.71504366]), 'ang': 354.04979607524916}
Best map key: ('Mahidol_University', 'ICT', '1.1_MixVPR')
Number of candidates after local matching: 50
PnP pairs 2D shape: (5371, 2) 3D shape: (5371, 3)
Multiframe time (ms): 505
Floorplan Pose (x, y, angle): {'xy': array([2080.39830766, 1105.89926982]), 'ang': 230.66706957080527}
Best map key: ('Mahidol_University', 'ICT', '1.1_MixVPR')
Number of candidates after local matching: 50
PnP pairs 2D shape: (12136, 2) 3D shape: (12136, 3)
Multiframe time (ms): 912
Floorplan Pose (x, y, angle): {'xy': array([2105.36773786, 1378.02692479]), 'ang': 60.37736645613635}
Best map key: ('Mahidol_University', 'ICT', '1.1_MixVPR')
Number of candidates after local matching: 50
PnP pairs 2D shape: (14371, 2) 3D shape: (14371, 3)
Multiframe time (ms): 1198
Floorplan Pose (x, y, angle): {'xy': array([2003.72836528, 1709.42010064]), 'ang': 203.51229681867866}
Best map key: ('Mahidol_University', 'ICT', '1.1_MixVPR')
Number of candidates after local matching: 50
PnP pairs 2D shape: (7057, 2) 3D shape: (7057, 3)
Multiframe time (ms): 481
Floorplan Pose (x, y, angle): {'xy': array([2013.44552172, 1129.20579532]), 'ang': 277.30765178300663}
Best map key: ('Mahidol_University', 'ICT', '1.1_MixVPR')
Number of candidates after local matching: 45
PnP pairs 2D shape: (4489, 2) 3D shape: (4489, 3)
Multiframe time (ms): 306
Floorplan Pose (x, y, angle): {'xy': array([2083.58457458,  686.67976259]), 'ang': 264.9453167855953}
Best map key: ('Mahidol_University', 'ICT', '1.1_MixVPR')
Number of candidates after local matching: 50
PnP pairs 2D shape: (16257, 2) 3D shape: (16257, 3)
Multiframe time (ms): 1017
Floorplan Pose (x, y, angle): {'xy': array([1738.12997996, 1873.48651287]), 'ang': 326.75465863669916}
Best map key: ('Mahidol_University', 'ICT', '1.1_MixVPR')
Number of candidates after local matching: 23
PnP pairs 2D shape: (2142, 2) 3D shape: (2142, 3)
Multiframe time (ms): 115
Floorplan Pose (x, y, angle): {'xy': array([ 802.10074518, 1292.34549813]), 'ang': 27.679207371421427}
Best map key: ('Mahidol_University', 'ICT', '1.1_MixVPR')
Number of candidates after local matching: 50
PnP pairs 2D shape: (5447, 2) 3D shape: (5447, 3)
Multiframe time (ms): 474
Floorplan Pose (x, y, angle): {'xy': array([1825.66317872, 1334.68492747]), 'ang': 186.63644748099324}
Best map key: ('Mahidol_University', 'ICT', '1.1_MixVPR')
Number of candidates after local matching: 50
PnP pairs 2D shape: (13829, 2) 3D shape: (13829, 3)
Multiframe time (ms): 981
Floorplan Pose (x, y, angle): {'xy': array([2504.60532097, 1810.66146071]), 'ang': 215.22104247115516}
Best map key: ('Mahidol_University', 'ICT', '1.1_MixVPR')
Number of candidates after local matching: 50
PnP pairs 2D shape: (7490, 2) 3D shape: (7490, 3)
Multiframe time (ms): 378
Floorplan Pose (x, y, angle): {'xy': array([2068.94263866,  921.7740497 ]), 'ang': 321.34228821808216}
Best map key: None
Number of candidates after local matching: 0
PnP pairs 2D shape: (0, 2) 3D shape: (0, 3)
Multiframe time (ms): 0
Not enough 2D-3D correspondences for pose estimation.
Best map key: ('Mahidol_University', 'ICT', '1.1_MixVPR')
Number of candidates after local matching: 50
PnP pairs 2D shape: (11947, 2) 3D shape: (11947, 3)
Multiframe time (ms): 772
Floorplan Pose (x, y, angle): {'xy': array([1723.76697935, 1868.94329778]), 'ang': 229.23183426019912}
Best map key: ('Mahidol_University', 'ICT', '1.1_MixVPR')
Number of candidates after local matching: 50
PnP pairs 2D shape: (5893, 2) 3D shape: (5893, 3)
Multiframe time (ms): 434
Floorplan Pose (x, y, angle): {'xy': array([2042.60193403,  865.21776862]), 'ang': 193.54304792731926}
Best map key: ('Mahidol_University', 'ICT', '1.1_MixVPR')
Number of candidates after local matching: 41
PnP pairs 2D shape: (3739, 2) 3D shape: (3739, 3)
Multiframe time (ms): 255
Floorplan Pose (x, y, angle): {'xy': array([ 781.30364135, 1281.36412785]), 'ang': 356.9192035642307}
Best map key: ('Mahidol_University', 'ICT', '1.1_MixVPR')
Number of candidates after local matching: 50
PnP pairs 2D shape: (8620, 2) 3D shape: (8620, 3)
Multiframe time (ms): 530
Floorplan Pose (x, y, angle): {'xy': array([1673.40175351, 1864.59466083]), 'ang': 153.24011267930794}
Best map key: ('Mahidol_University', 'ICT', '1.1_MixVPR')
Number of candidates after local matching: 50
PnP pairs 2D shape: (11198, 2) 3D shape: (11198, 3)
Multiframe time (ms): 1179
Floorplan Pose (x, y, angle): {'xy': array([2154.60637506, 1425.57951803]), 'ang': 81.4653570475651}
Best map key: ('Mahidol_University', 'ICT', '1.1_MixVPR')
Number of candidates after local matching: 50
PnP pairs 2D shape: (8793, 2) 3D shape: (8793, 3)
Multiframe time (ms): 750
Floorplan Pose (x, y, angle): {'xy': array([2046.60628153,  895.09660321]), 'ang': 30.21727703597028}
Best map key: ('Mahidol_University', 'ICT', '1.1_MixVPR')
Number of candidates after local matching: 47
PnP pairs 2D shape: (9156, 2) 3D shape: (9156, 3)
Multiframe time (ms): 908
Floorplan Pose (x, y, angle): {'xy': array([2642.80574674, 1698.59926766]), 'ang': 248.61144565703034}
Best map key: ('Mahidol_University', 'ICT', '1.1_MixVPR')
Number of candidates after local matching: 49
PnP pairs 2D shape: (7132, 2) 3D shape: (7132, 3)
Multiframe time (ms): 587
Floorplan Pose (x, y, angle): {'xy': array([2030.41914527, 1248.48685383]), 'ang': 15.259731869621842}
Best map key: ('Mahidol_University', 'ICT', '1.1_MixVPR')
Number of candidates after local matching: 50
PnP pairs 2D shape: (9175, 2) 3D shape: (9175, 3)
Multiframe time (ms): 941
Floorplan Pose (x, y, angle): {'xy': array([2554.38785884, 1819.16167591]), 'ang': 69.22688970299942}
Best map key: ('Mahidol_University', 'ICT', '1.1_MixVPR')
Number of candidates after local matching: 45
PnP pairs 2D shape: (4559, 2) 3D shape: (4559, 3)
Multiframe time (ms): 310
Floorplan Pose (x, y, angle): {'xy': array([1729.32937672, 1334.82221092]), 'ang': 182.2993409706827}
Best map key: ('Mahidol_University', 'ICT', '1.1_MixVPR')
Number of candidates after local matching: 50
PnP pairs 2D shape: (7614, 2) 3D shape: (7614, 3)
Multiframe time (ms): 678
Floorplan Pose (x, y, angle): {'xy': array([1821.2838269 , 1333.45439796]), 'ang': 130.95054653218264}
Best map key: ('Mahidol_University', 'ICT', '1.1_MixVPR')
Number of candidates after local matching: 47
PnP pairs 2D shape: (4148, 2) 3D shape: (4148, 3)
Multiframe time (ms): 310
Floorplan Pose (x, y, angle): {'xy': array([1199.49160378, 1341.16182953]), 'ang': 181.73529065962347}
Best map key: ('Mahidol_University', 'ICT', '1.1_MixVPR')
Number of candidates after local matching: 44
PnP pairs 2D shape: (3645, 2) 3D shape: (3645, 3)
Multiframe time (ms): 489
Floorplan Pose (x, y, angle): {'xy': array([ 951.84805002, 1349.26261505]), 'ang': 214.71085033721985}
Best map key: ('Mahidol_University', 'ICT', '1.1_MixVPR')
Number of candidates after local matching: 49
PnP pairs 2D shape: (4384, 2) 3D shape: (4384, 3)
Multiframe time (ms): 347
Floorplan Pose (x, y, angle): {'xy': array([ 800.86383669, 1180.44971553]), 'ang': 102.24861223670645}
Best map key: ('Mahidol_University', 'ICT', '1.1_MixVPR')
Number of candidates after local matching: 50
PnP pairs 2D shape: (6966, 2) 3D shape: (6966, 3)
Multiframe time (ms): 553
Floorplan Pose (x, y, angle): {'xy': array([2024.16629091,  912.25954646]), 'ang': 123.02663741144576}
Best map key: ('Mahidol_University', 'ICT', '1.1_MixVPR')
Number of candidates after local matching: 25
PnP pairs 2D shape: (1838, 2) 3D shape: (1838, 3)
Multiframe time (ms): 171
Floorplan Pose (x, y, angle): {'xy': array([ 807.40131976, 1269.56874709]), 'ang': 305.8572095105624}
Best map key: ('Mahidol_University', 'ICT', '1.1_MixVPR')
Number of candidates after local matching: 50
PnP pairs 2D shape: (12562, 2) 3D shape: (12562, 3)
Multiframe time (ms): 1293
Floorplan Pose (x, y, angle): {'xy': array([1498.65467903, 1768.820792  ]), 'ang': 301.71891952958464}
Best map key: ('Mahidol_University', 'ICT', '1.1_MixVPR')
Number of candidates after local matching: 50
PnP pairs 2D shape: (9560, 2) 3D shape: (9560, 3)
Multiframe time (ms): 873
Floorplan Pose (x, y, angle): {'xy': array([2043.44302259,  844.5482873 ]), 'ang': 46.61857956105877}
Best map key: ('Mahidol_University', 'ICT', '1.1_MixVPR')
Number of candidates after local matching: 50
PnP pairs 2D shape: (18051, 2) 3D shape: (18051, 3)
Multiframe time (ms): 1849
Floorplan Pose (x, y, angle): {'xy': array([1484.06562941, 1602.00150606]), 'ang': 1.342423611011344}
Best map key: ('Mahidol_University', 'ICT', '1.1_MixVPR')
Number of candidates after local matching: 49
PnP pairs 2D shape: (4593, 2) 3D shape: (4593, 3)
Multiframe time (ms): 242
Floorplan Pose (x, y, angle): {'xy': array([2041.32674553,  603.6266704 ]), 'ang': 8.848558713895889}
Best map key: ('Mahidol_University', 'ICT', '1.1_MixVPR')
Number of candidates after local matching: 46
PnP pairs 2D shape: (4196, 2) 3D shape: (4196, 3)
Multiframe time (ms): 329
Floorplan Pose (x, y, angle): {'xy': array([1823.50034606, 1335.04195276]), 'ang': 205.25456084141157}
Best map key: ('Mahidol_University', 'ICT', '1.1_MixVPR')
Number of candidates after local matching: 46
PnP pairs 2D shape: (5542, 2) 3D shape: (5542, 3)
Multiframe time (ms): 471
Floorplan Pose (x, y, angle): {'xy': array([1403.4740895 , 1503.36628803]), 'ang': 232.00497570177217}
Best map key: ('Mahidol_University', 'ICT', '1.1_MixVPR')
Number of candidates after local matching: 41
PnP pairs 2D shape: (4488, 2) 3D shape: (4488, 3)
Multiframe time (ms): 369
Floorplan Pose (x, y, angle): {'xy': array([2084.04431501,  735.88317352]), 'ang': 304.0744123001758}
Best map key: ('Mahidol_University', 'ICT', '1.1_MixVPR')
Number of candidates after local matching: 45
PnP pairs 2D shape: (3530, 2) 3D shape: (3530, 3)
Multiframe time (ms): 274
Floorplan Pose (x, y, angle): {'xy': array([2056.64026348,  804.43000483]), 'ang': 319.2477322309801}
Best map key: ('Mahidol_University', 'ICT', '1.1_MixVPR')
Number of candidates after local matching: 38
PnP pairs 2D shape: (3372, 2) 3D shape: (3372, 3)
Multiframe time (ms): 282
Floorplan Pose (x, y, angle): {'xy': array([1321.53003642, 1365.65569445]), 'ang': 146.02394188310876}
Best map key: ('Mahidol_University', 'ICT', '1.1_MixVPR')
Number of candidates after local matching: 50
PnP pairs 2D shape: (7488, 2) 3D shape: (7488, 3)
Multiframe time (ms): 421
Floorplan Pose (x, y, angle): {'xy': array([2083.49408553, 1223.76523631]), 'ang': 324.19625101040936}
Best map key: ('Mahidol_University', 'ICT', '1.1_MixVPR')
Number of candidates after local matching: 50
PnP pairs 2D shape: (7348, 2) 3D shape: (7348, 3)
Multiframe time (ms): 523
Floorplan Pose (x, y, angle): {'xy': array([2078.86334759, 1073.11880334]), 'ang': 201.54741268775373}
Best map key: ('Mahidol_University', 'ICT', '1.1_MixVPR')
Number of candidates after local matching: 49
PnP pairs 2D shape: (3973, 2) 3D shape: (3973, 3)
Multiframe time (ms): 247
Floorplan Pose (x, y, angle): {'xy': array([2073.23292599,  685.74111388]), 'ang': 17.245766291388897}
Best map key: ('Mahidol_University', 'ICT', '1.1_MixVPR')
Number of candidates after local matching: 42
PnP pairs 2D shape: (3245, 2) 3D shape: (3245, 3)
Multiframe time (ms): 336
Floorplan Pose (x, y, angle): {'xy': array([ 786.82710157, 1212.51817327]), 'ang': 109.06928743704718}
Best map key: ('Mahidol_University', 'ICT', '1.1_MixVPR')
Number of candidates after local matching: 50
PnP pairs 2D shape: (7215, 2) 3D shape: (7215, 3)
Multiframe time (ms): 630
Floorplan Pose (x, y, angle): {'xy': array([2094.21607112, 1284.64293624]), 'ang': 203.6052620082232}
Best map key: ('Mahidol_University', 'ICT', '1.1_MixVPR')
Number of candidates after local matching: 50
PnP pairs 2D shape: (5510, 2) 3D shape: (5510, 3)
Multiframe time (ms): 513
Floorplan Pose (x, y, angle): {'xy': array([1543.64374605, 1338.93706411]), 'ang': 174.04146545432602}
Best map key: ('Mahidol_University', 'ICT', '1.1_MixVPR')
Number of candidates after local matching: 50
PnP pairs 2D shape: (8442, 2) 3D shape: (8442, 3)
Multiframe time (ms): 700
Floorplan Pose (x, y, angle): {'xy': array([2187.22975626, 1479.45360733]), 'ang': 234.721137790913}
Best map key: ('Mahidol_University', 'ICT', '1.1_MixVPR')
Number of candidates after local matching: 31
PnP pairs 2D shape: (2407, 2) 3D shape: (2407, 3)
Multiframe time (ms): 163
Floorplan Pose (x, y, angle): {'xy': array([ 801.97815035, 1292.68671714]), 'ang': 87.8998316511168}
Best map key: ('Mahidol_University', 'ICT', '1.1_MixVPR')
Number of candidates after local matching: 38
PnP pairs 2D shape: (4244, 2) 3D shape: (4244, 3)
Multiframe time (ms): 386
Floorplan Pose (x, y, angle): {'xy': array([1228.61078492, 1341.45279971]), 'ang': 126.85728175291496}
Best map key: ('Mahidol_University', 'ICT', '1.1_MixVPR')
Number of candidates after local matching: 50
PnP pairs 2D shape: (10471, 2) 3D shape: (10471, 3)
Multiframe time (ms): 464
Floorplan Pose (x, y, angle): {'xy': array([1827.63484164, 1739.37822154]), 'ang': 50.24496086495125}
Best map key: ('Mahidol_University', 'ICT', '1.1_MixVPR')
Number of candidates after local matching: 50
PnP pairs 2D shape: (8798, 2) 3D shape: (8798, 3)
Multiframe time (ms): 556
Floorplan Pose (x, y, angle): {'xy': array([2291.32452434, 1688.32748255]), 'ang': 142.22863147992226}
Best map key: ('Mahidol_University', 'ICT', '1.1_MixVPR')
Number of candidates after local matching: 49
PnP pairs 2D shape: (5912, 2) 3D shape: (5912, 3)
Multiframe time (ms): 419
Floorplan Pose (x, y, angle): {'xy': array([1606.06069315, 1332.59557653]), 'ang': 172.00581734868797}
Best map key: ('Mahidol_University', 'ICT', '1.1_MixVPR')
Number of candidates after local matching: 50
PnP pairs 2D shape: (9944, 2) 3D shape: (9944, 3)
Multiframe time (ms): 973
Floorplan Pose (x, y, angle): {'xy': array([1882.64030677, 1715.16669879]), 'ang': 109.56493028993582}
Best map key: ('Mahidol_University', 'ICT', '1.1_MixVPR')
Number of candidates after local matching: 50
PnP pairs 2D shape: (6580, 2) 3D shape: (6580, 3)
Multiframe time (ms): 434
Floorplan Pose (x, y, angle): {'xy': array([1076.49969073, 1342.30909825]), 'ang': 145.6045919724199}
Best map key: ('Mahidol_University', 'ICT', '1.1_MixVPR')
Number of candidates after local matching: 35
PnP pairs 2D shape: (3033, 2) 3D shape: (3033, 3)
Multiframe time (ms): 146
Floorplan Pose (x, y, angle): {'xy': array([1341.58596148, 1483.29710826]), 'ang': 151.29556195886414}
Best map key: ('Mahidol_University', 'ICT', '1.1_MixVPR')
Number of candidates after local matching: 50
PnP pairs 2D shape: (6744, 2) 3D shape: (6744, 3)
Multiframe time (ms): 502
Floorplan Pose (x, y, angle): {'xy': array([2014.25117269, 1079.3484752 ]), 'ang': 219.25075869276054}
Best map key: ('Mahidol_University', 'ICT', '1.1_MixVPR')
Number of candidates after local matching: 50
PnP pairs 2D shape: (9071, 2) 3D shape: (9071, 3)
Multiframe time (ms): 615
Floorplan Pose (x, y, angle): {'xy': array([2011.78571139, 1103.07125407]), 'ang': 96.73554453486815}
Best map key: ('Mahidol_University', 'ICT', '1.1_MixVPR')
Number of candidates after local matching: 49
PnP pairs 2D shape: (4817, 2) 3D shape: (4817, 3)
Multiframe time (ms): 251
Floorplan Pose (x, y, angle): {'xy': array([1103.56689316, 1342.67437042]), 'ang': 99.88078710461764}
Best map key: ('Mahidol_University', 'ICT', '1.1_MixVPR')
Number of candidates after local matching: 50
PnP pairs 2D shape: (16178, 2) 3D shape: (16178, 3)
Multiframe time (ms): 1474
Floorplan Pose (x, y, angle): {'xy': array([2591.45347378, 1680.12301931]), 'ang': 189.6569831756498}
Best map key: ('Mahidol_University', 'ICT', '1.1_MixVPR')
Number of candidates after local matching: 50
PnP pairs 2D shape: (7673, 2) 3D shape: (7673, 3)
Multiframe time (ms): 409
Floorplan Pose (x, y, angle): {'xy': array([2031.1409379 , 1131.53183317]), 'ang': 18.45893553635027}
Best map key: ('Mahidol_University', 'ICT', '1.1_MixVPR')
Number of candidates after local matching: 50
PnP pairs 2D shape: (7412, 2) 3D shape: (7412, 3)
Multiframe time (ms): 632
Floorplan Pose (x, y, angle): {'xy': array([1722.51242274, 1332.15607373]), 'ang': 108.11324632726068}
Best map key: ('Mahidol_University', 'ICT', '1.1_MixVPR')
Number of candidates after local matching: 50
PnP pairs 2D shape: (8543, 2) 3D shape: (8543, 3)
Multiframe time (ms): 420
Floorplan Pose (x, y, angle): {'xy': array([2035.14839652, 1022.98128702]), 'ang': 313.50960599340385}
Best map key: ('Mahidol_University', 'ICT', '1.1_MixVPR')
Number of candidates after local matching: 50
PnP pairs 2D shape: (4792, 2) 3D shape: (4792, 3)
Multiframe time (ms): 263
Floorplan Pose (x, y, angle): {'xy': array([2025.0030254 ,  883.32071143]), 'ang': 179.5684409148329}
Best map key: ('Mahidol_University', 'ICT', '1.1_MixVPR')
Number of candidates after local matching: 44
PnP pairs 2D shape: (4981, 2) 3D shape: (4981, 3)
Multiframe time (ms): 282
Floorplan Pose (x, y, angle): {'xy': array([1482.75603562, 1556.7562916 ]), 'ang': 153.01770169191428}
Best map key: ('Mahidol_University', 'ICT', '1.1_MixVPR')
Number of candidates after local matching: 50
PnP pairs 2D shape: (10696, 2) 3D shape: (10696, 3)
Multiframe time (ms): 868
Floorplan Pose (x, y, angle): {'xy': array([1849.07266085, 1335.11134952]), 'ang': 93.26267571113664}
Best map key: ('Mahidol_University', 'ICT', '1.1_MixVPR')
Number of candidates after local matching: 48
PnP pairs 2D shape: (5587, 2) 3D shape: (5587, 3)
Multiframe time (ms): 632
Floorplan Pose (x, y, angle): {'xy': array([1500.8036797 , 1791.76554535]), 'ang': 100.44119530307866}
Best map key: ('Mahidol_University', 'ICT', '1.1_MixVPR')
Number of candidates after local matching: 48
PnP pairs 2D shape: (5069, 2) 3D shape: (5069, 3)
Multiframe time (ms): 417
Floorplan Pose (x, y, angle): {'xy': array([2047.62794018,  669.0013815 ]), 'ang': 316.20108669179484}
Best map key: ('Mahidol_University', 'ICT', '1.1_MixVPR')
Number of candidates after local matching: 50
PnP pairs 2D shape: (18038, 2) 3D shape: (18038, 3)
Multiframe time (ms): 1844
Floorplan Pose (x, y, angle): {'xy': array([1500.75221836, 1634.39235669]), 'ang': 23.22152283159184}
Best map key: ('Mahidol_University', 'ICT', '1.1_MixVPR')
Number of candidates after local matching: 6
PnP pairs 2D shape: (395, 2) 3D shape: (395, 3)
Multiframe time (ms): 38
Floorplan Pose (x, y, angle): {'xy': array([ 893.8039131 , 1347.80668656]), 'ang': 300.1038030244834}
Best map key: ('Mahidol_University', 'ICT', '1.1_MixVPR')
Number of candidates after local matching: 50
PnP pairs 2D shape: (8224, 2) 3D shape: (8224, 3)
Multiframe time (ms): 918
Floorplan Pose (x, y, angle): {'xy': array([2007.22937235, 1332.76053856]), 'ang': 69.74645086101599}
Best map key: ('Mahidol_University', 'ICT', '1.1_MixVPR')
Number of candidates after local matching: 47
PnP pairs 2D shape: (3878, 2) 3D shape: (3878, 3)
Multiframe time (ms): 227
Floorplan Pose (x, y, angle): {'xy': array([2047.88092664,  703.16819806]), 'ang': 34.42919003219208}
Best map key: ('Mahidol_University', 'ICT', '1.1_MixVPR')
Number of candidates after local matching: 50
PnP pairs 2D shape: (5030, 2) 3D shape: (5030, 3)
Multiframe time (ms): 479
Floorplan Pose (x, y, angle): {'xy': array([2049.86903743,  639.71495304]), 'ang': 136.29056431399897}
Best map key: ('Mahidol_University', 'ICT', '1.1_MixVPR')
Number of candidates after local matching: 50
PnP pairs 2D shape: (6841, 2) 3D shape: (6841, 3)
Multiframe time (ms): 630
Floorplan Pose (x, y, angle): {'xy': array([2127.46889708, 1465.26713597]), 'ang': 283.1510150867439}
Best map key: ('Mahidol_University', 'ICT', '1.1_MixVPR')
Number of candidates after local matching: 50
PnP pairs 2D shape: (7571, 2) 3D shape: (7571, 3)
Multiframe time (ms): 622
Floorplan Pose (x, y, angle): {'xy': array([2048.3871232 , 1696.39381622]), 'ang': 45.48761242109137}
Best map key: ('Mahidol_University', 'ICT', '1.1_MixVPR')
Number of candidates after local matching: 48
PnP pairs 2D shape: (4412, 2) 3D shape: (4412, 3)
Multiframe time (ms): 257
Floorplan Pose (x, y, angle): {'xy': array([ 957.04490676, 1354.34642828]), 'ang': 85.81448991400174}
Best map key: ('Mahidol_University', 'ICT', '1.1_MixVPR')
Number of candidates after local matching: 50
PnP pairs 2D shape: (10202, 2) 3D shape: (10202, 3)
Multiframe time (ms): 857
Floorplan Pose (x, y, angle): {'xy': array([2639.32432738, 1697.87645321]), 'ang': 235.64639024630384}
Best map key: ('Mahidol_University', 'ICT', '1.1_MixVPR')
Number of candidates after local matching: 50
PnP pairs 2D shape: (10772, 2) 3D shape: (10772, 3)
Multiframe time (ms): 819
Floorplan Pose (x, y, angle): {'xy': array([2232.26903133, 1543.86880952]), 'ang': 84.3773243397897}
Best map key: ('Mahidol_University', 'ICT', '1.1_MixVPR')
Number of candidates after local matching: 50
PnP pairs 2D shape: (11184, 2) 3D shape: (11184, 3)
Multiframe time (ms): 657
Floorplan Pose (x, y, angle): {'xy': array([1425.09669433, 1508.80798968]), 'ang': 338.9286274776837}
Best map key: ('Mahidol_University', 'ICT', '1.1_MixVPR')
Number of candidates after local matching: 50
PnP pairs 2D shape: (5047, 2) 3D shape: (5047, 3)
Multiframe time (ms): 328
Floorplan Pose (x, y, angle): {'xy': array([2020.15019818,  966.40814844]), 'ang': 177.21000808832295}
Best map key: ('Mahidol_University', 'ICT', '1.1_MixVPR')
Number of candidates after local matching: 39
PnP pairs 2D shape: (4975, 2) 3D shape: (4975, 3)
Multiframe time (ms): 408
Floorplan Pose (x, y, angle): {'xy': array([1492.5214933 , 1579.92153898]), 'ang': 180.01592998045936}
Best map key: ('Mahidol_University', 'ICT', '1.1_MixVPR')
Number of candidates after local matching: 47
PnP pairs 2D shape: (4336, 2) 3D shape: (4336, 3)
Multiframe time (ms): 425
Floorplan Pose (x, y, angle): {'xy': array([1518.27361864, 1338.77808994]), 'ang': 128.58757212252212}
Best map key: ('Mahidol_University', 'ICT', '1.1_MixVPR')
Number of candidates after local matching: 50
PnP pairs 2D shape: (5801, 2) 3D shape: (5801, 3)
Multiframe time (ms): 569
Floorplan Pose (x, y, angle): {'xy': array([2049.92492267,  834.80167305]), 'ang': 228.76818796323715}
Best map key: ('Mahidol_University', 'ICT', '1.1_MixVPR')
Number of candidates after local matching: 8
PnP pairs 2D shape: (479, 2) 3D shape: (479, 3)
Multiframe time (ms): 57
Floorplan Pose (x, y, angle): {'xy': array([ 786.76875538, 1345.10336651]), 'ang': 164.25147291224044}
Best map key: ('Mahidol_University', 'ICT', '1.1_MixVPR')
Number of candidates after local matching: 50
PnP pairs 2D shape: (4489, 2) 3D shape: (4489, 3)
Multiframe time (ms): 509
Floorplan Pose (x, y, angle): {'xy': array([2043.13342326,  636.59009123]), 'ang': 231.34807774970338}
Best map key: ('Mahidol_University', 'ICT', '1.1_MixVPR')
Number of candidates after local matching: 46
PnP pairs 2D shape: (5387, 2) 3D shape: (5387, 3)
Multiframe time (ms): 423
Floorplan Pose (x, y, angle): {'xy': array([2081.57444217, 1172.7193451 ]), 'ang': 5.511719992614715}
Best map key: ('Mahidol_University', 'ICT', '1.1_MixVPR')
Number of candidates after local matching: 43
PnP pairs 2D shape: (3626, 2) 3D shape: (3626, 3)
Multiframe time (ms): 303
Floorplan Pose (x, y, angle): {'xy': array([ 803.08341989, 1163.01158734]), 'ang': 216.58853409839267}
Best map key: ('Mahidol_University', 'ICT', '1.1_MixVPR')
Number of candidates after local matching: 49
PnP pairs 2D shape: (4750, 2) 3D shape: (4750, 3)
Multiframe time (ms): 468
Floorplan Pose (x, y, angle): {'xy': array([2024.94756733,  577.05857983]), 'ang': 58.64738227805566}
Best map key: ('Mahidol_University', 'ICT', '1.1_MixVPR')
Number of candidates after local matching: 50
PnP pairs 2D shape: (9327, 2) 3D shape: (9327, 3)
Multiframe time (ms): 831
Floorplan Pose (x, y, angle): {'xy': array([2437.26800169, 1785.77684809]), 'ang': 339.0848820549342}
Best map key: ('Mahidol_University', 'ICT', '1.1_MixVPR')
Number of candidates after local matching: 22
PnP pairs 2D shape: (1498, 2) 3D shape: (1498, 3)
Multiframe time (ms): 140
Floorplan Pose (x, y, angle): {'xy': array([ 795.1011069 , 1194.68212957]), 'ang': 154.51650188690692}
Best map key: ('Mahidol_University', 'ICT', '1.1_MixVPR')
Number of candidates after local matching: 46
PnP pairs 2D shape: (3647, 2) 3D shape: (3647, 3)
Multiframe time (ms): 350
Floorplan Pose (x, y, angle): {'xy': array([ 814.64697747, 1250.62311166]), 'ang': 106.03692038832111}
Best map key: ('Mahidol_University', 'ICT', '1.1_MixVPR')
Number of candidates after local matching: 50
PnP pairs 2D shape: (6536, 2) 3D shape: (6536, 3)
Multiframe time (ms): 431
Floorplan Pose (x, y, angle): {'xy': array([1977.16516901, 1329.83778559]), 'ang': 262.947382254551}
Best map key: ('Mahidol_University', 'ICT', '1.1_MixVPR')
Number of candidates after local matching: 45
PnP pairs 2D shape: (5341, 2) 3D shape: (5341, 3)
Multiframe time (ms): 283
Floorplan Pose (x, y, angle): {'xy': array([1796.31172145, 1333.04199641]), 'ang': 330.9604604552022}
Best map key: ('Mahidol_University', 'ICT', '1.1_MixVPR')
Number of candidates after local matching: 50
PnP pairs 2D shape: (13916, 2) 3D shape: (13916, 3)
Multiframe time (ms): 1522
Floorplan Pose (x, y, angle): {'xy': array([2124.85814645, 1435.04317672]), 'ang': 44.00702683240638}
Best map key: ('Mahidol_University', 'ICT', '1.1_MixVPR')
Number of candidates after local matching: 50
PnP pairs 2D shape: (7700, 2) 3D shape: (7700, 3)
Multiframe time (ms): 316
Floorplan Pose (x, y, angle): {'xy': array([2079.48513563, 1173.38642077]), 'ang': 327.84251592497816}
Best map key: ('Mahidol_University', 'ICT', '1.1_MixVPR')
Number of candidates after local matching: 50
PnP pairs 2D shape: (8743, 2) 3D shape: (8743, 3)
Multiframe time (ms): 680
Floorplan Pose (x, y, angle): {'xy': array([1909.17365396, 1727.10239896]), 'ang': 86.08126104787719}
Best map key: ('Mahidol_University', 'ICT', '1.1_MixVPR')
Number of candidates after local matching: 41
PnP pairs 2D shape: (3546, 2) 3D shape: (3546, 3)
Multiframe time (ms): 252
Floorplan Pose (x, y, angle): {'xy': array([ 770.4571744 , 1331.02287011]), 'ang': 26.547755311846473}
Best map key: ('Mahidol_University', 'ICT', '1.1_MixVPR')
Number of candidates after local matching: 49
PnP pairs 2D shape: (5150, 2) 3D shape: (5150, 3)
Multiframe time (ms): 283
Floorplan Pose (x, y, angle): {'xy': array([1124.90732123, 1356.80493558]), 'ang': 208.9397465655448}
Best map key: ('Mahidol_University', 'ICT', '1.1_MixVPR')
Number of candidates after local matching: 50
PnP pairs 2D shape: (7985, 2) 3D shape: (7985, 3)
Multiframe time (ms): 644
Floorplan Pose (x, y, angle): {'xy': array([1342.88488573, 1482.70039405]), 'ang': 111.13900271885554}
Best map key: ('Mahidol_University', 'ICT', '1.1_MixVPR')
Number of candidates after local matching: 50
PnP pairs 2D shape: (9641, 2) 3D shape: (9641, 3)
Multiframe time (ms): 845
Floorplan Pose (x, y, angle): {'xy': array([1319.11165314, 1358.11807803]), 'ang': 80.87811329035027}
Best map key: ('Mahidol_University', 'ICT', '1.1_MixVPR')
Number of candidates after local matching: 50
PnP pairs 2D shape: (4386, 2) 3D shape: (4386, 3)
Multiframe time (ms): 317
Floorplan Pose (x, y, angle): {'xy': array([2051.7806542 ,  704.93590547]), 'ang': 197.22003826772564}
Best map key: ('Mahidol_University', 'ICT', '1.1_MixVPR')
Number of candidates after local matching: 45
PnP pairs 2D shape: (3397, 2) 3D shape: (3397, 3)
Multiframe time (ms): 165
Floorplan Pose (x, y, angle): {'xy': array([2058.33599793,  724.5074801 ]), 'ang': 359.88593147522386}
Best map key: ('Mahidol_University', 'ICT', '1.1_MixVPR')
Number of candidates after local matching: 50
PnP pairs 2D shape: (6261, 2) 3D shape: (6261, 3)
Multiframe time (ms): 397
Floorplan Pose (x, y, angle): {'xy': array([2111.33641021, 1700.1487609 ]), 'ang': 70.85835027623094}
Best map key: ('Mahidol_University', 'ICT', '1.1_MixVPR')
Number of candidates after local matching: 50
PnP pairs 2D shape: (8740, 2) 3D shape: (8740, 3)
Multiframe time (ms): 544
Floorplan Pose (x, y, angle): {'xy': array([2092.8434234 , 1312.51716909]), 'ang': 220.93016037589078}
Best map key: ('Mahidol_University', 'ICT', '1.1_MixVPR')
Number of candidates after local matching: 50
PnP pairs 2D shape: (10099, 2) 3D shape: (10099, 3)
Multiframe time (ms): 815
Floorplan Pose (x, y, angle): {'xy': array([2641.5593274 , 1701.55054446]), 'ang': 272.42127856128343}
Best map key: ('Mahidol_University', 'ICT', '1.1_MixVPR')
Number of candidates after local matching: 48
PnP pairs 2D shape: (5263, 2) 3D shape: (5263, 3)
Multiframe time (ms): 694
Floorplan Pose (x, y, angle): {'xy': array([1926.97594368, 1335.23984722]), 'ang': 269.25942281740714}
Best map key: ('Mahidol_University', 'ICT', '1.1_MixVPR')
Number of candidates after local matching: 50
PnP pairs 2D shape: (13415, 2) 3D shape: (13415, 3)
Multiframe time (ms): 1244
Floorplan Pose (x, y, angle): {'xy': array([1493.09141005, 1579.30369624]), 'ang': 334.1228359260822}
Best map key: ('Mahidol_University', 'ICT', '1.1_MixVPR')
Number of candidates after local matching: 50
PnP pairs 2D shape: (6023, 2) 3D shape: (6023, 3)
Multiframe time (ms): 496
Floorplan Pose (x, y, angle): {'xy': array([1099.30127685, 1358.06163032]), 'ang': 107.93450073124613}
Best map key: ('Mahidol_University', 'ICT', '1.1_MixVPR')
Number of candidates after local matching: 50
PnP pairs 2D shape: (10274, 2) 3D shape: (10274, 3)
Multiframe time (ms): 864
Floorplan Pose (x, y, angle): {'xy': array([2186.71017211, 1479.07591943]), 'ang': 215.3001488530792}
Best map key: ('Mahidol_University', 'ICT', '1.1_MixVPR')
Number of candidates after local matching: 50
PnP pairs 2D shape: (14983, 2) 3D shape: (14983, 3)
Multiframe time (ms): 1151
Floorplan Pose (x, y, angle): {'xy': array([1564.97221669, 1862.92810508]), 'ang': 31.766407895588394}
Best map key: ('Mahidol_University', 'ICT', '1.1_MixVPR')
Number of candidates after local matching: 49
PnP pairs 2D shape: (4894, 2) 3D shape: (4894, 3)
Multiframe time (ms): 343
Floorplan Pose (x, y, angle): {'xy': array([1060.12702331, 1354.50102816]), 'ang': 42.632118038335825}
Best map key: ('Mahidol_University', 'ICT', '1.1_MixVPR')
Number of candidates after local matching: 48
PnP pairs 2D shape: (4615, 2) 3D shape: (4615, 3)
Multiframe time (ms): 267
Floorplan Pose (x, y, angle): {'xy': array([2051.1443855 ,  866.59981273]), 'ang': 269.4300267586153}
Best map key: ('Mahidol_University', 'ICT', '1.1_MixVPR')
Number of candidates after local matching: 50
PnP pairs 2D shape: (5659, 2) 3D shape: (5659, 3)
Multiframe time (ms): 465
Floorplan Pose (x, y, angle): {'xy': array([1035.32463724, 1358.60351256]), 'ang': 43.653656323042576}
Best map key: ('Mahidol_University', 'ICT', '1.1_MixVPR')
Number of candidates after local matching: 50
PnP pairs 2D shape: (13559, 2) 3D shape: (13559, 3)
Multiframe time (ms): 1070
Floorplan Pose (x, y, angle): {'xy': array([1795.14605349, 1832.48419953]), 'ang': 234.78002375511653}
Best map key: ('Mahidol_University', 'ICT', '1.1_MixVPR')
Number of candidates after local matching: 50
PnP pairs 2D shape: (10361, 2) 3D shape: (10361, 3)
Multiframe time (ms): 698
Floorplan Pose (x, y, angle): {'xy': array([2011.88210071, 1259.50558365]), 'ang': 118.87401770982308}
Best map key: ('Mahidol_University', 'ICT', '1.1_MixVPR')
Number of candidates after local matching: 50
PnP pairs 2D shape: (8004, 2) 3D shape: (8004, 3)
Multiframe time (ms): 538
Floorplan Pose (x, y, angle): {'xy': array([2052.21026258,  900.68978221]), 'ang': 341.7512760626689}
Best map key: ('Mahidol_University', 'ICT', '1.1_MixVPR')
Number of candidates after local matching: 50
PnP pairs 2D shape: (12349, 2) 3D shape: (12349, 3)
Multiframe time (ms): 2195
Floorplan Pose (x, y, angle): {'xy': array([1781.2086503 , 1857.44895462]), 'ang': 174.65275726190887}
Best map key: ('Mahidol_University', 'ICT', '1.1_MixVPR')
Number of candidates after local matching: 50
PnP pairs 2D shape: (9415, 2) 3D shape: (9415, 3)
Multiframe time (ms): 604
Floorplan Pose (x, y, angle): {'xy': array([2012.18875922, 1153.61208948]), 'ang': 95.7615148651518}
Best map key: ('Mahidol_University', 'ICT', '1.1_MixVPR')
Number of candidates after local matching: 49
PnP pairs 2D shape: (4713, 2) 3D shape: (4713, 3)
Multiframe time (ms): 294
Floorplan Pose (x, y, angle): {'xy': array([2045.97971453,  642.70896284]), 'ang': 327.8079212141068}
Best map key: ('Mahidol_University', 'ICT', '1.1_MixVPR')
Number of candidates after local matching: 50
PnP pairs 2D shape: (8047, 2) 3D shape: (8047, 3)
Multiframe time (ms): 560
Floorplan Pose (x, y, angle): {'xy': array([1966.75424911, 1710.75238417]), 'ang': 64.9064723471838}
Best map key: ('Mahidol_University', 'ICT', '1.1_MixVPR')
Number of candidates after local matching: 50
PnP pairs 2D shape: (16944, 2) 3D shape: (16944, 3)
Multiframe time (ms): 1185
Floorplan Pose (x, y, angle): {'xy': array([2614.48856508, 1680.24437358]), 'ang': 178.73168095581207}
Best map key: ('Mahidol_University', 'ICT', '1.1_MixVPR')
Number of candidates after local matching: 35
PnP pairs 2D shape: (2993, 2) 3D shape: (2993, 3)
Multiframe time (ms): 192
Floorplan Pose (x, y, angle): {'xy': array([ 793.28028275, 1163.08060626]), 'ang': 347.43800095172}
Best map key: ('Mahidol_University', 'ICT', '1.1_MixVPR')
Number of candidates after local matching: 50
PnP pairs 2D shape: (5800, 2) 3D shape: (5800, 3)
Multiframe time (ms): 333
Floorplan Pose (x, y, angle): {'xy': array([1794.61231351, 1333.49466366]), 'ang': 349.9603918823688}
Best map key: ('Mahidol_University', 'ICT', '1.1_MixVPR')
Number of candidates after local matching: 50
PnP pairs 2D shape: (9650, 2) 3D shape: (9650, 3)
Multiframe time (ms): 805
Floorplan Pose (x, y, angle): {'xy': array([1499.09836743, 1816.68754885]), 'ang': 253.29770832882832}
Best map key: ('Mahidol_University', 'ICT', '1.1_MixVPR')
Number of candidates after local matching: 50
PnP pairs 2D shape: (5233, 2) 3D shape: (5233, 3)
Multiframe time (ms): 422
Floorplan Pose (x, y, angle): {'xy': array([2061.81188365,  693.78839369]), 'ang': 41.59462180259368}
Best map key: ('Mahidol_University', 'ICT', '1.1_MixVPR')
Number of candidates after local matching: 50
PnP pairs 2D shape: (11046, 2) 3D shape: (11046, 3)
Multiframe time (ms): 776
Floorplan Pose (x, y, angle): {'xy': array([1774.87062633, 1866.29339059]), 'ang': 175.71721498671846}
Best map key: ('Mahidol_University', 'ICT', '1.1_MixVPR')
Number of candidates after local matching: 50
PnP pairs 2D shape: (4847, 2) 3D shape: (4847, 3)
Multiframe time (ms): 337
Floorplan Pose (x, y, angle): {'xy': array([2059.02552592,  775.42076405]), 'ang': 220.15150150218057}
Best map key: ('Mahidol_University', 'ICT', '1.1_MixVPR')
Number of candidates after local matching: 50
PnP pairs 2D shape: (8574, 2) 3D shape: (8574, 3)
Multiframe time (ms): 1083
Floorplan Pose (x, y, angle): {'xy': array([2165.64515977, 1476.96238231]), 'ang': 230.96582765080927}
Best map key: ('Mahidol_University', 'ICT', '1.1_MixVPR')
Number of candidates after local matching: 50
PnP pairs 2D shape: (6839, 2) 3D shape: (6839, 3)
Multiframe time (ms): 408
Floorplan Pose (x, y, angle): {'xy': array([2255.29897189, 1689.24587251]), 'ang': 77.88863268666442}
Best map key: ('Mahidol_University', 'ICT', '1.1_MixVPR')
Number of candidates after local matching: 45
PnP pairs 2D shape: (4255, 2) 3D shape: (4255, 3)
Multiframe time (ms): 227
Floorplan Pose (x, y, angle): {'xy': array([1570.76645428, 1339.66999298]), 'ang': 354.9791669178535}
Best map key: ('Mahidol_University', 'ICT', '1.1_MixVPR')
Number of candidates after local matching: 15
PnP pairs 2D shape: (949, 2) 3D shape: (949, 3)
Multiframe time (ms): 92
Floorplan Pose (x, y, angle): {'xy': array([ 842.58075782, 1363.28258283]), 'ang': 106.68357591068005}
Best map key: ('Mahidol_University', 'ICT', '1.1_MixVPR')
Number of candidates after local matching: 25
PnP pairs 2D shape: (2041, 2) 3D shape: (2041, 3)
Multiframe time (ms): 129
Floorplan Pose (x, y, angle): {'xy': array([1329.7753718 , 1385.77923783]), 'ang': 167.93899833346336}
Best map key: ('Mahidol_University', 'ICT', '1.1_MixVPR')
Number of candidates after local matching: 50
PnP pairs 2D shape: (7623, 2) 3D shape: (7623, 3)
Multiframe time (ms): 522
Floorplan Pose (x, y, angle): {'xy': array([2014.43971922, 1200.49452279]), 'ang': 274.45211921269066}
Best map key: ('Mahidol_University', 'ICT', '1.1_MixVPR')
Number of candidates after local matching: 50
PnP pairs 2D shape: (7803, 2) 3D shape: (7803, 3)
Multiframe time (ms): 478
Floorplan Pose (x, y, angle): {'xy': array([1617.18486897, 1866.18782845]), 'ang': 173.81601248443965}
Best map key: ('Mahidol_University', 'ICT', '1.1_MixVPR')
Number of candidates after local matching: 50
PnP pairs 2D shape: (6785, 2) 3D shape: (6785, 3)
Multiframe time (ms): 381
Floorplan Pose (x, y, angle): {'xy': array([2491.02470796, 1803.58316359]), 'ang': 37.19182426800294}
Best map key: ('Mahidol_University', 'ICT', '1.1_MixVPR')
Number of candidates after local matching: 50
PnP pairs 2D shape: (4864, 2) 3D shape: (4864, 3)
Multiframe time (ms): 481
Floorplan Pose (x, y, angle): {'xy': array([1133.69348486, 1352.74864114]), 'ang': 148.59574710355943}
Best map key: ('Mahidol_University', 'ICT', '1.1_MixVPR')
Number of candidates after local matching: 50
PnP pairs 2D shape: (10219, 2) 3D shape: (10219, 3)
Multiframe time (ms): 753
Floorplan Pose (x, y, angle): {'xy': array([1502.15141093, 1651.96963655]), 'ang': 299.16797489243163}
Best map key: ('Mahidol_University', 'ICT', '1.1_MixVPR')
Number of candidates after local matching: 50
PnP pairs 2D shape: (11433, 2) 3D shape: (11433, 3)
Multiframe time (ms): 816
Floorplan Pose (x, y, angle): {'xy': array([2527.34833964, 1808.79937977]), 'ang': 153.34221312381015}
Best map key: ('Mahidol_University', 'ICT', '1.1_MixVPR')
Number of candidates after local matching: 50
PnP pairs 2D shape: (8776, 2) 3D shape: (8776, 3)
Multiframe time (ms): 668
Floorplan Pose (x, y, angle): {'xy': array([2256.53101774, 1688.45046699]), 'ang': 135.6126578227597}
Best map key: ('Mahidol_University', 'ICT', '1.1_MixVPR')
Number of candidates after local matching: 50
PnP pairs 2D shape: (7726, 2) 3D shape: (7726, 3)
Multiframe time (ms): 447
Floorplan Pose (x, y, angle): {'xy': array([2017.316685  ,  985.38022662]), 'ang': 120.51036767480822}
Best map key: ('Mahidol_University', 'ICT', '1.1_MixVPR')
Number of candidates after local matching: 49
PnP pairs 2D shape: (8109, 2) 3D shape: (8109, 3)
Multiframe time (ms): 458
Floorplan Pose (x, y, angle): {'xy': array([2018.17769796, 1011.03986358]), 'ang': 19.998475475967794}
Best map key: ('Mahidol_University', 'ICT', '1.1_MixVPR')
Number of candidates after local matching: 10
PnP pairs 2D shape: (738, 2) 3D shape: (738, 3)
Multiframe time (ms): 41
Floorplan Pose (x, y, angle): {'xy': array([1331.22458241, 1386.02472403]), 'ang': 330.7566003117894}
Best map key: ('Mahidol_University', 'ICT', '1.1_MixVPR')
Number of candidates after local matching: 37
PnP pairs 2D shape: (3202, 2) 3D shape: (3202, 3)
Multiframe time (ms): 234
Floorplan Pose (x, y, angle): {'xy': array([ 950.38413853, 1345.87306771]), 'ang': 200.20237791452902}
Best map key: ('Mahidol_University', 'ICT', '1.1_MixVPR')
Number of candidates after local matching: 50
PnP pairs 2D shape: (10427, 2) 3D shape: (10427, 3)
Multiframe time (ms): 746
Floorplan Pose (x, y, angle): {'xy': array([2036.16131624,  899.18203156]), 'ang': 40.64096454671233}
Best map key: ('Mahidol_University', 'ICT', '1.1_MixVPR')
Number of candidates after local matching: 27
PnP pairs 2D shape: (2781, 2) 3D shape: (2781, 3)
Multiframe time (ms): 146
Floorplan Pose (x, y, angle): {'xy': array([1725.00007783, 1334.63861089]), 'ang': 265.9835168186634}
Best map key: ('Mahidol_University', 'ICT', '1.1_MixVPR')
Number of candidates after local matching: 50
PnP pairs 2D shape: (10373, 2) 3D shape: (10373, 3)
Multiframe time (ms): 770
Floorplan Pose (x, y, angle): {'xy': array([2639.26557916, 1774.21813024]), 'ang': 244.19524579920522}
Best map key: ('Mahidol_University', 'ICT', '1.1_MixVPR')
Number of candidates after local matching: 43
PnP pairs 2D shape: (5572, 2) 3D shape: (5572, 3)
Multiframe time (ms): 769
Floorplan Pose (x, y, angle): {'xy': array([2103.43803239, 1402.76465354]), 'ang': 303.66688922129543}
Best map key: ('Mahidol_University', 'ICT', '1.1_MixVPR')
Number of candidates after local matching: 50
PnP pairs 2D shape: (4966, 2) 3D shape: (4966, 3)
Multiframe time (ms): 287
Floorplan Pose (x, y, angle): {'xy': array([2040.06117806,  604.87749978]), 'ang': 29.08224818311548}
Best map key: ('Mahidol_University', 'ICT', '1.1_MixVPR')
Number of candidates after local matching: 50
PnP pairs 2D shape: (11717, 2) 3D shape: (11717, 3)
Multiframe time (ms): 1114
Floorplan Pose (x, y, angle): {'xy': array([1402.91451516, 1495.16016977]), 'ang': 68.27174597089457}
Best map key: ('Mahidol_University', 'ICT', '1.1_MixVPR')
Number of candidates after local matching: 50
PnP pairs 2D shape: (5477, 2) 3D shape: (5477, 3)
Multiframe time (ms): 344
Floorplan Pose (x, y, angle): {'xy': array([1516.45511548, 1339.22489971]), 'ang': 173.07308480345995}
Best map key: ('Mahidol_University', 'ICT', '1.1_MixVPR')
Number of candidates after local matching: 50
PnP pairs 2D shape: (9113, 2) 3D shape: (9113, 3)
Multiframe time (ms): 869
Floorplan Pose (x, y, angle): {'xy': array([1696.42691959, 1869.3920603 ]), 'ang': 171.10288911665558}
Best map key: ('Mahidol_University', 'ICT', '1.1_MixVPR')
Number of candidates after local matching: 36
PnP pairs 2D shape: (2801, 2) 3D shape: (2801, 3)
Multiframe time (ms): 183
Floorplan Pose (x, y, angle): {'xy': array([1275.91743843, 1345.31806101]), 'ang': 204.6471794238595}
Best map key: ('Mahidol_University', 'ICT', '1.1_MixVPR')
Number of candidates after local matching: 33
PnP pairs 2D shape: (2729, 2) 3D shape: (2729, 3)
Multiframe time (ms): 208
Floorplan Pose (x, y, angle): {'xy': array([1671.59343726, 1338.85229332]), 'ang': 330.9460336150725}
Best map key: ('Mahidol_University', 'ICT', '1.1_MixVPR')
Number of candidates after local matching: 49
PnP pairs 2D shape: (4552, 2) 3D shape: (4552, 3)
Multiframe time (ms): 251
Floorplan Pose (x, y, angle): {'xy': array([2008.64286692, 1132.92605957]), 'ang': 182.26892761025013}
Best map key: ('Mahidol_University', 'ICT', '1.1_MixVPR')
Number of candidates after local matching: 1
PnP pairs 2D shape: (52, 2) 3D shape: (52, 3)
Multiframe time (ms): 11
Floorplan Pose (x, y, angle): {'xy': array([ 922.2316794 , 1345.76912596]), 'ang': 242.36670191543772}
Best map key: ('Mahidol_University', 'ICT', '1.1_MixVPR')
Number of candidates after local matching: 47
PnP pairs 2D shape: (5152, 2) 3D shape: (5152, 3)
Multiframe time (ms): 413
Floorplan Pose (x, y, angle): {'xy': array([ 806.67192039, 1319.7366206 ]), 'ang': 12.705453596304231}
Best map key: ('Mahidol_University', 'ICT', '1.1_MixVPR')
Number of candidates after local matching: 49
PnP pairs 2D shape: (4135, 2) 3D shape: (4135, 3)
Multiframe time (ms): 273
Floorplan Pose (x, y, angle): {'xy': array([2016.91498613, 1008.42146037]), 'ang': 157.78770137846877}
Best map key: ('Mahidol_University', 'ICT', '1.1_MixVPR')
Number of candidates after local matching: 50
PnP pairs 2D shape: (8882, 2) 3D shape: (8882, 3)
Multiframe time (ms): 803
Floorplan Pose (x, y, angle): {'xy': array([2079.64048781, 1049.73679534]), 'ang': 321.1886691364838}
Best map key: ('Mahidol_University', 'ICT', '1.1_MixVPR')
Number of candidates after local matching: 42
PnP pairs 2D shape: (2863, 2) 3D shape: (2863, 3)
Multiframe time (ms): 215
Floorplan Pose (x, y, angle): {'xy': array([ 779.57066012, 1245.51029809]), 'ang': 100.56333070585745}
Best map key: ('Mahidol_University', 'ICT', '1.1_MixVPR')
Number of candidates after local matching: 50
PnP pairs 2D shape: (7071, 2) 3D shape: (7071, 3)
Multiframe time (ms): 476
Floorplan Pose (x, y, angle): {'xy': array([2255.57822105, 1662.79006176]), 'ang': 86.52598841339537}
Best map key: ('Mahidol_University', 'ICT', '1.1_MixVPR')
Number of candidates after local matching: 50
PnP pairs 2D shape: (6838, 2) 3D shape: (6838, 3)
Multiframe time (ms): 525
Floorplan Pose (x, y, angle): {'xy': array([2095.17520619, 1247.75945568]), 'ang': 188.21041653974927}
Best map key: ('Mahidol_University', 'ICT', '1.1_MixVPR')
Number of candidates after local matching: 50
PnP pairs 2D shape: (6184, 2) 3D shape: (6184, 3)
Multiframe time (ms): 473
Floorplan Pose (x, y, angle): {'xy': array([2058.61825199,  644.67341435]), 'ang': 175.407601388826}
Best map key: ('Mahidol_University', 'ICT', '1.1_MixVPR')
Number of candidates after local matching: 47
PnP pairs 2D shape: (4350, 2) 3D shape: (4350, 3)
Multiframe time (ms): 366
Floorplan Pose (x, y, angle): {'xy': array([ 780.14503803, 1222.9419454 ]), 'ang': 56.415799814101725}
Best map key: ('Mahidol_University', 'ICT', '1.1_MixVPR')
Number of candidates after local matching: 50
PnP pairs 2D shape: (8658, 2) 3D shape: (8658, 3)
Multiframe time (ms): 631
Floorplan Pose (x, y, angle): {'xy': array([1722.41211783, 1331.91905966]), 'ang': 87.11996509752727}
Best map key: ('Mahidol_University', 'ICT', '1.1_MixVPR')
Number of candidates after local matching: 50
PnP pairs 2D shape: (12927, 2) 3D shape: (12927, 3)
Multiframe time (ms): 1253
Floorplan Pose (x, y, angle): {'xy': array([2178.52893978, 1533.70660825]), 'ang': 162.7458670634496}
Best map key: ('Mahidol_University', 'ICT', '1.1_MixVPR')
Number of candidates after local matching: 50
PnP pairs 2D shape: (8982, 2) 3D shape: (8982, 3)
Multiframe time (ms): 556
Floorplan Pose (x, y, angle): {'xy': array([2018.11486865,  957.99952404]), 'ang': 99.64979969482062}
Best map key: ('Mahidol_University', 'ICT', '1.1_MixVPR')
Number of candidates after local matching: 50
PnP pairs 2D shape: (8600, 2) 3D shape: (8600, 3)
Multiframe time (ms): 719
Floorplan Pose (x, y, angle): {'xy': array([1769.07682348, 1332.67361155]), 'ang': 14.803627918387214}
Best map key: ('Mahidol_University', 'ICT', '1.1_MixVPR')
Number of candidates after local matching: 50
PnP pairs 2D shape: (8184, 2) 3D shape: (8184, 3)
Multiframe time (ms): 592
Floorplan Pose (x, y, angle): {'xy': array([2258.61288065, 1659.93906324]), 'ang': 130.83294837982064}
Best map key: ('Mahidol_University', 'ICT', '1.1_MixVPR')
Number of candidates after local matching: 50
PnP pairs 2D shape: (13516, 2) 3D shape: (13516, 3)
Multiframe time (ms): 869
Floorplan Pose (x, y, angle): {'xy': array([1852.12158696, 1730.6397151 ]), 'ang': 325.0552221643276}
Best map key: ('Mahidol_University', 'ICT', '1.1_MixVPR')
Number of candidates after local matching: 39
PnP pairs 2D shape: (3182, 2) 3D shape: (3182, 3)
Multiframe time (ms): 186
Floorplan Pose (x, y, angle): {'xy': array([1621.09678345, 1338.17140023]), 'ang': 333.88349676072744}
Best map key: ('Mahidol_University', 'ICT', '1.1_MixVPR')
Number of candidates after local matching: 50
PnP pairs 2D shape: (7750, 2) 3D shape: (7750, 3)
Multiframe time (ms): 661
Floorplan Pose (x, y, angle): {'xy': array([1775.51732851, 1334.34375963]), 'ang': 12.301051584520796}
Best map key: ('Mahidol_University', 'ICT', '1.1_MixVPR')
Number of candidates after local matching: 2
PnP pairs 2D shape: (106, 2) 3D shape: (106, 3)
Multiframe time (ms): 13
Floorplan Pose (x, y, angle): {'xy': array([1902.01125585, 1335.70392507]), 'ang': 247.6563165342236}
Best map key: ('Mahidol_University', 'ICT', '1.1_MixVPR')
Number of candidates after local matching: 50
PnP pairs 2D shape: (9023, 2) 3D shape: (9023, 3)
Multiframe time (ms): 751
Floorplan Pose (x, y, angle): {'xy': array([1303.4727636, 1354.0785975]), 'ang': 33.55920483204246}
Best map key: ('Mahidol_University', 'ICT', '1.1_MixVPR')
Number of candidates after local matching: 50
PnP pairs 2D shape: (15070, 2) 3D shape: (15070, 3)
Multiframe time (ms): 1281
Floorplan Pose (x, y, angle): {'xy': array([2636.34138355, 1702.67157404]), 'ang': 167.52672339657593}
Best map key: ('Mahidol_University', 'ICT', '1.1_MixVPR')
Number of candidates after local matching: 50
PnP pairs 2D shape: (11694, 2) 3D shape: (11694, 3)
Multiframe time (ms): 893
Floorplan Pose (x, y, angle): {'xy': array([1747.51918115, 1878.54687732]), 'ang': 288.02938656158113}
Best map key: ('Mahidol_University', 'ICT', '1.1_MixVPR')
Number of candidates after local matching: 42
PnP pairs 2D shape: (3050, 2) 3D shape: (3050, 3)
Multiframe time (ms): 193
Floorplan Pose (x, y, angle): {'xy': array([1272.95491545, 1345.66066334]), 'ang': 332.37379869977497}
Best map key: ('Mahidol_University', 'ICT', '1.1_MixVPR')
Number of candidates after local matching: 50
PnP pairs 2D shape: (16312, 2) 3D shape: (16312, 3)
Multiframe time (ms): 1149
Floorplan Pose (x, y, angle): {'xy': array([1713.64235445, 1870.95316224]), 'ang': 6.770295249885956}
Best map key: ('Mahidol_University', 'ICT', '1.1_MixVPR')
Number of candidates after local matching: 50
PnP pairs 2D shape: (9622, 2) 3D shape: (9622, 3)
Multiframe time (ms): 691
Floorplan Pose (x, y, angle): {'xy': array([2344.74398428, 1715.92624329]), 'ang': 307.7513339287147}
Best map key: ('Mahidol_University', 'ICT', '1.1_MixVPR')
Number of candidates after local matching: 35
PnP pairs 2D shape: (2365, 2) 3D shape: (2365, 3)
Multiframe time (ms): 120
Floorplan Pose (x, y, angle): {'xy': array([1413.97008837, 1337.85742107]), 'ang': 332.04902433468413}
Best map key: ('Mahidol_University', 'ICT', '1.1_MixVPR')
Number of candidates after local matching: 50
PnP pairs 2D shape: (14777, 2) 3D shape: (14777, 3)
Multiframe time (ms): 1217
Floorplan Pose (x, y, angle): {'xy': array([2170.92441947, 1478.09312246]), 'ang': 153.9760920924741}
Best map key: ('Mahidol_University', 'ICT', '1.1_MixVPR')
Number of candidates after local matching: 50
PnP pairs 2D shape: (6866, 2) 3D shape: (6866, 3)
Multiframe time (ms): 459
Floorplan Pose (x, y, angle): {'xy': array([2075.10529072, 1096.03331135]), 'ang': 222.7412293804902}
Best map key: ('Mahidol_University', 'ICT', '1.1_MixVPR')
Number of candidates after local matching: 50
PnP pairs 2D shape: (6803, 2) 3D shape: (6803, 3)
Multiframe time (ms): 519
Floorplan Pose (x, y, angle): {'xy': array([2023.72838976, 1220.84895972]), 'ang': 231.84299184648467}
Best map key: ('Mahidol_University', 'ICT', '1.1_MixVPR')
Number of candidates after local matching: 50
PnP pairs 2D shape: (8486, 2) 3D shape: (8486, 3)
Multiframe time (ms): 384
Floorplan Pose (x, y, angle): {'xy': array([2023.85312363, 1011.17261133]), 'ang': 0.41415891214830153}
Best map key: ('Mahidol_University', 'ICT', '1.1_MixVPR')
Number of candidates after local matching: 50
PnP pairs 2D shape: (7079, 2) 3D shape: (7079, 3)
Multiframe time (ms): 463
Floorplan Pose (x, y, angle): {'xy': array([2101.07365255, 1246.44279618]), 'ang': 266.74779425705094}
Best map key: ('Mahidol_University', 'ICT', '1.1_MixVPR')
Number of candidates after local matching: 50
PnP pairs 2D shape: (9235, 2) 3D shape: (9235, 3)
Multiframe time (ms): 728
Floorplan Pose (x, y, angle): {'xy': array([2027.30337274, 1182.04513249]), 'ang': 91.28008100601943}
Best map key: ('Mahidol_University', 'ICT', '1.1_MixVPR')
Number of candidates after local matching: 50
PnP pairs 2D shape: (5443, 2) 3D shape: (5443, 3)
Multiframe time (ms): 366
Floorplan Pose (x, y, angle): {'xy': array([2018.64703216, 1034.17645083]), 'ang': 221.16025398753422}
Best map key: ('Mahidol_University', 'ICT', '1.1_MixVPR')
Number of candidates after local matching: 16
PnP pairs 2D shape: (1111, 2) 3D shape: (1111, 3)
Multiframe time (ms): 90
Floorplan Pose (x, y, angle): {'xy': array([ 762.20476238, 1195.61358839]), 'ang': 212.52647013766799}
Best map key: ('Mahidol_University', 'ICT', '1.1_MixVPR')
Number of candidates after local matching: 50
PnP pairs 2D shape: (12642, 2) 3D shape: (12642, 3)
Multiframe time (ms): 790
Floorplan Pose (x, y, angle): {'xy': array([2257.37222982, 1664.52241829]), 'ang': 191.5665661239483}
Best map key: ('Mahidol_University', 'ICT', '1.1_MixVPR')
Number of candidates after local matching: 50
PnP pairs 2D shape: (5503, 2) 3D shape: (5503, 3)
Multiframe time (ms): 528
Floorplan Pose (x, y, angle): {'xy': array([1555.64699149, 1333.08019854]), 'ang': 154.73431807011062}
Best map key: ('Mahidol_University', 'ICT', '1.1_MixVPR')
Number of candidates after local matching: 44
PnP pairs 2D shape: (3361, 2) 3D shape: (3361, 3)
Multiframe time (ms): 160
Floorplan Pose (x, y, angle): {'xy': array([1105.84814477, 1340.91752588]), 'ang': 328.621859903771}
Best map key: ('Mahidol_University', 'ICT', '1.1_MixVPR')
Number of candidates after local matching: 50
PnP pairs 2D shape: (8986, 2) 3D shape: (8986, 3)
Multiframe time (ms): 393
Floorplan Pose (x, y, angle): {'xy': array([2037.37575127,  974.24928493]), 'ang': 336.41429407614226}
Best map key: ('Mahidol_University', 'ICT', '1.1_MixVPR')
Number of candidates after local matching: 50
PnP pairs 2D shape: (12565, 2) 3D shape: (12565, 3)
Multiframe time (ms): 1330
Floorplan Pose (x, y, angle): {'xy': array([2532.6227762 , 1819.23152919]), 'ang': 227.05751858626672}
Best map key: ('Mahidol_University', 'ICT', '1.1_MixVPR')
Number of candidates after local matching: 50
PnP pairs 2D shape: (13498, 2) 3D shape: (13498, 3)
Multiframe time (ms): 1125
Floorplan Pose (x, y, angle): {'xy': array([1800.53401586, 1781.96777449]), 'ang': 351.9536629649548}
Best map key: ('Mahidol_University', 'ICT', '1.1_MixVPR')
Number of candidates after local matching: 50
PnP pairs 2D shape: (17191, 2) 3D shape: (17191, 3)
Multiframe time (ms): 1054
Floorplan Pose (x, y, angle): {'xy': array([1379.68399569, 1498.39396889]), 'ang': 39.424352950611684}
Best map key: ('Mahidol_University', 'ICT', '1.1_MixVPR')
Number of candidates after local matching: 48
PnP pairs 2D shape: (5093, 2) 3D shape: (5093, 3)
Multiframe time (ms): 413
Floorplan Pose (x, y, angle): {'xy': array([2073.81065056,  650.61564143]), 'ang': 269.73357065897164}
Best map key: ('Mahidol_University', 'ICT', '1.1_MixVPR')
Number of candidates after local matching: 50
PnP pairs 2D shape: (6500, 2) 3D shape: (6500, 3)
Multiframe time (ms): 425
Floorplan Pose (x, y, angle): {'xy': array([2027.42399128, 1160.39516234]), 'ang': 159.2641462923313}
Best map key: None
Number of candidates after local matching: 0
PnP pairs 2D shape: (0, 2) 3D shape: (0, 3)
Multiframe time (ms): 0
Not enough 2D-3D correspondences for pose estimation.
Best map key: ('Mahidol_University', 'ICT', '1.1_MixVPR')
Number of candidates after local matching: 50
PnP pairs 2D shape: (5680, 2) 3D shape: (5680, 3)
Multiframe time (ms): 452
Floorplan Pose (x, y, angle): {'xy': array([2082.99846799,  691.94341004]), 'ang': 62.80848115405043}
Best map key: ('Mahidol_University', 'ICT', '1.1_MixVPR')
Number of candidates after local matching: 50
PnP pairs 2D shape: (9273, 2) 3D shape: (9273, 3)
Multiframe time (ms): 912
Floorplan Pose (x, y, angle): {'xy': array([2010.92702126, 1260.38218125]), 'ang': 60.95435180673219}
Best map key: ('Mahidol_University', 'ICT', '1.1_MixVPR')
Number of candidates after local matching: 48
PnP pairs 2D shape: (7621, 2) 3D shape: (7621, 3)
Multiframe time (ms): 437
Floorplan Pose (x, y, angle): {'xy': array([2093.26315222, 1249.32322841]), 'ang': 168.38823343680497}
Best map key: ('Mahidol_University', 'ICT', '1.1_MixVPR')
Number of candidates after local matching: 49
PnP pairs 2D shape: (5543, 2) 3D shape: (5543, 3)
Multiframe time (ms): 386
Floorplan Pose (x, y, angle): {'xy': array([2050.69401314,  833.48967705]), 'ang': 191.11975300940125}
Best map key: ('Mahidol_University', 'ICT', '1.1_MixVPR')
Number of candidates after local matching: 50
PnP pairs 2D shape: (10363, 2) 3D shape: (10363, 3)
Multiframe time (ms): 603
Floorplan Pose (x, y, angle): {'xy': array([1938.97527991, 1716.38459211]), 'ang': 248.79297680370473}
Best map key: ('Mahidol_University', 'ICT', '1.1_MixVPR')
Number of candidates after local matching: 50
PnP pairs 2D shape: (8578, 2) 3D shape: (8578, 3)
Multiframe time (ms): 591
Floorplan Pose (x, y, angle): {'xy': array([2071.16937906,  951.46761508]), 'ang': 122.24503739328793}
Best map key: ('Mahidol_University', 'ICT', '1.1_MixVPR')
Number of candidates after local matching: 45
PnP pairs 2D shape: (3588, 2) 3D shape: (3588, 3)
Multiframe time (ms): 297
Floorplan Pose (x, y, angle): {'xy': array([2059.65198614,  774.56082285]), 'ang': 317.55841845103544}
Best map key: ('Mahidol_University', 'ICT', '1.1_MixVPR')
Number of candidates after local matching: 19
PnP pairs 2D shape: (1310, 2) 3D shape: (1310, 3)
Multiframe time (ms): 71
Floorplan Pose (x, y, angle): {'xy': array([1083.01230373, 1355.27711385]), 'ang': 294.02880879138326}
Best map key: None
Number of candidates after local matching: 0
PnP pairs 2D shape: (0, 2) 3D shape: (0, 3)
Multiframe time (ms): 0
Not enough 2D-3D correspondences for pose estimation.
Best map key: ('Mahidol_University', 'ICT', '1.1_MixVPR')
Number of candidates after local matching: 50
PnP pairs 2D shape: (15167, 2) 3D shape: (15167, 3)
Multiframe time (ms): 1477
Floorplan Pose (x, y, angle): {'xy': array([1503.54736704, 1720.11990727]), 'ang': 44.75997507479115}
Best map key: ('Mahidol_University', 'ICT', '1.1_MixVPR')
Number of candidates after local matching: 48
PnP pairs 2D shape: (4731, 2) 3D shape: (4731, 3)
Multiframe time (ms): 418
Floorplan Pose (x, y, angle): {'xy': array([1645.03105967, 1337.43644185]), 'ang': 354.576421462217}
Best map key: ('Mahidol_University', 'ICT', '1.1_MixVPR')
Number of candidates after local matching: 45
PnP pairs 2D shape: (4212, 2) 3D shape: (4212, 3)
Multiframe time (ms): 374
Floorplan Pose (x, y, angle): {'xy': array([1103.21537337, 1341.00689582]), 'ang': 41.305634755535436}
Best map key: ('Mahidol_University', 'ICT', '1.1_MixVPR')
Number of candidates after local matching: 50
PnP pairs 2D shape: (9889, 2) 3D shape: (9889, 3)
Multiframe time (ms): 1150
Floorplan Pose (x, y, angle): {'xy': array([2018.18389354,  988.28279042]), 'ang': 77.08632573148428}
Best map key: ('Mahidol_University', 'ICT', '1.1_MixVPR')
Number of candidates after local matching: 47
PnP pairs 2D shape: (4771, 2) 3D shape: (4771, 3)
Multiframe time (ms): 299
Floorplan Pose (x, y, angle): {'xy': array([1362.57891377, 1337.81584502]), 'ang': 353.30109337604546}
Best map key: ('Mahidol_University', 'ICT', '1.1_MixVPR')
Number of candidates after local matching: 50
PnP pairs 2D shape: (6751, 2) 3D shape: (6751, 3)
Multiframe time (ms): 493
Floorplan Pose (x, y, angle): {'xy': array([2013.66237863, 1059.81462126]), 'ang': 140.59998617106427}
Best map key: ('Mahidol_University', 'ICT', '1.1_MixVPR')
Number of candidates after local matching: 47
PnP pairs 2D shape: (6203, 2) 3D shape: (6203, 3)
Multiframe time (ms): 487
Floorplan Pose (x, y, angle): {'xy': array([2079.46498617, 1147.15739253]), 'ang': 5.776108469259479}
Best map key: ('Mahidol_University', 'ICT', '1.1_MixVPR')
Number of candidates after local matching: 48
PnP pairs 2D shape: (5268, 2) 3D shape: (5268, 3)
Multiframe time (ms): 511
Floorplan Pose (x, y, angle): {'xy': array([1024.93973524, 1344.61991836]), 'ang': 165.2606989561755}
Best map key: None
Number of candidates after local matching: 0
PnP pairs 2D shape: (0, 2) 3D shape: (0, 3)
Multiframe time (ms): 0
Not enough 2D-3D correspondences for pose estimation.
Best map key: ('Mahidol_University', 'ICT', '1.1_MixVPR')
Number of candidates after local matching: 20
PnP pairs 2D shape: (1397, 2) 3D shape: (1397, 3)
Multiframe time (ms): 104
Floorplan Pose (x, y, angle): {'xy': array([ 839.03845579, 1355.62109436]), 'ang': 313.3633264547513}
Best map key: ('Mahidol_University', 'ICT', '1.1_MixVPR')
Number of candidates after local matching: 11
PnP pairs 2D shape: (774, 2) 3D shape: (774, 3)
Multiframe time (ms): 67
Floorplan Pose (x, y, angle): {'xy': array([ 926.74224154, 1353.42220278]), 'ang': 248.66520470064444}
Best map key: ('Mahidol_University', 'ICT', '1.1_MixVPR')
Number of candidates after local matching: 28
PnP pairs 2D shape: (2082, 2) 3D shape: (2082, 3)
Multiframe time (ms): 116
Floorplan Pose (x, y, angle): {'xy': array([1208.23771656, 1351.41273429]), 'ang': 306.72117056129537}
Best map key: ('Mahidol_University', 'ICT', '1.1_MixVPR')
Number of candidates after local matching: 43
PnP pairs 2D shape: (3531, 2) 3D shape: (3531, 3)
Multiframe time (ms): 412
Floorplan Pose (x, y, angle): {'xy': array([ 799.14809038, 1285.16438349]), 'ang': 210.3592210402437}
Best map key: ('Mahidol_University', 'ICT', '1.1_MixVPR')
Number of candidates after local matching: 50
PnP pairs 2D shape: (5783, 2) 3D shape: (5783, 3)
Multiframe time (ms): 381
Floorplan Pose (x, y, angle): {'xy': array([2049.78971196,  867.70797273]), 'ang': 328.45751782274186}
Best map key: ('Mahidol_University', 'ICT', '1.1_MixVPR')
Number of candidates after local matching: 50
PnP pairs 2D shape: (10418, 2) 3D shape: (10418, 3)
Multiframe time (ms): 880
Floorplan Pose (x, y, angle): {'xy': array([2575.15811656, 1835.98294108]), 'ang': 89.7132882532303}
Best map key: ('Mahidol_University', 'ICT', '1.1_MixVPR')
Number of candidates after local matching: 42
PnP pairs 2D shape: (3851, 2) 3D shape: (3851, 3)
Multiframe time (ms): 296
Floorplan Pose (x, y, angle): {'xy': array([1498.27542126, 1633.28759955]), 'ang': 160.7689986458026}
Best map key: ('Mahidol_University', 'ICT', '1.1_MixVPR')
Number of candidates after local matching: 7
PnP pairs 2D shape: (431, 2) 3D shape: (431, 3)
Multiframe time (ms): 48
Floorplan Pose (x, y, angle): {'xy': array([ 759.77857078, 1203.15424968]), 'ang': 134.76288488897944}
Best map key: ('Mahidol_University', 'ICT', '1.1_MixVPR')
Number of candidates after local matching: 50
PnP pairs 2D shape: (12185, 2) 3D shape: (12185, 3)
Multiframe time (ms): 1002
Floorplan Pose (x, y, angle): {'xy': array([1816.00861861, 1758.26025636]), 'ang': 155.0266438133027}
Best map key: ('Mahidol_University', 'ICT', '1.1_MixVPR')
Number of candidates after local matching: 50
PnP pairs 2D shape: (6053, 2) 3D shape: (6053, 3)
Multiframe time (ms): 459
Floorplan Pose (x, y, angle): {'xy': array([1023.85024066, 1343.90005419]), 'ang': 67.62346695610019}
Best map key: ('Mahidol_University', 'ICT', '1.1_MixVPR')
Number of candidates after local matching: 45
PnP pairs 2D shape: (4253, 2) 3D shape: (4253, 3)
Multiframe time (ms): 256
Floorplan Pose (x, y, angle): {'xy': array([2092.88856285,  713.7075379 ]), 'ang': 36.22963160765913}
Best map key: ('Mahidol_University', 'ICT', '1.1_MixVPR')
Number of candidates after local matching: 33
PnP pairs 2D shape: (3792, 2) 3D shape: (3792, 3)
Multiframe time (ms): 241
Floorplan Pose (x, y, angle): {'xy': array([1336.30658292, 1435.81763453]), 'ang': 262.4398070746449}
Best map key: ('Mahidol_University', 'ICT', '1.1_MixVPR')
Number of candidates after local matching: 50
PnP pairs 2D shape: (9003, 2) 3D shape: (9003, 3)
Multiframe time (ms): 999
Floorplan Pose (x, y, angle): {'xy': array([2232.65083622, 1571.78445974]), 'ang': 246.74586068479428}
Best map key: ('Mahidol_University', 'ICT', '1.1_MixVPR')
Number of candidates after local matching: 41
PnP pairs 2D shape: (3009, 2) 3D shape: (3009, 3)
Multiframe time (ms): 147
Floorplan Pose (x, y, angle): {'xy': array([1132.61554266, 1353.77658589]), 'ang': 86.22154133498302}
Best map key: ('Mahidol_University', 'ICT', '1.1_MixVPR')
Number of candidates after local matching: 50
PnP pairs 2D shape: (7668, 2) 3D shape: (7668, 3)
Multiframe time (ms): 496
Floorplan Pose (x, y, angle): {'xy': array([2063.05351544,  918.40130098]), 'ang': 337.9927916801133}
Best map key: ('Mahidol_University', 'ICT', '1.1_MixVPR')
Number of candidates after local matching: 27
PnP pairs 2D shape: (1994, 2) 3D shape: (1994, 3)
Multiframe time (ms): 139
Floorplan Pose (x, y, angle): {'xy': array([ 791.61070898, 1174.22823217]), 'ang': 139.60449529315707}
Best map key: ('Mahidol_University', 'ICT', '1.1_MixVPR')
Number of candidates after local matching: 49
PnP pairs 2D shape: (6498, 2) 3D shape: (6498, 3)
Multiframe time (ms): 387
Floorplan Pose (x, y, angle): {'xy': array([1507.73362531, 1837.36362693]), 'ang': 85.01752703938816}
Best map key: ('Mahidol_University', 'ICT', '1.1_MixVPR')
Number of candidates after local matching: 48
PnP pairs 2D shape: (4303, 2) 3D shape: (4303, 3)
Multiframe time (ms): 318
Floorplan Pose (x, y, angle): {'xy': array([ 816.23440131, 1216.25746863]), 'ang': 108.77274935069997}
Best map key: ('Mahidol_University', 'ICT', '1.1_MixVPR')
Number of candidates after local matching: 44
PnP pairs 2D shape: (4169, 2) 3D shape: (4169, 3)
Multiframe time (ms): 278
Floorplan Pose (x, y, angle): {'xy': array([1240.94962674, 1341.99367448]), 'ang': 182.95977712069467}
Best map key: ('Mahidol_University', 'ICT', '1.1_MixVPR')
Number of candidates after local matching: 48
PnP pairs 2D shape: (7158, 2) 3D shape: (7158, 3)
Multiframe time (ms): 426
Floorplan Pose (x, y, angle): {'xy': array([2102.25928019, 1322.46791085]), 'ang': 162.6635769014208}
Best map key: ('Mahidol_University', 'ICT', '1.1_MixVPR')
Number of candidates after local matching: 50
PnP pairs 2D shape: (5817, 2) 3D shape: (5817, 3)
Multiframe time (ms): 316
Floorplan Pose (x, y, angle): {'xy': array([2074.15607073,  837.86307549]), 'ang': 205.93969781910306}
Best map key: ('Mahidol_University', 'ICT', '1.1_MixVPR')
Number of candidates after local matching: 50
PnP pairs 2D shape: (7464, 2) 3D shape: (7464, 3)
Multiframe time (ms): 599
Floorplan Pose (x, y, angle): {'xy': array([1876.24678502, 1336.56175422]), 'ang': 351.8418492379201}
Best map key: ('Mahidol_University', 'ICT', '1.1_MixVPR')
Number of candidates after local matching: 50
PnP pairs 2D shape: (7003, 2) 3D shape: (7003, 3)
Multiframe time (ms): 454
Floorplan Pose (x, y, angle): {'xy': array([1903.41719183, 1338.56174859]), 'ang': 73.19965078956952}
Best map key: ('Mahidol_University', 'ICT', '1.1_MixVPR')
Number of candidates after local matching: 49
PnP pairs 2D shape: (4109, 2) 3D shape: (4109, 3)
Multiframe time (ms): 272
Floorplan Pose (x, y, angle): {'xy': array([2057.96223541,  687.53759533]), 'ang': 343.32968913448644}
Best map key: ('Mahidol_University', 'ICT', '1.1_MixVPR')
Number of candidates after local matching: 50
PnP pairs 2D shape: (9737, 2) 3D shape: (9737, 3)
Multiframe time (ms): 816
Floorplan Pose (x, y, angle): {'xy': array([2069.51319691,  920.15817321]), 'ang': 100.51008151176309}
Best map key: ('Mahidol_University', 'ICT', '1.1_MixVPR')
Number of candidates after local matching: 50
PnP pairs 2D shape: (7753, 2) 3D shape: (7753, 3)
Multiframe time (ms): 572
Floorplan Pose (x, y, angle): {'xy': array([1724.94898105, 1334.30580299]), 'ang': 106.19912748069503}
Best map key: ('Mahidol_University', 'ICT', '1.1_MixVPR')
Number of candidates after local matching: 45
PnP pairs 2D shape: (3501, 2) 3D shape: (3501, 3)
Multiframe time (ms): 274
Floorplan Pose (x, y, angle): {'xy': array([2073.73684715,  837.06627433]), 'ang': 304.9307967710345}
Best map key: ('Mahidol_University', 'ICT', '1.1_MixVPR')
Number of candidates after local matching: 50
PnP pairs 2D shape: (6302, 2) 3D shape: (6302, 3)
Multiframe time (ms): 495
Floorplan Pose (x, y, angle): {'xy': array([1997.41471248, 1321.43777788]), 'ang': 228.53611406107598}
Best map key: ('Mahidol_University', 'ICT', '1.1_MixVPR')
Number of candidates after local matching: 25
PnP pairs 2D shape: (1434, 2) 3D shape: (1434, 3)
Multiframe time (ms): 173
Floorplan Pose (x, y, angle): {'xy': array([ 823.06471096, 1329.53932388]), 'ang': 149.95377717003922}
Best map key: ('Mahidol_University', 'ICT', '1.1_MixVPR')
Number of candidates after local matching: 50
PnP pairs 2D shape: (7492, 2) 3D shape: (7492, 3)
Multiframe time (ms): 538
Floorplan Pose (x, y, angle): {'xy': array([1379.91138848, 1501.13866224]), 'ang': 119.76000156218002}
Best map key: ('Mahidol_University', 'ICT', '1.1_MixVPR')
Number of candidates after local matching: 50
PnP pairs 2D shape: (11322, 2) 3D shape: (11322, 3)
Multiframe time (ms): 1030
Floorplan Pose (x, y, angle): {'xy': array([1915.0802025 , 1716.70958474]), 'ang': 130.40594818868263}
Best map key: ('Mahidol_University', 'ICT', '1.1_MixVPR')
Number of candidates after local matching: 49
PnP pairs 2D shape: (5607, 2) 3D shape: (5607, 3)
Multiframe time (ms): 453
Floorplan Pose (x, y, angle): {'xy': array([ 998.35575256, 1345.59548822]), 'ang': 184.01690390312928}
Best map key: ('Mahidol_University', 'ICT', '1.1_MixVPR')
Number of candidates after local matching: 44
PnP pairs 2D shape: (3577, 2) 3D shape: (3577, 3)
Multiframe time (ms): 225
Floorplan Pose (x, y, angle): {'xy': array([1153.13759401, 1341.43044558]), 'ang': 123.63688639658787}
Best map key: ('Mahidol_University', 'ICT', '1.1_MixVPR')
Number of candidates after local matching: 50
PnP pairs 2D shape: (9243, 2) 3D shape: (9243, 3)
Multiframe time (ms): 1033
Floorplan Pose (x, y, angle): {'xy': array([2433.34454272, 1668.70521106]), 'ang': 25.730589454595638}
Best map key: ('Mahidol_University', 'ICT', '1.1_MixVPR')
Number of candidates after local matching: 50
PnP pairs 2D shape: (13036, 2) 3D shape: (13036, 3)
Multiframe time (ms): 1387
Floorplan Pose (x, y, angle): {'xy': array([2635.57212544, 1723.90773677]), 'ang': 204.42697514385696}
Best map key: ('Mahidol_University', 'ICT', '1.1_MixVPR')
Number of candidates after local matching: 2
PnP pairs 2D shape: (110, 2) 3D shape: (110, 3)
Multiframe time (ms): 17
Floorplan Pose (x, y, angle): {'xy': array([1642.23569776, 1333.00805629]), 'ang': 245.60368312410776}
Best map key: ('Mahidol_University', 'ICT', '1.1_MixVPR')
Number of candidates after local matching: 49
PnP pairs 2D shape: (6281, 2) 3D shape: (6281, 3)
Multiframe time (ms): 621
Floorplan Pose (x, y, angle): {'xy': array([2086.3902084 ,  693.84366644]), 'ang': 80.36063561011817}
Best map key: ('Mahidol_University', 'ICT', '1.1_MixVPR')
Number of candidates after local matching: 49
PnP pairs 2D shape: (5999, 2) 3D shape: (5999, 3)
Multiframe time (ms): 498
Floorplan Pose (x, y, angle): {'xy': array([1848.51289708, 1333.7292981 ]), 'ang': 354.0789824933966}
Best map key: ('Mahidol_University', 'ICT', '1.1_MixVPR')
Number of candidates after local matching: 7
PnP pairs 2D shape: (511, 2) 3D shape: (511, 3)
Multiframe time (ms): 42
Floorplan Pose (x, y, angle): {'xy': array([1901.98886654, 1335.33036157]), 'ang': 229.5495571350808}
Best map key: ('Mahidol_University', 'ICT', '1.1_MixVPR')
Number of candidates after local matching: 50
PnP pairs 2D shape: (7623, 2) 3D shape: (7623, 3)
Multiframe time (ms): 550
Floorplan Pose (x, y, angle): {'xy': array([2090.81177874,  711.47599045]), 'ang': 97.82471184541603}
Best map key: ('Mahidol_University', 'ICT', '1.1_MixVPR')
Number of candidates after local matching: 50
PnP pairs 2D shape: (8976, 2) 3D shape: (8976, 3)
Multiframe time (ms): 722
Floorplan Pose (x, y, angle): {'xy': array([2076.45997221, 1105.3089669 ]), 'ang': 123.3270430169431}
Best map key: ('Mahidol_University', 'ICT', '1.1_MixVPR')
Number of candidates after local matching: 50
PnP pairs 2D shape: (8039, 2) 3D shape: (8039, 3)
Multiframe time (ms): 499
Floorplan Pose (x, y, angle): {'xy': array([2015.77276316, 1057.78451495]), 'ang': 117.99623338927181}
Best map key: ('Mahidol_University', 'ICT', '1.1_MixVPR')
Number of candidates after local matching: 50
PnP pairs 2D shape: (11758, 2) 3D shape: (11758, 3)
Multiframe time (ms): 1532
Floorplan Pose (x, y, angle): {'xy': array([1499.51631117, 1715.86611368]), 'ang': 298.4245146402411}
Best map key: ('Mahidol_University', 'ICT', '1.1_MixVPR')
Number of candidates after local matching: 50
PnP pairs 2D shape: (7362, 2) 3D shape: (7362, 3)
Multiframe time (ms): 680
Floorplan Pose (x, y, angle): {'xy': array([2470.59684632, 1668.58628241]), 'ang': 66.7573929581863}
Best map key: ('Mahidol_University', 'ICT', '1.1_MixVPR')
Number of candidates after local matching: 19
PnP pairs 2D shape: (1681, 2) 3D shape: (1681, 3)
Multiframe time (ms): 154
Floorplan Pose (x, y, angle): {'xy': array([ 810.17557846, 1167.92664466]), 'ang': 32.5922658923822}
Best map key: ('Mahidol_University', 'ICT', '1.1_MixVPR')
Number of candidates after local matching: 50
PnP pairs 2D shape: (5281, 2) 3D shape: (5281, 3)
Multiframe time (ms): 421
Floorplan Pose (x, y, angle): {'xy': array([2038.37975529,  894.11855733]), 'ang': 255.3281609637659}
Best map key: ('Mahidol_University', 'ICT', '1.1_MixVPR')
Number of candidates after local matching: 50
PnP pairs 2D shape: (4896, 2) 3D shape: (4896, 3)
Multiframe time (ms): 342
Floorplan Pose (x, y, angle): {'xy': array([2077.58598067,  763.71175198]), 'ang': 167.73922067357324}
Best map key: ('Mahidol_University', 'ICT', '1.1_MixVPR')
Number of candidates after local matching: 50
PnP pairs 2D shape: (6798, 2) 3D shape: (6798, 3)
Multiframe time (ms): 667
Floorplan Pose (x, y, angle): {'xy': array([2081.70999507,  692.99134395]), 'ang': 81.61905879065945}
Best map key: ('Mahidol_University', 'ICT', '1.1_MixVPR')
Number of candidates after local matching: 50
PnP pairs 2D shape: (9528, 2) 3D shape: (9528, 3)
Multiframe time (ms): 628
Floorplan Pose (x, y, angle): {'xy': array([2033.17323447,  970.65617745]), 'ang': 40.66239615231795}
Best map key: ('Mahidol_University', 'ICT', '1.1_MixVPR')
Number of candidates after local matching: 50
PnP pairs 2D shape: (5360, 2) 3D shape: (5360, 3)
Multiframe time (ms): 562
Floorplan Pose (x, y, angle): {'xy': array([2052.06250622,  846.64910545]), 'ang': 204.64178166734675}
Best map key: ('Mahidol_University', 'ICT', '1.1_MixVPR')
Number of candidates after local matching: 50
PnP pairs 2D shape: (8451, 2) 3D shape: (8451, 3)
Multiframe time (ms): 533
Floorplan Pose (x, y, angle): {'xy': array([2435.8150783 , 1776.76347318]), 'ang': 35.898413199525486}
Best map key: ('Mahidol_University', 'ICT', '1.1_MixVPR')
Number of candidates after local matching: 50
PnP pairs 2D shape: (8974, 2) 3D shape: (8974, 3)
Multiframe time (ms): 585
Floorplan Pose (x, y, angle): {'xy': array([2471.70536544, 1683.94164688]), 'ang': 28.35401641103753}
Best map key: ('Mahidol_University', 'ICT', '1.1_MixVPR')
Number of candidates after local matching: 50
PnP pairs 2D shape: (13667, 2) 3D shape: (13667, 3)
Multiframe time (ms): 1449
Floorplan Pose (x, y, angle): {'xy': array([2211.07349987, 1490.86377879]), 'ang': 169.86231898853865}
Best map key: ('Mahidol_University', 'ICT', '1.1_MixVPR')
Number of candidates after local matching: 12
PnP pairs 2D shape: (994, 2) 3D shape: (994, 3)
Multiframe time (ms): 103
Floorplan Pose (x, y, angle): {'xy': array([ 998.560704  , 1345.55024808]), 'ang': 289.3862431939345}
Best map key: ('Mahidol_University', 'ICT', '1.1_MixVPR')
Number of candidates after local matching: 50
PnP pairs 2D shape: (6135, 2) 3D shape: (6135, 3)
Multiframe time (ms): 610
Floorplan Pose (x, y, angle): {'xy': array([ 833.31213616, 1346.52222282]), 'ang': 257.68020633334544}
Best map key: ('Mahidol_University', 'ICT', '1.1_MixVPR')
Number of candidates after local matching: 50
PnP pairs 2D shape: (6875, 2) 3D shape: (6875, 3)
Multiframe time (ms): 587
Floorplan Pose (x, y, angle): {'xy': array([2026.69810728,  883.32083791]), 'ang': 336.8062343203015}
Best map key: ('Mahidol_University', 'ICT', '1.1_MixVPR')
Number of candidates after local matching: 44
PnP pairs 2D shape: (4156, 2) 3D shape: (4156, 3)
Multiframe time (ms): 365
Floorplan Pose (x, y, angle): {'xy': array([1873.56314881, 1334.55363896]), 'ang': 208.18468540565084}
Best map key: ('Mahidol_University', 'ICT', '1.1_MixVPR')
Number of candidates after local matching: 50
PnP pairs 2D shape: (14548, 2) 3D shape: (14548, 3)
Multiframe time (ms): 958
Floorplan Pose (x, y, angle): {'xy': array([1501.95928692, 1662.03335659]), 'ang': 339.7890807409719}
Best map key: ('Mahidol_University', 'ICT', '1.1_MixVPR')
Number of candidates after local matching: 50
PnP pairs 2D shape: (6542, 2) 3D shape: (6542, 3)
Multiframe time (ms): 455
Floorplan Pose (x, y, angle): {'xy': array([1083.07953593, 1354.1120882 ]), 'ang': 150.5238684369132}
Best map key: ('Mahidol_University', 'ICT', '1.1_MixVPR')
Number of candidates after local matching: 45
PnP pairs 2D shape: (4702, 2) 3D shape: (4702, 3)
Multiframe time (ms): 353
Floorplan Pose (x, y, angle): {'xy': array([2081.56858507,  609.93264334]), 'ang': 268.90834761161085}
Best map key: ('Mahidol_University', 'ICT', '1.1_MixVPR')
Number of candidates after local matching: 46
PnP pairs 2D shape: (5122, 2) 3D shape: (5122, 3)
Multiframe time (ms): 361
Floorplan Pose (x, y, angle): {'xy': array([1773.65362593, 1334.6608538 ]), 'ang': 206.8831704155884}
Best map key: ('Mahidol_University', 'ICT', '1.1_MixVPR')
Number of candidates after local matching: 50
PnP pairs 2D shape: (6798, 2) 3D shape: (6798, 3)
Multiframe time (ms): 669
Floorplan Pose (x, y, angle): {'xy': array([2046.98689186,  707.21357098]), 'ang': 93.6901945805377}
Best map key: ('Mahidol_University', 'ICT', '1.1_MixVPR')
Number of candidates after local matching: 46
PnP pairs 2D shape: (3680, 2) 3D shape: (3680, 3)
Multiframe time (ms): 251
Floorplan Pose (x, y, angle): {'xy': array([2059.89316478,  736.58558152]), 'ang': 13.887391693611033}
Best map key: ('Mahidol_University', 'ICT', '1.1_MixVPR')
Number of candidates after local matching: 50
PnP pairs 2D shape: (9254, 2) 3D shape: (9254, 3)
Multiframe time (ms): 774
Floorplan Pose (x, y, angle): {'xy': array([2052.84993868,  839.71273416]), 'ang': 88.4440877506328}
Best map key: ('Mahidol_University', 'ICT', '1.1_MixVPR')
Number of candidates after local matching: 49
PnP pairs 2D shape: (4309, 2) 3D shape: (4309, 3)
Multiframe time (ms): 274
Floorplan Pose (x, y, angle): {'xy': array([2033.54056992,  603.98300614]), 'ang': 348.74265350639484}
Best map key: ('Mahidol_University', 'ICT', '1.1_MixVPR')
Number of candidates after local matching: 47
PnP pairs 2D shape: (3887, 2) 3D shape: (3887, 3)
Multiframe time (ms): 494
Floorplan Pose (x, y, angle): {'xy': array([2069.55814996,  843.35676952]), 'ang': 324.9992536711122}
Best map key: ('Mahidol_University', 'ICT', '1.1_MixVPR')
Number of candidates after local matching: 40
PnP pairs 2D shape: (4180, 2) 3D shape: (4180, 3)
Multiframe time (ms): 242
Floorplan Pose (x, y, angle): {'xy': array([1355.36804379, 1493.65880078]), 'ang': 148.61749848101314}
Best map key: ('Mahidol_University', 'ICT', '1.1_MixVPR')
Number of candidates after local matching: 48
PnP pairs 2D shape: (5559, 2) 3D shape: (5559, 3)
Multiframe time (ms): 499
Floorplan Pose (x, y, angle): {'xy': array([1152.59439115, 1340.63394189]), 'ang': 40.40658162417758}
Best map key: ('Mahidol_University', 'ICT', '1.1_MixVPR')
Number of candidates after local matching: 33
PnP pairs 2D shape: (2437, 2) 3D shape: (2437, 3)
Multiframe time (ms): 166
Floorplan Pose (x, y, angle): {'xy': array([ 905.47288206, 1355.84959996]), 'ang': 315.2166102231415}
Best map key: ('Mahidol_University', 'ICT', '1.1_MixVPR')
Number of candidates after local matching: 21
PnP pairs 2D shape: (1494, 2) 3D shape: (1494, 3)
Multiframe time (ms): 113
Floorplan Pose (x, y, angle): {'xy': array([1042.92625345, 1360.41479682]), 'ang': 294.17893528880677}
Best map key: ('Mahidol_University', 'ICT', '1.1_MixVPR')
Number of candidates after local matching: 50
PnP pairs 2D shape: (9338, 2) 3D shape: (9338, 3)
Multiframe time (ms): 796
Floorplan Pose (x, y, angle): {'xy': array([2357.25596195, 1686.08014111]), 'ang': 33.132624934417265}
Best map key: ('Mahidol_University', 'ICT', '1.1_MixVPR')
Number of candidates after local matching: 50
PnP pairs 2D shape: (10472, 2) 3D shape: (10472, 3)
Multiframe time (ms): 874
Floorplan Pose (x, y, angle): {'xy': array([2052.09399896, 1700.9992564 ]), 'ang': 126.5498633590703}
Best map key: None
Number of candidates after local matching: 0
PnP pairs 2D shape: (0, 2) 3D shape: (0, 3)
Multiframe time (ms): 0
Not enough 2D-3D correspondences for pose estimation.
Best map key: ('Mahidol_University', 'ICT', '1.1_MixVPR')
Number of candidates after local matching: 25
PnP pairs 2D shape: (1648, 2) 3D shape: (1648, 3)
Multiframe time (ms): 155
Floorplan Pose (x, y, angle): {'xy': array([ 777.50909326, 1341.04702048]), 'ang': 200.5384610108645}
Best map key: ('Mahidol_University', 'ICT', '1.1_MixVPR')
Number of candidates after local matching: 50
PnP pairs 2D shape: (11678, 2) 3D shape: (11678, 3)
Multiframe time (ms): 994
Floorplan Pose (x, y, angle): {'xy': array([2224.42391744, 1523.34281331]), 'ang': 7.366094228346446}
Best map key: ('Mahidol_University', 'ICT', '1.1_MixVPR')
Number of candidates after local matching: 50
PnP pairs 2D shape: (5610, 2) 3D shape: (5610, 3)
Multiframe time (ms): 447
Floorplan Pose (x, y, angle): {'xy': array([1797.42042352, 1334.4555116 ]), 'ang': 185.57248068717345}
Best map key: ('Mahidol_University', 'ICT', '1.1_MixVPR')
Number of candidates after local matching: 50
PnP pairs 2D shape: (10209, 2) 3D shape: (10209, 3)
Multiframe time (ms): 832
Floorplan Pose (x, y, angle): {'xy': array([2437.88212375, 1687.02499502]), 'ang': 354.19313267924093}
Best map key: ('Mahidol_University', 'ICT', '1.1_MixVPR')
Number of candidates after local matching: 50
PnP pairs 2D shape: (5244, 2) 3D shape: (5244, 3)
Multiframe time (ms): 571
Floorplan Pose (x, y, angle): {'xy': array([2077.05699425, 1102.09996695]), 'ang': 229.40164315172868}
Best map key: ('Mahidol_University', 'ICT', '1.1_MixVPR')
Number of candidates after local matching: 50
PnP pairs 2D shape: (11911, 2) 3D shape: (11911, 3)
Multiframe time (ms): 866
Floorplan Pose (x, y, angle): {'xy': array([2105.68706297, 1378.54679989]), 'ang': 60.37577662826555}
Best map key: ('Mahidol_University', 'ICT', '1.1_MixVPR')
Number of candidates after local matching: 50
PnP pairs 2D shape: (7759, 2) 3D shape: (7759, 3)
Multiframe time (ms): 361
Floorplan Pose (x, y, angle): {'xy': array([1924.37770147, 1342.76533674]), 'ang': 152.07946212914075}
Best map key: ('Mahidol_University', 'ICT', '1.1_MixVPR')
Number of candidates after local matching: 50
PnP pairs 2D shape: (13679, 2) 3D shape: (13679, 3)
Multiframe time (ms): 1512
Floorplan Pose (x, y, angle): {'xy': array([2004.87405028, 1709.97914297]), 'ang': 203.47043109230887}
Best map key: ('Mahidol_University', 'ICT', '1.1_MixVPR')
Number of candidates after local matching: 50
PnP pairs 2D shape: (5569, 2) 3D shape: (5569, 3)
Multiframe time (ms): 483
Floorplan Pose (x, y, angle): {'xy': array([ 986.5667272 , 1355.02568391]), 'ang': 356.82136411680887}
Best map key: ('Mahidol_University', 'ICT', '1.1_MixVPR')
Number of candidates after local matching: 31
PnP pairs 2D shape: (3357, 2) 3D shape: (3357, 3)
Multiframe time (ms): 248
Floorplan Pose (x, y, angle): {'xy': array([1337.27540896, 1413.82944628]), 'ang': 241.5433193560434}
Best map key: ('Mahidol_University', 'ICT', '1.1_MixVPR')
Number of candidates after local matching: 50
PnP pairs 2D shape: (7118, 2) 3D shape: (7118, 3)
Multiframe time (ms): 583
Floorplan Pose (x, y, angle): {'xy': array([2014.04107048, 1127.47563693]), 'ang': 277.30190347755314}
Best map key: ('Mahidol_University', 'ICT', '1.1_MixVPR')
Number of candidates after local matching: 45
PnP pairs 2D shape: (4500, 2) 3D shape: (4500, 3)
Multiframe time (ms): 364
Floorplan Pose (x, y, angle): {'xy': array([2083.28778208,  682.43383905]), 'ang': 264.45985640607154}
Best map key: ('Mahidol_University', 'ICT', '1.1_MixVPR')
Number of candidates after local matching: 50
PnP pairs 2D shape: (16479, 2) 3D shape: (16479, 3)
Multiframe time (ms): 1616
Floorplan Pose (x, y, angle): {'xy': array([1738.84479255, 1873.28446775]), 'ang': 326.72613737611937}
Best map key: ('Mahidol_University', 'ICT', '1.1_MixVPR')
Number of candidates after local matching: 48
PnP pairs 2D shape: (5046, 2) 3D shape: (5046, 3)
Multiframe time (ms): 338
Floorplan Pose (x, y, angle): {'xy': array([1824.33950459, 1334.49263061]), 'ang': 186.29653976396534}
Best map key: ('Mahidol_University', 'ICT', '1.1_MixVPR')
Number of candidates after local matching: 50
PnP pairs 2D shape: (13964, 2) 3D shape: (13964, 3)
Multiframe time (ms): 1054
Floorplan Pose (x, y, angle): {'xy': array([2502.08986884, 1810.54156744]), 'ang': 215.30230197819432}
Best map key: ('Mahidol_University', 'ICT', '1.1_MixVPR')
Number of candidates after local matching: 31
PnP pairs 2D shape: (2642, 2) 3D shape: (2642, 3)
Multiframe time (ms): 210
Floorplan Pose (x, y, angle): {'xy': array([1776.9567844 , 1336.17798852]), 'ang': 286.74902542625057}
Best map key: ('Mahidol_University', 'ICT', '1.1_MixVPR')
Number of candidates after local matching: 50
PnP pairs 2D shape: (7220, 2) 3D shape: (7220, 3)
Multiframe time (ms): 374
Floorplan Pose (x, y, angle): {'xy': array([2069.98039297,  920.88218266]), 'ang': 322.23067240426707}
Best map key: ('Mahidol_University', 'ICT', '1.1_MixVPR')
Number of candidates after local matching: 39
PnP pairs 2D shape: (4955, 2) 3D shape: (4955, 3)
Multiframe time (ms): 357
Floorplan Pose (x, y, angle): {'xy': array([1849.36897883, 1334.48650989]), 'ang': 293.61899552423836}
Best map key: ('Mahidol_University', 'ICT', '1.1_MixVPR')
Number of candidates after local matching: 50
PnP pairs 2D shape: (8851, 2) 3D shape: (8851, 3)
Multiframe time (ms): 718
Floorplan Pose (x, y, angle): {'xy': array([2052.54407236, 1698.71818232]), 'ang': 287.5547245404845}
Best map key: None
Number of candidates after local matching: 0
PnP pairs 2D shape: (0, 2) 3D shape: (0, 3)
Multiframe time (ms): 0
Not enough 2D-3D correspondences for pose estimation.
Best map key: ('Mahidol_University', 'ICT', '1.1_MixVPR')
Number of candidates after local matching: 50
PnP pairs 2D shape: (4525, 2) 3D shape: (4525, 3)
Multiframe time (ms): 518
Floorplan Pose (x, y, angle): {'xy': array([2075.02626122,  706.65049818]), 'ang': 203.561601441203}
Best map key: ('Mahidol_University', 'ICT', '1.1_MixVPR')
Number of candidates after local matching: 50
PnP pairs 2D shape: (5931, 2) 3D shape: (5931, 3)
Multiframe time (ms): 436
Floorplan Pose (x, y, angle): {'xy': array([2043.16032409,  865.4249408 ]), 'ang': 193.23563529342866}
Best map key: ('Mahidol_University', 'ICT', '1.1_MixVPR')
Number of candidates after local matching: 41
PnP pairs 2D shape: (3746, 2) 3D shape: (3746, 3)
Multiframe time (ms): 277
Floorplan Pose (x, y, angle): {'xy': array([ 780.16670949, 1280.4096397 ]), 'ang': 0.827500420059306}
Best map key: ('Mahidol_University', 'ICT', '1.1_MixVPR')
Number of candidates after local matching: 50
PnP pairs 2D shape: (8419, 2) 3D shape: (8419, 3)
Multiframe time (ms): 556
Floorplan Pose (x, y, angle): {'xy': array([1673.80872062, 1864.03445565]), 'ang': 153.43996709093955}
Best map key: ('Mahidol_University', 'ICT', '1.1_MixVPR')
Number of candidates after local matching: 48
PnP pairs 2D shape: (4425, 2) 3D shape: (4425, 3)
Multiframe time (ms): 336
Floorplan Pose (x, y, angle): {'xy': array([2048.25050035,  703.24569662]), 'ang': 334.50123028161477}
Best map key: ('Mahidol_University', 'ICT', '1.1_MixVPR')
Number of candidates after local matching: 50
PnP pairs 2D shape: (11578, 2) 3D shape: (11578, 3)
Multiframe time (ms): 1116
Floorplan Pose (x, y, angle): {'xy': array([2152.64004609, 1438.24222741]), 'ang': 81.43132775502814}
Best map key: ('Mahidol_University', 'ICT', '1.1_MixVPR')
Number of candidates after local matching: 50
PnP pairs 2D shape: (9036, 2) 3D shape: (9036, 3)
Multiframe time (ms): 535
Floorplan Pose (x, y, angle): {'xy': array([2045.27406672,  894.5728111 ]), 'ang': 30.677030515547155}
Best map key: ('Mahidol_University', 'ICT', '1.1_MixVPR')
Number of candidates after local matching: 50
PnP pairs 2D shape: (5826, 2) 3D shape: (5826, 3)
Multiframe time (ms): 542
Floorplan Pose (x, y, angle): {'xy': array([1058.72143154, 1356.3789319 ]), 'ang': 62.01033130599152}
Best map key: ('Mahidol_University', 'ICT', '1.1_MixVPR')
Number of candidates after local matching: 49
PnP pairs 2D shape: (6934, 2) 3D shape: (6934, 3)
Multiframe time (ms): 533
Floorplan Pose (x, y, angle): {'xy': array([2031.91329474, 1249.36087205]), 'ang': 15.161831916727808}
Best map key: ('Mahidol_University', 'ICT', '1.1_MixVPR')
Number of candidates after local matching: 50
PnP pairs 2D shape: (12074, 2) 3D shape: (12074, 3)
Multiframe time (ms): 1369
Floorplan Pose (x, y, angle): {'xy': array([1825.71559852, 1740.45247216]), 'ang': 212.97939708696927}
Best map key: ('Mahidol_University', 'ICT', '1.1_MixVPR')
Number of candidates after local matching: 50
PnP pairs 2D shape: (8956, 2) 3D shape: (8956, 3)
Multiframe time (ms): 895
Floorplan Pose (x, y, angle): {'xy': array([2553.87110547, 1818.25533387]), 'ang': 69.2339500728294}
Best map key: ('Mahidol_University', 'ICT', '1.1_MixVPR')
Number of candidates after local matching: 50
PnP pairs 2D shape: (7617, 2) 3D shape: (7617, 3)
Multiframe time (ms): 553
Floorplan Pose (x, y, angle): {'xy': array([1821.64775319, 1332.9079146 ]), 'ang': 130.95189200200576}
Best map key: ('Mahidol_University', 'ICT', '1.1_MixVPR')
Number of candidates after local matching: 46
PnP pairs 2D shape: (4274, 2) 3D shape: (4274, 3)
Multiframe time (ms): 273
Floorplan Pose (x, y, angle): {'xy': array([1199.00500856, 1341.34518184]), 'ang': 181.96159904690634}
==== Predicted coordinates were saved to '/home/nattachart.tak/PhD/Trial_New_UNav/UNav/experiment/configs//Config__v2-1_c/Results_localize_MixVPR.xlsx'. ====
==== Calculate distance errors ====
Traceback (most recent call last):
  File "/home/nattachart.tak/PhD/Trial_New_UNav/UNav/./experiment/run_experiment.py", line 181, in <module>
    distance_error_fn = distance_error.save_calculated_distance_error(config_exp, results_fn)
  File "/home/nattachart.tak/PhD/Trial_New_UNav/UNav/experiment/distance_error.py", line 22, in save_calculated_distance_error
    lambda row : distance.euclidean([row['coordx'], row['coordy']], [row['cx'], row['cy']]), axis=1).to_frame()
  File "/unav/venv/lib/python3.10/site-packages/pandas/core/generic.py", line 6299, in __getattr__
    return object.__getattribute__(self, name)
AttributeError: 'DataFrame' object has no attribute 'to_frame'
[Background Prefetch] Error: cannot schedule new futures after interpreter shutdown
[Background Prefetch] Error: cannot schedule new futures after interpreter shutdown
[Background Prefetch] Error: cannot schedule new futures after interpreter shutdown
[Background Prefetch] Error: cannot schedule new futures after interpreter shutdown
[Background Prefetch] Error: cannot schedule new futures after interpreter shutdown
[Background Prefetch] Error: cannot schedule new futures after interpreter shutdown
[Background Prefetch] Error: cannot schedule new futures after interpreter shutdown
[Background Prefetch] Error: cannot schedule new futures after interpreter shutdown
[Background Prefetch] Error: cannot schedule new futures after interpreter shutdown
[Background Prefetch] Error: cannot schedule new futures after interpreter shutdown
[Background Prefetch] Error: cannot schedule new futures after interpreter shutdown
[Background Prefetch] Error: cannot schedule new futures after interpreter shutdown
[Background Prefetch] Error: cannot schedule new futures after interpreter shutdown
[Background Prefetch] Error: cannot schedule new futures after interpreter shutdown
[Background Prefetch] Error: cannot schedule new futures after interpreter shutdown
[Background Prefetch] Error: cannot schedule new futures after interpreter shutdown
[Background Prefetch] Error: cannot schedule new futures after interpreter shutdown
[Background Prefetch] Error: cannot schedule new futures after interpreter shutdown
[Background Prefetch] Error: cannot schedule new futures after interpreter shutdown
[Background Prefetch] Error: cannot schedule new futures after interpreter shutdown
[Background Prefetch] Error: cannot schedule new futures after interpreter shutdown
[Background Prefetch] Error: cannot schedule new futures after interpreter shutdown
[Background Prefetch] Error: cannot schedule new futures after interpreter shutdown
[Background Prefetch] Error: cannot schedule new futures after interpreter shutdown
[Background Prefetch] Error: cannot schedule new futures after interpreter shutdown
[Background Prefetch] Error: cannot schedule new futures after interpreter shutdown
[Background Prefetch] Error: cannot schedule new futures after interpreter shutdown
[Background Prefetch] Error: cannot schedule new futures after interpreter shutdown
[Background Prefetch] Error: cannot schedule new futures after interpreter shutdown
[Background Prefetch] Error: cannot schedule new futures after interpreter shutdown
[Background Prefetch] Error: cannot schedule new futures after interpreter shutdown
[Background Prefetch] Error: cannot schedule new futures after interpreter shutdown
[Background Prefetch] Error: cannot schedule new futures after interpreter shutdown
[Background Prefetch] Error: cannot schedule new futures after interpreter shutdown
[Background Prefetch] Error: cannot schedule new futures after interpreter shutdown
[Background Prefetch] Error: cannot schedule new futures after interpreter shutdown
[Background Prefetch] Error: cannot schedule new futures after interpreter shutdown
[Background Prefetch] Error: cannot schedule new futures after interpreter shutdown
[Background Prefetch] Error: cannot schedule new futures after interpreter shutdown
[Background Prefetch] Error: cannot schedule new futures after interpreter shutdown
[Background Prefetch] Error: cannot schedule new futures after interpreter shutdown
[Background Prefetch] Error: cannot schedule new futures after interpreter shutdown
[Background Prefetch] Error: cannot schedule new futures after interpreter shutdown
[Background Prefetch] Error: cannot schedule new futures after interpreter shutdown
[Background Prefetch] Error: cannot schedule new futures after interpreter shutdown
[Background Prefetch] Error: cannot schedule new futures after interpreter shutdown
[Background Prefetch] Error: cannot schedule new futures after interpreter shutdown
