Timestamp,X,Y,Z,Cx,Cy,Cz
02-Aug-2024 18:57:24.666,40.402794,-8.695221,-27.50988,1715,778,0
02-Aug-2024 18:57:24.765,43.026352,-10.869026,-26.91021,1715,778,0
02-Aug-2024 18:57:24.864,42.876434,-10.419273,-27.210045,1715,778,0
02-Aug-2024 18:57:24.963,42.876434,-9.969521,-27.959633,1715,778,0
02-Aug-2024 18:57:25.062,41.152382,-9.819603,-24.811363,1715,778,0
02-Aug-2024 18:57:25.161,41.152382,-9.819603,-24.661446,1715,778,0
02-Aug-2024 18:57:25.260,40.852547,-8.920097,-24.661446,1715,778,0
02-Aug-2024 18:57:25.359,41.602135,-9.519768,-23.911858,1715,778,0
02-Aug-2024 18:57:25.458,40.402794,-9.594727,-27.50988,1715,778,0
02-Aug-2024 18:57:25.557,41.002464,-9.219933,-26.760292,1715,778,0
02-Aug-2024 18:57:25.656,40.852547,-9.444809,-26.160622,1715,778,0
02-Aug-2024 18:57:25.755,41.827011,-8.320427,-26.535416,1715,778,0
02-Aug-2024 18:57:25.854,41.377258,-8.320427,-25.935745,1715,778,0
02-Aug-2024 18:57:25.953,41.827011,-9.144974,-26.085663,1715,778,0
02-Aug-2024 18:57:26.052,40.327835,-6.89621,-26.685333,1715,778,0
02-Aug-2024 18:57:26.152,40.477753,-6.671333,-27.734756,1715,778,0
02-Aug-2024 18:57:26.251,40.777588,-6.371498,-27.285004,1715,778,0
02-Aug-2024 18:57:26.351,40.477753,-6.821251,-26.385498,1715,778,0
02-Aug-2024 18:57:26.451,40.927505,-9.894562,-26.985168,1715,778,0
02-Aug-2024 18:57:26.551,40.477753,-8.845139,-26.685333,1715,778,0
02-Aug-2024 18:57:26.651,41.452217,-10.119438,-26.91021,1715,778,0
02-Aug-2024 18:57:26.751,40.852547,-9.669685,-26.535416,1715,778,0
02-Aug-2024 18:57:26.850,40.552711,-9.669685,-26.23558,1715,778,0
02-Aug-2024 18:57:26.949,40.852547,-9.819603,-26.085663,1715,778,0
02-Aug-2024 18:57:27.048,41.827011,-8.920097,-26.160622,1715,778,0
02-Aug-2024 18:57:27.147,41.452217,-8.620262,-25.336075,1715,778,0
02-Aug-2024 18:57:27.246,41.90197,-9.219933,-24.586487,1715,778,0
02-Aug-2024 18:57:27.345,40.552711,-9.144974,-25.186157,1715,778,0
02-Aug-2024 18:57:27.444,42.351723,-9.219933,-27.135086,1715,778,0
02-Aug-2024 18:57:27.543,41.452217,-8.77018,-26.835251,1715,778,0
02-Aug-2024 18:57:27.642,41.90197,-9.36985,-26.760292,1715,778,0
02-Aug-2024 18:57:27.741,42.50164,-9.594727,-26.010704,1715,778,0
02-Aug-2024 18:57:27.840,42.651558,-10.494232,-25.560951,1715,778,0
02-Aug-2024 18:57:27.939,43.326187,-9.36985,-24.886322,1715,778,0
02-Aug-2024 18:57:28.038,42.726517,-8.545303,-25.935745,1715,778,0
02-Aug-2024 18:57:28.137,40.252876,-9.444809,-24.886322,1715,778,0
02-Aug-2024 18:57:28.236,41.527176,-8.77018,-27.659798,1715,778,0
02-Aug-2024 18:57:28.335,41.077423,-8.470345,-27.210045,1715,778,0
02-Aug-2024 18:57:28.434,41.002464,-8.995056,-25.935745,1715,778,0
02-Aug-2024 18:57:28.532,41.452217,-8.995056,-26.385498,1715,778,0
02-Aug-2024 18:57:28.632,41.227341,-7.795715,-26.23558,1715,778,0
02-Aug-2024 18:57:28.731,40.477753,-7.645798,-25.935745,1715,778,0
02-Aug-2024 18:57:28.830,41.827011,-8.845139,-24.286652,1715,778,0
02-Aug-2024 18:57:28.930,40.177917,-7.795715,-25.186157,1715,778,0
02-Aug-2024 18:57:29.029,40.777588,-8.395386,-25.336075,1715,778,0
02-Aug-2024 18:57:29.128,43.551064,-9.144974,-26.010704,1715,778,0
02-Aug-2024 18:57:29.227,41.976929,-7.795715,-25.336075,1715,778,0
02-Aug-2024 18:57:29.326,41.527176,-7.645798,-24.886322,1715,778,0
02-Aug-2024 18:57:29.425,41.377258,-9.894562,-26.91021,1715,778,0
02-Aug-2024 18:57:29.524,41.302299,-9.744644,-25.485992,1715,778,0
02-Aug-2024 18:57:29.623,41.602135,-10.569191,-25.111198,1715,778,0
02-Aug-2024 18:57:29.722,41.752052,-10.269356,-25.560951,1715,778,0
02-Aug-2024 18:57:29.821,41.302299,-9.219933,-25.336075,1715,778,0
02-Aug-2024 18:57:29.920,41.302299,-9.219933,-25.63591,1715,778,0
02-Aug-2024 18:57:30.019,40.852547,-10.269356,-25.411034,1715,778,0
02-Aug-2024 18:57:30.118,41.527176,-9.744644,-26.460457,1715,778,0
02-Aug-2024 18:57:30.217,41.827011,-7.645798,-26.010704,1715,778,0
02-Aug-2024 18:57:30.316,40.552711,-7.420921,-26.160622,1715,778,0
02-Aug-2024 18:57:30.415,40.852547,-8.395386,-25.710869,1715,778,0
02-Aug-2024 18:57:30.514,42.351723,-8.395386,-25.935745,1715,778,0
02-Aug-2024 18:57:30.613,42.051888,-8.695221,-25.03624,1715,778,0
02-Aug-2024 18:57:30.712,40.852547,-8.995056,-25.111198,1715,778,0
02-Aug-2024 18:57:30.810,39.578247,-9.444809,-25.860786,1715,778,0
02-Aug-2024 18:57:30.910,39.878082,-9.744644,-25.560951,1715,778,0
02-Aug-2024 18:57:31.009,39.278412,-10.194397,-25.710869,1715,778,0
02-Aug-2024 18:57:31.108,40.927505,-7.720757,-25.935745,1715,778,0
02-Aug-2024 18:57:31.207,41.827011,-8.545303,-26.085663,1715,778,0
02-Aug-2024 18:57:31.306,41.227341,-7.720757,-25.485992,1715,778,0
02-Aug-2024 18:57:31.405,40.62767,-7.870674,-25.63591,1715,778,0
02-Aug-2024 18:57:31.504,40.702629,-8.320427,-27.50988,1715,778,0
02-Aug-2024 18:57:31.603,42.051888,-8.320427,-27.210045,1715,778,0
02-Aug-2024 18:57:31.702,40.552711,-8.170509,-26.310539,1715,778,0
02-Aug-2024 18:57:31.801,41.452217,-10.719109,-27.50988,1715,778,0
02-Aug-2024 18:57:31.900,43.026352,-10.044479,-26.760292,1715,778,0
02-Aug-2024 18:57:31.999,41.752052,-10.044479,-27.809715,1715,778,0
02-Aug-2024 18:57:32.098,42.426682,-6.521416,-26.760292,1715,778,0
02-Aug-2024 18:57:32.197,42.351723,-8.170509,-26.23558,1715,778,0
02-Aug-2024 18:57:32.296,42.651558,-8.395386,-26.310539,1715,778,0
02-Aug-2024 18:57:32.395,42.126846,-9.219933,-25.411034,1715,778,0
02-Aug-2024 18:57:32.494,42.051888,-8.845139,-27.809715,1715,778,0
02-Aug-2024 18:57:32.593,41.90197,-9.144974,-28.10955,1715,778,0
02-Aug-2024 18:57:32.692,42.351723,-8.695221,-26.835251,1715,778,0
02-Aug-2024 18:57:32.791,42.276764,-8.620262,-26.760292,1715,778,0
02-Aug-2024 18:57:32.890,42.426682,-8.320427,-26.91021,1715,778,0
02-Aug-2024 18:57:32.989,41.302299,-10.194397,-27.359962,1715,778,0
02-Aug-2024 18:57:33.088,42.351723,-10.194397,-27.359962,1715,778,0
02-Aug-2024 18:57:33.187,43.251228,-8.095551,-26.23558,1715,778,0
02-Aug-2024 18:57:33.286,43.551064,-7.271004,-26.085663,1715,778,0
02-Aug-2024 18:57:33.385,44.150734,-8.020592,-25.560951,1715,778,0
02-Aug-2024 18:57:33.484,41.077423,-8.395386,-26.385498,1715,778,0
02-Aug-2024 18:57:33.583,41.827011,-8.245468,-25.336075,1715,778,0
02-Aug-2024 18:57:33.682,43.026352,-9.444809,-27.135086,1715,778,0
02-Aug-2024 18:57:33.781,43.026352,-8.995056,-26.685333,1715,778,0
02-Aug-2024 18:57:33.880,41.602135,-7.795715,-27.060127,1715,778,0
02-Aug-2024 18:57:33.979,43.101311,-8.620262,-24.736404,1715,778,0
02-Aug-2024 18:57:34.078,42.50164,-8.77018,-24.136734,1715,778,0
02-Aug-2024 18:57:34.177,40.777588,-7.271004,-25.785828,1715,778,0
02-Aug-2024 18:57:34.276,42.651558,-10.194397,-26.610374,1715,778,0
02-Aug-2024 18:57:34.376,41.90197,-9.444809,-25.785828,1715,778,0
02-Aug-2024 18:57:34.475,41.677094,-7.795715,-26.985168,1715,778,0
02-Aug-2024 18:57:49.731,55.394554,-12.742996,-40.852547,1719,1050,0
02-Aug-2024 18:57:49.830,53.820419,-12.51812,-40.777588,1719,1050,0
02-Aug-2024 18:57:49.929,55.01976,-13.192749,-40.402794,1719,1050,0
02-Aug-2024 18:57:50.028,54.495049,-14.317131,-40.402794,1719,1050,0
02-Aug-2024 18:57:50.127,54.42009,-11.618614,-40.477753,1719,1050,0
02-Aug-2024 18:57:50.226,54.570007,-11.318779,-40.477753,1719,1050,0
02-Aug-2024 18:57:50.325,54.944801,-13.717461,-41.152382,1719,1050,0
02-Aug-2024 18:57:50.424,55.094719,-13.342667,-41.602135,1719,1050,0
02-Aug-2024 18:57:50.523,55.244637,-13.717461,-41.452217,1719,1050,0
02-Aug-2024 18:57:50.622,54.120255,-10.494232,-41.152382,1719,1050,0
02-Aug-2024 18:57:50.721,54.120255,-13.867378,-39.728165,1719,1050,0
02-Aug-2024 18:57:50.820,54.944801,-11.768532,-41.452217,1719,1050,0
02-Aug-2024 18:57:50.919,54.195213,-12.068367,-41.752052,1719,1050,0
02-Aug-2024 18:57:51.018,53.745461,-12.218285,-40.777588,1719,1050,0
02-Aug-2024 18:57:51.117,55.844307,-12.443161,-41.227341,1719,1050,0
02-Aug-2024 18:57:51.216,55.094719,-11.693573,-40.252876,1719,1050,0
02-Aug-2024 18:57:51.315,55.094719,-13.867378,-41.302299,1719,1050,0
02-Aug-2024 18:57:51.414,54.944801,-11.543655,-41.377258,1719,1050,0
02-Aug-2024 18:57:51.512,54.195213,-11.393738,-41.227341,1719,1050,0
02-Aug-2024 18:57:51.612,54.794884,-11.843491,-41.077423,1719,1050,0
02-Aug-2024 18:57:51.711,54.495049,-12.443161,-41.602135,1719,1050,0
02-Aug-2024 18:57:51.810,55.544472,-12.443161,-41.602135,1719,1050,0
02-Aug-2024 18:57:51.909,56.144142,-11.693573,-42.801476,1719,1050,0
02-Aug-2024 18:57:52.008,53.745461,-12.218285,-39.128494,1719,1050,0
02-Aug-2024 18:57:52.107,54.195213,-12.293243,-38.978577,1719,1050,0
02-Aug-2024 18:57:52.206,54.495049,-11.768532,-39.728165,1719,1050,0
02-Aug-2024 18:57:52.305,53.295708,-12.068367,-38.678741,1719,1050,0
02-Aug-2024 18:57:52.404,53.745461,-11.093903,-37.704277,1719,1050,0
02-Aug-2024 18:57:52.503,54.045296,-12.293243,-38.004112,1719,1050,0
02-Aug-2024 18:57:52.602,53.820419,-12.293243,-36.205101,1719,1050,0
02-Aug-2024 18:57:52.701,55.694389,-12.368202,-42.50164,1719,1050,0
02-Aug-2024 18:57:52.800,54.270172,-11.993408,-42.50164,1719,1050,0
02-Aug-2024 18:57:52.899,55.169678,-11.24382,-42.951393,1719,1050,0
02-Aug-2024 18:57:52.998,54.570007,-12.068367,-41.976929,1719,1050,0
02-Aug-2024 18:57:53.097,54.270172,-11.318779,-41.377258,1719,1050,0
02-Aug-2024 18:57:53.196,54.120255,-11.168861,-41.527176,1719,1050,0
02-Aug-2024 18:57:53.295,53.970337,-11.768532,-41.077423,1719,1050,0
02-Aug-2024 18:57:53.394,54.495049,-11.018944,-42.126846,1719,1050,0
02-Aug-2024 18:57:53.493,55.544472,-10.419273,-40.927505,1719,1050,0
02-Aug-2024 18:57:53.592,53.895378,-12.443161,-40.777588,1719,1050,0
02-Aug-2024 18:57:53.692,55.394554,-11.24382,-39.728165,1719,1050,0
02-Aug-2024 18:57:53.792,54.495049,-11.543655,-39.428329,1719,1050,0
02-Aug-2024 18:57:53.892,54.644966,-11.843491,-39.278412,1719,1050,0
02-Aug-2024 18:57:53.992,56.29406,-11.693573,-41.90197,1719,1050,0
02-Aug-2024 18:57:54.091,55.01976,-12.068367,-40.552711,1719,1050,0
02-Aug-2024 18:57:54.190,54.869843,-12.817955,-40.102959,1719,1050,0
02-Aug-2024 18:57:54.289,54.345131,-11.393738,-40.702629,1719,1050,0
02-Aug-2024 18:57:54.388,53.445625,-12.368202,-39.728165,1719,1050,0
02-Aug-2024 18:57:54.487,54.195213,-11.618614,-39.578247,1719,1050,0
02-Aug-2024 18:57:54.586,56.144142,-12.218285,-41.677094,1719,1050,0
02-Aug-2024 18:57:54.685,53.595543,-10.719109,-40.177917,1719,1050,0
02-Aug-2024 18:57:54.784,54.045296,-11.168861,-41.377258,1719,1050,0
02-Aug-2024 18:57:54.883,53.745461,-11.168861,-41.452217,1719,1050,0
02-Aug-2024 18:57:54.982,53.445625,-10.344315,-41.752052,1719,1050,0
02-Aug-2024 18:57:55.081,54.045296,-9.969521,-40.402794,1719,1050,0
02-Aug-2024 18:57:55.180,56.069183,-11.093903,-40.552711,1719,1050,0
02-Aug-2024 18:57:55.279,54.869843,-11.393738,-41.002464,1719,1050,0
02-Aug-2024 18:57:55.378,55.244637,-11.168861,-40.028,1719,1050,0
02-Aug-2024 18:57:55.477,54.495049,-11.018944,-40.777588,1719,1050,0
02-Aug-2024 18:57:55.576,54.345131,-12.293243,-41.827011,1719,1050,0
02-Aug-2024 18:57:55.675,54.345131,-11.693573,-41.227341,1719,1050,0
02-Aug-2024 18:57:55.774,55.394554,-13.192749,-39.353371,1719,1050,0
02-Aug-2024 18:57:55.873,55.994225,-9.819603,-41.077423,1719,1050,0
02-Aug-2024 18:57:55.972,54.794884,-9.519768,-41.677094,1719,1050,0
02-Aug-2024 18:57:56.071,55.694389,-12.593079,-40.702629,1719,1050,0
02-Aug-2024 18:57:56.170,54.345131,-11.393738,-40.702629,1719,1050,0
02-Aug-2024 18:57:56.269,54.195213,-11.843491,-40.852547,1719,1050,0
02-Aug-2024 18:57:56.368,54.944801,-10.494232,-39.578247,1719,1050,0
02-Aug-2024 18:57:56.467,55.244637,-10.569191,-40.777588,1719,1050,0
02-Aug-2024 18:57:56.566,54.644966,-9.969521,-41.527176,1719,1050,0
02-Aug-2024 18:57:56.665,54.944801,-10.419273,-40.777588,1719,1050,0
02-Aug-2024 18:57:56.764,55.619431,-9.594727,-42.50164,1719,1050,0
02-Aug-2024 18:57:56.863,54.570007,-9.894562,-42.426682,1719,1050,0
02-Aug-2024 18:57:56.962,55.469513,-9.444809,-42.051888,1719,1050,0
02-Aug-2024 18:57:57.061,53.445625,-10.419273,-41.002464,1719,1050,0
02-Aug-2024 18:57:57.160,54.270172,-11.768532,-41.827011,1719,1050,0
02-Aug-2024 18:57:57.259,53.520584,-12.068367,-42.726517,1719,1050,0
02-Aug-2024 18:57:57.358,53.520584,-11.618614,-42.426682,1719,1050,0
02-Aug-2024 18:57:57.457,55.469513,-9.744644,-40.477753,1719,1050,0
02-Aug-2024 18:57:57.556,55.619431,-10.344315,-40.477753,1719,1050,0
02-Aug-2024 18:57:57.655,55.544472,-9.444809,-39.878082,1719,1050,0
02-Aug-2024 18:57:57.754,54.944801,-10.194397,-40.177917,1719,1050,0
02-Aug-2024 18:57:57.853,54.045296,-10.794067,-39.578247,1719,1050,0
02-Aug-2024 18:57:57.952,54.045296,-10.344315,-40.327835,1719,1050,0
02-Aug-2024 18:57:58.051,55.469513,-10.419273,-38.828659,1719,1050,0
02-Aug-2024 18:57:58.150,56.069183,-9.819603,-39.428329,1719,1050,0
02-Aug-2024 18:57:58.249,55.619431,-10.119438,-38.528824,1719,1050,0
02-Aug-2024 18:57:58.348,55.619431,-9.969521,-39.578247,1719,1050,0
02-Aug-2024 18:57:58.447,54.644966,-12.368202,-41.002464,1719,1050,0
02-Aug-2024 18:57:58.546,54.644966,-12.218285,-41.002464,1719,1050,0
02-Aug-2024 18:57:58.645,54.570007,-12.068367,-39.803123,1719,1050,0
02-Aug-2024 18:57:58.744,53.895378,-10.344315,-43.850899,1719,1050,0
02-Aug-2024 18:57:58.843,53.745461,-10.494232,-44.600487,1719,1050,0
02-Aug-2024 18:57:58.942,54.195213,-10.044479,-44.150734,1719,1050,0
02-Aug-2024 18:57:59.041,54.195213,-11.093903,-43.551064,1719,1050,0
02-Aug-2024 18:57:59.140,54.42009,-10.794067,-43.026352,1719,1050,0
02-Aug-2024 18:57:59.239,54.270172,-10.943985,-41.827011,1719,1050,0
02-Aug-2024 18:57:59.338,53.595543,-12.51812,-42.426682,1719,1050,0
02-Aug-2024 18:57:59.437,53.14579,-11.618614,-40.177917,1719,1050,0
02-Aug-2024 18:57:59.536,53.745461,-12.068367,-39.278412,1719,1050,0
02-Aug-2024 18:58:14.293,11.543655,30.733109,-22.787476,1719,1323,0
02-Aug-2024 18:58:14.392,12.892914,30.433273,-22.637558,1719,1323,0
02-Aug-2024 18:58:14.491,12.742996,30.433273,-23.087311,1719,1323,0
02-Aug-2024 18:58:14.590,12.143326,30.058479,-23.312187,1719,1323,0
02-Aug-2024 18:58:14.689,11.393738,29.758644,-23.012352,1719,1323,0
02-Aug-2024 18:58:14.788,12.443161,30.208397,-22.862434,1719,1323,0
02-Aug-2024 18:58:14.887,10.719109,28.484344,-24.211693,1719,1323,0
02-Aug-2024 18:58:14.986,10.569191,28.034592,-23.612022,1719,1323,0
02-Aug-2024 18:58:15.085,11.168861,29.084015,-23.76194,1719,1323,0
02-Aug-2024 18:58:15.184,10.119438,28.934097,-23.012352,1719,1323,0
02-Aug-2024 18:58:15.283,12.51812,28.78418,-22.637558,1719,1323,0
02-Aug-2024 18:58:15.382,12.068367,28.634262,-22.037888,1719,1323,0
02-Aug-2024 18:58:15.481,11.018944,29.833603,-23.012352,1719,1323,0
02-Aug-2024 18:58:15.580,10.794067,29.38385,-20.988464,1719,1323,0
02-Aug-2024 18:58:15.679,10.194397,28.709221,-22.037888,1719,1323,0
02-Aug-2024 18:58:15.778,11.468697,29.009056,-23.087311,1719,1323,0
02-Aug-2024 18:58:15.877,12.293243,29.533768,-23.087311,1719,1323,0
02-Aug-2024 18:58:15.976,12.068367,29.458809,-22.712517,1719,1323,0
02-Aug-2024 18:58:16.076,12.51812,30.208397,-22.562599,1719,1323,0
02-Aug-2024 18:58:16.175,10.719109,28.709221,-23.312187,1719,1323,0
02-Aug-2024 18:58:16.274,12.293243,28.334427,-23.537064,1719,1323,0
02-Aug-2024 18:58:16.373,12.143326,28.934097,-22.937393,1719,1323,0
02-Aug-2024 18:58:16.472,10.344315,30.433273,-21.2883,1719,1323,0
02-Aug-2024 18:58:16.571,9.444809,29.308891,-23.012352,1719,1323,0
02-Aug-2024 18:58:16.670,10.044479,28.334427,-22.112846,1719,1323,0
02-Aug-2024 18:58:16.769,9.969521,27.734756,-21.063423,1719,1323,0
02-Aug-2024 18:58:16.868,10.269356,27.50988,-21.213341,1719,1323,0
02-Aug-2024 18:58:16.967,10.494232,28.259468,-23.237228,1719,1323,0
02-Aug-2024 18:58:17.066,11.693573,29.833603,-24.586487,1719,1323,0
02-Aug-2024 18:58:17.165,10.269356,30.133438,-24.886322,1719,1323,0
02-Aug-2024 18:58:17.264,9.819603,29.38385,-21.588135,1719,1323,0
02-Aug-2024 18:58:17.363,10.869026,27.659798,-23.16227,1719,1323,0
02-Aug-2024 18:58:17.462,11.918449,28.184509,-22.862434,1719,1323,0
02-Aug-2024 18:58:17.561,11.468697,28.034592,-23.012352,1719,1323,0
02-Aug-2024 18:58:17.660,10.719109,31.032944,-22.412682,1719,1323,0
02-Aug-2024 18:58:17.759,10.569191,29.683685,-23.012352,1719,1323,0
02-Aug-2024 18:58:17.858,9.819603,29.683685,-23.312187,1719,1323,0
02-Aug-2024 18:58:17.957,9.669685,28.559303,-23.686981,1719,1323,0
02-Aug-2024 18:58:18.056,10.943985,29.009056,-21.138382,1719,1323,0
02-Aug-2024 18:58:18.156,10.269356,28.259468,-22.037888,1719,1323,0
02-Aug-2024 18:58:18.255,10.419273,28.78418,-21.438217,1719,1323,0
02-Aug-2024 18:58:18.354,9.519768,30.133438,-24.061775,1719,1323,0
02-Aug-2024 18:58:18.453,9.444809,30.808067,-23.462105,1719,1323,0
02-Aug-2024 18:58:18.552,9.594727,30.358315,-22.412682,1719,1323,0
02-Aug-2024 18:58:18.651,11.018944,29.458809,-22.862434,1719,1323,0
02-Aug-2024 18:58:18.750,11.318779,29.009056,-22.262764,1719,1323,0
02-Aug-2024 18:58:18.849,10.269356,28.259468,-22.712517,1719,1323,0
02-Aug-2024 18:58:18.948,11.24382,30.058479,-23.087311,1719,1323,0
02-Aug-2024 18:58:19.047,11.693573,30.283356,-23.237228,1719,1323,0
02-Aug-2024 18:58:19.146,11.843491,29.608727,-23.537064,1719,1323,0
02-Aug-2024 18:58:19.245,10.344315,28.634262,-24.286652,1719,1323,0
02-Aug-2024 18:58:19.344,10.943985,29.983521,-24.286652,1719,1323,0
02-Aug-2024 18:58:19.443,11.168861,30.583191,-23.686981,1719,1323,0
02-Aug-2024 18:58:19.542,10.194397,29.833603,-24.286652,1719,1323,0
02-Aug-2024 18:58:19.641,10.119438,29.983521,-23.237228,1719,1323,0
02-Aug-2024 18:58:19.740,10.869026,30.433273,-24.286652,1719,1323,0
02-Aug-2024 18:58:19.839,10.119438,30.133438,-23.087311,1719,1323,0
02-Aug-2024 18:58:19.939,9.444809,29.158974,-23.462105,1719,1323,0
02-Aug-2024 18:58:20.038,8.470345,28.409386,-24.211693,1719,1323,0
02-Aug-2024 18:58:20.137,9.519768,29.38385,-24.36161,1719,1323,0
02-Aug-2024 18:58:20.236,8.77018,28.409386,-24.36161,1719,1323,0
02-Aug-2024 18:58:20.335,10.719109,29.833603,-24.736404,1719,1323,0
02-Aug-2024 18:58:20.434,12.068367,29.683685,-24.586487,1719,1323,0
02-Aug-2024 18:58:20.533,9.070015,29.683685,-21.588135,1719,1323,0
02-Aug-2024 18:58:20.632,10.344315,29.233932,-23.911858,1719,1323,0
02-Aug-2024 18:58:20.731,10.044479,28.10955,-24.061775,1719,1323,0
02-Aug-2024 18:58:20.831,10.344315,28.78418,-23.76194,1719,1323,0
02-Aug-2024 18:58:20.931,11.018944,29.683685,-23.986816,1719,1323,0
02-Aug-2024 18:58:21.031,11.24382,29.683685,-23.237228,1719,1323,0
02-Aug-2024 18:58:21.130,11.093903,29.38385,-23.087311,1719,1323,0
02-Aug-2024 18:58:21.229,10.419273,28.184509,-22.48764,1719,1323,0
02-Aug-2024 18:58:21.329,9.294891,29.533768,-23.087311,1719,1323,0
02-Aug-2024 18:58:21.428,9.444809,29.983521,-23.537064,1719,1323,0
02-Aug-2024 18:58:21.527,10.719109,28.559303,-24.736404,1719,1323,0
02-Aug-2024 18:58:21.626,8.470345,26.835251,-22.112846,1719,1323,0
02-Aug-2024 18:58:21.725,7.720757,27.285004,-23.16227,1719,1323,0
02-Aug-2024 18:58:21.824,9.969521,28.10955,-22.637558,1719,1323,0
02-Aug-2024 18:58:21.923,9.36985,26.985168,-22.937393,1719,1323,0
02-Aug-2024 18:58:22.022,10.119438,27.659798,-22.637558,1719,1323,0
02-Aug-2024 18:58:22.121,9.36985,28.934097,-24.136734,1719,1323,0
02-Aug-2024 18:58:22.220,11.018944,28.859138,-24.136734,1719,1323,0
02-Aug-2024 18:58:22.319,11.318779,28.859138,-22.48764,1719,1323,0
02-Aug-2024 18:58:22.418,11.018944,28.859138,-21.738052,1719,1323,0
02-Aug-2024 18:58:22.517,8.920097,28.634262,-22.712517,1719,1323,0
02-Aug-2024 18:58:22.616,8.320427,28.484344,-22.712517,1719,1323,0
02-Aug-2024 18:58:22.715,10.64415,29.833603,-24.136734,1719,1323,0
02-Aug-2024 18:58:22.814,9.744644,29.908562,-22.412682,1719,1323,0
02-Aug-2024 18:58:22.913,9.594727,29.683685,-21.962929,1719,1323,0
02-Aug-2024 18:58:23.012,8.920097,27.434921,-23.312187,1719,1323,0
02-Aug-2024 18:58:23.111,10.869026,29.084015,-22.712517,1719,1323,0
02-Aug-2024 18:58:23.210,11.168861,28.78418,-23.612022,1719,1323,0
02-Aug-2024 18:58:23.309,10.269356,28.934097,-24.586487,1719,1323,0
02-Aug-2024 18:58:23.408,8.920097,28.259468,-22.037888,1719,1323,0
02-Aug-2024 18:58:23.507,9.070015,29.533768,-21.88797,1719,1323,0
02-Aug-2024 18:58:23.607,9.070015,29.233932,-22.48764,1719,1323,0
02-Aug-2024 18:58:23.706,9.819603,28.484344,-22.412682,1719,1323,0
02-Aug-2024 18:58:23.805,9.819603,28.634262,-21.813011,1719,1323,0
02-Aug-2024 18:58:23.904,9.969521,29.533768,-22.112846,1719,1323,0
02-Aug-2024 18:58:24.003,9.969521,30.65815,-23.16227,1719,1323,0
02-Aug-2024 18:58:24.102,10.344315,28.10955,-22.48764,1719,1323,0
02-Aug-2024 18:58:37.275,-0.899506,48.723221,-25.111198,1520,1323,0
02-Aug-2024 18:58:37.374,1.124382,47.074127,-25.935745,1520,1323,0
02-Aug-2024 18:58:37.473,1.499176,47.673798,-24.736404,1520,1323,0
02-Aug-2024 18:58:37.572,1.349258,48.573303,-25.485992,1520,1323,0
02-Aug-2024 18:58:37.671,-0.824547,49.023056,-24.136734,1520,1323,0
02-Aug-2024 18:58:37.770,-0.449753,49.472809,-24.286652,1520,1323,0
02-Aug-2024 18:58:37.869,-2.248764,48.12355,-23.76194,1520,1323,0
02-Aug-2024 18:58:37.968,-0.824547,51.196861,-23.387146,1520,1323,0
02-Aug-2024 18:58:38.067,-0.074959,50.447273,-24.436569,1520,1323,0
02-Aug-2024 18:58:38.166,-0.374794,47.598839,-26.685333,1520,1323,0
02-Aug-2024 18:58:38.265,0.074959,47.299004,-26.23558,1520,1323,0
02-Aug-2024 18:58:38.364,-1.948929,46.699333,-25.03624,1520,1323,0
02-Aug-2024 18:58:38.463,-0.524712,48.12355,-23.836899,1520,1323,0
02-Aug-2024 18:58:38.562,-0.224876,48.423386,-24.736404,1520,1323,0
02-Aug-2024 18:58:38.661,-1.049423,48.873138,-22.787476,1520,1323,0
02-Aug-2024 18:58:38.760,-1.049423,49.172974,-23.537064,1520,1323,0
02-Aug-2024 18:58:38.859,1.199341,49.247932,-23.537064,1520,1323,0
02-Aug-2024 18:58:38.959,-0.524712,48.048592,-25.111198,1520,1323,0
02-Aug-2024 18:58:39.059,-0.974464,48.498344,-25.111198,1520,1323,0
02-Aug-2024 18:58:39.159,0.899506,46.849251,-24.586487,1520,1323,0
02-Aug-2024 18:58:39.259,0.449753,48.198509,-25.03624,1520,1323,0
02-Aug-2024 18:58:39.358,0.149918,48.648262,-24.586487,1520,1323,0
02-Aug-2024 18:58:39.457,0.899506,48.498344,-24.736404,1520,1323,0
02-Aug-2024 18:58:39.556,0.149918,46.549416,-23.612022,1520,1323,0
02-Aug-2024 18:58:39.655,-0.59967,48.048592,-23.462105,1520,1323,0
02-Aug-2024 18:58:39.754,-1.049423,46.999168,-22.862434,1520,1323,0
02-Aug-2024 18:58:39.853,-1.049423,47.973633,-26.160622,1520,1323,0
02-Aug-2024 18:58:39.952,0.224876,49.772644,-24.36161,1520,1323,0
02-Aug-2024 18:58:40.051,-0.074959,49.772644,-24.211693,1520,1323,0
02-Aug-2024 18:58:40.150,-1.2743,49.99752,-22.187805,1520,1323,0
02-Aug-2024 18:58:40.249,0.074959,49.622726,-25.860786,1520,1323,0
02-Aug-2024 18:58:40.348,0.074959,48.79818,-25.860786,1520,1323,0
02-Aug-2024 18:58:40.447,1.124382,48.648262,-26.460457,1520,1323,0
02-Aug-2024 18:58:40.546,1.349258,49.172974,-24.511528,1520,1323,0
02-Aug-2024 18:58:40.645,1.499176,48.273468,-24.511528,1520,1323,0
02-Aug-2024 18:58:40.744,1.049423,48.273468,-24.661446,1520,1323,0
02-Aug-2024 18:58:40.843,1.87397,47.898674,-24.511528,1520,1323,0
02-Aug-2024 18:58:40.942,0.674629,48.12355,-23.911858,1520,1323,0
02-Aug-2024 18:58:41.041,1.574135,48.12355,-23.911858,1520,1323,0
02-Aug-2024 18:58:41.140,1.2743,48.573303,-23.836899,1520,1323,0
02-Aug-2024 18:58:41.239,0.074959,48.198509,-24.211693,1520,1323,0
02-Aug-2024 18:58:41.338,0.524712,48.198509,-23.537064,1520,1323,0
02-Aug-2024 18:58:41.437,-0.524712,47.149086,-24.811363,1520,1323,0
02-Aug-2024 18:58:41.536,1.2743,51.346779,-23.911858,1520,1323,0
02-Aug-2024 18:58:41.635,0.974464,51.346779,-24.211693,1520,1323,0
02-Aug-2024 18:58:41.734,0.524712,51.496696,-23.76194,1520,1323,0
02-Aug-2024 18:58:41.833,0.224876,47.973633,-24.286652,1520,1323,0
02-Aug-2024 18:58:41.932,0.524712,47.52388,-23.087311,1520,1323,0
02-Aug-2024 18:58:42.031,0.974464,46.624374,-23.836899,1520,1323,0
02-Aug-2024 18:58:42.130,0.674629,47.673798,-23.986816,1520,1323,0
02-Aug-2024 18:58:42.229,-0.374794,47.748756,-24.511528,1520,1323,0
02-Aug-2024 18:58:42.328,-0.674629,47.598839,-23.911858,1520,1323,0
02-Aug-2024 18:58:42.427,-0.974464,48.273468,-22.562599,1520,1323,0
02-Aug-2024 18:58:42.526,-0.824547,47.373962,-22.862434,1520,1323,0
02-Aug-2024 18:58:42.625,-0.074959,46.999168,-23.16227,1520,1323,0
02-Aug-2024 18:58:42.724,1.349258,49.472809,-22.412682,1520,1323,0
02-Aug-2024 18:58:42.823,1.948929,49.472809,-23.16227,1520,1323,0
02-Aug-2024 18:58:42.922,0.374794,48.12355,-24.811363,1520,1323,0
02-Aug-2024 18:58:43.021,0.074959,48.12355,-24.061775,1520,1323,0
02-Aug-2024 18:58:43.120,1.799011,50.447273,-24.36161,1520,1323,0
02-Aug-2024 18:58:43.219,-0.149918,49.547768,-25.485992,1520,1323,0
02-Aug-2024 18:58:43.318,0.149918,49.472809,-24.886322,1520,1323,0
02-Aug-2024 18:58:43.417,0.074959,46.849251,-24.961281,1520,1323,0
02-Aug-2024 18:58:43.516,-0.524712,47.149086,-25.261116,1520,1323,0
02-Aug-2024 18:58:43.615,-0.074959,47.598839,-24.961281,1520,1323,0
02-Aug-2024 18:58:43.714,-0.974464,50.747108,-23.986816,1520,1323,0
02-Aug-2024 18:58:43.813,-0.824547,50.971985,-23.836899,1520,1323,0
02-Aug-2024 18:58:43.912,0.824547,48.12355,-24.211693,1520,1323,0
02-Aug-2024 18:58:44.011,0.974464,48.648262,-22.937393,1520,1323,0
02-Aug-2024 18:58:44.110,1.799011,48.648262,-22.48764,1520,1323,0
02-Aug-2024 18:58:44.209,-0.074959,48.423386,-23.387146,1520,1323,0
02-Aug-2024 18:58:44.308,-0.224876,48.12355,-24.211693,1520,1323,0
02-Aug-2024 18:58:44.406,-0.824547,47.973633,-24.511528,1520,1323,0
02-Aug-2024 18:58:44.506,-0.074959,48.423386,-24.061775,1520,1323,0
02-Aug-2024 18:58:44.605,0.59967,48.12355,-24.36161,1520,1323,0
02-Aug-2024 18:58:44.704,-0.374794,49.172974,-23.537064,1520,1323,0
02-Aug-2024 18:58:44.803,-0.224876,49.322891,-23.986816,1520,1323,0
02-Aug-2024 18:58:44.902,-0.524712,48.723221,-24.211693,1520,1323,0
02-Aug-2024 18:58:45.001,-1.424217,47.748756,-22.412682,1520,1323,0
02-Aug-2024 18:58:45.100,-0.974464,47.448921,-22.262764,1520,1323,0
02-Aug-2024 18:58:45.199,-0.374794,48.198509,-24.661446,1520,1323,0
02-Aug-2024 18:58:45.298,-1.499176,48.12355,-22.637558,1520,1323,0
02-Aug-2024 18:58:45.397,-0.899506,48.423386,-23.087311,1520,1323,0
02-Aug-2024 18:58:45.496,-0.899506,48.423386,-22.637558,1520,1323,0
02-Aug-2024 18:58:45.595,-0,47.898674,-24.286652,1520,1323,0
02-Aug-2024 18:58:45.694,0.449753,48.498344,-23.986816,1520,1323,0
02-Aug-2024 18:58:45.793,0.449753,48.348427,-25.03624,1520,1323,0
02-Aug-2024 18:58:45.892,-2.023888,49.472809,-23.387146,1520,1323,0
02-Aug-2024 18:58:45.991,-0.974464,48.723221,-23.986816,1520,1323,0
02-Aug-2024 18:58:46.090,-0.374794,49.322891,-23.087311,1520,1323,0
02-Aug-2024 18:58:46.189,-0.824547,49.023056,-23.087311,1520,1323,0
02-Aug-2024 18:58:46.288,-1.349258,46.699333,-24.511528,1520,1323,0
02-Aug-2024 18:58:46.387,-0.59967,47.598839,-24.661446,1520,1323,0
02-Aug-2024 18:58:46.486,-1.199341,47.149086,-25.261116,1520,1323,0
02-Aug-2024 18:58:46.585,0.224876,49.172974,-23.237228,1520,1323,0
02-Aug-2024 18:58:46.684,1.574135,49.023056,-22.787476,1520,1323,0
02-Aug-2024 18:58:46.783,1.724052,49.622726,-22.037888,1520,1323,0
02-Aug-2024 18:58:46.882,-1.649094,47.973633,-23.911858,1520,1323,0
02-Aug-2024 18:58:46.981,-0.59967,47.823715,-23.76194,1520,1323,0
02-Aug-2024 18:58:47.080,-1.799011,48.348427,-23.16227,1520,1323,0
02-Aug-2024 18:58:57.978,8.095551,33.13179,-25.560951,1310,1323,0
02-Aug-2024 18:58:58.077,9.744644,34.481049,-22.562599,1310,1323,0
02-Aug-2024 18:58:58.176,9.36985,33.881378,-22.337723,1310,1323,0
02-Aug-2024 18:58:58.275,8.77018,34.331131,-23.237228,1310,1323,0
02-Aug-2024 18:58:58.374,5.921745,33.731461,-22.262764,1310,1323,0
02-Aug-2024 18:58:58.473,7.720757,33.881378,-22.562599,1310,1323,0
02-Aug-2024 18:58:58.572,8.695221,34.031296,-23.087311,1310,1323,0
02-Aug-2024 18:58:58.671,6.746292,33.656502,-25.411034,1310,1323,0
02-Aug-2024 18:58:58.770,6.821251,34.630966,-25.111198,1310,1323,0
02-Aug-2024 18:58:58.869,6.89621,33.206749,-25.261116,1310,1323,0
02-Aug-2024 18:58:58.968,6.146622,33.731461,-21.588135,1310,1323,0
02-Aug-2024 18:58:59.067,5.846786,34.031296,-24.736404,1310,1323,0
02-Aug-2024 18:58:59.166,5.696869,34.031296,-24.886322,1310,1323,0
02-Aug-2024 18:58:59.265,6.671333,34.855843,-23.087311,1310,1323,0
02-Aug-2024 18:58:59.364,7.795715,33.431625,-23.16227,1310,1323,0
02-Aug-2024 18:58:59.463,8.545303,34.181213,-23.16227,1310,1323,0
02-Aug-2024 18:58:59.562,6.446457,33.881378,-23.012352,1310,1323,0
02-Aug-2024 18:58:59.661,6.596375,34.481049,-24.211693,1310,1323,0
02-Aug-2024 18:58:59.760,8.245468,33.581543,-24.886322,1310,1323,0
02-Aug-2024 18:58:59.859,8.77018,34.481049,-24.136734,1310,1323,0
02-Aug-2024 18:58:59.958,7.945633,34.930801,-23.836899,1310,1323,0
02-Aug-2024 18:59:00.057,6.446457,33.581543,-24.811363,1310,1323,0
02-Aug-2024 18:59:00.156,6.521416,33.806419,-24.061775,1310,1323,0
02-Aug-2024 18:59:00.255,7.570839,33.356667,-23.911858,1310,1323,0
02-Aug-2024 18:59:00.354,7.196045,33.881378,-23.686981,1310,1323,0
02-Aug-2024 18:59:00.453,6.746292,34.630966,-23.387146,1310,1323,0
02-Aug-2024 18:59:00.552,7.046127,35.380554,-23.237228,1310,1323,0
02-Aug-2024 18:59:00.651,6.89621,35.080719,-23.387146,1310,1323,0
02-Aug-2024 18:59:00.750,6.296539,33.731461,-23.462105,1310,1323,0
02-Aug-2024 18:59:00.849,6.746292,34.705925,-24.736404,1310,1323,0
02-Aug-2024 18:59:00.948,5.172157,34.556007,-25.03624,1310,1323,0
02-Aug-2024 18:59:01.047,5.471992,33.881378,-23.911858,1310,1323,0
02-Aug-2024 18:59:01.146,6.146622,35.680389,-22.187805,1310,1323,0
02-Aug-2024 18:59:01.245,5.097198,35.00576,-22.637558,1310,1323,0
02-Aug-2024 18:59:01.344,6.821251,33.506584,-23.012352,1310,1323,0
02-Aug-2024 18:59:01.443,7.271004,34.780884,-24.661446,1310,1323,0
02-Aug-2024 18:59:01.542,6.971169,34.256172,-24.961281,1310,1323,0
02-Aug-2024 18:59:01.641,6.071663,34.481049,-24.511528,1310,1323,0
02-Aug-2024 18:59:01.740,6.521416,33.056831,-25.261116,1310,1323,0
02-Aug-2024 18:59:01.839,6.671333,32.906914,-24.511528,1310,1323,0
02-Aug-2024 18:59:01.938,7.271004,33.056831,-24.36161,1310,1323,0
02-Aug-2024 18:59:02.037,4.722404,35.230637,-22.187805,1310,1323,0
02-Aug-2024 18:59:02.136,4.797363,33.431625,-24.436569,1310,1323,0
02-Aug-2024 18:59:02.235,4.647446,33.13179,-24.586487,1310,1323,0
02-Aug-2024 18:59:02.334,4.797363,34.331131,-23.686981,1310,1323,0
02-Aug-2024 18:59:02.433,5.771828,35.455513,-23.612022,1310,1323,0
02-Aug-2024 18:59:02.532,5.546951,34.705925,-24.061775,1310,1323,0
02-Aug-2024 18:59:02.631,5.921745,35.755348,-24.061775,1310,1323,0
02-Aug-2024 18:59:02.730,4.422569,33.731461,-21.813011,1310,1323,0
02-Aug-2024 18:59:02.829,4.572487,33.731461,-23.462105,1310,1323,0
02-Aug-2024 18:59:02.928,4.422569,33.431625,-23.16227,1310,1323,0
02-Aug-2024 18:59:03.028,4.872322,33.581543,-23.16227,1310,1323,0
02-Aug-2024 18:59:03.127,7.121086,33.206749,-23.686981,1310,1323,0
02-Aug-2024 18:59:03.226,7.271004,32.756996,-23.686981,1310,1323,0
02-Aug-2024 18:59:03.325,7.420921,33.806419,-23.686981,1310,1323,0
02-Aug-2024 18:59:03.424,4.572487,33.206749,-24.36161,1310,1323,0
02-Aug-2024 18:59:03.523,4.872322,33.206749,-24.511528,1310,1323,0
02-Aug-2024 18:59:03.622,3.822899,33.506584,-24.211693,1310,1323,0
02-Aug-2024 18:59:03.721,6.071663,34.031296,-23.911858,1310,1323,0
02-Aug-2024 18:59:03.820,6.221581,34.855843,-23.911858,1310,1323,0
02-Aug-2024 18:59:03.919,5.921745,34.481049,-24.511528,1310,1323,0
02-Aug-2024 18:59:04.018,5.921745,35.380554,-23.686981,1310,1323,0
02-Aug-2024 18:59:04.117,5.397034,35.980225,-24.961281,1310,1323,0
02-Aug-2024 18:59:04.216,4.497528,34.630966,-25.111198,1310,1323,0
02-Aug-2024 18:59:04.315,4.797363,33.656502,-23.312187,1310,1323,0
02-Aug-2024 18:59:04.414,6.89621,36.729813,-23.537064,1310,1323,0
02-Aug-2024 18:59:04.513,6.746292,36.954689,-22.787476,1310,1323,0
02-Aug-2024 18:59:04.611,4.722404,35.380554,-24.661446,1310,1323,0
02-Aug-2024 18:59:04.711,4.722404,33.881378,-25.261116,1310,1323,0
02-Aug-2024 18:59:04.810,6.596375,35.155678,-24.661446,1310,1323,0
02-Aug-2024 18:59:04.909,4.572487,34.031296,-23.312187,1310,1323,0
02-Aug-2024 18:59:05.008,3.972816,33.881378,-23.012352,1310,1323,0
02-Aug-2024 18:59:05.107,5.397034,36.205101,-23.387146,1310,1323,0
02-Aug-2024 18:59:05.206,4.797363,36.205101,-23.686981,1310,1323,0
02-Aug-2024 18:59:05.305,4.197693,35.305595,-24.661446,1310,1323,0
02-Aug-2024 18:59:05.404,4.572487,34.930801,-23.16227,1310,1323,0
02-Aug-2024 18:59:05.503,4.572487,34.181213,-23.462105,1310,1323,0
02-Aug-2024 18:59:05.602,3.972816,36.055183,-24.286652,1310,1323,0
02-Aug-2024 18:59:05.701,4.572487,35.905266,-24.436569,1310,1323,0
02-Aug-2024 18:59:05.800,5.771828,35.080719,-22.48764,1310,1323,0
02-Aug-2024 18:59:05.899,5.172157,35.155678,-24.36161,1310,1323,0
02-Aug-2024 18:59:05.998,5.771828,35.455513,-24.36161,1310,1323,0
02-Aug-2024 18:59:06.097,4.722404,34.256172,-23.237228,1310,1323,0
02-Aug-2024 18:59:06.197,5.546951,34.930801,-22.937393,1310,1323,0
02-Aug-2024 18:59:06.297,4.947281,35.830307,-23.16227,1310,1323,0
02-Aug-2024 18:59:06.397,4.047775,35.530472,-22.412682,1310,1323,0
02-Aug-2024 18:59:06.497,6.821251,34.106255,-23.537064,1310,1323,0
02-Aug-2024 18:59:06.597,6.296539,34.40609,-24.286652,1310,1323,0
02-Aug-2024 18:59:06.696,7.570839,34.256172,-23.836899,1310,1323,0
02-Aug-2024 18:59:06.795,5.921745,35.680389,-26.23558,1310,1323,0
02-Aug-2024 18:59:06.894,3.897858,34.780884,-22.637558,1310,1323,0
02-Aug-2024 18:59:06.993,3.523064,34.106255,-23.537064,1310,1323,0
02-Aug-2024 18:59:07.092,5.771828,32.981873,-24.136734,1310,1323,0
02-Aug-2024 18:59:07.191,3.897858,33.581543,-22.862434,1310,1323,0
02-Aug-2024 18:59:07.290,4.647446,33.206749,-23.612022,1310,1323,0
02-Aug-2024 18:59:07.389,4.34761,34.481049,-23.76194,1310,1323,0
02-Aug-2024 18:59:07.488,4.047775,35.455513,-24.136734,1310,1323,0
02-Aug-2024 18:59:07.587,3.448105,35.305595,-23.537064,1310,1323,0
02-Aug-2024 18:59:07.686,2.998352,36.205101,-23.387146,1310,1323,0
02-Aug-2024 18:59:07.785,5.546951,34.630966,-23.686981,1310,1323,0
02-Aug-2024 18:59:20.659,-6.821251,37.779236,-26.685333,1050,1323,0
02-Aug-2024 18:59:20.758,-7.046127,36.804771,-25.560951,1050,1323,0
02-Aug-2024 18:59:20.857,-7.046127,37.329483,-25.710869,1050,1323,0
02-Aug-2024 18:59:20.956,-6.821251,37.854195,-25.261116,1050,1323,0
02-Aug-2024 18:59:21.055,-6.221581,38.453865,-25.111198,1050,1323,0
02-Aug-2024 18:59:21.154,-6.221581,38.378906,-26.760292,1050,1323,0
02-Aug-2024 18:59:21.253,-7.420921,37.179565,-27.210045,1050,1323,0
02-Aug-2024 18:59:21.352,-8.170509,37.479401,-27.060127,1050,1323,0
02-Aug-2024 18:59:21.451,-6.521416,39.578247,-27.285004,1050,1323,0
02-Aug-2024 18:59:21.550,-6.89621,39.278412,-27.584839,1050,1323,0
02-Aug-2024 18:59:21.649,-6.446457,37.779236,-27.50988,1050,1323,0
02-Aug-2024 18:59:21.748,-5.397034,36.87973,-26.085663,1050,1323,0
02-Aug-2024 18:59:21.847,-4.947281,37.779236,-26.085663,1050,1323,0
02-Aug-2024 18:59:21.946,-9.669685,39.353371,-26.760292,1050,1323,0
02-Aug-2024 18:59:22.045,-8.395386,38.228989,-24.811363,1050,1323,0
02-Aug-2024 18:59:22.144,-7.795715,38.228989,-24.136734,1050,1323,0
02-Aug-2024 18:59:22.243,-6.221581,39.053535,-25.186157,1050,1323,0
02-Aug-2024 18:59:22.342,-5.172157,39.053535,-25.935745,1050,1323,0
02-Aug-2024 18:59:22.441,-5.771828,38.7537,-26.535416,1050,1323,0
02-Aug-2024 18:59:22.540,-5.62191,38.079071,-25.935745,1050,1323,0
02-Aug-2024 18:59:22.639,-8.395386,37.929153,-26.535416,1050,1323,0
02-Aug-2024 18:59:22.738,-5.247116,39.653206,-26.535416,1050,1323,0
02-Aug-2024 18:59:22.837,-5.247116,39.203453,-25.336075,1050,1323,0
02-Aug-2024 18:59:22.936,-5.846786,38.603783,-25.186157,1050,1323,0
02-Aug-2024 18:59:23.035,-6.671333,38.378906,-27.210045,1050,1323,0
02-Aug-2024 18:59:23.134,-7.121086,39.053535,-26.610374,1050,1323,0
02-Aug-2024 18:59:23.233,-6.371498,39.803123,-26.460457,1050,1323,0
02-Aug-2024 18:59:23.332,-6.371498,38.528824,-26.835251,1050,1323,0
02-Aug-2024 18:59:23.431,-5.921745,38.378906,-26.385498,1050,1323,0
02-Aug-2024 18:59:23.530,-6.371498,38.228989,-26.535416,1050,1323,0
02-Aug-2024 18:59:23.629,-7.121086,37.104607,-27.285004,1050,1323,0
02-Aug-2024 18:59:23.729,-8.170509,38.079071,-25.935745,1050,1323,0
02-Aug-2024 18:59:23.827,-7.720757,38.978577,-26.685333,1050,1323,0
02-Aug-2024 18:59:23.926,-6.971169,36.355019,-24.211693,1050,1323,0
02-Aug-2024 18:59:24.025,-6.221581,35.380554,-24.061775,1050,1323,0
02-Aug-2024 18:59:24.124,-6.521416,36.504936,-24.511528,1050,1323,0
02-Aug-2024 18:59:24.223,-7.271004,36.130142,-23.462105,1050,1323,0
02-Aug-2024 18:59:24.323,-5.62191,36.055183,-25.710869,1050,1323,0
02-Aug-2024 18:59:24.423,-6.521416,36.579895,-24.661446,1050,1323,0
02-Aug-2024 18:59:24.523,-6.221581,36.130142,-24.661446,1050,1323,0
02-Aug-2024 18:59:24.623,-8.620262,37.929153,-25.261116,1050,1323,0
02-Aug-2024 18:59:24.722,-8.170509,39.353371,-24.961281,1050,1323,0
02-Aug-2024 18:59:24.821,-8.170509,37.929153,-25.710869,1050,1323,0
02-Aug-2024 18:59:24.920,-8.920097,38.528824,-25.261116,1050,1323,0
02-Aug-2024 18:59:25.019,-7.645798,38.228989,-25.860786,1050,1323,0
02-Aug-2024 18:59:25.118,-8.020592,38.828659,-26.760292,1050,1323,0
02-Aug-2024 18:59:25.217,-7.795715,38.228989,-26.160622,1050,1323,0
02-Aug-2024 18:59:25.316,-6.671333,36.804771,-25.485992,1050,1323,0
02-Aug-2024 18:59:25.415,-6.821251,37.104607,-25.935745,1050,1323,0
02-Aug-2024 18:59:25.514,-7.720757,39.278412,-27.210045,1050,1323,0
02-Aug-2024 18:59:25.613,-6.671333,38.7537,-27.434921,1050,1323,0
02-Aug-2024 18:59:25.712,-7.121086,38.453865,-25.935745,1050,1323,0
02-Aug-2024 18:59:25.811,-6.521416,39.128494,-27.135086,1050,1323,0
02-Aug-2024 18:59:25.910,-7.420921,36.804771,-27.210045,1050,1323,0
02-Aug-2024 18:59:26.009,-7.345963,37.554359,-25.63591,1050,1323,0
02-Aug-2024 18:59:26.108,-6.821251,37.854195,-24.736404,1050,1323,0
02-Aug-2024 18:59:26.207,-8.995056,38.678741,-24.736404,1050,1323,0
02-Aug-2024 18:59:26.306,-9.744644,37.479401,-27.959633,1050,1323,0
02-Aug-2024 18:59:26.405,-9.744644,39.053535,-27.210045,1050,1323,0
02-Aug-2024 18:59:26.504,-5.921745,39.578247,-26.385498,1050,1323,0
02-Aug-2024 18:59:26.603,-6.521416,39.053535,-25.785828,1050,1323,0
02-Aug-2024 18:59:26.702,-6.221581,36.654854,-25.411034,1050,1323,0
02-Aug-2024 18:59:26.801,-7.271004,39.128494,-26.460457,1050,1323,0
02-Aug-2024 18:59:26.900,-8.470345,38.004112,-25.261116,1050,1323,0
02-Aug-2024 18:59:26.999,-7.870674,38.528824,-25.560951,1050,1323,0
02-Aug-2024 18:59:27.098,-6.671333,37.554359,-27.210045,1050,1323,0
02-Aug-2024 18:59:27.197,-6.221581,37.854195,-27.50988,1050,1323,0
02-Aug-2024 18:59:27.296,-7.196045,38.678741,-25.485992,1050,1323,0
02-Aug-2024 18:59:27.395,-7.645798,38.978577,-25.785828,1050,1323,0
02-Aug-2024 18:59:27.494,-7.121086,37.704277,-24.736404,1050,1323,0
02-Aug-2024 18:59:27.593,-7.420921,37.854195,-24.586487,1050,1323,0
02-Aug-2024 18:59:27.692,-8.77018,37.179565,-25.63591,1050,1323,0
02-Aug-2024 18:59:27.791,-6.521416,39.128494,-27.210045,1050,1323,0
02-Aug-2024 18:59:27.890,-6.671333,38.828659,-26.91021,1050,1323,0
02-Aug-2024 18:59:27.989,-8.245468,37.704277,-25.336075,1050,1323,0
02-Aug-2024 18:59:28.088,-8.920097,37.554359,-27.959633,1050,1323,0
02-Aug-2024 18:59:28.187,-8.77018,38.228989,-27.285004,1050,1323,0
02-Aug-2024 18:59:28.286,-8.470345,37.704277,-27.210045,1050,1323,0
02-Aug-2024 18:59:28.385,-7.121086,38.978577,-26.23558,1050,1323,0
02-Aug-2024 18:59:28.484,-6.971169,39.128494,-25.485992,1050,1323,0
02-Aug-2024 18:59:28.583,-6.521416,38.978577,-26.685333,1050,1323,0
02-Aug-2024 18:59:28.682,-8.695221,38.678741,-25.485992,1050,1323,0
02-Aug-2024 18:59:28.781,-8.995056,39.128494,-25.03624,1050,1323,0
02-Aug-2024 18:59:28.880,-9.144974,38.828659,-25.03624,1050,1323,0
02-Aug-2024 18:59:28.979,-6.071663,38.228989,-25.111198,1050,1323,0
02-Aug-2024 18:59:29.078,-6.371498,38.978577,-26.23558,1050,1323,0
02-Aug-2024 18:59:29.178,-6.971169,38.828659,-25.63591,1050,1323,0
02-Aug-2024 18:59:29.277,-7.046127,38.678741,-26.310539,1050,1323,0
02-Aug-2024 18:59:29.376,-5.62191,38.7537,-25.261116,1050,1323,0
02-Aug-2024 18:59:29.475,-5.771828,39.203453,-26.160622,1050,1323,0
02-Aug-2024 18:59:29.574,-5.471992,39.053535,-24.661446,1050,1323,0
02-Aug-2024 18:59:29.673,-7.420921,37.029648,-27.809715,1050,1323,0
02-Aug-2024 18:59:29.772,-7.870674,36.654854,-27.809715,1050,1323,0
02-Aug-2024 18:59:29.871,-7.870674,37.629318,-28.259468,1050,1323,0
02-Aug-2024 18:59:29.970,-6.971169,37.329483,-27.959633,1050,1323,0
02-Aug-2024 18:59:30.069,-7.271004,39.203453,-27.50988,1050,1323,0
02-Aug-2024 18:59:30.168,-8.170509,39.128494,-27.659798,1050,1323,0
02-Aug-2024 18:59:30.267,-7.271004,38.7537,-27.210045,1050,1323,0
02-Aug-2024 18:59:30.366,-9.519768,38.603783,-26.310539,1050,1323,0
02-Aug-2024 18:59:30.465,-9.519768,38.453865,-25.710869,1050,1323,0
02-Aug-2024 18:59:44.732,-2.023888,34.181213,-15.741348,780,1323,0
02-Aug-2024 18:59:44.831,-0.974464,33.881378,-16.26606,780,1323,0
02-Aug-2024 18:59:44.930,-0.824547,34.630966,-16.790771,780,1323,0
02-Aug-2024 18:59:45.029,-1.724052,35.605431,-17.090607,780,1323,0
02-Aug-2024 18:59:45.128,-0.974464,34.331131,-16.640854,780,1323,0
02-Aug-2024 18:59:45.227,-1.049423,34.181213,-16.86573,780,1323,0
02-Aug-2024 18:59:45.326,-0.374794,34.930801,-16.26606,780,1323,0
02-Aug-2024 18:59:45.425,-1.049423,34.930801,-17.165565,780,1323,0
02-Aug-2024 18:59:45.525,-0.59967,34.930801,-15.891266,780,1323,0
02-Aug-2024 18:59:45.624,-1.649094,34.780884,-15.591431,780,1323,0
02-Aug-2024 18:59:45.723,-1.424217,34.40609,-16.041183,780,1323,0
02-Aug-2024 18:59:45.822,0.524712,35.755348,-16.940689,780,1323,0
02-Aug-2024 18:59:45.921,-0.074959,35.905266,-16.041183,780,1323,0
02-Aug-2024 18:59:46.020,-0.524712,36.504936,-16.640854,780,1323,0
02-Aug-2024 18:59:46.119,0.074959,36.654854,-16.341019,780,1323,0
02-Aug-2024 18:59:46.218,-1.724052,33.881378,-15.966225,780,1323,0
02-Aug-2024 18:59:46.317,-1.424217,33.731461,-16.565895,780,1323,0
02-Aug-2024 18:59:46.416,-1.199341,33.881378,-15.216637,780,1323,0
02-Aug-2024 18:59:46.515,-1.499176,34.40609,-16.341019,780,1323,0
02-Aug-2024 18:59:46.614,-1.799011,34.331131,-16.640854,780,1323,0
02-Aug-2024 18:59:46.713,-1.499176,34.331131,-16.640854,780,1323,0
02-Aug-2024 18:59:46.812,-0.149918,34.855843,-16.790771,780,1323,0
02-Aug-2024 18:59:46.911,-3.523064,33.581543,-16.116142,780,1323,0
02-Aug-2024 18:59:47.010,-3.073311,33.881378,-15.966225,780,1323,0
02-Aug-2024 18:59:47.109,-1.87397,34.181213,-15.516472,780,1323,0
02-Aug-2024 18:59:47.208,-3.373146,32.831955,-19.189453,780,1323,0
02-Aug-2024 18:59:47.307,-2.623558,32.831955,-18.889618,780,1323,0
02-Aug-2024 18:59:47.406,-1.2743,35.605431,-16.790771,780,1323,0
02-Aug-2024 18:59:47.505,-0.899506,34.331131,-16.940689,780,1323,0
02-Aug-2024 18:59:47.604,-1.199341,34.930801,-16.191101,780,1323,0
02-Aug-2024 18:59:47.703,-1.724052,35.155678,-17.615318,780,1323,0
02-Aug-2024 18:59:47.802,-2.47364,35.155678,-17.165565,780,1323,0
02-Aug-2024 18:59:47.901,-2.923393,34.256172,-16.26606,780,1323,0
02-Aug-2024 18:59:48.000,-2.698517,33.881378,-15.516472,780,1323,0
02-Aug-2024 18:59:48.099,-2.323723,36.130142,-16.116142,780,1323,0
02-Aug-2024 18:59:48.198,-2.47364,34.780884,-17.315483,780,1323,0
02-Aug-2024 18:59:48.297,-2.023888,34.181213,-17.315483,780,1323,0
02-Aug-2024 18:59:48.396,-2.623558,33.356667,-14.99176,780,1323,0
02-Aug-2024 18:59:48.495,-2.623558,33.656502,-13.792419,780,1323,0
02-Aug-2024 18:59:48.594,-3.448105,35.530472,-15.516472,780,1323,0
02-Aug-2024 18:59:48.693,-2.848434,34.705925,-16.041183,780,1323,0
02-Aug-2024 18:59:48.792,-2.398682,34.181213,-15.591431,780,1323,0
02-Aug-2024 18:59:48.891,-0.524712,35.530472,-17.540359,780,1323,0
02-Aug-2024 18:59:48.990,-2.098846,34.40609,-15.291595,780,1323,0
02-Aug-2024 18:59:49.089,-1.799011,34.481049,-15.891266,780,1323,0
02-Aug-2024 18:59:49.188,-2.098846,34.181213,-16.26606,780,1323,0
02-Aug-2024 18:59:49.287,-3.298187,34.705925,-18.214989,780,1323,0
02-Aug-2024 18:59:49.386,-4.047775,33.656502,-17.690277,780,1323,0
02-Aug-2024 18:59:49.485,-2.923393,35.155678,-17.465401,780,1323,0
02-Aug-2024 18:59:49.584,-2.173805,33.956337,-16.490936,780,1323,0
02-Aug-2024 18:59:49.683,-1.574135,33.581543,-17.465401,780,1323,0
02-Aug-2024 18:59:49.782,-2.173805,33.731461,-18.065071,780,1323,0
02-Aug-2024 18:59:49.881,-3.073311,34.481049,-13.792419,780,1323,0
02-Aug-2024 18:59:49.980,-3.972816,35.455513,-16.715813,780,1323,0
02-Aug-2024 18:59:50.079,-3.223228,35.305595,-17.315483,780,1323,0
02-Aug-2024 18:59:50.178,-4.122734,35.905266,-17.015648,780,1323,0
02-Aug-2024 18:59:50.277,-1.349258,32.457161,-16.565895,780,1323,0
02-Aug-2024 18:59:50.376,-0.299835,32.007408,-17.615318,780,1323,0
02-Aug-2024 18:59:50.475,-1.948929,33.13179,-16.490936,780,1323,0
02-Aug-2024 18:59:50.574,-2.248764,34.556007,-15.516472,780,1323,0
02-Aug-2024 18:59:50.673,-2.098846,35.155678,-16.565895,780,1323,0
02-Aug-2024 18:59:50.772,-1.799011,35.155678,-15.216637,780,1323,0
02-Aug-2024 18:59:50.871,-3.523064,34.630966,-18.964577,780,1323,0
02-Aug-2024 18:59:50.971,-4.122734,33.506584,-17.615318,780,1323,0
02-Aug-2024 18:59:51.070,-4.422569,33.806419,-17.465401,780,1323,0
02-Aug-2024 18:59:51.169,-3.073311,34.181213,-18.065071,780,1323,0
02-Aug-2024 18:59:51.268,-3.74794,34.106255,-16.790771,780,1323,0
02-Aug-2024 18:59:51.367,-2.998352,34.256172,-17.540359,780,1323,0
02-Aug-2024 18:59:51.466,-3.74794,34.256172,-18.14003,780,1323,0
02-Aug-2024 18:59:51.565,-1.574135,35.905266,-14.39209,780,1323,0
02-Aug-2024 18:59:51.666,-2.47364,36.205101,-14.691925,780,1323,0
02-Aug-2024 18:59:51.766,-1.87397,35.605431,-15.441513,780,1323,0
02-Aug-2024 18:59:51.866,-1.124382,35.605431,-15.591431,780,1323,0
02-Aug-2024 18:59:51.965,-3.672981,34.331131,-17.540359,780,1323,0
02-Aug-2024 18:59:52.064,-4.122734,34.481049,-16.940689,780,1323,0
02-Aug-2024 18:59:52.163,-2.323723,36.504936,-17.690277,780,1323,0
02-Aug-2024 18:59:52.262,-3.972816,34.481049,-16.715813,780,1323,0
02-Aug-2024 18:59:52.361,-3.822899,34.705925,-16.415977,780,1323,0
02-Aug-2024 18:59:52.460,-3.822899,34.481049,-17.165565,780,1323,0
02-Aug-2024 18:59:52.559,-2.023888,35.455513,-16.116142,780,1323,0
02-Aug-2024 18:59:52.658,-1.87397,35.00576,-16.565895,780,1323,0
02-Aug-2024 18:59:52.757,-2.173805,35.155678,-15.666389,780,1323,0
02-Aug-2024 18:59:52.856,-1.349258,34.930801,-15.516472,780,1323,0
02-Aug-2024 18:59:52.955,-2.923393,35.380554,-15.816307,780,1323,0
02-Aug-2024 18:59:53.054,-3.523064,35.605431,-16.116142,780,1323,0
02-Aug-2024 18:59:53.153,-1.724052,32.906914,-16.790771,780,1323,0
02-Aug-2024 18:59:53.252,-3.298187,36.205101,-17.690277,780,1323,0
02-Aug-2024 18:59:53.351,-3.74794,35.830307,-17.840195,780,1323,0
02-Aug-2024 18:59:53.450,-3.672981,33.13179,-16.565895,780,1323,0
02-Aug-2024 18:59:53.549,-3.523064,33.881378,-16.415977,780,1323,0
02-Aug-2024 18:59:53.648,-1.574135,35.080719,-16.715813,780,1323,0
02-Aug-2024 18:59:53.747,-4.647446,34.481049,-17.990112,780,1323,0
02-Aug-2024 18:59:53.846,-4.497528,34.181213,-18.14003,780,1323,0
02-Aug-2024 18:59:53.945,-1.199341,35.380554,-16.790771,780,1323,0
02-Aug-2024 18:59:54.044,-2.47364,32.457161,-18.065071,780,1323,0
02-Aug-2024 18:59:54.143,-2.773476,32.756996,-18.514824,780,1323,0
02-Aug-2024 18:59:54.242,-1.799011,34.630966,-16.415977,780,1323,0
02-Aug-2024 18:59:54.340,-1.2743,34.780884,-16.565895,780,1323,0
02-Aug-2024 18:59:54.440,-1.574135,35.230637,-16.940689,780,1323,0
02-Aug-2024 18:59:54.539,-2.173805,35.530472,-17.240524,780,1323,0
02-Aug-2024 19:00:06.028,-60.416794,-8.245468,-8.320427,644,1323,0
02-Aug-2024 19:00:06.127,-59.292412,-8.920097,-7.570839,644,1323,0
02-Aug-2024 19:00:06.226,-60.042,-8.920097,-7.121086,644,1323,0
02-Aug-2024 19:00:06.325,-60.116959,-8.470345,-8.170509,644,1323,0
02-Aug-2024 19:00:06.424,-60.566711,-10.194397,-6.671333,644,1323,0
02-Aug-2024 19:00:06.523,-61.166382,-10.344315,-6.221581,644,1323,0
02-Aug-2024 19:00:06.622,-60.266876,-10.419273,-6.071663,644,1323,0
02-Aug-2024 19:00:06.721,-61.541176,-8.845139,-10.119438,644,1323,0
02-Aug-2024 19:00:06.820,-62.140846,-8.845139,-10.269356,644,1323,0
02-Aug-2024 19:00:06.919,-62.440681,-9.144974,-9.819603,644,1323,0
02-Aug-2024 19:00:07.018,-61.841011,-9.969521,-10.269356,644,1323,0
02-Aug-2024 19:00:07.117,-61.841011,-10.044479,-7.271004,644,1323,0
02-Aug-2024 19:00:07.216,-60.341835,-9.594727,-7.570839,644,1323,0
02-Aug-2024 19:00:07.315,-60.64167,-10.569191,-8.320427,644,1323,0
02-Aug-2024 19:00:07.414,-60.341835,-8.620262,-7.645798,644,1323,0
02-Aug-2024 19:00:07.513,-61.091423,-8.320427,-8.245468,644,1323,0
02-Aug-2024 19:00:07.612,-60.791588,-9.070015,-8.095551,644,1323,0
02-Aug-2024 19:00:07.711,-62.51564,-10.269356,-7.271004,644,1323,0
02-Aug-2024 19:00:07.810,-62.965393,-9.969521,-6.971169,644,1323,0
02-Aug-2024 19:00:07.909,-64.689445,-10.869026,-7.870674,644,1323,0
02-Aug-2024 19:00:08.008,-63.939857,-11.843491,-8.170509,644,1323,0
02-Aug-2024 19:00:08.107,-65.214157,-11.393738,-10.194397,644,1323,0
02-Aug-2024 19:00:08.206,-65.06424,-10.943985,-9.594727,644,1323,0
02-Aug-2024 19:00:08.305,-63.340187,-10.943985,-8.77018,644,1323,0
02-Aug-2024 19:00:08.404,-62.890434,-11.093903,-8.995056,644,1323,0
02-Aug-2024 19:00:08.503,-63.340187,-11.693573,-8.695221,644,1323,0
02-Aug-2024 19:00:08.602,-63.490105,-11.24382,-9.444809,644,1323,0
02-Aug-2024 19:00:08.701,-62.890434,-11.393738,-10.194397,644,1323,0
02-Aug-2024 19:00:08.800,-61.241341,-11.393738,-8.845139,644,1323,0
02-Aug-2024 19:00:08.899,-61.391258,-11.543655,-9.894562,644,1323,0
02-Aug-2024 19:00:08.998,-63.415146,-12.293243,-9.894562,644,1323,0
02-Aug-2024 19:00:09.097,-65.513992,-13.042831,-9.294891,644,1323,0
02-Aug-2024 19:00:09.196,-64.839363,-12.368202,-8.695221,644,1323,0
02-Aug-2024 19:00:09.295,-61.241341,-11.543655,-10.269356,644,1323,0
02-Aug-2024 19:00:09.394,-62.440681,-14.916801,-9.070015,644,1323,0
02-Aug-2024 19:00:09.492,-61.841011,-14.916801,-8.920097,644,1323,0
02-Aug-2024 19:00:09.592,-62.590599,-11.843491,-8.095551,644,1323,0
02-Aug-2024 19:00:09.692,-62.140846,-12.443161,-8.095551,644,1323,0
02-Aug-2024 19:00:09.792,-61.616135,-11.468697,-9.669685,644,1323,0
02-Aug-2024 19:00:09.892,-60.64167,-13.342667,-10.119438,644,1323,0
02-Aug-2024 19:00:09.992,-61.691093,-12.668037,-10.119438,644,1323,0
02-Aug-2024 19:00:10.091,-61.841011,-10.719109,-9.894562,644,1323,0
02-Aug-2024 19:00:10.190,-61.841011,-11.168861,-9.594727,644,1323,0
02-Aug-2024 19:00:10.289,-63.340187,-13.042831,-9.519768,644,1323,0
02-Aug-2024 19:00:10.388,-63.565063,-15.066719,-9.36985,644,1323,0
02-Aug-2024 19:00:10.487,-60.341835,-13.042831,-8.545303,644,1323,0
02-Aug-2024 19:00:10.586,-60.042,-13.792419,-9.819603,644,1323,0
02-Aug-2024 19:00:10.685,-61.241341,-13.942337,-9.36985,644,1323,0
02-Aug-2024 19:00:10.784,-62.215805,-14.542007,-7.645798,644,1323,0
02-Aug-2024 19:00:10.883,-61.091423,-13.792419,-11.168861,644,1323,0
02-Aug-2024 19:00:10.982,-61.091423,-13.042831,-11.618614,644,1323,0
02-Aug-2024 19:00:11.081,-61.466217,-12.817955,-8.095551,644,1323,0
02-Aug-2024 19:00:11.180,-61.616135,-12.742996,-9.819603,644,1323,0
02-Aug-2024 19:00:11.279,-62.065887,-12.218285,-10.419273,644,1323,0
02-Aug-2024 19:00:11.378,-61.91597,-12.668037,-9.144974,644,1323,0
02-Aug-2024 19:00:11.477,-62.740517,-14.092255,-11.018944,644,1323,0
02-Aug-2024 19:00:11.576,-62.290764,-13.792419,-10.194397,644,1323,0
02-Aug-2024 19:00:11.675,-62.590599,-14.39209,-11.618614,644,1323,0
02-Aug-2024 19:00:11.774,-62.665558,-11.543655,-10.194397,644,1323,0
02-Aug-2024 19:00:11.873,-61.466217,-12.817955,-8.095551,644,1323,0
02-Aug-2024 19:00:11.972,-62.065887,-12.668037,-7.945633,644,1323,0
02-Aug-2024 19:00:12.071,-61.466217,-12.668037,-8.095551,644,1323,0
02-Aug-2024 19:00:12.170,-63.340187,-15.291595,-10.044479,644,1323,0
02-Aug-2024 19:00:12.269,-63.864899,-14.092255,-8.845139,644,1323,0
02-Aug-2024 19:00:12.368,-62.815475,-15.141678,-9.894562,644,1323,0
02-Aug-2024 19:00:12.467,-63.490105,-14.317131,-7.271004,644,1323,0
02-Aug-2024 19:00:12.566,-63.640022,-14.167213,-7.271004,644,1323,0
02-Aug-2024 19:00:12.665,-64.38961,-14.317131,-7.870674,644,1323,0
02-Aug-2024 19:00:12.764,-63.190269,-14.467049,-9.219933,644,1323,0
02-Aug-2024 19:00:12.863,-63.340187,-14.167213,-8.320427,644,1323,0
02-Aug-2024 19:00:12.962,-63.190269,-14.017296,-8.320427,644,1323,0
02-Aug-2024 19:00:13.061,-63.190269,-13.567543,-8.620262,644,1323,0
02-Aug-2024 19:00:13.160,-64.014816,-13.042831,-9.070015,644,1323,0
02-Aug-2024 19:00:13.259,-63.864899,-13.492584,-8.77018,644,1323,0
02-Aug-2024 19:00:13.358,-63.864899,-12.892914,-9.36985,644,1323,0
02-Aug-2024 19:00:13.457,-62.51564,-12.293243,-8.695221,644,1323,0
02-Aug-2024 19:00:13.556,-61.91597,-11.468697,-8.695221,644,1323,0
02-Aug-2024 19:00:13.655,-61.91597,-11.318779,-7.795715,644,1323,0
02-Aug-2024 19:00:13.754,-64.314651,-12.817955,-9.969521,644,1323,0
02-Aug-2024 19:00:13.853,-64.014816,-10.119438,-9.819603,644,1323,0
02-Aug-2024 19:00:13.952,-63.864899,-10.569191,-9.819603,644,1323,0
02-Aug-2024 19:00:14.051,-64.614487,-12.443161,-5.397034,644,1323,0
02-Aug-2024 19:00:14.150,-64.464569,-13.11779,-9.294891,644,1323,0
02-Aug-2024 19:00:14.249,-63.714981,-12.817955,-10.044479,644,1323,0
02-Aug-2024 19:00:14.348,-63.565063,-11.543655,-8.995056,644,1323,0
02-Aug-2024 19:00:14.447,-65.364075,-14.092255,-7.720757,644,1323,0
02-Aug-2024 19:00:14.546,-65.289116,-12.892914,-7.645798,644,1323,0
02-Aug-2024 19:00:14.645,-62.965393,-12.368202,-9.070015,644,1323,0
02-Aug-2024 19:00:14.744,-62.440681,-11.768532,-8.920097,644,1323,0
02-Aug-2024 19:00:14.843,-64.764404,-11.993408,-10.119438,644,1323,0
02-Aug-2024 19:00:14.942,-64.164734,-12.742996,-10.419273,644,1323,0
02-Aug-2024 19:00:15.041,-64.089775,-12.068367,-8.245468,644,1323,0
02-Aug-2024 19:00:15.140,-63.864899,-12.593079,-8.620262,644,1323,0
02-Aug-2024 19:00:15.239,-64.314651,-12.293243,-8.77018,644,1323,0
02-Aug-2024 19:00:15.338,-62.740517,-14.542007,-8.620262,644,1323,0
02-Aug-2024 19:00:15.437,-62.290764,-14.39209,-9.36985,644,1323,0
02-Aug-2024 19:00:15.536,-62.815475,-12.51812,-8.470345,644,1323,0
02-Aug-2024 19:00:15.635,-64.38961,-11.843491,-8.470345,644,1323,0
02-Aug-2024 19:00:15.734,-64.239693,-12.293243,-8.170509,644,1323,0
02-Aug-2024 19:00:15.833,-65.588951,-12.443161,-7.795715,644,1323,0
02-Aug-2024 19:00:28.910,-40.402794,-3.74794,-10.794067,582,1125,0
02-Aug-2024 19:00:29.009,-39.953041,-2.623558,-10.64415,582,1125,0
02-Aug-2024 19:00:29.108,-40.252876,-2.248764,-10.419273,582,1125,0
02-Aug-2024 19:00:29.207,-40.102959,-3.073311,-11.093903,582,1125,0
02-Aug-2024 19:00:29.306,-39.803123,-3.448105,-12.368202,582,1125,0
02-Aug-2024 19:00:29.405,-40.852547,-3.448105,-12.218285,582,1125,0
02-Aug-2024 19:00:29.504,-40.102959,-3.298187,-12.368202,582,1125,0
02-Aug-2024 19:00:29.603,-41.002464,-4.572487,-10.569191,582,1125,0
02-Aug-2024 19:00:29.702,-41.90197,-4.422569,-10.119438,582,1125,0
02-Aug-2024 19:00:29.801,-42.201805,-3.822899,-10.719109,582,1125,0
02-Aug-2024 19:00:29.900,-41.677094,-2.698517,-10.869026,582,1125,0
02-Aug-2024 19:00:29.999,-40.702629,-2.623558,-9.819603,582,1125,0
02-Aug-2024 19:00:30.098,-40.252876,-2.173805,-10.119438,582,1125,0
02-Aug-2024 19:00:30.197,-39.803123,-2.323723,-9.36985,582,1125,0
02-Aug-2024 19:00:30.296,-40.927505,-3.448105,-11.468697,582,1125,0
02-Aug-2024 19:00:30.395,-40.777588,-3.74794,-11.168861,582,1125,0
02-Aug-2024 19:00:30.494,-40.62767,-3.972816,-10.794067,582,1125,0
02-Aug-2024 19:00:30.593,-41.90197,-4.497528,-10.64415,582,1125,0
02-Aug-2024 19:00:30.691,-40.102959,-3.822899,-9.744644,582,1125,0
02-Aug-2024 19:00:30.791,-41.302299,-4.422569,-9.894562,582,1125,0
02-Aug-2024 19:00:30.890,-41.527176,-5.097198,-11.393738,582,1125,0
02-Aug-2024 19:00:30.989,-41.377258,-5.247116,-10.419273,582,1125,0
02-Aug-2024 19:00:31.088,-40.62767,-5.696869,-11.168861,582,1125,0
02-Aug-2024 19:00:31.187,-40.252876,-4.122734,-10.119438,582,1125,0
02-Aug-2024 19:00:31.286,-41.527176,-2.848434,-8.920097,582,1125,0
02-Aug-2024 19:00:31.385,-40.927505,-3.298187,-9.969521,582,1125,0
02-Aug-2024 19:00:31.484,-40.477753,-2.773476,-12.293243,582,1125,0
02-Aug-2024 19:00:31.583,-40.927505,-2.923393,-12.293243,582,1125,0
02-Aug-2024 19:00:31.682,-41.152382,-3.598022,-8.920097,582,1125,0
02-Aug-2024 19:00:31.781,-39.953041,-4.797363,-9.969521,582,1125,0
02-Aug-2024 19:00:31.880,-39.953041,-4.197693,-11.768532,582,1125,0
02-Aug-2024 19:00:31.979,-41.227341,-2.998352,-10.344315,582,1125,0
02-Aug-2024 19:00:32.078,-40.102959,-3.972816,-10.419273,582,1125,0
02-Aug-2024 19:00:32.177,-39.503288,-3.373146,-11.318779,582,1125,0
02-Aug-2024 19:00:32.276,-39.278412,-2.998352,-9.36985,582,1125,0
02-Aug-2024 19:00:32.375,-39.728165,-2.998352,-10.419273,582,1125,0
02-Aug-2024 19:00:32.474,-41.152382,-2.773476,-9.444809,582,1125,0
02-Aug-2024 19:00:32.573,-40.477753,-2.623558,-10.64415,582,1125,0
02-Aug-2024 19:00:32.672,-39.728165,-4.197693,-10.943985,582,1125,0
02-Aug-2024 19:00:32.771,-41.002464,-3.073311,-9.744644,582,1125,0
02-Aug-2024 19:00:32.870,-40.102959,-3.373146,-9.744644,582,1125,0
02-Aug-2024 19:00:32.969,-41.527176,-3.298187,-10.269356,582,1125,0
02-Aug-2024 19:00:33.068,-41.602135,-4.272652,-9.070015,582,1125,0
02-Aug-2024 19:00:33.167,-41.152382,-4.797363,-10.119438,582,1125,0
02-Aug-2024 19:00:33.266,-41.152382,-4.497528,-9.36985,582,1125,0
02-Aug-2024 19:00:33.365,-41.452217,-4.197693,-9.294891,582,1125,0
02-Aug-2024 19:00:33.464,-41.002464,-4.572487,-9.894562,582,1125,0
02-Aug-2024 19:00:33.563,-41.602135,-3.897858,-9.294891,582,1125,0
02-Aug-2024 19:00:33.662,-39.428329,-2.848434,-11.918449,582,1125,0
02-Aug-2024 19:00:33.761,-40.177917,-3.448105,-11.318779,582,1125,0
02-Aug-2024 19:00:33.860,-39.578247,-2.998352,-11.768532,582,1125,0
02-Aug-2024 19:00:33.959,-39.653206,-2.698517,-11.543655,582,1125,0
02-Aug-2024 19:00:34.058,-40.102959,-3.822899,-11.768532,582,1125,0
02-Aug-2024 19:00:34.157,-41.452217,-3.298187,-12.068367,582,1125,0
02-Aug-2024 19:00:34.256,-40.552711,-4.572487,-11.318779,582,1125,0
02-Aug-2024 19:00:34.355,-39.728165,-3.073311,-10.943985,582,1125,0
02-Aug-2024 19:00:34.454,-40.777588,-3.598022,-11.393738,582,1125,0
02-Aug-2024 19:00:34.553,-40.777588,-2.623558,-10.943985,582,1125,0
02-Aug-2024 19:00:34.652,-40.028,-6.446457,-9.669685,582,1125,0
02-Aug-2024 19:00:34.751,-39.728165,-5.696869,-8.695221,582,1125,0
02-Aug-2024 19:00:34.850,-40.327835,-6.296539,-9.219933,582,1125,0
02-Aug-2024 19:00:34.949,-40.477753,-5.846786,-9.294891,582,1125,0
02-Aug-2024 19:00:35.048,-41.227341,-4.797363,-10.194397,582,1125,0
02-Aug-2024 19:00:35.147,-40.62767,-4.797363,-10.719109,582,1125,0
02-Aug-2024 19:00:35.246,-40.402794,-3.223228,-10.794067,582,1125,0
02-Aug-2024 19:00:35.345,-39.503288,-2.548599,-12.293243,582,1125,0
02-Aug-2024 19:00:35.444,-39.353371,-3.598022,-12.742996,582,1125,0
02-Aug-2024 19:00:35.543,-40.402794,-3.74794,-12.143326,582,1125,0
02-Aug-2024 19:00:35.642,-39.878082,-4.197693,-10.119438,582,1125,0
02-Aug-2024 19:00:35.741,-40.252876,-3.373146,-11.318779,582,1125,0
02-Aug-2024 19:00:35.840,-40.402794,-4.122734,-11.018944,582,1125,0
02-Aug-2024 19:00:35.939,-40.852547,-3.74794,-11.093903,582,1125,0
02-Aug-2024 19:00:36.038,-41.827011,-4.647446,-11.168861,582,1125,0
02-Aug-2024 19:00:36.137,-41.527176,-4.197693,-10.194397,582,1125,0
02-Aug-2024 19:00:36.236,-38.603783,-3.74794,-11.093903,582,1125,0
02-Aug-2024 19:00:36.335,-39.278412,-3.897858,-10.943985,582,1125,0
02-Aug-2024 19:00:36.434,-39.953041,-4.197693,-11.093903,582,1125,0
02-Aug-2024 19:00:36.533,-40.552711,-2.773476,-11.318779,582,1125,0
02-Aug-2024 19:00:36.632,-40.102959,-2.623558,-11.018944,582,1125,0
02-Aug-2024 19:00:36.731,-40.477753,-3.672981,-11.693573,582,1125,0
02-Aug-2024 19:00:36.830,-40.252876,-5.02224,-10.869026,582,1125,0
02-Aug-2024 19:00:36.930,-40.702629,-4.122734,-9.969521,582,1125,0
02-Aug-2024 19:00:37.030,-38.303947,-3.14827,-10.869026,582,1125,0
02-Aug-2024 19:00:37.130,-37.704277,-3.448105,-10.869026,582,1125,0
02-Aug-2024 19:00:37.230,-41.227341,-3.897858,-10.719109,582,1125,0
02-Aug-2024 19:00:37.330,-42.426682,-4.047775,-10.119438,582,1125,0
02-Aug-2024 19:00:37.429,-39.878082,-4.647446,-10.194397,582,1125,0
02-Aug-2024 19:00:37.528,-40.252876,-4.122734,-10.044479,582,1125,0
02-Aug-2024 19:00:37.627,-38.7537,-4.122734,-10.494232,582,1125,0
02-Aug-2024 19:00:37.726,-38.828659,-3.523064,-11.618614,582,1125,0
02-Aug-2024 19:00:37.825,-39.428329,-3.972816,-8.995056,582,1125,0
02-Aug-2024 19:00:37.924,-39.128494,-4.422569,-9.819603,582,1125,0
02-Aug-2024 19:00:38.023,-38.903618,-4.047775,-11.393738,582,1125,0
02-Aug-2024 19:00:38.122,-40.702629,-3.897858,-10.494232,582,1125,0
02-Aug-2024 19:00:38.221,-41.452217,-4.047775,-10.64415,582,1125,0
02-Aug-2024 19:00:38.320,-41.152382,-3.14827,-10.494232,582,1125,0
02-Aug-2024 19:00:38.419,-40.028,-5.247116,-11.018944,582,1125,0
02-Aug-2024 19:00:38.518,-39.503288,-5.696869,-10.569191,582,1125,0
02-Aug-2024 19:00:38.617,-39.953041,-4.647446,-11.018944,582,1125,0
02-Aug-2024 19:00:38.716,-40.702629,-3.523064,-12.817955,582,1125,0
02-Aug-2024 19:00:57.834,48.648262,2.248764,-13.867378,530,1270,0
02-Aug-2024 19:00:57.933,46.549416,-1.199341,-14.242172,530,1270,0
02-Aug-2024 19:00:58.032,46.849251,-0.524712,-13.192749,530,1270,0
02-Aug-2024 19:00:58.131,49.847603,0.224876,-14.916801,530,1270,0
02-Aug-2024 19:00:58.230,48.12355,1.424217,-13.792419,530,1270,0
02-Aug-2024 19:00:58.329,47.973633,0.899506,-13.942337,530,1270,0
02-Aug-2024 19:00:58.428,47.598839,0.674629,-12.967873,530,1270,0
02-Aug-2024 19:00:58.527,48.573303,0.974464,-12.143326,530,1270,0
02-Aug-2024 19:00:58.626,49.922562,0.524712,-13.942337,530,1270,0
02-Aug-2024 19:00:58.724,49.172974,1.199341,-12.817955,530,1270,0
02-Aug-2024 19:00:58.824,48.273468,2.323723,-12.817955,530,1270,0
02-Aug-2024 19:00:58.923,47.973633,2.398682,-13.042831,530,1270,0
02-Aug-2024 19:00:59.022,48.723221,1.349258,-15.516472,530,1270,0
02-Aug-2024 19:00:59.121,48.723221,1.948929,-15.816307,530,1270,0
02-Aug-2024 19:00:59.220,48.723221,1.199341,-15.966225,530,1270,0
02-Aug-2024 19:00:59.319,47.598839,2.173805,-13.867378,530,1270,0
02-Aug-2024 19:00:59.418,48.873138,1.799011,-15.291595,530,1270,0
02-Aug-2024 19:00:59.517,48.423386,3.14827,-14.841843,530,1270,0
02-Aug-2024 19:00:59.616,49.247932,3.972816,-13.342667,530,1270,0
02-Aug-2024 19:00:59.715,50.222397,2.998352,-15.441513,530,1270,0
02-Aug-2024 19:00:59.814,49.172974,2.248764,-14.99176,530,1270,0
02-Aug-2024 19:00:59.913,48.198509,3.298187,-14.691925,530,1270,0
02-Aug-2024 19:01:00.012,49.922562,3.74794,-13.192749,530,1270,0
02-Aug-2024 19:01:00.111,49.922562,3.598022,-13.792419,530,1270,0
02-Aug-2024 19:01:00.210,49.172974,3.14827,-13.042831,530,1270,0
02-Aug-2024 19:01:00.309,47.748756,3.897858,-14.317131,530,1270,0
02-Aug-2024 19:01:00.408,47.373962,3.448105,-14.916801,530,1270,0
02-Aug-2024 19:01:00.507,47.074127,3.14827,-14.317131,530,1270,0
02-Aug-2024 19:01:00.606,47.598839,4.422569,-13.867378,530,1270,0
02-Aug-2024 19:01:00.705,47.149086,4.272652,-14.167213,530,1270,0
02-Aug-2024 19:01:00.804,47.299004,4.422569,-14.467049,530,1270,0
02-Aug-2024 19:01:00.903,47.898674,5.172157,-14.916801,530,1270,0
02-Aug-2024 19:01:01.002,47.52388,3.298187,-14.542007,530,1270,0
02-Aug-2024 19:01:01.101,47.52388,3.74794,-13.642502,530,1270,0
02-Aug-2024 19:01:01.200,48.12355,4.197693,-14.092255,530,1270,0
02-Aug-2024 19:01:01.299,47.973633,2.998352,-14.691925,530,1270,0
02-Aug-2024 19:01:01.398,47.823715,1.948929,-13.642502,530,1270,0
02-Aug-2024 19:01:01.497,48.12355,1.948929,-13.642502,530,1270,0
02-Aug-2024 19:01:01.596,47.898674,2.023888,-14.242172,530,1270,0
02-Aug-2024 19:01:01.695,48.948097,1.349258,-14.99176,530,1270,0
02-Aug-2024 19:01:01.794,48.948097,1.724052,-14.841843,530,1270,0
02-Aug-2024 19:01:01.893,48.948097,2.173805,-14.092255,530,1270,0
02-Aug-2024 19:01:01.992,47.973633,1.499176,-17.615318,530,1270,0
02-Aug-2024 19:01:02.091,48.198509,2.248764,-17.165565,530,1270,0
02-Aug-2024 19:01:02.190,48.79818,1.649094,-16.86573,530,1270,0
02-Aug-2024 19:01:02.289,49.098015,3.373146,-16.415977,530,1270,0
02-Aug-2024 19:01:02.389,49.098015,2.923393,-16.116142,530,1270,0
02-Aug-2024 19:01:02.488,48.948097,2.398682,-15.666389,530,1270,0
02-Aug-2024 19:01:02.587,49.098015,2.47364,-13.192749,530,1270,0
02-Aug-2024 19:01:02.686,48.79818,3.14827,-14.99176,530,1270,0
02-Aug-2024 19:01:02.785,48.198509,3.598022,-15.741348,530,1270,0
02-Aug-2024 19:01:02.884,48.198509,1.199341,-14.242172,530,1270,0
02-Aug-2024 19:01:02.983,48.723221,2.098846,-12.51812,530,1270,0
02-Aug-2024 19:01:03.082,48.12355,2.698517,-13.717461,530,1270,0
02-Aug-2024 19:01:03.181,46.549416,4.122734,-14.242172,530,1270,0
02-Aug-2024 19:01:03.280,50.072479,2.248764,-14.017296,530,1270,0
02-Aug-2024 19:01:03.379,50.67215,2.173805,-14.017296,530,1270,0
02-Aug-2024 19:01:03.478,48.723221,1.199341,-14.092255,530,1270,0
02-Aug-2024 19:01:03.577,48.423386,1.799011,-14.691925,530,1270,0
02-Aug-2024 19:01:03.676,47.149086,2.323723,-13.942337,530,1270,0
02-Aug-2024 19:01:03.775,47.448921,2.398682,-13.717461,530,1270,0
02-Aug-2024 19:01:03.874,47.748756,2.698517,-14.017296,530,1270,0
02-Aug-2024 19:01:03.973,47.598839,2.098846,-15.366554,530,1270,0
02-Aug-2024 19:01:04.072,47.598839,1.948929,-16.26606,530,1270,0
02-Aug-2024 19:01:04.171,49.247932,3.373146,-14.766884,530,1270,0
02-Aug-2024 19:01:04.271,50.147438,2.773476,-14.167213,530,1270,0
02-Aug-2024 19:01:04.371,49.847603,2.923393,-14.467049,530,1270,0
02-Aug-2024 19:01:04.471,48.648262,1.87397,-15.216637,530,1270,0
02-Aug-2024 19:01:04.571,49.247932,1.87397,-15.516472,530,1270,0
02-Aug-2024 19:01:04.670,49.098015,2.848434,-13.042831,530,1270,0
02-Aug-2024 19:01:04.769,50.747108,0.524712,-14.841843,530,1270,0
02-Aug-2024 19:01:04.868,51.346779,0.524712,-15.291595,530,1270,0
02-Aug-2024 19:01:04.967,47.598839,1.049423,-15.216637,530,1270,0
02-Aug-2024 19:01:05.066,46.849251,1.049423,-13.717461,530,1270,0
02-Aug-2024 19:01:05.165,46.399498,1.424217,-13.11779,530,1270,0
02-Aug-2024 19:01:05.264,45.949745,2.023888,-13.417625,530,1270,0
02-Aug-2024 19:01:05.363,49.322891,1.649094,-15.291595,530,1270,0
02-Aug-2024 19:01:05.462,49.922562,2.398682,-15.291595,530,1270,0
02-Aug-2024 19:01:05.561,49.247932,2.773476,-16.041183,530,1270,0
02-Aug-2024 19:01:05.660,49.023056,2.098846,-12.51812,530,1270,0
02-Aug-2024 19:01:05.759,50.372314,1.649094,-14.092255,530,1270,0
02-Aug-2024 19:01:05.858,49.922562,1.2743,-14.242172,530,1270,0
02-Aug-2024 19:01:05.957,50.67215,1.124382,-14.691925,530,1270,0
02-Aug-2024 19:01:06.056,49.99752,3.972816,-16.041183,530,1270,0
02-Aug-2024 19:01:06.155,50.297356,3.672981,-15.591431,530,1270,0
02-Aug-2024 19:01:06.254,50.072479,4.572487,-14.99176,530,1270,0
02-Aug-2024 19:01:06.353,48.648262,1.2743,-13.792419,530,1270,0
02-Aug-2024 19:01:06.452,48.79818,0.374794,-13.867378,530,1270,0
02-Aug-2024 19:01:06.551,48.198509,0.974464,-14.092255,530,1270,0
02-Aug-2024 19:01:06.650,48.348427,3.373146,-15.666389,530,1270,0
02-Aug-2024 19:01:06.749,47.448921,3.822899,-15.366554,530,1270,0
02-Aug-2024 19:01:06.848,48.12355,3.223228,-14.766884,530,1270,0
02-Aug-2024 19:01:06.947,47.898674,2.623558,-15.516472,530,1270,0
02-Aug-2024 19:01:07.046,47.748756,2.47364,-14.167213,530,1270,0
02-Aug-2024 19:01:07.145,46.849251,2.623558,-14.317131,530,1270,0
02-Aug-2024 19:01:07.244,47.598839,2.323723,-14.317131,530,1270,0
02-Aug-2024 19:01:07.343,48.79818,1.424217,-16.341019,530,1270,0
02-Aug-2024 19:01:07.442,49.847603,1.424217,-14.99176,530,1270,0
02-Aug-2024 19:01:07.541,48.198509,1.124382,-15.591431,530,1270,0
02-Aug-2024 19:01:07.640,49.023056,1.724052,-14.39209,530,1270,0
02-Aug-2024 19:01:21.901,7.720757,-56.743813,-10.943985,530,1380,0
02-Aug-2024 19:01:22.000,8.020592,-56.443977,-12.443161,530,1380,0
02-Aug-2024 19:01:22.099,7.570839,-55.769348,-11.393738,530,1380,0
02-Aug-2024 19:01:22.198,7.795715,-56.29406,-11.693573,530,1380,0
02-Aug-2024 19:01:22.297,7.420921,-56.818771,-11.843491,530,1380,0
02-Aug-2024 19:01:22.397,7.795715,-55.844307,-12.143326,530,1380,0
02-Aug-2024 19:01:22.497,8.470345,-56.968689,-12.967873,530,1380,0
02-Aug-2024 19:01:22.597,8.020592,-56.668854,-12.368202,530,1380,0
02-Aug-2024 19:01:22.697,7.196045,-56.818771,-13.417625,530,1380,0
02-Aug-2024 19:01:22.796,7.645798,-57.118607,-13.717461,530,1380,0
02-Aug-2024 19:01:22.895,8.995056,-54.944801,-12.443161,530,1380,0
02-Aug-2024 19:01:22.994,8.470345,-56.219101,-12.817955,530,1380,0
02-Aug-2024 19:01:23.093,9.444809,-56.219101,-12.817955,530,1380,0
02-Aug-2024 19:01:23.192,6.596375,-56.069183,-13.417625,530,1380,0
02-Aug-2024 19:01:23.291,6.446457,-54.944801,-13.867378,530,1380,0
02-Aug-2024 19:01:23.390,6.746292,-55.619431,-14.317131,530,1380,0
02-Aug-2024 19:01:23.489,8.470345,-53.745461,-13.192749,530,1380,0
02-Aug-2024 19:01:23.588,7.420921,-54.345131,-13.492584,530,1380,0
02-Aug-2024 19:01:23.687,9.36985,-53.895378,-12.742996,530,1380,0
02-Aug-2024 19:01:23.786,8.170509,-54.045296,-12.443161,530,1380,0
02-Aug-2024 19:01:23.885,8.995056,-55.619431,-14.616966,530,1380,0
02-Aug-2024 19:01:23.984,8.095551,-55.694389,-14.317131,530,1380,0
02-Aug-2024 19:01:24.083,7.570839,-55.844307,-14.99176,530,1380,0
02-Aug-2024 19:01:24.182,7.795715,-56.144142,-14.616966,530,1380,0
02-Aug-2024 19:01:24.281,7.795715,-55.994225,-14.467049,530,1380,0
02-Aug-2024 19:01:24.381,7.345963,-56.069183,-14.616966,530,1380,0
02-Aug-2024 19:01:24.480,7.046127,-55.844307,-14.017296,530,1380,0
02-Aug-2024 19:01:24.579,6.971169,-55.994225,-13.942337,530,1380,0
02-Aug-2024 19:01:24.678,8.320427,-55.994225,-14.691925,530,1380,0
02-Aug-2024 19:01:24.777,6.521416,-55.394554,-13.792419,530,1380,0
02-Aug-2024 19:01:24.876,6.971169,-56.443977,-14.242172,530,1380,0
02-Aug-2024 19:01:24.975,7.570839,-55.994225,-13.942337,530,1380,0
02-Aug-2024 19:01:25.074,8.545303,-57.568359,-13.642502,530,1380,0
02-Aug-2024 19:01:25.173,7.870674,-56.518936,-15.291595,530,1380,0
02-Aug-2024 19:01:25.272,8.020592,-56.518936,-14.39209,530,1380,0
02-Aug-2024 19:01:25.371,7.720757,-55.244637,-16.640854,530,1380,0
02-Aug-2024 19:01:25.470,8.470345,-55.844307,-16.041183,530,1380,0
02-Aug-2024 19:01:25.569,8.020592,-55.769348,-15.066719,530,1380,0
02-Aug-2024 19:01:25.668,8.470345,-58.617783,-15.366554,530,1380,0
02-Aug-2024 19:01:25.767,7.720757,-57.718277,-15.741348,530,1380,0
02-Aug-2024 19:01:25.866,7.720757,-54.120255,-14.99176,530,1380,0
02-Aug-2024 19:01:25.965,9.144974,-54.495049,-15.591431,530,1380,0
02-Aug-2024 19:01:26.064,9.294891,-55.169678,-15.291595,530,1380,0
02-Aug-2024 19:01:26.163,10.194397,-54.345131,-15.141678,530,1380,0
02-Aug-2024 19:01:26.262,7.345963,-56.219101,-14.766884,530,1380,0
02-Aug-2024 19:01:26.361,7.046127,-57.118607,-15.891266,530,1380,0
02-Aug-2024 19:01:26.460,8.095551,-56.518936,-16.640854,530,1380,0
02-Aug-2024 19:01:26.559,9.669685,-54.345131,-14.99176,530,1380,0
02-Aug-2024 19:01:26.658,9.36985,-54.869843,-14.766884,530,1380,0
02-Aug-2024 19:01:26.757,8.920097,-54.270172,-15.441513,530,1380,0
02-Aug-2024 19:01:26.856,7.645798,-55.394554,-14.39209,530,1380,0
02-Aug-2024 19:01:26.955,10.119438,-56.518936,-13.717461,530,1380,0
02-Aug-2024 19:01:27.054,10.64415,-56.069183,-13.567543,530,1380,0
02-Aug-2024 19:01:27.153,9.819603,-56.069183,-13.717461,530,1380,0
02-Aug-2024 19:01:27.252,9.144974,-55.994225,-15.441513,530,1380,0
02-Aug-2024 19:01:27.351,9.444809,-55.694389,-15.741348,530,1380,0
02-Aug-2024 19:01:27.450,9.894562,-55.394554,-15.741348,530,1380,0
02-Aug-2024 19:01:27.549,7.49588,-56.144142,-13.192749,530,1380,0
02-Aug-2024 19:01:27.648,8.695221,-57.418442,-14.542007,530,1380,0
02-Aug-2024 19:01:27.747,7.945633,-56.593895,-12.742996,530,1380,0
02-Aug-2024 19:01:27.846,7.645798,-56.29406,-13.642502,530,1380,0
02-Aug-2024 19:01:27.945,9.294891,-54.42009,-12.443161,530,1380,0
02-Aug-2024 19:01:28.044,9.294891,-54.570007,-12.293243,530,1380,0
02-Aug-2024 19:01:28.143,9.444809,-54.869843,-12.593079,530,1380,0
02-Aug-2024 19:01:28.242,9.36985,-55.919266,-14.691925,530,1380,0
02-Aug-2024 19:01:28.341,10.119438,-56.668854,-15.291595,530,1380,0
02-Aug-2024 19:01:28.440,9.519768,-55.769348,-14.99176,530,1380,0
02-Aug-2024 19:01:28.539,10.419273,-55.844307,-14.017296,530,1380,0
02-Aug-2024 19:01:28.638,9.969521,-55.394554,-14.616966,530,1380,0
02-Aug-2024 19:01:28.737,10.119438,-55.544472,-14.916801,530,1380,0
02-Aug-2024 19:01:28.836,9.969521,-56.144142,-14.467049,530,1380,0
02-Aug-2024 19:01:28.935,9.519768,-56.29406,-14.841843,530,1380,0
02-Aug-2024 19:01:29.034,9.819603,-56.743813,-14.691925,530,1380,0
02-Aug-2024 19:01:29.133,8.470345,-55.769348,-16.116142,530,1380,0
02-Aug-2024 19:01:29.232,10.344315,-52.696037,-14.766884,530,1380,0
02-Aug-2024 19:01:29.331,11.093903,-53.445625,-14.167213,530,1380,0
02-Aug-2024 19:01:29.430,10.64415,-53.745461,-14.616966,530,1380,0
02-Aug-2024 19:01:29.529,8.470345,-55.769348,-13.942337,530,1380,0
02-Aug-2024 19:01:29.628,7.49588,-54.794884,-14.841843,530,1380,0
02-Aug-2024 19:01:29.727,7.49588,-55.769348,-15.066719,530,1380,0
02-Aug-2024 19:01:29.827,8.995056,-56.968689,-14.841843,530,1380,0
02-Aug-2024 19:01:29.926,7.645798,-54.944801,-15.741348,530,1380,0
02-Aug-2024 19:01:30.025,7.795715,-55.394554,-14.39209,530,1380,0
02-Aug-2024 19:01:30.124,9.744644,-56.069183,-12.967873,530,1380,0
02-Aug-2024 19:01:30.223,8.395386,-54.719925,-15.741348,530,1380,0
02-Aug-2024 19:01:30.322,8.845139,-55.094719,-15.441513,530,1380,0
02-Aug-2024 19:01:30.421,10.344315,-55.094719,-15.516472,530,1380,0
02-Aug-2024 19:01:30.520,9.744644,-54.120255,-15.666389,530,1380,0
02-Aug-2024 19:01:30.619,8.095551,-54.944801,-12.593079,530,1380,0
02-Aug-2024 19:01:30.718,9.070015,-55.094719,-13.042831,530,1380,0
02-Aug-2024 19:01:30.817,9.36985,-56.144142,-13.942337,530,1380,0
02-Aug-2024 19:01:30.916,7.345963,-56.369019,-17.240524,530,1380,0
02-Aug-2024 19:01:31.015,7.046127,-58.093071,-16.790771,530,1380,0
02-Aug-2024 19:01:31.114,8.320427,-55.394554,-13.642502,530,1380,0
02-Aug-2024 19:01:31.213,7.720757,-55.094719,-14.542007,530,1380,0
02-Aug-2024 19:01:31.312,9.669685,-54.42009,-14.317131,530,1380,0
02-Aug-2024 19:01:31.411,7.720757,-55.694389,-13.717461,530,1380,0
02-Aug-2024 19:01:31.511,8.470345,-56.144142,-13.867378,530,1380,0
02-Aug-2024 19:01:31.611,8.170509,-55.694389,-13.417625,530,1380,0
02-Aug-2024 19:01:31.711,7.420921,-56.443977,-14.167213,530,1380,0
02-Aug-2024 19:01:55.183,53.370667,2.398682,-26.91021,1120,1380,0
02-Aug-2024 19:01:55.282,53.070831,3.298187,-26.535416,1120,1380,0
02-Aug-2024 19:01:55.381,53.670502,2.698517,-26.685333,1120,1380,0
02-Aug-2024 19:01:55.480,53.670502,3.972816,-26.010704,1120,1380,0
02-Aug-2024 19:01:55.579,54.270172,4.422569,-27.060127,1120,1380,0
02-Aug-2024 19:01:55.678,53.670502,4.422569,-26.010704,1120,1380,0
02-Aug-2024 19:01:55.777,54.570007,4.122734,-26.760292,1120,1380,0
02-Aug-2024 19:01:55.876,54.570007,5.02224,-26.460457,1120,1380,0
02-Aug-2024 19:01:55.975,53.520584,4.272652,-26.310539,1120,1380,0
02-Aug-2024 19:01:56.074,54.570007,3.972816,-25.560951,1120,1380,0
02-Aug-2024 19:01:56.173,52.770996,4.197693,-28.634262,1120,1380,0
02-Aug-2024 19:01:56.272,53.070831,4.197693,-29.38385,1120,1380,0
02-Aug-2024 19:01:56.371,52.171326,3.598022,-28.184509,1120,1380,0
02-Aug-2024 19:01:56.470,53.445625,4.572487,-25.935745,1120,1380,0
02-Aug-2024 19:01:56.569,54.570007,5.322075,-27.135086,1120,1380,0
02-Aug-2024 19:01:56.668,54.42009,5.172157,-27.285004,1120,1380,0
02-Aug-2024 19:01:56.767,52.995872,2.773476,-27.060127,1120,1380,0
02-Aug-2024 19:01:56.866,53.595543,3.822899,-28.78418,1120,1380,0
02-Aug-2024 19:01:56.965,52.845955,3.373146,-27.734756,1120,1380,0
02-Aug-2024 19:01:57.064,52.171326,3.223228,-27.359962,1120,1380,0
02-Aug-2024 19:01:57.163,55.994225,5.397034,-27.584839,1120,1380,0
02-Aug-2024 19:01:57.262,55.994225,5.696869,-28.78418,1120,1380,0
02-Aug-2024 19:01:57.361,52.621078,4.497528,-24.886322,1120,1380,0
02-Aug-2024 19:01:57.460,53.370667,4.947281,-24.736404,1120,1380,0
02-Aug-2024 19:01:57.558,53.445625,4.34761,-27.584839,1120,1380,0
02-Aug-2024 19:01:57.658,54.195213,3.523064,-28.78418,1120,1380,0
02-Aug-2024 19:01:57.757,54.794884,3.223228,-28.334427,1120,1380,0
02-Aug-2024 19:01:57.856,53.295708,4.122734,-28.10955,1120,1380,0
02-Aug-2024 19:01:57.955,52.995872,4.722404,-28.10955,1120,1380,0
02-Aug-2024 19:01:58.054,54.719925,4.34761,-26.610374,1120,1380,0
02-Aug-2024 19:01:58.153,55.394554,5.02224,-26.385498,1120,1380,0
02-Aug-2024 19:01:58.252,52.396202,4.34761,-26.010704,1120,1380,0
02-Aug-2024 19:01:58.351,53.895378,5.397034,-27.50988,1120,1380,0
02-Aug-2024 19:01:58.450,54.42009,5.771828,-26.91021,1120,1380,0
02-Aug-2024 19:01:58.549,54.045296,4.272652,-29.009056,1120,1380,0
02-Aug-2024 19:01:58.648,52.696037,3.598022,-27.210045,1120,1380,0
02-Aug-2024 19:01:58.747,52.845955,3.598022,-28.709221,1120,1380,0
02-Aug-2024 19:01:58.847,53.520584,5.322075,-26.835251,1120,1380,0
02-Aug-2024 19:01:58.947,53.295708,4.722404,-27.135086,1120,1380,0
02-Aug-2024 19:01:59.047,53.445625,4.272652,-27.434921,1120,1380,0
02-Aug-2024 19:01:59.147,52.995872,4.797363,-27.135086,1120,1380,0
02-Aug-2024 19:01:59.246,50.67215,4.947281,-26.535416,1120,1380,0
02-Aug-2024 19:01:59.345,50.522232,4.197693,-26.23558,1120,1380,0
02-Aug-2024 19:01:59.444,51.346779,5.097198,-26.23558,1120,1380,0
02-Aug-2024 19:01:59.543,54.120255,4.647446,-28.259468,1120,1380,0
02-Aug-2024 19:01:59.642,53.670502,4.422569,-27.285004,1120,1380,0
02-Aug-2024 19:01:59.741,54.120255,4.872322,-27.734756,1120,1380,0
02-Aug-2024 19:01:59.840,54.270172,4.572487,-28.484344,1120,1380,0
02-Aug-2024 19:01:59.939,54.644966,4.497528,-27.060127,1120,1380,0
02-Aug-2024 19:02:00.038,53.14579,4.197693,-26.310539,1120,1380,0
02-Aug-2024 19:02:00.137,54.045296,4.047775,-26.610374,1120,1380,0
02-Aug-2024 19:02:00.236,52.471161,5.62191,-27.285004,1120,1380,0
02-Aug-2024 19:02:00.335,53.370667,5.322075,-27.434921,1120,1380,0
02-Aug-2024 19:02:00.434,51.87149,5.02224,-27.584839,1120,1380,0
02-Aug-2024 19:02:00.533,53.820419,5.172157,-27.135086,1120,1380,0
02-Aug-2024 19:02:00.632,53.520584,2.848434,-27.060127,1120,1380,0
02-Aug-2024 19:02:00.731,53.670502,4.722404,-27.359962,1120,1380,0
02-Aug-2024 19:02:00.830,52.920914,4.722404,-27.809715,1120,1380,0
02-Aug-2024 19:02:00.929,54.120255,5.172157,-26.835251,1120,1380,0
02-Aug-2024 19:02:01.028,53.520584,5.172157,-27.210045,1120,1380,0
02-Aug-2024 19:02:01.127,53.670502,5.097198,-26.91021,1120,1380,0
02-Aug-2024 19:02:01.226,53.670502,3.523064,-26.835251,1120,1380,0
02-Aug-2024 19:02:01.325,54.120255,4.647446,-26.685333,1120,1380,0
02-Aug-2024 19:02:01.424,53.370667,3.74794,-26.535416,1120,1380,0
02-Aug-2024 19:02:01.523,52.621078,4.647446,-27.884674,1120,1380,0
02-Aug-2024 19:02:01.622,53.370667,5.322075,-26.835251,1120,1380,0
02-Aug-2024 19:02:01.721,54.270172,5.471992,-26.385498,1120,1380,0
02-Aug-2024 19:02:01.820,51.496696,3.74794,-26.385498,1120,1380,0
02-Aug-2024 19:02:01.919,53.820419,5.771828,-27.135086,1120,1380,0
02-Aug-2024 19:02:02.018,53.670502,5.02224,-27.135086,1120,1380,0
02-Aug-2024 19:02:02.117,53.370667,5.397034,-27.50988,1120,1380,0
02-Aug-2024 19:02:02.216,51.796532,5.322075,-28.259468,1120,1380,0
02-Aug-2024 19:02:02.315,51.346779,6.821251,-29.009056,1120,1380,0
02-Aug-2024 19:02:02.414,52.696037,5.02224,-27.285004,1120,1380,0
02-Aug-2024 19:02:02.513,52.845955,5.471992,-27.584839,1120,1380,0
02-Aug-2024 19:02:02.612,53.595543,4.872322,-26.310539,1120,1380,0
02-Aug-2024 19:02:02.712,53.595543,4.34761,-26.160622,1120,1380,0
02-Aug-2024 19:02:02.810,54.195213,5.247116,-28.634262,1120,1380,0
02-Aug-2024 19:02:02.909,53.595543,4.197693,-27.584839,1120,1380,0
02-Aug-2024 19:02:03.008,53.295708,4.947281,-27.135086,1120,1380,0
02-Aug-2024 19:02:03.107,53.595543,3.74794,-28.259468,1120,1380,0
02-Aug-2024 19:02:03.206,53.295708,3.972816,-27.210045,1120,1380,0
02-Aug-2024 19:02:03.305,52.995872,3.74794,-29.009056,1120,1380,0
02-Aug-2024 19:02:03.404,53.520584,3.74794,-27.359962,1120,1380,0
02-Aug-2024 19:02:03.503,53.520584,4.572487,-27.359962,1120,1380,0
02-Aug-2024 19:02:03.602,52.54612,5.696869,-26.310539,1120,1380,0
02-Aug-2024 19:02:03.701,53.445625,4.647446,-27.584839,1120,1380,0
02-Aug-2024 19:02:03.800,53.14579,4.497528,-27.734756,1120,1380,0
02-Aug-2024 19:02:03.899,53.14579,6.221581,-27.285004,1120,1380,0
02-Aug-2024 19:02:03.998,53.670502,4.122734,-26.010704,1120,1380,0
02-Aug-2024 19:02:04.097,53.520584,3.822899,-25.411034,1120,1380,0
02-Aug-2024 19:02:04.196,52.770996,4.272652,-25.860786,1120,1380,0
02-Aug-2024 19:02:04.295,54.195213,5.996704,-26.685333,1120,1380,0
02-Aug-2024 19:02:04.394,52.920914,4.497528,-26.385498,1120,1380,0
02-Aug-2024 19:02:04.493,52.321243,4.647446,-26.985168,1120,1380,0
02-Aug-2024 19:02:04.592,53.220749,6.371498,-25.485992,1120,1380,0
02-Aug-2024 19:02:04.691,52.246284,4.34761,-26.835251,1120,1380,0
02-Aug-2024 19:02:04.790,52.54612,4.197693,-26.385498,1120,1380,0
02-Aug-2024 19:02:04.889,52.696037,6.071663,-27.584839,1120,1380,0
02-Aug-2024 19:02:04.988,53.520584,6.89621,-26.385498,1120,1380,0
02-Aug-2024 19:02:17.866,17.015648,47.598839,-26.23558,1120,1595,0
02-Aug-2024 19:02:17.965,15.066719,48.648262,-23.836899,1120,1595,0
02-Aug-2024 19:02:18.064,15.741348,47.074127,-24.586487,1120,1595,0
02-Aug-2024 19:02:18.163,15.591431,46.699333,-23.686981,1120,1595,0
02-Aug-2024 19:02:18.262,17.915154,46.24958,-24.886322,1120,1595,0
02-Aug-2024 19:02:18.361,17.990112,46.699333,-26.085663,1120,1595,0
02-Aug-2024 19:02:18.460,17.465401,49.322891,-25.03624,1120,1595,0
02-Aug-2024 19:02:18.559,16.86573,48.873138,-23.537064,1120,1595,0
02-Aug-2024 19:02:18.658,16.790771,47.598839,-24.811363,1120,1595,0
02-Aug-2024 19:02:18.757,16.940689,46.624374,-23.76194,1120,1595,0
02-Aug-2024 19:02:18.856,16.341019,47.373962,-25.411034,1120,1595,0
02-Aug-2024 19:02:18.955,17.990112,47.973633,-24.811363,1120,1595,0
02-Aug-2024 19:02:19.054,17.165565,48.348427,-23.986816,1120,1595,0
02-Aug-2024 19:02:19.153,16.26606,46.92421,-23.312187,1120,1595,0
02-Aug-2024 19:02:19.252,17.240524,49.247932,-26.23558,1120,1595,0
02-Aug-2024 19:02:19.351,17.090607,48.79818,-24.886322,1120,1595,0
02-Aug-2024 19:02:19.450,16.041183,48.573303,-24.586487,1120,1595,0
02-Aug-2024 19:02:19.549,16.565895,46.774292,-24.511528,1120,1595,0
02-Aug-2024 19:02:19.648,16.116142,47.823715,-24.36161,1120,1595,0
02-Aug-2024 19:02:19.747,14.99176,47.898674,-26.160622,1120,1595,0
02-Aug-2024 19:02:19.846,17.240524,47.448921,-25.03624,1120,1595,0
02-Aug-2024 19:02:19.945,16.490936,46.849251,-24.286652,1120,1595,0
02-Aug-2024 19:02:20.044,17.990112,46.999168,-23.986816,1120,1595,0
02-Aug-2024 19:02:20.143,17.690277,49.39785,-23.537064,1120,1595,0
02-Aug-2024 19:02:20.242,15.441513,48.348427,-24.661446,1120,1595,0
02-Aug-2024 19:02:20.341,14.167213,49.922562,-25.03624,1120,1595,0
02-Aug-2024 19:02:20.440,15.816307,45.949745,-25.411034,1120,1595,0
02-Aug-2024 19:02:20.538,16.565895,47.373962,-25.186157,1120,1595,0
02-Aug-2024 19:02:20.638,16.715813,47.823715,-24.436569,1120,1595,0
02-Aug-2024 19:02:20.737,16.26606,48.873138,-25.485992,1120,1595,0
02-Aug-2024 19:02:20.836,14.017296,47.224045,-27.135086,1120,1595,0
02-Aug-2024 19:02:20.935,15.516472,47.973633,-26.685333,1120,1595,0
02-Aug-2024 19:02:21.034,15.066719,47.823715,-25.935745,1120,1595,0
02-Aug-2024 19:02:21.133,14.467049,49.622726,-26.385498,1120,1595,0
02-Aug-2024 19:02:21.232,14.467049,49.023056,-26.23558,1120,1595,0
02-Aug-2024 19:02:21.331,14.467049,49.172974,-26.685333,1120,1595,0
02-Aug-2024 19:02:21.430,16.490936,49.39785,-24.736404,1120,1595,0
02-Aug-2024 19:02:21.529,16.341019,49.99752,-24.886322,1120,1595,0
02-Aug-2024 19:02:21.628,15.891266,49.547768,-25.03624,1120,1595,0
02-Aug-2024 19:02:21.727,15.591431,48.573303,-24.811363,1120,1595,0
02-Aug-2024 19:02:21.826,14.542007,49.922562,-25.186157,1120,1595,0
02-Aug-2024 19:02:21.925,15.216637,50.222397,-25.03624,1120,1595,0
02-Aug-2024 19:02:22.024,14.616966,49.172974,-24.436569,1120,1595,0
02-Aug-2024 19:02:22.123,16.640854,49.023056,-25.935745,1120,1595,0
02-Aug-2024 19:02:22.222,16.490936,49.472809,-26.685333,1120,1595,0
02-Aug-2024 19:02:22.321,16.790771,49.322891,-25.935745,1120,1595,0
02-Aug-2024 19:02:22.420,16.490936,48.873138,-24.136734,1120,1595,0
02-Aug-2024 19:02:22.519,17.690277,49.847603,-24.736404,1120,1595,0
02-Aug-2024 19:02:22.618,16.191101,49.697685,-24.436569,1120,1595,0
02-Aug-2024 19:02:22.717,16.191101,49.39785,-24.736404,1120,1595,0
02-Aug-2024 19:02:22.816,18.214989,48.723221,-24.586487,1120,1595,0
02-Aug-2024 19:02:22.915,17.465401,49.172974,-24.586487,1120,1595,0
02-Aug-2024 19:02:23.014,18.065071,48.873138,-25.63591,1120,1595,0
02-Aug-2024 19:02:23.113,14.467049,48.348427,-23.986816,1120,1595,0
02-Aug-2024 19:02:23.212,15.216637,49.39785,-24.286652,1120,1595,0
02-Aug-2024 19:02:23.311,14.167213,49.247932,-23.387146,1120,1595,0
02-Aug-2024 19:02:23.410,16.341019,48.723221,-26.160622,1120,1595,0
02-Aug-2024 19:02:23.509,16.490936,47.748756,-26.460457,1120,1595,0
02-Aug-2024 19:02:23.608,17.090607,48.198509,-26.460457,1120,1595,0
02-Aug-2024 19:02:23.707,15.216637,49.772644,-25.03624,1120,1595,0
02-Aug-2024 19:02:23.806,16.940689,47.898674,-26.685333,1120,1595,0
02-Aug-2024 19:02:23.905,16.790771,46.999168,-26.23558,1120,1595,0
02-Aug-2024 19:02:24.004,15.066719,48.873138,-26.385498,1120,1595,0
02-Aug-2024 19:02:24.103,15.966225,48.948097,-24.961281,1120,1595,0
02-Aug-2024 19:02:24.202,15.816307,49.547768,-25.560951,1120,1595,0
02-Aug-2024 19:02:24.301,16.490936,46.774292,-24.286652,1120,1595,0
02-Aug-2024 19:02:24.400,16.341019,46.474457,-23.537064,1120,1595,0
02-Aug-2024 19:02:24.499,16.415977,48.198509,-25.186157,1120,1595,0
02-Aug-2024 19:02:24.598,14.616966,47.673798,-24.511528,1120,1595,0
02-Aug-2024 19:02:24.697,15.591431,48.273468,-24.061775,1120,1595,0
02-Aug-2024 19:02:24.796,16.565895,48.12355,-25.111198,1120,1595,0
02-Aug-2024 19:02:24.895,16.565895,48.048592,-25.411034,1120,1595,0
02-Aug-2024 19:02:24.994,14.39209,47.673798,-24.061775,1120,1595,0
02-Aug-2024 19:02:25.093,16.640854,48.273468,-25.261116,1120,1595,0
02-Aug-2024 19:02:25.192,14.99176,49.697685,-25.63591,1120,1595,0
02-Aug-2024 19:02:25.291,14.317131,48.648262,-25.03624,1120,1595,0
02-Aug-2024 19:02:25.390,14.616966,47.673798,-24.886322,1120,1595,0
02-Aug-2024 19:02:25.489,15.816307,47.823715,-24.136734,1120,1595,0
02-Aug-2024 19:02:25.588,16.116142,49.322891,-25.186157,1120,1595,0
02-Aug-2024 19:02:25.687,15.666389,49.847603,-25.63591,1120,1595,0
02-Aug-2024 19:02:25.786,16.341019,48.573303,-24.886322,1120,1595,0
02-Aug-2024 19:02:25.885,15.291595,47.448921,-24.736404,1120,1595,0
02-Aug-2024 19:02:25.984,15.741348,46.774292,-25.03624,1120,1595,0
02-Aug-2024 19:02:26.083,15.441513,47.149086,-23.986816,1120,1595,0
02-Aug-2024 19:02:26.183,15.366554,47.149086,-24.961281,1120,1595,0
02-Aug-2024 19:02:26.283,14.467049,46.699333,-25.111198,1120,1595,0
02-Aug-2024 19:02:26.383,14.317131,47.52388,-24.511528,1120,1595,0
02-Aug-2024 19:02:26.483,15.966225,47.598839,-23.986816,1120,1595,0
02-Aug-2024 19:02:26.582,15.516472,47.373962,-25.336075,1120,1595,0
02-Aug-2024 19:02:26.681,15.666389,47.673798,-24.886322,1120,1595,0
02-Aug-2024 19:02:26.780,15.366554,47.52388,-25.186157,1120,1595,0
02-Aug-2024 19:02:26.879,16.715813,48.423386,-24.136734,1120,1595,0
02-Aug-2024 19:02:26.978,17.765236,47.748756,-24.436569,1120,1595,0
02-Aug-2024 19:02:27.077,16.26606,47.748756,-24.886322,1120,1595,0
02-Aug-2024 19:02:27.176,15.591431,49.39785,-24.511528,1120,1595,0
02-Aug-2024 19:02:27.275,15.441513,49.098015,-24.661446,1120,1595,0
02-Aug-2024 19:02:27.374,15.741348,49.098015,-24.061775,1120,1595,0
02-Aug-2024 19:02:27.473,17.615318,48.048592,-26.985168,1120,1595,0
02-Aug-2024 19:02:27.572,17.465401,48.498344,-26.835251,1120,1595,0
02-Aug-2024 19:02:27.671,18.065071,47.748756,-26.085663,1120,1595,0
02-Aug-2024 19:02:52.826,-5.921745,-49.622726,-4.947281,1312,2000,0
02-Aug-2024 19:02:52.925,-5.921745,-49.247932,-5.247116,1312,2000,0
02-Aug-2024 19:02:53.024,-6.071663,-49.922562,-5.397034,1312,2000,0
02-Aug-2024 19:02:53.123,-3.822899,-48.723221,-6.446457,1312,2000,0
02-Aug-2024 19:02:53.222,-2.773476,-49.772644,-6.446457,1312,2000,0
02-Aug-2024 19:02:53.321,-3.373146,-49.023056,-6.296539,1312,2000,0
02-Aug-2024 19:02:53.420,-5.846786,-49.322891,-5.846786,1312,2000,0
02-Aug-2024 19:02:53.520,-4.197693,-49.847603,-6.821251,1312,2000,0
02-Aug-2024 19:02:53.620,-3.74794,-50.747108,-7.121086,1312,2000,0
02-Aug-2024 19:02:53.720,-4.572487,-51.496696,-7.121086,1312,2000,0
02-Aug-2024 19:02:53.820,-5.996704,-47.748756,-6.296539,1312,2000,0
02-Aug-2024 19:02:53.919,-5.247116,-47.598839,-6.596375,1312,2000,0
02-Aug-2024 19:02:54.019,-4.947281,-49.098015,-7.345963,1312,2000,0
02-Aug-2024 19:02:54.118,-4.047775,-48.873138,-9.070015,1312,2000,0
02-Aug-2024 19:02:54.217,-4.497528,-49.023056,-9.219933,1312,2000,0
02-Aug-2024 19:02:54.316,-3.897858,-49.172974,-9.070015,1312,2000,0
02-Aug-2024 19:02:54.415,-5.996704,-50.372314,-4.722404,1312,2000,0
02-Aug-2024 19:02:54.514,-5.546951,-49.922562,-5.322075,1312,2000,0
02-Aug-2024 19:02:54.613,-5.846786,-50.522232,-6.371498,1312,2000,0
02-Aug-2024 19:02:54.712,-5.546951,-49.922562,-6.371498,1312,2000,0
02-Aug-2024 19:02:54.811,-5.471992,-49.697685,-7.870674,1312,2000,0
02-Aug-2024 19:02:54.910,-6.071663,-49.098015,-7.420921,1312,2000,0
02-Aug-2024 19:02:55.009,-6.071663,-49.697685,-8.020592,1312,2000,0
02-Aug-2024 19:02:55.108,-4.422569,-48.498344,-7.196045,1312,2000,0
02-Aug-2024 19:02:55.207,-3.523064,-48.198509,-7.945633,1312,2000,0
02-Aug-2024 19:02:55.306,-4.722404,-48.648262,-7.645798,1312,2000,0
02-Aug-2024 19:02:55.405,-5.02224,-50.072479,-6.671333,1312,2000,0
02-Aug-2024 19:02:55.504,-5.846786,-48.723221,-7.870674,1312,2000,0
02-Aug-2024 19:02:55.603,-5.996704,-48.573303,-7.720757,1312,2000,0
02-Aug-2024 19:02:55.702,-4.797363,-49.098015,-8.320427,1312,2000,0
02-Aug-2024 19:02:55.801,-6.521416,-49.547768,-5.02224,1312,2000,0
02-Aug-2024 19:02:55.900,-6.821251,-49.247932,-5.921745,1312,2000,0
02-Aug-2024 19:02:55.999,-3.672981,-48.573303,-7.795715,1312,2000,0
02-Aug-2024 19:02:56.098,-4.647446,-49.772644,-7.046127,1312,2000,0
02-Aug-2024 19:02:56.197,-4.497528,-50.447273,-7.121086,1312,2000,0
02-Aug-2024 19:02:56.296,-4.797363,-49.622726,-6.971169,1312,2000,0
02-Aug-2024 19:02:56.395,-4.197693,-49.023056,-7.271004,1312,2000,0
02-Aug-2024 19:02:56.494,-5.471992,-47.748756,-7.49588,1312,2000,0
02-Aug-2024 19:02:56.593,-5.771828,-47.373962,-7.49588,1312,2000,0
02-Aug-2024 19:02:56.692,-3.448105,-48.648262,-6.821251,1312,2000,0
02-Aug-2024 19:02:56.791,-5.771828,-48.948097,-5.921745,1312,2000,0
02-Aug-2024 19:02:56.890,-5.471992,-48.79818,-5.097198,1312,2000,0
02-Aug-2024 19:02:56.989,-5.696869,-50.147438,-6.371498,1312,2000,0
02-Aug-2024 19:02:57.088,-5.097198,-49.247932,-6.446457,1312,2000,0
02-Aug-2024 19:02:57.187,-2.923393,-48.873138,-7.49588,1312,2000,0
02-Aug-2024 19:02:57.286,-2.548599,-48.873138,-6.596375,1312,2000,0
02-Aug-2024 19:02:57.385,-3.74794,-48.573303,-6.89621,1312,2000,0
02-Aug-2024 19:02:57.484,-3.822899,-47.299004,-7.720757,1312,2000,0
02-Aug-2024 19:02:57.583,-5.322075,-50.072479,-7.870674,1312,2000,0
02-Aug-2024 19:02:57.682,-5.771828,-50.372314,-8.920097,1312,2000,0
02-Aug-2024 19:02:57.781,-6.296539,-48.79818,-7.49588,1312,2000,0
02-Aug-2024 19:02:57.880,-4.34761,-48.273468,-7.945633,1312,2000,0
02-Aug-2024 19:02:57.979,-4.947281,-48.423386,-7.49588,1312,2000,0
02-Aug-2024 19:02:58.078,-3.897858,-48.573303,-7.345963,1312,2000,0
02-Aug-2024 19:02:58.177,-5.172157,-50.072479,-6.146622,1312,2000,0
02-Aug-2024 19:02:58.276,-5.771828,-48.79818,-6.821251,1312,2000,0
02-Aug-2024 19:02:58.375,-6.371498,-48.048592,-8.170509,1312,2000,0
02-Aug-2024 19:02:58.474,-5.172157,-48.873138,-7.570839,1312,2000,0
02-Aug-2024 19:02:58.573,-5.771828,-49.622726,-4.572487,1312,2000,0
02-Aug-2024 19:02:58.672,-6.371498,-49.322891,-4.422569,1312,2000,0
02-Aug-2024 19:02:58.771,-6.671333,-50.597191,-6.89621,1312,2000,0
02-Aug-2024 19:02:58.870,-5.771828,-49.547768,-7.49588,1312,2000,0
02-Aug-2024 19:02:58.969,-4.797363,-50.072479,-7.046127,1312,2000,0
02-Aug-2024 19:02:59.068,-4.047775,-50.372314,-6.746292,1312,2000,0
02-Aug-2024 19:02:59.167,-6.371498,-49.247932,-8.245468,1312,2000,0
02-Aug-2024 19:02:59.266,-5.471992,-49.847603,-8.320427,1312,2000,0
02-Aug-2024 19:02:59.365,-5.471992,-50.147438,-8.170509,1312,2000,0
02-Aug-2024 19:02:59.464,-6.221581,-48.79818,-7.420921,1312,2000,0
02-Aug-2024 19:02:59.563,-5.921745,-48.79818,-7.570839,1312,2000,0
02-Aug-2024 19:02:59.662,-6.671333,-48.348427,-8.320427,1312,2000,0
02-Aug-2024 19:02:59.761,-6.071663,-48.048592,-9.070015,1312,2000,0
02-Aug-2024 19:02:59.860,-5.62191,-48.79818,-6.296539,1312,2000,0
02-Aug-2024 19:02:59.959,-5.62191,-48.79818,-5.996704,1312,2000,0
02-Aug-2024 19:03:00.058,-4.722404,-48.648262,-6.446457,1312,2000,0
02-Aug-2024 19:03:00.157,-6.071663,-48.12355,-7.720757,1312,2000,0
02-Aug-2024 19:03:00.256,-5.62191,-48.723221,-7.121086,1312,2000,0
02-Aug-2024 19:03:00.355,-5.921745,-48.423386,-6.521416,1312,2000,0
02-Aug-2024 19:03:00.454,-6.371498,-48.573303,-6.521416,1312,2000,0
02-Aug-2024 19:03:00.553,-3.223228,-49.472809,-7.570839,1312,2000,0
02-Aug-2024 19:03:00.652,-4.197693,-49.322891,-7.420921,1312,2000,0
02-Aug-2024 19:03:00.751,-4.197693,-49.622726,-7.121086,1312,2000,0
02-Aug-2024 19:03:00.850,-4.272652,-50.072479,-8.320427,1312,2000,0
02-Aug-2024 19:03:00.949,-4.272652,-49.772644,-7.271004,1312,2000,0
02-Aug-2024 19:03:01.048,-6.671333,-48.348427,-8.020592,1312,2000,0
02-Aug-2024 19:03:01.147,-4.647446,-49.247932,-7.945633,1312,2000,0
02-Aug-2024 19:03:01.246,-4.797363,-49.247932,-8.77018,1312,2000,0
02-Aug-2024 19:03:01.345,-4.647446,-48.79818,-8.695221,1312,2000,0
02-Aug-2024 19:03:01.444,-5.02224,-47.299004,-7.196045,1312,2000,0
02-Aug-2024 19:03:01.543,-4.722404,-50.222397,-7.49588,1312,2000,0
02-Aug-2024 19:03:01.642,-4.872322,-49.99752,-8.245468,1312,2000,0
02-Aug-2024 19:03:01.741,-6.746292,-49.99752,-9.070015,1312,2000,0
02-Aug-2024 19:03:01.840,-4.122734,-50.522232,-8.545303,1312,2000,0
02-Aug-2024 19:03:01.939,-4.722404,-50.522232,-8.245468,1312,2000,0
02-Aug-2024 19:03:02.038,-4.872322,-47.373962,-8.845139,1312,2000,0
02-Aug-2024 19:03:02.137,-5.02224,-48.423386,-9.669685,1312,2000,0
02-Aug-2024 19:03:02.236,-6.746292,-49.697685,-7.720757,1312,2000,0
02-Aug-2024 19:03:02.335,-5.921745,-48.198509,-7.870674,1312,2000,0
02-Aug-2024 19:03:02.434,-6.071663,-47.598839,-7.870674,1312,2000,0
02-Aug-2024 19:03:02.533,-6.371498,-48.873138,-7.046127,1312,2000,0
02-Aug-2024 19:03:02.633,-4.197693,-50.822067,-7.870674,1312,2000,0
02-Aug-2024 19:03:12.936,1.499176,-55.544472,-7.196045,1445,2000,0
02-Aug-2024 19:03:13.035,0.899506,-56.29406,-7.046127,1445,2000,0
02-Aug-2024 19:03:13.134,-1.724052,-57.418442,-7.420921,1445,2000,0
02-Aug-2024 19:03:13.233,-1.2743,-57.418442,-7.720757,1445,2000,0
02-Aug-2024 19:03:13.332,-0.824547,-55.469513,-8.545303,1445,2000,0
02-Aug-2024 19:03:13.431,1.124382,-57.868195,-8.845139,1445,2000,0
02-Aug-2024 19:03:13.530,0.824547,-57.043648,-8.695221,1445,2000,0
02-Aug-2024 19:03:13.629,-0.674629,-57.193565,-8.320427,1445,2000,0
02-Aug-2024 19:03:13.729,-0.299835,-55.694389,-6.671333,1445,2000,0
02-Aug-2024 19:03:13.828,-0.449753,-55.694389,-8.170509,1445,2000,0
02-Aug-2024 19:03:13.927,-1.049423,-56.443977,-6.371498,1445,2000,0
02-Aug-2024 19:03:14.026,-0.974464,-58.467865,-7.570839,1445,2000,0
02-Aug-2024 19:03:14.125,-1.424217,-57.868195,-7.720757,1445,2000,0
02-Aug-2024 19:03:14.224,-0.524712,-57.193565,-8.095551,1445,2000,0
02-Aug-2024 19:03:14.323,-0.074959,-57.268524,-8.170509,1445,2000,0
02-Aug-2024 19:03:14.422,-0.974464,-57.343483,-7.945633,1445,2000,0
02-Aug-2024 19:03:14.521,-0.674629,-56.668854,-7.345963,1445,2000,0
02-Aug-2024 19:03:14.620,-2.023888,-56.668854,-7.121086,1445,2000,0
02-Aug-2024 19:03:14.719,1.724052,-55.844307,-6.596375,1445,2000,0
02-Aug-2024 19:03:14.818,1.574135,-57.043648,-7.420921,1445,2000,0
02-Aug-2024 19:03:14.917,1.424217,-55.994225,-7.196045,1445,2000,0
02-Aug-2024 19:03:15.016,0.224876,-55.994225,-9.070015,1445,2000,0
02-Aug-2024 19:03:15.115,0.374794,-55.844307,-8.470345,1445,2000,0
02-Aug-2024 19:03:15.214,0.074959,-55.619431,-8.470345,1445,2000,0
02-Aug-2024 19:03:15.313,1.199341,-57.193565,-9.070015,1445,2000,0
02-Aug-2024 19:03:15.412,1.948929,-57.043648,-9.36985,1445,2000,0
02-Aug-2024 19:03:15.511,1.349258,-57.793236,-8.77018,1445,2000,0
02-Aug-2024 19:03:15.610,1.199341,-57.793236,-8.920097,1445,2000,0
02-Aug-2024 19:03:15.709,2.47364,-55.01976,-7.945633,1445,2000,0
02-Aug-2024 19:03:15.808,2.023888,-55.994225,-7.420921,1445,2000,0
02-Aug-2024 19:03:15.907,1.87397,-55.769348,-6.89621,1445,2000,0
02-Aug-2024 19:03:16.006,-0.59967,-56.219101,-8.920097,1445,2000,0
02-Aug-2024 19:03:16.105,0.374794,-55.619431,-9.36985,1445,2000,0
02-Aug-2024 19:03:16.204,-0.59967,-56.069183,-9.219933,1445,2000,0
02-Aug-2024 19:03:16.303,0.674629,-56.144142,-7.720757,1445,2000,0
02-Aug-2024 19:03:16.402,-0.224876,-54.944801,-7.570839,1445,2000,0
02-Aug-2024 19:03:16.501,0.974464,-56.443977,-7.870674,1445,2000,0
02-Aug-2024 19:03:16.600,0.524712,-55.394554,-7.870674,1445,2000,0
02-Aug-2024 19:03:16.699,0.299835,-54.644966,-8.695221,1445,2000,0
02-Aug-2024 19:03:16.798,0.449753,-54.644966,-9.444809,1445,2000,0
02-Aug-2024 19:03:16.897,0.59967,-54.944801,-9.444809,1445,2000,0
02-Aug-2024 19:03:16.996,1.2743,-57.418442,-8.170509,1445,2000,0
02-Aug-2024 19:03:17.095,1.574135,-57.943153,-7.420921,1445,2000,0
02-Aug-2024 19:03:17.194,0.824547,-57.718277,-7.271004,1445,2000,0
02-Aug-2024 19:03:17.293,-1.049423,-56.743813,-8.020592,1445,2000,0
02-Aug-2024 19:03:17.392,1.124382,-58.093071,-6.446457,1445,2000,0
02-Aug-2024 19:03:17.491,0.674629,-57.793236,-7.046127,1445,2000,0
02-Aug-2024 19:03:17.590,0.824547,-57.043648,-5.771828,1445,2000,0
02-Aug-2024 19:03:17.689,0.374794,-58.018112,-8.995056,1445,2000,0
02-Aug-2024 19:03:17.788,0.524712,-57.118607,-9.36985,1445,2000,0
02-Aug-2024 19:03:17.887,0.374794,-57.043648,-6.746292,1445,2000,0
02-Aug-2024 19:03:17.986,1.124382,-57.868195,-6.146622,1445,2000,0
02-Aug-2024 19:03:18.085,0.374794,-56.443977,-6.746292,1445,2000,0
02-Aug-2024 19:03:18.184,0.074959,-57.793236,-6.371498,1445,2000,0
02-Aug-2024 19:03:18.283,0.824547,-57.193565,-5.02224,1445,2000,0
02-Aug-2024 19:03:18.382,0.899506,-58.617783,-5.996704,1445,2000,0
02-Aug-2024 19:03:18.481,0.974464,-55.694389,-7.196045,1445,2000,0
02-Aug-2024 19:03:18.580,0.674629,-55.244637,-6.89621,1445,2000,0
02-Aug-2024 19:03:18.679,0.974464,-57.643318,-5.696869,1445,2000,0
02-Aug-2024 19:03:18.778,0.674629,-57.493401,-5.996704,1445,2000,0
02-Aug-2024 19:03:18.877,1.948929,-56.369019,-6.296539,1445,2000,0
02-Aug-2024 19:03:18.976,0.674629,-56.818771,-7.720757,1445,2000,0
02-Aug-2024 19:03:19.075,0.224876,-57.718277,-7.420921,1445,2000,0
02-Aug-2024 19:03:19.175,-0.59967,-55.844307,-8.020592,1445,2000,0
02-Aug-2024 19:03:19.274,0.59967,-55.769348,-8.170509,1445,2000,0
02-Aug-2024 19:03:19.372,-0.449753,-56.069183,-7.870674,1445,2000,0
02-Aug-2024 19:03:19.472,-0.674629,-55.694389,-7.570839,1445,2000,0
02-Aug-2024 19:03:19.571,0.074959,-56.144142,-8.320427,1445,2000,0
02-Aug-2024 19:03:19.670,1.349258,-57.268524,-8.395386,1445,2000,0
02-Aug-2024 19:03:19.769,1.799011,-55.994225,-7.645798,1445,2000,0
02-Aug-2024 19:03:19.868,0.524712,-57.268524,-8.620262,1445,2000,0
02-Aug-2024 19:03:19.967,0.899506,-56.968689,-6.446457,1445,2000,0
02-Aug-2024 19:03:20.066,0.224876,-56.89373,-9.519768,1445,2000,0
02-Aug-2024 19:03:20.165,0.674629,-57.043648,-9.219933,1445,2000,0
02-Aug-2024 19:03:20.264,1.424217,-56.593895,-9.444809,1445,2000,0
02-Aug-2024 19:03:20.363,0.374794,-55.769348,-8.695221,1445,2000,0
02-Aug-2024 19:03:20.462,0.824547,-54.944801,-7.795715,1445,2000,0
02-Aug-2024 19:03:20.561,0.224876,-54.270172,-7.046127,1445,2000,0
02-Aug-2024 19:03:20.660,1.424217,-55.094719,-6.446457,1445,2000,0
02-Aug-2024 19:03:20.759,1.124382,-57.793236,-8.170509,1445,2000,0
02-Aug-2024 19:03:20.858,0.674629,-57.643318,-8.620262,1445,2000,0
02-Aug-2024 19:03:20.958,1.124382,-57.343483,-8.920097,1445,2000,0
02-Aug-2024 19:03:21.058,1.574135,-57.043648,-6.671333,1445,2000,0
02-Aug-2024 19:03:21.158,1.574135,-56.89373,-6.821251,1445,2000,0
02-Aug-2024 19:03:21.257,1.87397,-56.743813,-6.671333,1445,2000,0
02-Aug-2024 19:03:21.356,1.87397,-56.968689,-8.245468,1445,2000,0
02-Aug-2024 19:03:21.455,1.424217,-57.268524,-6.746292,1445,2000,0
02-Aug-2024 19:03:21.554,1.2743,-57.418442,-7.49588,1445,2000,0
02-Aug-2024 19:03:21.653,1.87397,-56.668854,-7.345963,1445,2000,0
02-Aug-2024 19:03:21.752,-0.524712,-57.643318,-6.821251,1445,2000,0
02-Aug-2024 19:03:21.851,-0.524712,-57.643318,-7.121086,1445,2000,0
02-Aug-2024 19:03:21.950,-0.899506,-57.343483,-7.720757,1445,2000,0
02-Aug-2024 19:03:22.049,0.974464,-58.093071,-8.920097,1445,2000,0
02-Aug-2024 19:03:22.147,0.299835,-57.868195,-9.819603,1445,2000,0
02-Aug-2024 19:03:22.247,1.2743,-57.718277,-9.36985,1445,2000,0
02-Aug-2024 19:03:22.346,0.974464,-57.868195,-9.219933,1445,2000,0
02-Aug-2024 19:03:22.445,-0.59967,-58.467865,-8.470345,1445,2000,0
02-Aug-2024 19:03:22.544,-0.299835,-58.018112,-8.470345,1445,2000,0
02-Aug-2024 19:03:22.643,0.899506,-56.89373,-6.221581,1445,2000,0
02-Aug-2024 19:03:22.742,0.749588,-55.994225,-8.095551,1445,2000,0
02-Aug-2024 19:03:32.746,36.130142,-36.28006,3.448105,1580,2000,0
02-Aug-2024 19:03:32.845,33.731461,-32.906914,2.698517,1580,2000,0
02-Aug-2024 19:03:32.944,34.481049,-32.607079,2.548599,1580,2000,0
02-Aug-2024 19:03:33.043,33.881378,-33.206749,2.398682,1580,2000,0
02-Aug-2024 19:03:33.142,33.806419,-35.080719,3.223228,1580,2000,0
02-Aug-2024 19:03:33.241,33.206749,-34.181213,3.373146,1580,2000,0
02-Aug-2024 19:03:33.340,33.356667,-34.481049,3.523064,1580,2000,0
02-Aug-2024 19:03:33.439,35.305595,-33.656502,1.948929,1580,2000,0
02-Aug-2024 19:03:33.538,33.806419,-34.630966,2.773476,1580,2000,0
02-Aug-2024 19:03:33.637,33.806419,-34.930801,2.623558,1580,2000,0
02-Aug-2024 19:03:33.736,33.806419,-35.380554,3.74794,1580,2000,0
02-Aug-2024 19:03:33.835,35.755348,-34.705925,3.897858,1580,2000,0
02-Aug-2024 19:03:33.934,35.755348,-33.356667,2.698517,1580,2000,0
02-Aug-2024 19:03:34.033,36.205101,-34.481049,1.948929,1580,2000,0
02-Aug-2024 19:03:34.132,35.00576,-34.481049,2.548599,1580,2000,0
02-Aug-2024 19:03:34.231,34.780884,-34.855843,2.548599,1580,2000,0
02-Aug-2024 19:03:34.330,33.506584,-35.605431,3.523064,1580,2000,0
02-Aug-2024 19:03:34.429,33.506584,-35.00576,3.822899,1580,2000,0
02-Aug-2024 19:03:34.528,34.705925,-34.331131,3.14827,1580,2000,0
02-Aug-2024 19:03:34.627,35.305595,-34.780884,4.197693,1580,2000,0
02-Aug-2024 19:03:34.726,33.356667,-36.579895,1.499176,1580,2000,0
02-Aug-2024 19:03:34.825,35.530472,-34.181213,1.574135,1580,2000,0
02-Aug-2024 19:03:34.924,34.556007,-34.855843,1.87397,1580,2000,0
02-Aug-2024 19:03:35.023,36.205101,-33.506584,3.298187,1580,2000,0
02-Aug-2024 19:03:35.122,35.155678,-33.806419,3.74794,1580,2000,0
02-Aug-2024 19:03:35.221,34.556007,-33.881378,2.848434,1580,2000,0
02-Aug-2024 19:03:35.320,34.855843,-34.331131,2.398682,1580,2000,0
02-Aug-2024 19:03:35.419,33.581543,-35.305595,2.398682,1580,2000,0
02-Aug-2024 19:03:35.518,32.756996,-35.755348,3.972816,1580,2000,0
02-Aug-2024 19:03:35.617,35.530472,-34.556007,3.672981,1580,2000,0
02-Aug-2024 19:03:35.716,35.680389,-35.155678,3.672981,1580,2000,0
02-Aug-2024 19:03:35.815,35.380554,-33.956337,3.972816,1580,2000,0
02-Aug-2024 19:03:35.914,36.055183,-34.331131,2.173805,1580,2000,0
02-Aug-2024 19:03:36.013,35.755348,-33.731461,2.773476,1580,2000,0
02-Aug-2024 19:03:36.112,35.755348,-33.281708,3.073311,1580,2000,0
02-Aug-2024 19:03:36.211,34.031296,-35.680389,2.023888,1580,2000,0
02-Aug-2024 19:03:36.310,35.530472,-34.331131,2.098846,1580,2000,0
02-Aug-2024 19:03:36.409,34.930801,-33.731461,2.848434,1580,2000,0
02-Aug-2024 19:03:36.508,33.731461,-33.506584,4.34761,1580,2000,0
02-Aug-2024 19:03:36.607,35.00576,-34.780884,1.124382,1580,2000,0
02-Aug-2024 19:03:36.706,35.755348,-34.930801,2.173805,1580,2000,0
02-Aug-2024 19:03:36.805,35.455513,-35.530472,1.649094,1580,2000,0
02-Aug-2024 19:03:36.904,33.956337,-33.581543,3.223228,1580,2000,0
02-Aug-2024 19:03:37.003,33.956337,-33.581543,3.373146,1580,2000,0
02-Aug-2024 19:03:37.102,33.956337,-33.731461,3.373146,1580,2000,0
02-Aug-2024 19:03:37.201,33.881378,-34.106255,4.34761,1580,2000,0
02-Aug-2024 19:03:37.299,35.080719,-34.630966,3.74794,1580,2000,0
02-Aug-2024 19:03:37.399,33.881378,-34.481049,3.897858,1580,2000,0
02-Aug-2024 19:03:37.498,33.356667,-35.380554,3.223228,1580,2000,0
02-Aug-2024 19:03:37.597,33.956337,-32.756996,3.223228,1580,2000,0
02-Aug-2024 19:03:37.696,33.956337,-33.356667,3.822899,1580,2000,0
02-Aug-2024 19:03:37.795,34.106255,-33.356667,3.523064,1580,2000,0
02-Aug-2024 19:03:37.894,33.356667,-35.155678,2.023888,1580,2000,0
02-Aug-2024 19:03:37.993,33.206749,-34.556007,2.698517,1580,2000,0
02-Aug-2024 19:03:38.092,33.056831,-35.155678,2.773476,1580,2000,0
02-Aug-2024 19:03:38.191,35.00576,-33.13179,3.672981,1580,2000,0
02-Aug-2024 19:03:38.290,34.705925,-32.682037,2.923393,1580,2000,0
02-Aug-2024 19:03:38.389,35.305595,-33.281708,3.972816,1580,2000,0
02-Aug-2024 19:03:38.488,34.256172,-32.457161,3.897858,1580,2000,0
02-Aug-2024 19:03:38.587,34.705925,-35.380554,3.822899,1580,2000,0
02-Aug-2024 19:03:38.686,34.256172,-34.630966,3.598022,1580,2000,0
02-Aug-2024 19:03:38.785,35.455513,-34.106255,3.672981,1580,2000,0
02-Aug-2024 19:03:38.884,34.630966,-34.630966,2.398682,1580,2000,0
02-Aug-2024 19:03:38.983,34.930801,-34.930801,1.799011,1580,2000,0
02-Aug-2024 19:03:39.082,34.481049,-34.780884,3.897858,1580,2000,0
02-Aug-2024 19:03:39.182,34.930801,-34.780884,3.223228,1580,2000,0
02-Aug-2024 19:03:39.282,33.206749,-35.155678,4.947281,1580,2000,0
02-Aug-2024 19:03:39.382,34.031296,-34.106255,5.397034,1580,2000,0
02-Aug-2024 19:03:39.482,35.455513,-33.656502,3.74794,1580,2000,0
02-Aug-2024 19:03:39.581,34.331131,-36.729813,2.47364,1580,2000,0
02-Aug-2024 19:03:39.681,35.530472,-36.87973,2.623558,1580,2000,0
02-Aug-2024 19:03:39.780,33.881378,-35.605431,3.672981,1580,2000,0
02-Aug-2024 19:03:39.879,33.956337,-34.181213,3.223228,1580,2000,0
02-Aug-2024 19:03:39.978,34.106255,-34.780884,3.672981,1580,2000,0
02-Aug-2024 19:03:40.077,35.605431,-34.181213,5.62191,1580,2000,0
02-Aug-2024 19:03:40.176,35.755348,-34.331131,6.221581,1580,2000,0
02-Aug-2024 19:03:40.275,33.881378,-34.181213,5.097198,1580,2000,0
02-Aug-2024 19:03:40.374,34.106255,-35.230637,3.972816,1580,2000,0
02-Aug-2024 19:03:40.473,34.40609,-34.630966,3.523064,1580,2000,0
02-Aug-2024 19:03:40.572,33.656502,-34.481049,2.773476,1580,2000,0
02-Aug-2024 19:03:40.671,36.055183,-33.806419,2.998352,1580,2000,0
02-Aug-2024 19:03:40.770,35.155678,-35.230637,3.897858,1580,2000,0
02-Aug-2024 19:03:40.869,35.605431,-34.780884,3.14827,1580,2000,0
02-Aug-2024 19:03:40.968,33.506584,-37.179565,4.497528,1580,2000,0
02-Aug-2024 19:03:41.067,31.032944,-34.705925,4.122734,1580,2000,0
02-Aug-2024 19:03:41.166,31.782532,-35.00576,3.672981,1580,2000,0
02-Aug-2024 19:03:41.265,32.756996,-34.40609,3.598022,1580,2000,0
02-Aug-2024 19:03:41.364,34.106255,-35.530472,3.073311,1580,2000,0
02-Aug-2024 19:03:41.463,35.00576,-36.130142,2.623558,1580,2000,0
02-Aug-2024 19:03:41.562,34.556007,-35.080719,2.47364,1580,2000,0
02-Aug-2024 19:03:41.661,32.906914,-34.556007,3.523064,1580,2000,0
02-Aug-2024 19:03:41.760,32.906914,-34.40609,4.722404,1580,2000,0
02-Aug-2024 19:03:41.859,33.356667,-35.00576,4.722404,1580,2000,0
02-Aug-2024 19:03:41.958,35.155678,-36.205101,2.923393,1580,2000,0
02-Aug-2024 19:03:42.057,34.855843,-35.605431,2.173805,1580,2000,0
02-Aug-2024 19:03:42.156,34.705925,-35.755348,3.373146,1580,2000,0
02-Aug-2024 19:03:42.255,33.431625,-34.106255,2.773476,1580,2000,0
02-Aug-2024 19:03:42.354,33.431625,-35.00576,2.623558,1580,2000,0
02-Aug-2024 19:03:42.453,33.13179,-34.556007,3.523064,1580,2000,0
02-Aug-2024 19:03:42.552,33.431625,-34.855843,3.373146,1580,2000,0
02-Aug-2024 19:03:53.349,23.16227,-41.002464,-21.363258,1700,2000,0
02-Aug-2024 19:03:53.448,23.012352,-40.252876,-22.112846,1700,2000,0
02-Aug-2024 19:03:53.547,23.911858,-40.402794,-21.663094,1700,2000,0
02-Aug-2024 19:03:53.646,22.862434,-40.252876,-21.663094,1700,2000,0
02-Aug-2024 19:03:53.745,25.336075,-38.603783,-19.639206,1700,2000,0
02-Aug-2024 19:03:53.844,25.63591,-39.053535,-19.489288,1700,2000,0
02-Aug-2024 19:03:53.943,25.485992,-39.053535,-19.639206,1700,2000,0
02-Aug-2024 19:03:54.042,22.412682,-38.603783,-19.939041,1700,2000,0
02-Aug-2024 19:03:54.141,21.663094,-39.203453,-20.688629,1700,2000,0
02-Aug-2024 19:03:54.240,22.412682,-39.353371,-20.538712,1700,2000,0
02-Aug-2024 19:03:54.339,24.36161,-39.803123,-21.88797,1700,2000,0
02-Aug-2024 19:03:54.438,24.661446,-40.177917,-19.339371,1700,2000,0
02-Aug-2024 19:03:54.537,25.111198,-39.428329,-19.339371,1700,2000,0
02-Aug-2024 19:03:54.636,24.661446,-38.828659,-19.489288,1700,2000,0
02-Aug-2024 19:03:54.735,24.211693,-39.203453,-21.213341,1700,2000,0
02-Aug-2024 19:03:54.834,24.511528,-39.803123,-21.513176,1700,2000,0
02-Aug-2024 19:03:54.933,24.286652,-40.028,-20.088959,1700,2000,0
02-Aug-2024 19:03:55.032,24.061775,-40.327835,-19.864082,1700,2000,0
02-Aug-2024 19:03:55.131,23.76194,-40.477753,-20.463753,1700,2000,0
02-Aug-2024 19:03:55.230,24.36161,-41.077423,-20.763588,1700,2000,0
02-Aug-2024 19:03:55.329,23.312187,-40.177917,-21.513176,1700,2000,0
02-Aug-2024 19:03:55.428,24.061775,-39.728165,-19.939041,1700,2000,0
02-Aug-2024 19:03:55.527,24.061775,-38.828659,-19.939041,1700,2000,0
02-Aug-2024 19:03:55.626,26.010704,-40.777588,-20.163918,1700,2000,0
02-Aug-2024 19:03:55.725,22.937393,-40.028,-20.913506,1700,2000,0
02-Aug-2024 19:03:55.824,23.237228,-40.028,-20.913506,1700,2000,0
02-Aug-2024 19:03:55.923,25.261116,-38.453865,-21.063423,1700,2000,0
02-Aug-2024 19:03:56.022,24.36161,-39.053535,-20.463753,1700,2000,0
02-Aug-2024 19:03:56.121,22.937393,-41.377258,-20.014,1700,2000,0
02-Aug-2024 19:03:56.220,24.211693,-39.878082,-20.313835,1700,2000,0
02-Aug-2024 19:03:56.319,24.511528,-39.428329,-20.763588,1700,2000,0
02-Aug-2024 19:03:56.418,24.061775,-38.378906,-18.14003,1700,2000,0
02-Aug-2024 19:03:56.517,23.686981,-39.578247,-20.163918,1700,2000,0
02-Aug-2024 19:03:56.616,24.136734,-40.028,-20.463753,1700,2000,0
02-Aug-2024 19:03:56.715,24.736404,-38.528824,-19.639206,1700,2000,0
02-Aug-2024 19:03:56.814,25.785828,-38.228989,-19.939041,1700,2000,0
02-Aug-2024 19:03:56.913,23.911858,-38.303947,-19.114494,1700,2000,0
02-Aug-2024 19:03:57.012,22.562599,-38.15403,-19.564247,1700,2000,0
02-Aug-2024 19:03:57.111,23.911858,-38.603783,-19.039536,1700,2000,0
02-Aug-2024 19:03:57.210,24.736404,-38.978577,-18.7397,1700,2000,0
02-Aug-2024 19:03:57.309,25.485992,-39.278412,-18.589783,1700,2000,0
02-Aug-2024 19:03:57.408,26.160622,-40.177917,-17.840195,1700,2000,0
02-Aug-2024 19:03:57.508,22.937393,-39.053535,-19.339371,1700,2000,0
02-Aug-2024 19:03:57.607,21.962929,-39.053535,-19.339371,1700,2000,0
02-Aug-2024 19:03:57.707,22.637558,-38.378906,-18.439865,1700,2000,0
02-Aug-2024 19:03:57.807,24.811363,-39.878082,-20.163918,1700,2000,0
02-Aug-2024 19:03:57.906,24.811363,-40.477753,-21.063423,1700,2000,0
02-Aug-2024 19:03:58.005,24.661446,-40.852547,-20.61367,1700,2000,0
02-Aug-2024 19:03:58.104,25.336075,-39.878082,-19.189453,1700,2000,0
02-Aug-2024 19:03:58.203,25.336075,-39.878082,-19.189453,1700,2000,0
02-Aug-2024 19:03:58.302,24.886322,-40.028,-18.7397,1700,2000,0
02-Aug-2024 19:03:58.401,24.36161,-38.15403,-20.463753,1700,2000,0
02-Aug-2024 19:03:58.500,24.211693,-38.828659,-19.489288,1700,2000,0
02-Aug-2024 19:03:58.599,24.211693,-39.278412,-18.889618,1700,2000,0
02-Aug-2024 19:03:58.698,24.811363,-38.678741,-19.339371,1700,2000,0
02-Aug-2024 19:03:58.797,24.661446,-39.653206,-18.889618,1700,2000,0
02-Aug-2024 19:03:58.896,24.961281,-39.353371,-18.589783,1700,2000,0
02-Aug-2024 19:03:58.995,24.961281,-38.828659,-18.439865,1700,2000,0
02-Aug-2024 19:03:59.094,23.911858,-41.077423,-20.163918,1700,2000,0
02-Aug-2024 19:03:59.193,24.661446,-40.927505,-21.063423,1700,2000,0
02-Aug-2024 19:03:59.292,24.36161,-40.177917,-20.61367,1700,2000,0
02-Aug-2024 19:03:59.391,24.811363,-40.62767,-20.61367,1700,2000,0
02-Aug-2024 19:03:59.490,23.012352,-41.152382,-20.014,1700,2000,0
02-Aug-2024 19:03:59.589,24.061775,-40.852547,-20.61367,1700,2000,0
02-Aug-2024 19:03:59.688,23.911858,-41.152382,-19.564247,1700,2000,0
02-Aug-2024 19:03:59.787,23.76194,-40.62767,-20.838547,1700,2000,0
02-Aug-2024 19:03:59.886,23.462105,-39.878082,-20.838547,1700,2000,0
02-Aug-2024 19:03:59.985,23.911858,-40.028,-20.238876,1700,2000,0
02-Aug-2024 19:04:00.084,25.485992,-39.203453,-18.814659,1700,2000,0
02-Aug-2024 19:04:00.183,24.661446,-39.503288,-18.964577,1700,2000,0
02-Aug-2024 19:04:00.282,24.961281,-39.653206,-19.264412,1700,2000,0
02-Aug-2024 19:04:00.381,23.986816,-37.704277,-21.063423,1700,2000,0
02-Aug-2024 19:04:00.480,24.661446,-40.702629,-18.289948,1700,2000,0
02-Aug-2024 19:04:00.579,24.661446,-40.252876,-18.7397,1700,2000,0
02-Aug-2024 19:04:00.678,25.710869,-39.503288,-18.7397,1700,2000,0
02-Aug-2024 19:04:00.776,24.511528,-38.903618,-19.489288,1700,2000,0
02-Aug-2024 19:04:00.876,25.560951,-39.353371,-19.939041,1700,2000,0
02-Aug-2024 19:04:00.975,24.811363,-38.7537,-21.213341,1700,2000,0
02-Aug-2024 19:04:01.074,24.811363,-39.353371,-20.763588,1700,2000,0
02-Aug-2024 19:04:01.173,22.562599,-40.62767,-17.990112,1700,2000,0
02-Aug-2024 19:04:01.272,25.710869,-39.578247,-19.639206,1700,2000,0
02-Aug-2024 19:04:01.371,25.710869,-39.578247,-19.339371,1700,2000,0
02-Aug-2024 19:04:01.470,24.286652,-39.128494,-20.688629,1700,2000,0
02-Aug-2024 19:04:01.569,25.411034,-39.428329,-20.538712,1700,2000,0
02-Aug-2024 19:04:01.668,22.112846,-40.028,-19.639206,1700,2000,0
02-Aug-2024 19:04:01.767,24.586487,-39.203453,-17.690277,1700,2000,0
02-Aug-2024 19:04:01.866,24.136734,-39.803123,-18.14003,1700,2000,0
02-Aug-2024 19:04:01.965,25.860786,-39.803123,-20.913506,1700,2000,0
02-Aug-2024 19:04:02.064,24.811363,-39.503288,-20.313835,1700,2000,0
02-Aug-2024 19:04:02.163,24.061775,-41.377258,-17.990112,1700,2000,0
02-Aug-2024 19:04:02.262,25.111198,-41.527176,-19.714165,1700,2000,0
02-Aug-2024 19:04:02.361,24.736404,-40.777588,-18.664742,1700,2000,0
02-Aug-2024 19:04:02.460,25.860786,-40.852547,-19.039536,1700,2000,0
02-Aug-2024 19:04:02.559,25.63591,-40.028,-20.913506,1700,2000,0
02-Aug-2024 19:04:02.658,25.186157,-40.028,-21.363258,1700,2000,0
02-Aug-2024 19:04:02.757,26.085663,-40.028,-20.163918,1700,2000,0
02-Aug-2024 19:04:02.856,22.712517,-40.402794,-19.639206,1700,2000,0
02-Aug-2024 19:04:02.955,23.16227,-40.102959,-20.088959,1700,2000,0
02-Aug-2024 19:04:03.054,23.462105,-40.927505,-20.088959,1700,2000,0
02-Aug-2024 19:04:03.153,24.436569,-41.002464,-20.463753,1700,2000,0
02-Aug-2024 19:04:45.250,-6.221581,-59.217453,11.393738,2212,1900,0
02-Aug-2024 19:04:45.349,-6.071663,-58.917618,11.918449,2212,1900,0
02-Aug-2024 19:04:45.448,-6.446457,-59.217453,10.64415,2212,1900,0
02-Aug-2024 19:04:45.547,-4.797363,-58.392906,11.918449,2212,1900,0
02-Aug-2024 19:04:45.646,-4.722404,-59.142494,12.068367,2212,1900,0
02-Aug-2024 19:04:45.745,-5.172157,-58.692741,12.068367,2212,1900,0
02-Aug-2024 19:04:45.844,-6.221581,-58.542824,12.068367,2212,1900,0
02-Aug-2024 19:04:45.943,-4.572487,-58.542824,11.168861,2212,1900,0
02-Aug-2024 19:04:46.042,-3.523064,-59.817123,11.843491,2212,1900,0
02-Aug-2024 19:04:46.141,-3.223228,-59.667206,11.24382,2212,1900,0
02-Aug-2024 19:04:46.240,-3.14827,-57.718277,11.843491,2212,1900,0
02-Aug-2024 19:04:46.339,-3.672981,-58.7677,14.317131,2212,1900,0
02-Aug-2024 19:04:46.438,-4.272652,-58.018112,14.017296,2212,1900,0
02-Aug-2024 19:04:46.537,-4.272652,-57.718277,13.717461,2212,1900,0
02-Aug-2024 19:04:46.636,-3.448105,-59.367371,13.11779,2212,1900,0
02-Aug-2024 19:04:46.735,-2.548599,-58.467865,11.918449,2212,1900,0
02-Aug-2024 19:04:46.834,-3.897858,-59.067535,12.068367,2212,1900,0
02-Aug-2024 19:04:46.933,-3.822899,-56.743813,12.51812,2212,1900,0
02-Aug-2024 19:04:47.032,-3.373146,-57.643318,12.218285,2212,1900,0
02-Aug-2024 19:04:47.131,-3.523064,-57.043648,12.668037,2212,1900,0
02-Aug-2024 19:04:47.230,-3.223228,-59.442329,11.618614,2212,1900,0
02-Aug-2024 19:04:47.329,-3.223228,-58.992577,11.318779,2212,1900,0
02-Aug-2024 19:04:47.428,-3.672981,-58.992577,11.168861,2212,1900,0
02-Aug-2024 19:04:47.527,-3.373146,-59.442329,10.719109,2212,1900,0
02-Aug-2024 19:04:47.626,-3.373146,-57.718277,10.64415,2212,1900,0
02-Aug-2024 19:04:47.725,-3.373146,-58.317947,11.168861,2212,1900,0
02-Aug-2024 19:04:47.824,-3.373146,-57.268524,9.744644,2212,1900,0
02-Aug-2024 19:04:47.923,-4.497528,-58.392906,12.51812,2212,1900,0
02-Aug-2024 19:04:48.022,-4.272652,-59.217453,11.918449,2212,1900,0
02-Aug-2024 19:04:48.121,-4.272652,-58.7677,11.618614,2212,1900,0
02-Aug-2024 19:04:48.220,-4.197693,-58.542824,12.218285,2212,1900,0
02-Aug-2024 19:04:48.319,-3.523064,-59.517288,10.869026,2212,1900,0
02-Aug-2024 19:04:48.418,-3.223228,-60.116959,11.018944,2212,1900,0
02-Aug-2024 19:04:48.517,-3.972816,-59.217453,10.119438,2212,1900,0
02-Aug-2024 19:04:48.616,-3.373146,-59.067535,12.817955,2212,1900,0
02-Aug-2024 19:04:48.715,-3.897858,-58.7677,12.218285,2212,1900,0
02-Aug-2024 19:04:48.814,-3.223228,-59.367371,12.443161,2212,1900,0
02-Aug-2024 19:04:48.913,-1.724052,-58.617783,12.593079,2212,1900,0
02-Aug-2024 19:04:49.012,-1.574135,-58.317947,12.593079,2212,1900,0
02-Aug-2024 19:04:49.111,-1.424217,-58.467865,12.143326,2212,1900,0
02-Aug-2024 19:04:49.210,-3.897858,-57.418442,13.342667,2212,1900,0
02-Aug-2024 19:04:49.309,-1.799011,-58.617783,11.018944,2212,1900,0
02-Aug-2024 19:04:49.408,-2.248764,-57.643318,13.042831,2212,1900,0
02-Aug-2024 19:04:49.507,-3.373146,-59.742165,9.819603,2212,1900,0
02-Aug-2024 19:04:49.606,-1.424217,-59.442329,9.070015,2212,1900,0
02-Aug-2024 19:04:49.705,-2.47364,-59.892082,9.36985,2212,1900,0
02-Aug-2024 19:04:49.804,-3.223228,-58.093071,12.967873,2212,1900,0
02-Aug-2024 19:04:49.903,-4.122734,-57.418442,13.417625,2212,1900,0
02-Aug-2024 19:04:50.002,-2.323723,-59.742165,10.569191,2212,1900,0
02-Aug-2024 19:04:50.101,-1.424217,-59.292412,10.269356,2212,1900,0
02-Aug-2024 19:04:50.200,-1.2743,-59.442329,10.719109,2212,1900,0
02-Aug-2024 19:04:50.299,-3.822899,-59.517288,10.719109,2212,1900,0
02-Aug-2024 19:04:50.398,-3.14827,-57.793236,12.668037,2212,1900,0
02-Aug-2024 19:04:50.497,-2.998352,-58.093071,12.817955,2212,1900,0
02-Aug-2024 19:04:50.596,-3.523064,-59.292412,11.018944,2212,1900,0
02-Aug-2024 19:04:50.695,-3.073311,-59.142494,11.768532,2212,1900,0
02-Aug-2024 19:04:50.794,-2.698517,-58.16803,12.143326,2212,1900,0
02-Aug-2024 19:04:50.893,-2.248764,-58.018112,12.143326,2212,1900,0
02-Aug-2024 19:04:50.992,-2.623558,-59.592247,10.194397,2212,1900,0
02-Aug-2024 19:04:51.091,-2.248764,-57.793236,10.494232,2212,1900,0
02-Aug-2024 19:04:51.190,-1.574135,-57.943153,10.943985,2212,1900,0
02-Aug-2024 19:04:51.289,-2.623558,-58.692741,11.543655,2212,1900,0
02-Aug-2024 19:04:51.388,-5.02224,-59.367371,9.744644,2212,1900,0
02-Aug-2024 19:04:51.487,-4.722404,-58.692741,10.269356,2212,1900,0
02-Aug-2024 19:04:51.586,-4.872322,-59.517288,10.194397,2212,1900,0
02-Aug-2024 19:04:51.685,-1.2743,-58.7677,10.494232,2212,1900,0
02-Aug-2024 19:04:51.784,-2.173805,-58.617783,10.943985,2212,1900,0
02-Aug-2024 19:04:51.883,-2.47364,-58.917618,10.794067,2212,1900,0
02-Aug-2024 19:04:51.982,-3.223228,-58.242989,12.293243,2212,1900,0
02-Aug-2024 19:04:52.081,-3.672981,-58.542824,11.693573,2212,1900,0
02-Aug-2024 19:04:52.180,-2.773476,-58.392906,12.293243,2212,1900,0
02-Aug-2024 19:04:52.279,-3.598022,-57.643318,11.693573,2212,1900,0
02-Aug-2024 19:04:52.378,-3.897858,-57.793236,11.993408,2212,1900,0
02-Aug-2024 19:04:52.477,-4.197693,-58.242989,10.943985,2212,1900,0
02-Aug-2024 19:04:52.577,-4.197693,-57.793236,11.693573,2212,1900,0
02-Aug-2024 19:04:52.676,-3.223228,-59.217453,11.468697,2212,1900,0
02-Aug-2024 19:04:52.777,-3.373146,-59.517288,10.719109,2212,1900,0
02-Aug-2024 19:04:52.877,-3.073311,-59.667206,10.344315,2212,1900,0
02-Aug-2024 19:04:52.976,-3.822899,-57.793236,11.168861,2212,1900,0
02-Aug-2024 19:04:53.076,-4.272652,-57.943153,11.918449,2212,1900,0
02-Aug-2024 19:04:53.175,-3.972816,-58.392906,10.719109,2212,1900,0
02-Aug-2024 19:04:53.274,-3.523064,-57.943153,10.869026,2212,1900,0
02-Aug-2024 19:04:53.373,-2.47364,-59.742165,12.593079,2212,1900,0
02-Aug-2024 19:04:53.472,-2.923393,-58.992577,12.892914,2212,1900,0
02-Aug-2024 19:04:53.571,-3.223228,-59.592247,13.642502,2212,1900,0
02-Aug-2024 19:04:53.670,-2.47364,-58.018112,12.143326,2212,1900,0
02-Aug-2024 19:04:53.769,-2.773476,-58.16803,11.843491,2212,1900,0
02-Aug-2024 19:04:53.868,-2.623558,-58.16803,11.393738,2212,1900,0
02-Aug-2024 19:04:53.967,-2.923393,-58.16803,12.068367,2212,1900,0
02-Aug-2024 19:04:54.066,-3.223228,-58.16803,12.218285,2212,1900,0
02-Aug-2024 19:04:54.165,-2.47364,-59.517288,12.51812,2212,1900,0
02-Aug-2024 19:04:54.264,-2.773476,-60.042,11.993408,2212,1900,0
02-Aug-2024 19:04:54.363,-2.098846,-58.692741,12.143326,2212,1900,0
02-Aug-2024 19:04:54.462,-1.424217,-58.093071,11.993408,2212,1900,0
02-Aug-2024 19:04:54.561,-1.799011,-57.418442,13.192749,2212,1900,0
02-Aug-2024 19:04:54.660,-4.647446,-60.416794,9.819603,2212,1900,0
02-Aug-2024 19:04:54.759,-4.34761,-60.416794,10.869026,2212,1900,0
02-Aug-2024 19:04:54.858,-2.548599,-57.043648,11.093903,2212,1900,0
02-Aug-2024 19:04:54.957,-2.998352,-57.193565,11.993408,2212,1900,0
02-Aug-2024 19:04:55.056,-2.848434,-57.643318,11.168861,2212,1900,0
02-Aug-2024 19:05:28.039,14.167213,29.683685,-23.16227,2634,1796,0
02-Aug-2024 19:05:28.138,14.691925,30.208397,-22.637558,2634,1796,0
02-Aug-2024 19:05:28.237,14.39209,30.508232,-22.787476,2634,1796,0
02-Aug-2024 19:05:28.336,14.092255,30.65815,-22.48764,2634,1796,0
02-Aug-2024 19:05:28.435,13.492584,29.533768,-23.986816,2634,1796,0
02-Aug-2024 19:05:28.534,14.841843,31.107903,-23.836899,2634,1796,0
02-Aug-2024 19:05:28.633,13.792419,31.25782,-23.686981,2634,1796,0
02-Aug-2024 19:05:28.732,14.242172,29.533768,-23.836899,2634,1796,0
02-Aug-2024 19:05:28.831,13.567543,29.458809,-24.211693,2634,1796,0
02-Aug-2024 19:05:28.930,13.867378,29.158974,-23.312187,2634,1796,0
02-Aug-2024 19:05:29.029,14.99176,30.65815,-21.588135,2634,1796,0
02-Aug-2024 19:05:29.128,11.468697,30.283356,-23.462105,2634,1796,0
02-Aug-2024 19:05:29.227,12.293243,31.032944,-23.911858,2634,1796,0
02-Aug-2024 19:05:29.327,13.192749,29.158974,-22.562599,2634,1796,0
02-Aug-2024 19:05:29.427,13.717461,29.833603,-24.061775,2634,1796,0
02-Aug-2024 19:05:29.527,13.267708,28.934097,-23.16227,2634,1796,0
02-Aug-2024 19:05:29.627,13.567543,30.058479,-23.911858,2634,1796,0
02-Aug-2024 19:05:29.727,13.567543,31.332779,-21.88797,2634,1796,0
02-Aug-2024 19:05:29.826,13.417625,31.782532,-20.988464,2634,1796,0
02-Aug-2024 19:05:29.925,13.417625,32.232285,-21.2883,2634,1796,0
02-Aug-2024 19:05:30.024,13.867378,30.508232,-22.48764,2634,1796,0
02-Aug-2024 19:05:30.123,13.267708,30.65815,-22.48764,2634,1796,0
02-Aug-2024 19:05:30.222,13.417625,30.957985,-22.037888,2634,1796,0
02-Aug-2024 19:05:30.321,12.51812,31.182861,-22.337723,2634,1796,0
02-Aug-2024 19:05:30.420,11.768532,30.883026,-21.738052,2634,1796,0
02-Aug-2024 19:05:30.519,12.668037,31.332779,-22.637558,2634,1796,0
02-Aug-2024 19:05:30.618,11.018944,31.182861,-22.337723,2634,1796,0
02-Aug-2024 19:05:30.717,13.642502,32.157326,-22.862434,2634,1796,0
02-Aug-2024 19:05:30.816,13.492584,32.307243,-22.112846,2634,1796,0
02-Aug-2024 19:05:30.915,13.942337,32.307243,-22.112846,2634,1796,0
02-Aug-2024 19:05:31.014,11.693573,30.957985,-21.813011,2634,1796,0
02-Aug-2024 19:05:31.114,11.843491,30.508232,-21.213341,2634,1796,0
02-Aug-2024 19:05:31.213,11.993408,31.032944,-21.513176,2634,1796,0
02-Aug-2024 19:05:31.312,12.668037,30.65815,-21.213341,2634,1796,0
02-Aug-2024 19:05:31.411,13.11779,30.808067,-23.387146,2634,1796,0
02-Aug-2024 19:05:31.510,12.668037,30.508232,-23.087311,2634,1796,0
02-Aug-2024 19:05:31.609,12.51812,29.758644,-22.637558,2634,1796,0
02-Aug-2024 19:05:31.708,14.167213,30.65815,-24.136734,2634,1796,0
02-Aug-2024 19:05:31.807,14.017296,30.208397,-23.537064,2634,1796,0
02-Aug-2024 19:05:31.906,14.467049,30.957985,-23.836899,2634,1796,0
02-Aug-2024 19:05:32.005,13.192749,32.232285,-20.463753,2634,1796,0
02-Aug-2024 19:05:32.104,13.642502,31.332779,-22.48764,2634,1796,0
02-Aug-2024 19:05:32.203,14.092255,31.182861,-22.187805,2634,1796,0
02-Aug-2024 19:05:32.302,13.717461,29.908562,-21.962929,2634,1796,0
02-Aug-2024 19:05:32.401,12.443161,29.084015,-21.813011,2634,1796,0
02-Aug-2024 19:05:32.500,12.593079,29.608727,-22.712517,2634,1796,0
02-Aug-2024 19:05:32.599,14.017296,32.157326,-23.087311,2634,1796,0
02-Aug-2024 19:05:32.698,13.642502,29.233932,-23.537064,2634,1796,0
02-Aug-2024 19:05:32.797,14.542007,29.233932,-23.237228,2634,1796,0
02-Aug-2024 19:05:32.896,14.39209,30.208397,-21.513176,2634,1796,0
02-Aug-2024 19:05:32.995,14.242172,29.908562,-21.663094,2634,1796,0
02-Aug-2024 19:05:33.094,13.717461,29.608727,-23.462105,2634,1796,0
02-Aug-2024 19:05:33.193,15.891266,31.632614,-22.637558,2634,1796,0
02-Aug-2024 19:05:33.292,15.291595,32.082367,-23.087311,2634,1796,0
02-Aug-2024 19:05:33.391,12.892914,30.65815,-22.562599,2634,1796,0
02-Aug-2024 19:05:33.490,12.143326,30.358315,-22.712517,2634,1796,0
02-Aug-2024 19:05:33.589,14.542007,29.308891,-20.838547,2634,1796,0
02-Aug-2024 19:05:33.688,13.492584,30.208397,-23.612022,2634,1796,0
02-Aug-2024 19:05:33.787,13.192749,31.782532,-21.2883,2634,1796,0
02-Aug-2024 19:05:33.886,15.741348,30.883026,-25.111198,2634,1796,0
02-Aug-2024 19:05:33.985,15.816307,30.583191,-23.911858,2634,1796,0
02-Aug-2024 19:05:34.084,13.492584,29.833603,-23.16227,2634,1796,0
02-Aug-2024 19:05:34.183,14.167213,31.332779,-23.911858,2634,1796,0
02-Aug-2024 19:05:34.282,14.167213,31.332779,-23.462105,2634,1796,0
02-Aug-2024 19:05:34.381,14.542007,30.508232,-22.112846,2634,1796,0
02-Aug-2024 19:05:34.480,13.11779,30.358315,-23.686981,2634,1796,0
02-Aug-2024 19:05:34.579,13.867378,30.058479,-22.787476,2634,1796,0
02-Aug-2024 19:05:34.678,13.567543,30.208397,-23.387146,2634,1796,0
02-Aug-2024 19:05:34.777,15.366554,31.332779,-24.436569,2634,1796,0
02-Aug-2024 19:05:34.876,15.216637,30.883026,-22.787476,2634,1796,0
02-Aug-2024 19:05:34.975,15.966225,31.482697,-23.087311,2634,1796,0
02-Aug-2024 19:05:35.074,13.792419,29.983521,-21.213341,2634,1796,0
02-Aug-2024 19:05:35.173,12.143326,30.133438,-21.213341,2634,1796,0
02-Aug-2024 19:05:35.272,12.143326,30.133438,-22.112846,2634,1796,0
02-Aug-2024 19:05:35.371,12.443161,30.133438,-22.262764,2634,1796,0
02-Aug-2024 19:05:35.470,14.39209,27.809715,-22.562599,2634,1796,0
02-Aug-2024 19:05:35.569,13.192749,29.084015,-22.712517,2634,1796,0
02-Aug-2024 19:05:35.668,13.792419,27.959633,-22.562599,2634,1796,0
02-Aug-2024 19:05:35.767,14.691925,30.733109,-22.337723,2634,1796,0
02-Aug-2024 19:05:35.866,14.691925,29.983521,-21.962929,2634,1796,0
02-Aug-2024 19:05:35.965,15.441513,30.733109,-21.738052,2634,1796,0
02-Aug-2024 19:05:36.064,13.567543,28.559303,-23.237228,2634,1796,0
02-Aug-2024 19:05:36.163,13.192749,28.259468,-21.588135,2634,1796,0
02-Aug-2024 19:05:36.262,13.642502,29.38385,-22.037888,2634,1796,0
02-Aug-2024 19:05:36.361,13.042831,28.934097,-21.588135,2634,1796,0
02-Aug-2024 19:05:36.460,16.116142,30.283356,-23.087311,2634,1796,0
02-Aug-2024 19:05:36.559,15.516472,29.983521,-23.237228,2634,1796,0
02-Aug-2024 19:05:36.658,15.066719,30.65815,-23.237228,2634,1796,0
02-Aug-2024 19:05:36.757,13.942337,30.583191,-24.436569,2634,1796,0
02-Aug-2024 19:05:36.855,14.092255,30.883026,-24.736404,2634,1796,0
02-Aug-2024 19:05:36.955,14.841843,31.332779,-25.485992,2634,1796,0
02-Aug-2024 19:05:37.054,14.092255,30.583191,-24.436569,2634,1796,0
02-Aug-2024 19:05:37.153,13.11779,30.058479,-24.736404,2634,1796,0
02-Aug-2024 19:05:37.252,13.417625,29.908562,-24.736404,2634,1796,0
02-Aug-2024 19:05:37.351,14.242172,31.557655,-24.511528,2634,1796,0
02-Aug-2024 19:05:37.450,13.792419,29.683685,-22.112846,2634,1796,0
02-Aug-2024 19:05:37.549,13.642502,30.283356,-22.412682,2634,1796,0
02-Aug-2024 19:05:37.648,14.242172,31.032944,-23.462105,2634,1796,0
02-Aug-2024 19:05:37.747,12.892914,30.283356,-23.986816,2634,1796,0
02-Aug-2024 19:05:37.846,13.792419,30.133438,-23.686981,2634,1796,0
02-Aug-2024 19:05:52.506,-42.951393,-3.672981,-13.11779,2496,1796,0
02-Aug-2024 19:05:52.605,-41.677094,-0.374794,-12.817955,2496,1796,0
02-Aug-2024 19:05:52.704,-42.126846,-0.074959,-12.817955,2496,1796,0
02-Aug-2024 19:05:52.803,-41.677094,-0.074959,-13.417625,2496,1796,0
02-Aug-2024 19:05:52.902,-44.750404,-2.698517,-13.042831,2496,1796,0
02-Aug-2024 19:05:53.001,-45.200157,-2.098846,-13.942337,2496,1796,0
02-Aug-2024 19:05:53.100,-44.150734,-2.398682,-12.892914,2496,1796,0
02-Aug-2024 19:05:53.199,-44.300652,-2.398682,-12.742996,2496,1796,0
02-Aug-2024 19:05:53.298,-43.850899,-1.948929,-13.792419,2496,1796,0
02-Aug-2024 19:05:53.397,-44.000816,-2.248764,-14.39209,2496,1796,0
02-Aug-2024 19:05:53.496,-43.925858,-3.373146,-11.168861,2496,1796,0
02-Aug-2024 19:05:53.595,-43.626022,-2.773476,-11.918449,2496,1796,0
02-Aug-2024 19:05:53.694,-43.925858,-2.623558,-11.168861,2496,1796,0
02-Aug-2024 19:05:53.793,-44.225693,-1.424217,-13.567543,2496,1796,0
02-Aug-2024 19:05:53.892,-44.37561,-1.87397,-13.867378,2496,1796,0
02-Aug-2024 19:05:53.991,-43.850899,-4.047775,-13.342667,2496,1796,0
02-Aug-2024 19:05:54.090,-44.000816,-2.848434,-13.792419,2496,1796,0
02-Aug-2024 19:05:54.189,-42.651558,-0.749588,-12.51812,2496,1796,0
02-Aug-2024 19:05:54.288,-44.600487,-0.974464,-12.143326,2496,1796,0
02-Aug-2024 19:05:54.387,-43.850899,-0.074959,-13.342667,2496,1796,0
02-Aug-2024 19:05:54.486,-44.225693,-2.923393,-12.068367,2496,1796,0
02-Aug-2024 19:05:54.585,-43.326187,-2.548599,-10.869026,2496,1796,0
02-Aug-2024 19:05:54.684,-43.026352,-2.698517,-11.618614,2496,1796,0
02-Aug-2024 19:05:54.782,-43.551064,-2.398682,-15.516472,2496,1796,0
02-Aug-2024 19:05:54.882,-43.401146,-2.098846,-14.766884,2496,1796,0
02-Aug-2024 19:05:54.981,-45.949745,-3.223228,-10.943985,2496,1796,0
02-Aug-2024 19:05:55.080,-43.101311,-0.59967,-13.11779,2496,1796,0
02-Aug-2024 19:05:55.179,-43.551064,-0.899506,-12.51812,2496,1796,0
02-Aug-2024 19:05:55.278,-46.399498,-1.724052,-13.11779,2496,1796,0
02-Aug-2024 19:05:55.377,-44.225693,-3.74794,-12.443161,2496,1796,0
02-Aug-2024 19:05:55.476,-43.17627,-4.197693,-12.143326,2496,1796,0
02-Aug-2024 19:05:55.575,-43.476105,-4.797363,-12.593079,2496,1796,0
02-Aug-2024 19:05:55.674,-41.976929,-2.848434,-13.267708,2496,1796,0
02-Aug-2024 19:05:55.773,-44.300652,-2.398682,-12.668037,2496,1796,0
02-Aug-2024 19:05:55.872,-44.300652,-3.073311,-12.668037,2496,1796,0
02-Aug-2024 19:05:55.971,-42.576599,-2.323723,-13.11779,2496,1796,0
02-Aug-2024 19:05:56.070,-43.850899,-2.548599,-13.267708,2496,1796,0
02-Aug-2024 19:05:56.169,-44.300652,-2.098846,-12.967873,2496,1796,0
02-Aug-2024 19:05:56.268,-43.401146,-3.897858,-14.242172,2496,1796,0
02-Aug-2024 19:05:56.367,-42.576599,-1.724052,-12.742996,2496,1796,0
02-Aug-2024 19:05:56.466,-42.576599,-1.87397,-13.717461,2496,1796,0
02-Aug-2024 19:05:56.565,-42.576599,-2.023888,-13.417625,2496,1796,0
02-Aug-2024 19:05:56.664,-42.726517,-1.87397,-13.717461,2496,1796,0
02-Aug-2024 19:05:56.763,-43.17627,-1.349258,-13.267708,2496,1796,0
02-Aug-2024 19:05:56.863,-43.77594,-1.574135,-12.967873,2496,1796,0
02-Aug-2024 19:05:56.963,-43.101311,-3.073311,-13.867378,2496,1796,0
02-Aug-2024 19:05:57.063,-42.651558,-2.773476,-12.817955,2496,1796,0
02-Aug-2024 19:05:57.163,-43.101311,-2.773476,-13.717461,2496,1796,0
02-Aug-2024 19:05:57.262,-42.951393,-2.47364,-13.417625,2496,1796,0
02-Aug-2024 19:05:57.361,-42.051888,-1.199341,-11.618614,2496,1796,0
02-Aug-2024 19:05:57.460,-42.201805,-1.424217,-12.817955,2496,1796,0
02-Aug-2024 19:05:57.559,-41.602135,-1.724052,-13.417625,2496,1796,0
02-Aug-2024 19:05:57.658,-42.50164,-3.073311,-13.417625,2496,1796,0
02-Aug-2024 19:05:57.757,-42.801476,-2.623558,-14.017296,2496,1796,0
02-Aug-2024 19:05:57.856,-42.351723,-2.023888,-13.567543,2496,1796,0
02-Aug-2024 19:05:57.955,-43.476105,-3.14827,-15.141678,2496,1796,0
02-Aug-2024 19:05:58.054,-43.77594,-2.098846,-14.242172,2496,1796,0
02-Aug-2024 19:05:58.153,-42.426682,-2.848434,-14.841843,2496,1796,0
02-Aug-2024 19:05:58.252,-43.476105,-2.698517,-13.492584,2496,1796,0
02-Aug-2024 19:05:58.351,-43.026352,-1.87397,-14.691925,2496,1796,0
02-Aug-2024 19:05:58.450,-43.026352,-0.674629,-14.092255,2496,1796,0
02-Aug-2024 19:05:58.549,-42.951393,-2.023888,-13.867378,2496,1796,0
02-Aug-2024 19:05:58.648,-42.801476,-4.497528,-13.492584,2496,1796,0
02-Aug-2024 19:05:58.748,-43.700981,-4.272652,-13.792419,2496,1796,0
02-Aug-2024 19:05:58.846,-43.401146,-3.822899,-14.092255,2496,1796,0
02-Aug-2024 19:05:58.945,-42.426682,-0.899506,-12.143326,2496,1796,0
02-Aug-2024 19:05:59.044,-43.626022,-2.623558,-12.368202,2496,1796,0
02-Aug-2024 19:05:59.143,-43.626022,-1.724052,-12.143326,2496,1796,0
02-Aug-2024 19:05:59.242,-43.77594,-1.2743,-13.267708,2496,1796,0
02-Aug-2024 19:05:59.341,-42.726517,-2.923393,-11.318779,2496,1796,0
02-Aug-2024 19:05:59.440,-42.726517,-2.623558,-11.618614,2496,1796,0
02-Aug-2024 19:05:59.539,-43.77594,-1.724052,-14.542007,2496,1796,0
02-Aug-2024 19:05:59.638,-42.951393,-2.173805,-12.368202,2496,1796,0
02-Aug-2024 19:05:59.737,-42.801476,-2.773476,-12.368202,2496,1796,0
02-Aug-2024 19:05:59.836,-43.551064,-0.674629,-11.168861,2496,1796,0
02-Aug-2024 19:05:59.935,-43.251228,-0.674629,-12.218285,2496,1796,0
02-Aug-2024 19:06:00.034,-42.801476,-2.248764,-13.267708,2496,1796,0
02-Aug-2024 19:06:00.133,-43.925858,-1.199341,-11.543655,2496,1796,0
02-Aug-2024 19:06:00.232,-43.626022,-0.59967,-11.618614,2496,1796,0
02-Aug-2024 19:06:00.331,-41.827011,-1.649094,-12.967873,2496,1796,0
02-Aug-2024 19:06:00.430,-42.126846,-1.499176,-12.368202,2496,1796,0
02-Aug-2024 19:06:00.529,-43.626022,-2.47364,-13.792419,2496,1796,0
02-Aug-2024 19:06:00.628,-44.37561,-1.724052,-13.867378,2496,1796,0
02-Aug-2024 19:06:00.727,-43.326187,-2.173805,-13.792419,2496,1796,0
02-Aug-2024 19:06:00.826,-42.801476,-0.824547,-13.867378,2496,1796,0
02-Aug-2024 19:06:00.925,-42.801476,-1.499176,-13.417625,2496,1796,0
02-Aug-2024 19:06:01.024,-43.77594,-2.773476,-13.417625,2496,1796,0
02-Aug-2024 19:06:01.123,-43.401146,-0.974464,-13.867378,2496,1796,0
02-Aug-2024 19:06:01.222,-42.951393,-1.424217,-13.867378,2496,1796,0
02-Aug-2024 19:06:01.321,-43.850899,-2.323723,-13.492584,2496,1796,0
02-Aug-2024 19:06:01.420,-44.300652,-2.098846,-14.841843,2496,1796,0
02-Aug-2024 19:06:01.519,-44.300652,-2.398682,-14.691925,2496,1796,0
02-Aug-2024 19:06:01.618,-44.600487,-1.2743,-14.841843,2496,1796,0
02-Aug-2024 19:06:01.717,-42.726517,-2.248764,-13.267708,2496,1796,0
02-Aug-2024 19:06:01.816,-42.876434,-1.499176,-13.867378,2496,1796,0
02-Aug-2024 19:06:01.915,-43.026352,-2.248764,-13.417625,2496,1796,0
02-Aug-2024 19:06:02.014,-43.700981,-2.47364,-14.841843,2496,1796,0
02-Aug-2024 19:06:02.113,-41.527176,-1.049423,-14.017296,2496,1796,0
02-Aug-2024 19:06:02.212,-42.801476,-1.349258,-13.567543,2496,1796,0
02-Aug-2024 19:06:02.311,-42.051888,-0.524712,-14.317131,2496,1796,0
02-Aug-2024 19:06:15.484,3.298187,49.023056,-5.322075,2496,1629,0
02-Aug-2024 19:06:15.584,3.298187,48.873138,-5.921745,2496,1629,0
02-Aug-2024 19:06:15.683,3.672981,50.147438,-3.373146,2496,1629,0
02-Aug-2024 19:06:15.782,4.572487,50.147438,-3.822899,2496,1629,0
02-Aug-2024 19:06:15.881,4.497528,49.023056,-5.397034,2496,1629,0
02-Aug-2024 19:06:15.980,5.322075,49.99752,-4.497528,2496,1629,0
02-Aug-2024 19:06:16.079,3.223228,49.847603,-4.34761,2496,1629,0
02-Aug-2024 19:06:16.178,4.197693,47.598839,-4.197693,2496,1629,0
02-Aug-2024 19:06:16.277,3.74794,48.198509,-4.197693,2496,1629,0
02-Aug-2024 19:06:16.376,3.897858,50.072479,-5.996704,2496,1629,0
02-Aug-2024 19:06:16.475,3.822899,47.898674,-4.122734,2496,1629,0
02-Aug-2024 19:06:16.574,4.422569,47.898674,-3.373146,2496,1629,0
02-Aug-2024 19:06:16.673,3.598022,48.873138,-5.696869,2496,1629,0
02-Aug-2024 19:06:16.772,4.34761,49.547768,-5.247116,2496,1629,0
02-Aug-2024 19:06:16.871,2.323723,50.297356,-3.073311,2496,1629,0
02-Aug-2024 19:06:16.970,1.349258,49.847603,-2.173805,2496,1629,0
02-Aug-2024 19:06:17.069,2.248764,50.822067,-2.773476,2496,1629,0
02-Aug-2024 19:06:17.168,4.197693,48.948097,-4.647446,2496,1629,0
02-Aug-2024 19:06:17.267,2.848434,48.723221,-4.947281,2496,1629,0
02-Aug-2024 19:06:17.366,3.298187,48.723221,-3.897858,2496,1629,0
02-Aug-2024 19:06:17.465,2.698517,49.39785,-3.972816,2496,1629,0
02-Aug-2024 19:06:17.564,4.197693,48.79818,-6.296539,2496,1629,0
02-Aug-2024 19:06:17.663,4.197693,48.648262,-6.146622,2496,1629,0
02-Aug-2024 19:06:17.762,3.14827,49.547768,-5.996704,2496,1629,0
02-Aug-2024 19:06:17.861,3.598022,49.098015,-4.047775,2496,1629,0
02-Aug-2024 19:06:17.960,3.972816,48.198509,-3.972816,2496,1629,0
02-Aug-2024 19:06:18.059,3.972816,48.348427,-4.572487,2496,1629,0
02-Aug-2024 19:06:18.158,3.073311,50.747108,-4.497528,2496,1629,0
02-Aug-2024 19:06:18.257,3.672981,47.823715,-3.523064,2496,1629,0
02-Aug-2024 19:06:18.356,3.523064,47.973633,-2.923393,2496,1629,0
02-Aug-2024 19:06:18.455,2.923393,47.823715,-2.923393,2496,1629,0
02-Aug-2024 19:06:18.554,2.773476,49.472809,-4.872322,2496,1629,0
02-Aug-2024 19:06:18.653,2.773476,49.622726,-4.572487,2496,1629,0
02-Aug-2024 19:06:18.752,2.923393,50.072479,-3.897858,2496,1629,0
02-Aug-2024 19:06:18.851,1.799011,49.098015,-4.272652,2496,1629,0
02-Aug-2024 19:06:18.950,1.649094,49.39785,-5.322075,2496,1629,0
02-Aug-2024 19:06:19.049,1.649094,48.573303,-5.322075,2496,1629,0
02-Aug-2024 19:06:19.148,2.248764,48.423386,-4.722404,2496,1629,0
02-Aug-2024 19:06:19.247,2.773476,51.796532,-2.098846,2496,1629,0
02-Aug-2024 19:06:19.346,3.223228,52.54612,-2.398682,2496,1629,0
02-Aug-2024 19:06:19.445,3.073311,52.696037,-2.698517,2496,1629,0
02-Aug-2024 19:06:19.544,4.122734,50.222397,-5.696869,2496,1629,0
02-Aug-2024 19:06:19.643,4.572487,50.297356,-5.397034,2496,1629,0
02-Aug-2024 19:06:19.742,4.122734,50.447273,-5.397034,2496,1629,0
02-Aug-2024 19:06:19.841,2.923393,50.447273,-4.272652,2496,1629,0
02-Aug-2024 19:06:19.940,2.923393,50.297356,-4.122734,2496,1629,0
02-Aug-2024 19:06:20.039,2.923393,50.147438,-4.872322,2496,1629,0
02-Aug-2024 19:06:20.138,2.698517,48.79818,-5.02224,2496,1629,0
02-Aug-2024 19:06:20.237,3.298187,49.847603,-5.62191,2496,1629,0
02-Aug-2024 19:06:20.336,2.248764,50.822067,-4.572487,2496,1629,0
02-Aug-2024 19:06:20.435,3.598022,49.547768,-4.797363,2496,1629,0
02-Aug-2024 19:06:20.534,4.122734,50.297356,-5.846786,2496,1629,0
02-Aug-2024 19:06:20.633,4.122734,51.121902,-6.296539,2496,1629,0
02-Aug-2024 19:06:20.732,1.799011,48.948097,-3.298187,2496,1629,0
02-Aug-2024 19:06:20.831,2.623558,49.697685,-3.373146,2496,1629,0
02-Aug-2024 19:06:20.930,4.497528,50.747108,-4.572487,2496,1629,0
02-Aug-2024 19:06:21.029,3.74794,51.121902,-3.972816,2496,1629,0
02-Aug-2024 19:06:21.128,3.74794,50.897026,-4.422569,2496,1629,0
02-Aug-2024 19:06:21.227,4.497528,51.046944,-5.62191,2496,1629,0
02-Aug-2024 19:06:21.326,3.298187,50.597191,-5.471992,2496,1629,0
02-Aug-2024 19:06:21.424,1.649094,49.922562,-5.02224,2496,1629,0
02-Aug-2024 19:06:21.524,4.947281,50.222397,-4.047775,2496,1629,0
02-Aug-2024 19:06:21.623,4.197693,50.372314,-3.14827,2496,1629,0
02-Aug-2024 19:06:21.722,4.572487,48.948097,-5.097198,2496,1629,0
02-Aug-2024 19:06:21.821,5.172157,48.423386,-5.097198,2496,1629,0
02-Aug-2024 19:06:21.920,4.572487,49.547768,-5.172157,2496,1629,0
02-Aug-2024 19:06:22.019,5.02224,49.247932,-2.323723,2496,1629,0
02-Aug-2024 19:06:22.118,4.34761,48.648262,-2.923393,2496,1629,0
02-Aug-2024 19:06:22.217,4.797363,49.547768,-3.223228,2496,1629,0
02-Aug-2024 19:06:22.316,5.696869,49.697685,-5.322075,2496,1629,0
02-Aug-2024 19:06:22.415,4.947281,49.772644,-5.02224,2496,1629,0
02-Aug-2024 19:06:22.514,5.097198,50.072479,-5.322075,2496,1629,0
02-Aug-2024 19:06:22.613,5.996704,49.322891,-4.722404,2496,1629,0
02-Aug-2024 19:06:22.712,3.298187,49.472809,-5.02224,2496,1629,0
02-Aug-2024 19:06:22.811,3.298187,48.873138,-4.722404,2496,1629,0
02-Aug-2024 19:06:22.910,3.897858,49.847603,-2.248764,2496,1629,0
02-Aug-2024 19:06:23.009,1.199341,50.822067,-3.073311,2496,1629,0
02-Aug-2024 19:06:23.108,2.848434,50.67215,-3.822899,2496,1629,0
02-Aug-2024 19:06:23.207,3.373146,50.372314,-2.773476,2496,1629,0
02-Aug-2024 19:06:23.306,2.098846,49.847603,-4.872322,2496,1629,0
02-Aug-2024 19:06:23.405,2.923393,49.99752,-4.34761,2496,1629,0
02-Aug-2024 19:06:23.504,2.248764,49.39785,-4.722404,2496,1629,0
02-Aug-2024 19:06:23.603,2.998352,48.348427,-4.647446,2496,1629,0
02-Aug-2024 19:06:23.702,2.398682,48.498344,-5.247116,2496,1629,0
02-Aug-2024 19:06:23.801,2.248764,48.648262,-4.497528,2496,1629,0
02-Aug-2024 19:06:23.900,3.223228,48.948097,-5.546951,2496,1629,0
02-Aug-2024 19:06:23.999,2.848434,48.348427,-5.247116,2496,1629,0
02-Aug-2024 19:06:24.098,2.398682,49.247932,-6.296539,2496,1629,0
02-Aug-2024 19:06:24.197,3.822899,49.098015,-5.846786,2496,1629,0
02-Aug-2024 19:06:24.297,3.523064,49.847603,-4.647446,2496,1629,0
02-Aug-2024 19:06:24.397,3.223228,49.99752,-4.497528,2496,1629,0
02-Aug-2024 19:06:24.497,3.223228,49.547768,-4.497528,2496,1629,0
02-Aug-2024 19:06:24.597,2.47364,49.472809,-4.872322,2496,1629,0
02-Aug-2024 19:06:24.696,3.223228,50.072479,-5.322075,2496,1629,0
02-Aug-2024 19:06:24.795,3.74794,50.222397,-5.172157,2496,1629,0
02-Aug-2024 19:06:24.894,3.223228,49.697685,-3.598022,2496,1629,0
02-Aug-2024 19:06:24.993,3.373146,49.622726,-4.34761,2496,1629,0
02-Aug-2024 19:06:25.092,3.373146,49.99752,-3.598022,2496,1629,0
02-Aug-2024 19:06:25.191,3.073311,49.697685,-3.14827,2496,1629,0
02-Aug-2024 19:06:25.290,2.698517,47.973633,-5.546951,2496,1629,0
02-Aug-2024 19:06:38.561,-42.351723,-9.36985,-24.961281,2282,1628,0
02-Aug-2024 19:06:38.660,-41.452217,-8.620262,-25.860786,2282,1628,0
02-Aug-2024 19:06:38.759,-43.101311,-9.36985,-25.111198,2282,1628,0
02-Aug-2024 19:06:38.858,-40.327835,-10.569191,-25.63591,2282,1628,0
02-Aug-2024 19:06:38.957,-40.252876,-9.669685,-25.485992,2282,1628,0
02-Aug-2024 19:06:39.056,-42.576599,-11.993408,-27.285004,2282,1628,0
02-Aug-2024 19:06:39.155,-41.227341,-9.594727,-25.111198,2282,1628,0
02-Aug-2024 19:06:39.254,-41.377258,-9.144974,-25.411034,2282,1628,0
02-Aug-2024 19:06:39.353,-40.702629,-7.795715,-26.460457,2282,1628,0
02-Aug-2024 19:06:39.452,-42.351723,-10.044479,-26.385498,2282,1628,0
02-Aug-2024 19:06:39.551,-41.602135,-10.569191,-26.685333,2282,1628,0
02-Aug-2024 19:06:39.650,-42.201805,-9.744644,-26.835251,2282,1628,0
02-Aug-2024 19:06:39.749,-41.377258,-9.969521,-25.336075,2282,1628,0
02-Aug-2024 19:06:39.848,-40.927505,-10.494232,-25.336075,2282,1628,0
02-Aug-2024 19:06:39.947,-41.527176,-10.569191,-24.886322,2282,1628,0
02-Aug-2024 19:06:40.046,-40.702629,-8.620262,-26.835251,2282,1628,0
02-Aug-2024 19:06:40.145,-41.377258,-8.995056,-26.91021,2282,1628,0
02-Aug-2024 19:06:40.244,-41.527176,-8.995056,-26.91021,2282,1628,0
02-Aug-2024 19:06:40.343,-40.62767,-8.395386,-26.760292,2282,1628,0
02-Aug-2024 19:06:40.442,-41.677094,-8.920097,-26.010704,2282,1628,0
02-Aug-2024 19:06:40.541,-41.227341,-8.245468,-26.010704,2282,1628,0
02-Aug-2024 19:06:40.640,-41.077423,-8.095551,-27.359962,2282,1628,0
02-Aug-2024 19:06:40.739,-42.426682,-9.444809,-24.811363,2282,1628,0
02-Aug-2024 19:06:40.838,-41.677094,-10.269356,-24.511528,2282,1628,0
02-Aug-2024 19:06:40.937,-41.527176,-9.744644,-24.36161,2282,1628,0
02-Aug-2024 19:06:41.036,-41.602135,-9.444809,-23.312187,2282,1628,0
02-Aug-2024 19:06:41.135,-40.028,-8.77018,-26.985168,2282,1628,0
02-Aug-2024 19:06:41.234,-41.302299,-8.620262,-26.985168,2282,1628,0
02-Aug-2024 19:06:41.333,-40.852547,-8.320427,-27.734756,2282,1628,0
02-Aug-2024 19:06:41.432,-41.002464,-8.245468,-25.710869,2282,1628,0
02-Aug-2024 19:06:41.531,-41.752052,-8.245468,-26.310539,2282,1628,0
02-Aug-2024 19:06:41.630,-42.201805,-7.345963,-26.010704,2282,1628,0
02-Aug-2024 19:06:41.729,-42.276764,-8.77018,-25.336075,2282,1628,0
02-Aug-2024 19:06:41.828,-41.377258,-9.219933,-25.785828,2282,1628,0
02-Aug-2024 19:06:41.927,-42.426682,-8.920097,-25.785828,2282,1628,0
02-Aug-2024 19:06:42.026,-41.002464,-9.070015,-27.734756,2282,1628,0
02-Aug-2024 19:06:42.125,-43.326187,-8.920097,-26.535416,2282,1628,0
02-Aug-2024 19:06:42.224,-42.726517,-8.620262,-26.835251,2282,1628,0
02-Aug-2024 19:06:42.323,-41.752052,-5.846786,-26.760292,2282,1628,0
02-Aug-2024 19:06:42.422,-41.452217,-9.070015,-27.584839,2282,1628,0
02-Aug-2024 19:06:42.521,-42.051888,-9.36985,-26.985168,2282,1628,0
02-Aug-2024 19:06:42.621,-42.426682,-8.470345,-27.659798,2282,1628,0
02-Aug-2024 19:06:42.721,-43.326187,-8.920097,-28.259468,2282,1628,0
02-Aug-2024 19:06:42.821,-41.452217,-9.819603,-27.584839,2282,1628,0
02-Aug-2024 19:06:42.922,-42.726517,-9.894562,-26.23558,2282,1628,0
02-Aug-2024 19:06:43.020,-43.026352,-8.470345,-26.685333,2282,1628,0
02-Aug-2024 19:06:43.119,-43.251228,-8.695221,-26.91021,2282,1628,0
02-Aug-2024 19:06:43.218,-43.850899,-8.545303,-26.460457,2282,1628,0
02-Aug-2024 19:06:43.317,-42.276764,-9.36985,-26.835251,2282,1628,0
02-Aug-2024 19:06:43.416,-40.327835,-8.320427,-28.559303,2282,1628,0
02-Aug-2024 19:06:43.515,-40.477753,-8.170509,-28.559303,2282,1628,0
02-Aug-2024 19:06:43.614,-41.302299,-9.219933,-26.760292,2282,1628,0
02-Aug-2024 19:06:43.713,-41.152382,-9.219933,-27.060127,2282,1628,0
02-Aug-2024 19:06:43.812,-40.102959,-7.795715,-26.91021,2282,1628,0
02-Aug-2024 19:06:43.911,-42.426682,-8.545303,-27.809715,2282,1628,0
02-Aug-2024 19:06:44.010,-42.726517,-8.845139,-27.359962,2282,1628,0
02-Aug-2024 19:06:44.109,-42.126846,-8.020592,-27.210045,2282,1628,0
02-Aug-2024 19:06:44.208,-42.50164,-9.36985,-27.884674,2282,1628,0
02-Aug-2024 19:06:44.307,-43.101311,-8.620262,-27.884674,2282,1628,0
02-Aug-2024 19:06:44.406,-42.651558,-9.219933,-27.734756,2282,1628,0
02-Aug-2024 19:06:44.505,-41.377258,-9.519768,-27.659798,2282,1628,0
02-Aug-2024 19:06:44.604,-42.576599,-9.519768,-27.959633,2282,1628,0
02-Aug-2024 19:06:44.703,-41.976929,-8.77018,-27.659798,2282,1628,0
02-Aug-2024 19:06:44.802,-44.37561,-5.397034,-26.760292,2282,1628,0
02-Aug-2024 19:06:44.901,-42.801476,-9.070015,-28.184509,2282,1628,0
02-Aug-2024 19:06:45.000,-41.90197,-9.219933,-28.034592,2282,1628,0
02-Aug-2024 19:06:45.099,-41.302299,-8.020592,-26.835251,2282,1628,0
02-Aug-2024 19:06:45.198,-42.426682,-8.170509,-26.460457,2282,1628,0
02-Aug-2024 19:06:45.297,-42.426682,-8.020592,-27.060127,2282,1628,0
02-Aug-2024 19:06:45.396,-43.326187,-7.49588,-25.860786,2282,1628,0
02-Aug-2024 19:06:45.495,-43.700981,-10.044479,-26.085663,2282,1628,0
02-Aug-2024 19:06:45.594,-42.351723,-9.144974,-26.310539,2282,1628,0
02-Aug-2024 19:06:45.693,-42.801476,-9.894562,-26.085663,2282,1628,0
02-Aug-2024 19:06:45.792,-41.602135,-8.020592,-27.884674,2282,1628,0
02-Aug-2024 19:06:45.891,-41.452217,-7.720757,-27.50988,2282,1628,0
02-Aug-2024 19:06:45.990,-41.752052,-8.170509,-28.184509,2282,1628,0
02-Aug-2024 19:06:46.089,-41.152382,-7.570839,-27.50988,2282,1628,0
02-Aug-2024 19:06:46.188,-42.351723,-8.245468,-26.760292,2282,1628,0
02-Aug-2024 19:06:46.287,-41.827011,-9.444809,-27.434921,2282,1628,0
02-Aug-2024 19:06:46.386,-41.976929,-9.444809,-27.434921,2282,1628,0
02-Aug-2024 19:06:46.485,-42.576599,-7.196045,-27.434921,2282,1628,0
02-Aug-2024 19:06:46.584,-43.326187,-6.89621,-27.285004,2282,1628,0
02-Aug-2024 19:06:46.682,-42.126846,-6.596375,-28.034592,2282,1628,0
02-Aug-2024 19:06:46.782,-41.227341,-9.744644,-28.034592,2282,1628,0
02-Aug-2024 19:06:46.881,-41.227341,-8.845139,-27.434921,2282,1628,0
02-Aug-2024 19:06:46.980,-40.327835,-8.995056,-27.434921,2282,1628,0
02-Aug-2024 19:06:47.079,-40.62767,-9.294891,-28.034592,2282,1628,0
02-Aug-2024 19:06:47.178,-41.677094,-6.596375,-26.310539,2282,1628,0
02-Aug-2024 19:06:47.277,-42.426682,-6.296539,-25.785828,2282,1628,0
02-Aug-2024 19:06:47.376,-40.777588,-9.070015,-28.10955,2282,1628,0
02-Aug-2024 19:06:47.475,-39.503288,-9.294891,-27.959633,2282,1628,0
02-Aug-2024 19:06:47.574,-39.203453,-9.594727,-27.659798,2282,1628,0
02-Aug-2024 19:06:47.673,-43.77594,-7.720757,-25.411034,2282,1628,0
02-Aug-2024 19:06:47.772,-43.17627,-7.420921,-25.710869,2282,1628,0
02-Aug-2024 19:06:47.871,-40.777588,-8.020592,-27.50988,2282,1628,0
02-Aug-2024 19:06:47.970,-40.477753,-8.020592,-26.91021,2282,1628,0
02-Aug-2024 19:06:48.069,-42.276764,-6.446457,-28.409386,2282,1628,0
02-Aug-2024 19:06:48.168,-41.827011,-6.746292,-27.210045,2282,1628,0
02-Aug-2024 19:06:48.267,-41.527176,-7.271004,-27.659798,2282,1628,0
02-Aug-2024 19:06:48.367,-40.62767,-8.845139,-25.03624,2282,1628,0
02-Aug-2024 19:07:07.088,-37.854195,4.422569,13.867378,2282,1444,0
02-Aug-2024 19:07:07.187,-37.254524,4.122734,13.267708,2282,1444,0
02-Aug-2024 19:07:07.286,-37.704277,4.722404,13.567543,2282,1444,0
02-Aug-2024 19:07:07.384,-37.254524,4.047775,15.516472,2282,1444,0
02-Aug-2024 19:07:07.484,-37.254524,4.197693,14.916801,2282,1444,0
02-Aug-2024 19:07:07.583,-37.254524,5.322075,15.216637,2282,1444,0
02-Aug-2024 19:07:07.682,-35.455513,3.298187,14.167213,2282,1444,0
02-Aug-2024 19:07:07.781,-36.579895,2.998352,14.017296,2282,1444,0
02-Aug-2024 19:07:07.880,-36.055183,3.74794,13.717461,2282,1444,0
02-Aug-2024 19:07:07.979,-35.155678,3.598022,13.867378,2282,1444,0
02-Aug-2024 19:07:08.078,-36.729813,3.373146,14.766884,2282,1444,0
02-Aug-2024 19:07:08.177,-37.029648,4.422569,14.616966,2282,1444,0
02-Aug-2024 19:07:08.276,-36.130142,3.822899,14.766884,2282,1444,0
02-Aug-2024 19:07:08.375,-37.929153,4.872322,14.39209,2282,1444,0
02-Aug-2024 19:07:08.474,-37.629318,5.471992,14.39209,2282,1444,0
02-Aug-2024 19:07:08.573,-37.779236,5.02224,14.542007,2282,1444,0
02-Aug-2024 19:07:08.672,-35.155678,4.572487,12.892914,2282,1444,0
02-Aug-2024 19:07:08.771,-35.605431,5.097198,14.092255,2282,1444,0
02-Aug-2024 19:07:08.870,-36.355019,5.397034,13.342667,2282,1444,0
02-Aug-2024 19:07:08.969,-37.179565,2.548599,14.916801,2282,1444,0
02-Aug-2024 19:07:09.068,-37.329483,6.296539,15.066719,2282,1444,0
02-Aug-2024 19:07:09.167,-36.87973,7.121086,14.916801,2282,1444,0
02-Aug-2024 19:07:09.266,-36.729813,4.34761,14.167213,2282,1444,0
02-Aug-2024 19:07:09.365,-38.228989,1.424217,14.542007,2282,1444,0
02-Aug-2024 19:07:09.465,-37.779236,3.448105,14.017296,2282,1444,0
02-Aug-2024 19:07:09.564,-35.680389,4.572487,13.792419,2282,1444,0
02-Aug-2024 19:07:09.663,-36.429977,3.74794,14.092255,2282,1444,0
02-Aug-2024 19:07:09.762,-36.654854,3.14827,14.616966,2282,1444,0
02-Aug-2024 19:07:09.861,-36.429977,4.197693,12.443161,2282,1444,0
02-Aug-2024 19:07:09.960,-36.579895,5.097198,12.593079,2282,1444,0
02-Aug-2024 19:07:10.059,-35.530472,3.373146,13.342667,2282,1444,0
02-Aug-2024 19:07:10.159,-35.380554,4.047775,13.11779,2282,1444,0
02-Aug-2024 19:07:10.259,-35.830307,5.247116,14.766884,2282,1444,0
02-Aug-2024 19:07:10.359,-37.254524,5.172157,15.141678,2282,1444,0
02-Aug-2024 19:07:10.459,-36.504936,4.122734,15.291595,2282,1444,0
02-Aug-2024 19:07:10.558,-37.479401,5.097198,14.841843,2282,1444,0
02-Aug-2024 19:07:10.658,-36.28006,4.34761,14.99176,2282,1444,0
02-Aug-2024 19:07:10.757,-37.779236,5.546951,14.766884,2282,1444,0
02-Aug-2024 19:07:10.856,-38.7537,5.696869,15.816307,2282,1444,0
02-Aug-2024 19:07:10.955,-38.7537,6.371498,15.966225,2282,1444,0
02-Aug-2024 19:07:11.054,-34.40609,4.872322,12.368202,2282,1444,0
02-Aug-2024 19:07:11.153,-36.055183,4.34761,14.467049,2282,1444,0
02-Aug-2024 19:07:11.252,-36.055183,3.672981,15.066719,2282,1444,0
02-Aug-2024 19:07:11.351,-35.605431,4.047775,14.467049,2282,1444,0
02-Aug-2024 19:07:11.450,-35.605431,5.397034,13.492584,2282,1444,0
02-Aug-2024 19:07:11.549,-35.455513,5.097198,13.492584,2282,1444,0
02-Aug-2024 19:07:11.648,-36.28006,5.097198,13.267708,2282,1444,0
02-Aug-2024 19:07:11.747,-35.905266,2.848434,16.940689,2282,1444,0
02-Aug-2024 19:07:11.846,-36.355019,5.546951,15.891266,2282,1444,0
02-Aug-2024 19:07:11.945,-37.404442,6.371498,15.591431,2282,1444,0
02-Aug-2024 19:07:12.044,-34.181213,2.023888,14.467049,2282,1444,0
02-Aug-2024 19:07:12.143,-37.029648,3.14827,15.216637,2282,1444,0
02-Aug-2024 19:07:12.242,-37.929153,4.047775,15.966225,2282,1444,0
02-Aug-2024 19:07:12.341,-36.579895,2.998352,15.366554,2282,1444,0
02-Aug-2024 19:07:12.440,-34.780884,4.272652,14.766884,2282,1444,0
02-Aug-2024 19:07:12.539,-34.930801,4.422569,14.766884,2282,1444,0
02-Aug-2024 19:07:12.638,-35.530472,4.272652,14.616966,2282,1444,0
02-Aug-2024 19:07:12.737,-35.455513,4.647446,14.841843,2282,1444,0
02-Aug-2024 19:07:12.836,-35.305595,4.947281,14.99176,2282,1444,0
02-Aug-2024 19:07:12.935,-36.055183,5.247116,15.666389,2282,1444,0
02-Aug-2024 19:07:13.034,-35.755348,5.247116,15.141678,2282,1444,0
02-Aug-2024 19:07:13.133,-36.429977,4.647446,13.192749,2282,1444,0
02-Aug-2024 19:07:13.232,-37.479401,4.197693,12.892914,2282,1444,0
02-Aug-2024 19:07:13.331,-37.179565,4.647446,13.792419,2282,1444,0
02-Aug-2024 19:07:13.430,-34.855843,4.34761,11.768532,2282,1444,0
02-Aug-2024 19:07:13.529,-35.00576,4.947281,12.068367,2282,1444,0
02-Aug-2024 19:07:13.628,-35.905266,4.647446,11.768532,2282,1444,0
02-Aug-2024 19:07:13.727,-35.905266,4.047775,14.467049,2282,1444,0
02-Aug-2024 19:07:13.826,-35.00576,4.797363,14.167213,2282,1444,0
02-Aug-2024 19:07:13.925,-35.305595,4.047775,13.942337,2282,1444,0
02-Aug-2024 19:07:14.024,-36.055183,4.197693,14.092255,2282,1444,0
02-Aug-2024 19:07:14.123,-37.704277,5.696869,13.792419,2282,1444,0
02-Aug-2024 19:07:14.222,-37.854195,5.996704,14.092255,2282,1444,0
02-Aug-2024 19:07:14.321,-36.579895,5.172157,12.892914,2282,1444,0
02-Aug-2024 19:07:14.420,-35.00576,4.947281,15.816307,2282,1444,0
02-Aug-2024 19:07:14.519,-35.00576,5.546951,15.066719,2282,1444,0
02-Aug-2024 19:07:14.618,-37.179565,3.598022,13.342667,2282,1444,0
02-Aug-2024 19:07:14.717,-36.729813,3.74794,14.242172,2282,1444,0
02-Aug-2024 19:07:14.816,-35.680389,5.097198,14.841843,2282,1444,0
02-Aug-2024 19:07:14.915,-35.080719,5.097198,15.141678,2282,1444,0
02-Aug-2024 19:07:15.014,-37.929153,5.247116,14.167213,2282,1444,0
02-Aug-2024 19:07:15.113,-36.729813,3.298187,14.167213,2282,1444,0
02-Aug-2024 19:07:15.212,-37.029648,3.897858,13.342667,2282,1444,0
02-Aug-2024 19:07:15.311,-36.87973,4.122734,14.467049,2282,1444,0
02-Aug-2024 19:07:15.410,-36.429977,4.34761,15.816307,2282,1444,0
02-Aug-2024 19:07:15.509,-36.87973,4.722404,16.116142,2282,1444,0
02-Aug-2024 19:07:15.608,-35.380554,3.972816,13.867378,2282,1444,0
02-Aug-2024 19:07:15.707,-35.680389,4.872322,13.867378,2282,1444,0
02-Aug-2024 19:07:15.806,-36.729813,2.848434,15.066719,2282,1444,0
02-Aug-2024 19:07:15.905,-36.654854,5.62191,14.766884,2282,1444,0
02-Aug-2024 19:07:16.005,-37.029648,4.497528,14.916801,2282,1444,0
02-Aug-2024 19:07:16.103,-37.254524,3.298187,15.141678,2282,1444,0
02-Aug-2024 19:07:16.202,-37.179565,4.197693,15.066719,2282,1444,0
02-Aug-2024 19:07:16.301,-36.205101,5.097198,14.39209,2282,1444,0
02-Aug-2024 19:07:16.400,-35.530472,4.34761,12.817955,2282,1444,0
02-Aug-2024 19:07:16.499,-36.055183,5.247116,13.867378,2282,1444,0
02-Aug-2024 19:07:16.598,-36.055183,4.722404,15.291595,2282,1444,0
02-Aug-2024 19:07:16.697,-35.305595,4.34761,14.841843,2282,1444,0
02-Aug-2024 19:07:16.796,-36.804771,5.097198,16.26606,2282,1444,0
02-Aug-2024 19:07:16.895,-36.729813,3.897858,14.616966,2282,1444,0
02-Aug-2024 19:07:38.590,-63.939857,4.047775,6.521416,1962,1385,0
02-Aug-2024 19:07:38.690,-64.539528,4.497528,6.371498,1962,1385,0
02-Aug-2024 19:07:38.789,-64.014816,6.296539,7.870674,1962,1385,0
02-Aug-2024 19:07:38.888,-62.665558,5.62191,8.470345,1962,1385,0
02-Aug-2024 19:07:38.987,-63.340187,4.197693,9.444809,1962,1385,0
02-Aug-2024 19:07:39.086,-65.214157,5.397034,5.322075,1962,1385,0
02-Aug-2024 19:07:39.185,-64.914322,5.097198,5.62191,1962,1385,0
02-Aug-2024 19:07:39.284,-64.839363,5.397034,6.746292,1962,1385,0
02-Aug-2024 19:07:39.383,-64.314651,5.996704,7.420921,1962,1385,0
02-Aug-2024 19:07:39.482,-64.464569,6.371498,8.320427,1962,1385,0
02-Aug-2024 19:07:39.581,-63.714981,5.696869,8.77018,1962,1385,0
02-Aug-2024 19:07:39.680,-66.26358,6.296539,8.320427,1962,1385,0
02-Aug-2024 19:07:39.779,-66.113663,6.671333,8.470345,1962,1385,0
02-Aug-2024 19:07:39.878,-65.214157,6.521416,7.870674,1962,1385,0
02-Aug-2024 19:07:39.977,-65.364075,6.521416,9.070015,1962,1385,0
02-Aug-2024 19:07:40.076,-64.839363,5.696869,6.521416,1962,1385,0
02-Aug-2024 19:07:40.175,-64.689445,5.996704,6.746292,1962,1385,0
02-Aug-2024 19:07:40.274,-65.289116,6.146622,7.345963,1962,1385,0
02-Aug-2024 19:07:40.373,-62.815475,6.146622,6.446457,1962,1385,0
02-Aug-2024 19:07:40.472,-61.91597,5.996704,5.996704,1962,1385,0
02-Aug-2024 19:07:40.571,-62.665558,6.296539,5.996704,1962,1385,0
02-Aug-2024 19:07:40.670,-61.391258,5.546951,8.170509,1962,1385,0
02-Aug-2024 19:07:40.769,-60.791588,5.771828,6.221581,1962,1385,0
02-Aug-2024 19:07:40.868,-60.791588,5.921745,5.62191,1962,1385,0
02-Aug-2024 19:07:40.967,-61.091423,5.996704,7.271004,1962,1385,0
02-Aug-2024 19:07:41.066,-62.890434,7.046127,5.846786,1962,1385,0
02-Aug-2024 19:07:41.165,-62.590599,7.645798,5.546951,1962,1385,0
02-Aug-2024 19:07:41.264,-64.689445,4.647446,6.221581,1962,1385,0
02-Aug-2024 19:07:41.363,-64.614487,6.146622,7.795715,1962,1385,0
02-Aug-2024 19:07:41.462,-65.06424,5.696869,7.645798,1962,1385,0
02-Aug-2024 19:07:41.561,-62.890434,8.170509,8.245468,1962,1385,0
02-Aug-2024 19:07:41.660,-62.740517,8.470345,8.545303,1962,1385,0
02-Aug-2024 19:07:41.759,-61.841011,6.521416,8.245468,1962,1385,0
02-Aug-2024 19:07:41.858,-62.140846,6.221581,7.945633,1962,1385,0
02-Aug-2024 19:07:41.957,-64.239693,6.296539,8.020592,1962,1385,0
02-Aug-2024 19:07:42.056,-61.990929,8.320427,8.395386,1962,1385,0
02-Aug-2024 19:07:42.155,-62.290764,7.570839,8.095551,1962,1385,0
02-Aug-2024 19:07:42.254,-62.440681,6.071663,7.945633,1962,1385,0
02-Aug-2024 19:07:42.353,-63.640022,5.771828,7.870674,1962,1385,0
02-Aug-2024 19:07:42.452,-64.539528,6.521416,7.870674,1962,1385,0
02-Aug-2024 19:07:42.551,-64.689445,5.02224,8.170509,1962,1385,0
02-Aug-2024 19:07:42.650,-64.464569,4.272652,7.870674,1962,1385,0
02-Aug-2024 19:07:42.749,-62.440681,5.996704,6.446457,1962,1385,0
02-Aug-2024 19:07:42.848,-64.314651,6.446457,7.645798,1962,1385,0
02-Aug-2024 19:07:42.947,-65.06424,5.996704,8.095551,1962,1385,0
02-Aug-2024 19:07:43.046,-64.164734,5.921745,7.870674,1962,1385,0
02-Aug-2024 19:07:43.145,-64.839363,4.797363,7.570839,1962,1385,0
02-Aug-2024 19:07:43.244,-64.089775,5.546951,7.420921,1962,1385,0
02-Aug-2024 19:07:43.343,-65.588951,6.596375,8.095551,1962,1385,0
02-Aug-2024 19:07:43.442,-63.565063,5.172157,7.271004,1962,1385,0
02-Aug-2024 19:07:43.541,-65.439034,5.771828,7.720757,1962,1385,0
02-Aug-2024 19:07:43.640,-64.164734,6.221581,8.545303,1962,1385,0
02-Aug-2024 19:07:43.739,-65.214157,7.046127,8.395386,1962,1385,0
02-Aug-2024 19:07:43.838,-65.439034,5.172157,7.196045,1962,1385,0
02-Aug-2024 19:07:43.937,-65.439034,4.872322,6.746292,1962,1385,0
02-Aug-2024 19:07:44.036,-62.365723,7.345963,7.570839,1962,1385,0
02-Aug-2024 19:07:44.135,-64.539528,5.397034,6.89621,1962,1385,0
02-Aug-2024 19:07:44.234,-64.839363,4.647446,6.746292,1962,1385,0
02-Aug-2024 19:07:44.333,-64.539528,5.247116,7.196045,1962,1385,0
02-Aug-2024 19:07:44.432,-62.440681,6.521416,7.271004,1962,1385,0
02-Aug-2024 19:07:44.531,-62.290764,6.821251,6.821251,1962,1385,0
02-Aug-2024 19:07:44.630,-62.590599,6.521416,6.671333,1962,1385,0
02-Aug-2024 19:07:44.729,-64.689445,6.671333,9.594727,1962,1385,0
02-Aug-2024 19:07:44.828,-64.539528,6.971169,9.744644,1962,1385,0
02-Aug-2024 19:07:44.927,-63.78994,6.446457,8.845139,1962,1385,0
02-Aug-2024 19:07:45.026,-63.939857,6.521416,10.344315,1962,1385,0
02-Aug-2024 19:07:45.125,-65.588951,8.170509,5.02224,1962,1385,0
02-Aug-2024 19:07:45.224,-64.464569,7.720757,5.322075,1962,1385,0
02-Aug-2024 19:07:45.323,-64.539528,7.121086,4.722404,1962,1385,0
02-Aug-2024 19:07:45.422,-63.490105,6.89621,8.77018,1962,1385,0
02-Aug-2024 19:07:45.521,-63.340187,7.720757,8.170509,1962,1385,0
02-Aug-2024 19:07:45.620,-64.539528,6.971169,8.470345,1962,1385,0
02-Aug-2024 19:07:45.719,-64.164734,8.095551,8.020592,1962,1385,0
02-Aug-2024 19:07:45.818,-63.864899,6.821251,8.020592,1962,1385,0
02-Aug-2024 19:07:45.917,-64.314651,7.121086,7.720757,1962,1385,0
02-Aug-2024 19:07:46.016,-63.565063,8.095551,8.77018,1962,1385,0
02-Aug-2024 19:07:46.115,-64.914322,6.296539,7.196045,1962,1385,0
02-Aug-2024 19:07:46.214,-64.914322,6.671333,6.596375,1962,1385,0
02-Aug-2024 19:07:46.313,-65.06424,6.821251,7.196045,1962,1385,0
02-Aug-2024 19:07:46.412,-62.815475,6.971169,6.821251,1962,1385,0
02-Aug-2024 19:07:46.510,-63.115311,6.446457,7.870674,1962,1385,0
02-Aug-2024 19:07:46.610,-63.714981,6.746292,7.645798,1962,1385,0
02-Aug-2024 19:07:46.709,-64.914322,7.046127,5.471992,1962,1385,0
02-Aug-2024 19:07:46.808,-63.714981,6.446457,4.797363,1962,1385,0
02-Aug-2024 19:07:46.908,-63.565063,6.296539,5.097198,1962,1385,0
02-Aug-2024 19:07:47.008,-66.038704,7.870674,6.296539,1962,1385,0
02-Aug-2024 19:07:47.108,-64.689445,5.247116,7.870674,1962,1385,0
02-Aug-2024 19:07:47.207,-65.289116,5.696869,7.121086,1962,1385,0
02-Aug-2024 19:07:47.306,-63.190269,6.596375,6.371498,1962,1385,0
02-Aug-2024 19:07:47.405,-63.640022,7.49588,6.971169,1962,1385,0
02-Aug-2024 19:07:47.504,-63.78994,6.89621,7.121086,1962,1385,0
02-Aug-2024 19:07:47.603,-63.340187,6.596375,5.471992,1962,1385,0
02-Aug-2024 19:07:47.702,-63.115311,5.62191,6.521416,1962,1385,0
02-Aug-2024 19:07:47.801,-62.965393,6.671333,6.071663,1962,1385,0
02-Aug-2024 19:07:47.900,-65.289116,7.345963,7.49588,1962,1385,0
02-Aug-2024 19:07:47.999,-64.689445,7.046127,6.671333,1962,1385,0
02-Aug-2024 19:07:48.098,-63.939857,6.146622,7.870674,1962,1385,0
02-Aug-2024 19:07:48.197,-63.190269,6.446457,7.570839,1962,1385,0
02-Aug-2024 19:07:48.296,-63.265228,7.345963,6.371498,1962,1385,0
02-Aug-2024 19:07:48.395,-63.115311,8.245468,6.221581,1962,1385,0
02-Aug-2024 19:07:59.191,-32.607079,-3.298187,-36.28006,1847,1375,0
02-Aug-2024 19:07:59.290,-32.756996,-4.047775,-34.630966,1847,1375,0
02-Aug-2024 19:07:59.389,-33.656502,-1.574135,-37.554359,1847,1375,0
02-Aug-2024 19:07:59.488,-33.656502,-1.724052,-37.854195,1847,1375,0
02-Aug-2024 19:07:59.587,-34.256172,-3.74794,-35.905266,1847,1375,0
02-Aug-2024 19:07:59.686,-35.680389,-4.497528,-36.429977,1847,1375,0
02-Aug-2024 19:07:59.785,-34.780884,-4.197693,-35.980225,1847,1375,0
02-Aug-2024 19:07:59.884,-34.40609,-3.822899,-36.504936,1847,1375,0
02-Aug-2024 19:07:59.983,-34.705925,-3.223228,-37.404442,1847,1375,0
02-Aug-2024 19:08:00.082,-33.956337,-3.073311,-37.254524,1847,1375,0
02-Aug-2024 19:08:00.181,-34.40609,-3.223228,-37.104607,1847,1375,0
02-Aug-2024 19:08:00.280,-34.556007,-1.499176,-37.404442,1847,1375,0
02-Aug-2024 19:08:00.379,-34.40609,-1.199341,-37.554359,1847,1375,0
02-Aug-2024 19:08:00.478,-34.106255,-1.349258,-37.104607,1847,1375,0
02-Aug-2024 19:08:00.577,-35.605431,-4.722404,-35.605431,1847,1375,0
02-Aug-2024 19:08:00.676,-34.40609,-4.872322,-35.905266,1847,1375,0
02-Aug-2024 19:08:00.775,-35.905266,-5.172157,-35.455513,1847,1375,0
02-Aug-2024 19:08:00.874,-33.506584,-2.548599,-35.605431,1847,1375,0
02-Aug-2024 19:08:00.973,-33.581543,-3.598022,-37.404442,1847,1375,0
02-Aug-2024 19:08:01.072,-32.756996,-3.14827,-38.004112,1847,1375,0
02-Aug-2024 19:08:01.171,-32.756996,-3.598022,-38.004112,1847,1375,0
02-Aug-2024 19:08:01.270,-34.481049,-5.02224,-38.079071,1847,1375,0
02-Aug-2024 19:08:01.369,-34.930801,-5.322075,-37.479401,1847,1375,0
02-Aug-2024 19:08:01.468,-34.630966,-4.722404,-37.029648,1847,1375,0
02-Aug-2024 19:08:01.567,-32.157326,-3.223228,-35.680389,1847,1375,0
02-Aug-2024 19:08:01.666,-32.53212,-3.298187,-34.780884,1847,1375,0
02-Aug-2024 19:08:01.765,-32.607079,-3.373146,-35.830307,1847,1375,0
02-Aug-2024 19:08:01.864,-33.206749,-3.448105,-35.230637,1847,1375,0
02-Aug-2024 19:08:01.963,-33.206749,-3.972816,-38.228989,1847,1375,0
02-Aug-2024 19:08:02.062,-32.607079,-4.122734,-37.929153,1847,1375,0
02-Aug-2024 19:08:02.161,-33.056831,-3.672981,-38.678741,1847,1375,0
02-Aug-2024 19:08:02.260,-33.056831,-3.523064,-37.179565,1847,1375,0
02-Aug-2024 19:08:02.359,-32.307243,-2.923393,-37.029648,1847,1375,0
02-Aug-2024 19:08:02.458,-32.906914,-3.672981,-36.729813,1847,1375,0
02-Aug-2024 19:08:02.557,-35.00576,-3.672981,-37.404442,1847,1375,0
02-Aug-2024 19:08:02.656,-35.00576,-3.822899,-37.254524,1847,1375,0
02-Aug-2024 19:08:02.755,-35.755348,-2.848434,-37.704277,1847,1375,0
02-Aug-2024 19:08:02.854,-35.455513,-3.298187,-34.256172,1847,1375,0
02-Aug-2024 19:08:02.953,-33.056831,-3.073311,-37.854195,1847,1375,0
02-Aug-2024 19:08:03.052,-32.906914,-3.373146,-37.104607,1847,1375,0
02-Aug-2024 19:08:03.151,-34.705925,-1.349258,-38.15403,1847,1375,0
02-Aug-2024 19:08:03.250,-33.731461,-1.724052,-38.7537,1847,1375,0
02-Aug-2024 19:08:03.349,-33.13179,-1.574135,-38.453865,1847,1375,0
02-Aug-2024 19:08:03.448,-34.031296,-3.523064,-37.479401,1847,1375,0
02-Aug-2024 19:08:03.547,-34.331131,-2.848434,-36.205101,1847,1375,0
02-Aug-2024 19:08:03.646,-34.331131,-2.173805,-35.980225,1847,1375,0
02-Aug-2024 19:08:03.745,-34.705925,-0.824547,-35.830307,1847,1375,0
02-Aug-2024 19:08:03.844,-34.705925,-1.199341,-36.87973,1847,1375,0
02-Aug-2024 19:08:03.943,-32.756996,-3.073311,-39.053535,1847,1375,0
02-Aug-2024 19:08:04.042,-32.981873,-2.923393,-39.503288,1847,1375,0
02-Aug-2024 19:08:04.141,-33.806419,-1.649094,-37.854195,1847,1375,0
02-Aug-2024 19:08:04.240,-33.656502,-3.523064,-36.205101,1847,1375,0
02-Aug-2024 19:08:04.339,-32.382202,-3.822899,-36.654854,1847,1375,0
02-Aug-2024 19:08:04.438,-33.506584,-2.023888,-36.355019,1847,1375,0
02-Aug-2024 19:08:04.537,-33.956337,-1.724052,-37.254524,1847,1375,0
02-Aug-2024 19:08:04.636,-35.230637,-3.598022,-39.128494,1847,1375,0
02-Aug-2024 19:08:04.735,-35.155678,-1.649094,-36.504936,1847,1375,0
02-Aug-2024 19:08:04.834,-34.106255,-0.899506,-36.355019,1847,1375,0
02-Aug-2024 19:08:04.933,-35.755348,-2.098846,-38.303947,1847,1375,0
02-Aug-2024 19:08:05.032,-35.905266,-2.698517,-36.130142,1847,1375,0
02-Aug-2024 19:08:05.132,-35.755348,-3.523064,-35.830307,1847,1375,0
02-Aug-2024 19:08:05.232,-35.155678,-3.073311,-36.28006,1847,1375,0
02-Aug-2024 19:08:05.332,-35.305595,-3.74794,-35.830307,1847,1375,0
02-Aug-2024 19:08:05.432,-36.055183,-3.448105,-36.130142,1847,1375,0
02-Aug-2024 19:08:05.531,-35.755348,-2.398682,-35.455513,1847,1375,0
02-Aug-2024 19:08:05.631,-33.206749,-1.124382,-38.678741,1847,1375,0
02-Aug-2024 19:08:05.729,-34.031296,-3.073311,-37.929153,1847,1375,0
02-Aug-2024 19:08:05.828,-33.356667,-2.698517,-37.929153,1847,1375,0
02-Aug-2024 19:08:05.927,-34.031296,-2.998352,-36.355019,1847,1375,0
02-Aug-2024 19:08:06.026,-33.056831,-1.424217,-37.479401,1847,1375,0
02-Aug-2024 19:08:06.125,-32.53212,-2.323723,-36.579895,1847,1375,0
02-Aug-2024 19:08:06.224,-33.356667,-1.574135,-37.629318,1847,1375,0
02-Aug-2024 19:08:06.323,-33.581543,-1.499176,-37.929153,1847,1375,0
02-Aug-2024 19:08:06.422,-33.881378,-2.398682,-38.079071,1847,1375,0
02-Aug-2024 19:08:06.521,-32.831955,-2.323723,-38.228989,1847,1375,0
02-Aug-2024 19:08:06.620,-34.481049,-1.799011,-35.230637,1847,1375,0
02-Aug-2024 19:08:06.719,-34.780884,-1.948929,-35.830307,1847,1375,0
02-Aug-2024 19:08:06.818,-35.380554,-1.948929,-35.380554,1847,1375,0
02-Aug-2024 19:08:06.917,-34.556007,-1.799011,-37.329483,1847,1375,0
02-Aug-2024 19:08:07.016,-33.731461,-1.724052,-37.254524,1847,1375,0
02-Aug-2024 19:08:07.115,-34.331131,-2.323723,-36.654854,1847,1375,0
02-Aug-2024 19:08:07.214,-33.881378,-2.323723,-37.404442,1847,1375,0
02-Aug-2024 19:08:07.313,-34.780884,-3.223228,-38.004112,1847,1375,0
02-Aug-2024 19:08:07.412,-35.230637,-4.34761,-37.854195,1847,1375,0
02-Aug-2024 19:08:07.511,-34.481049,-3.373146,-38.303947,1847,1375,0
02-Aug-2024 19:08:07.610,-33.881378,-3.223228,-38.678741,1847,1375,0
02-Aug-2024 19:08:07.709,-34.181213,-3.373146,-37.929153,1847,1375,0
02-Aug-2024 19:08:07.808,-34.481049,-3.972816,-38.903618,1847,1375,0
02-Aug-2024 19:08:07.907,-33.431625,-3.822899,-38.828659,1847,1375,0
02-Aug-2024 19:08:08.006,-35.380554,-2.773476,-38.453865,1847,1375,0
02-Aug-2024 19:08:08.105,-34.481049,-3.223228,-38.903618,1847,1375,0
02-Aug-2024 19:08:08.204,-33.581543,-1.87397,-36.954689,1847,1375,0
02-Aug-2024 19:08:08.303,-35.00576,-1.649094,-37.929153,1847,1375,0
02-Aug-2024 19:08:08.402,-35.830307,-1.199341,-38.978577,1847,1375,0
02-Aug-2024 19:08:08.501,-33.806419,-0.524712,-36.429977,1847,1375,0
02-Aug-2024 19:08:08.600,-34.106255,-0.974464,-36.504936,1847,1375,0
02-Aug-2024 19:08:08.699,-34.106255,-2.773476,-37.329483,1847,1375,0
02-Aug-2024 19:08:08.798,-34.106255,-2.773476,-36.579895,1847,1375,0
02-Aug-2024 19:08:08.897,-34.630966,-2.548599,-37.329483,1847,1375,0
02-Aug-2024 19:08:08.996,-33.581543,-3.073311,-37.029648,1847,1375,0
02-Aug-2024 19:08:27.026,-41.527176,-3.598022,-32.756996,1966,1050,0
02-Aug-2024 19:08:27.125,-42.576599,-2.998352,-31.557655,1966,1050,0
02-Aug-2024 19:08:27.224,-41.976929,-4.272652,-31.332779,1966,1050,0
02-Aug-2024 19:08:27.323,-41.377258,-4.722404,-32.53212,1966,1050,0
02-Aug-2024 19:08:27.422,-41.827011,-3.523064,-31.932449,1966,1050,0
02-Aug-2024 19:08:27.521,-41.227341,-5.172157,-33.056831,1966,1050,0
02-Aug-2024 19:08:27.621,-40.552711,-3.448105,-32.457161,1966,1050,0
02-Aug-2024 19:08:27.720,-41.002464,-3.897858,-32.157326,1966,1050,0
02-Aug-2024 19:08:27.819,-42.651558,-2.548599,-32.457161,1966,1050,0
02-Aug-2024 19:08:27.918,-42.426682,-3.14827,-31.557655,1966,1050,0
02-Aug-2024 19:08:28.017,-42.276764,-3.14827,-31.557655,1966,1050,0
02-Aug-2024 19:08:28.116,-41.976929,-1.948929,-31.407738,1966,1050,0
02-Aug-2024 19:08:28.215,-41.752052,-2.698517,-31.857491,1966,1050,0
02-Aug-2024 19:08:28.314,-42.051888,-2.47364,-31.782532,1966,1050,0
02-Aug-2024 19:08:28.413,-41.302299,-2.998352,-31.707573,1966,1050,0
02-Aug-2024 19:08:28.512,-43.17627,-3.298187,-30.883026,1966,1050,0
02-Aug-2024 19:08:28.611,-42.726517,-4.047775,-31.482697,1966,1050,0
02-Aug-2024 19:08:28.710,-43.925858,-3.74794,-31.632614,1966,1050,0
02-Aug-2024 19:08:28.809,-42.426682,-3.373146,-31.032944,1966,1050,0
02-Aug-2024 19:08:28.908,-41.377258,-0.824547,-31.107903,1966,1050,0
02-Aug-2024 19:08:29.007,-41.677094,-1.2743,-31.25782,1966,1050,0
02-Aug-2024 19:08:29.106,-40.477753,-0.824547,-31.107903,1966,1050,0
02-Aug-2024 19:08:29.205,-44.900322,-3.74794,-31.25782,1966,1050,0
02-Aug-2024 19:08:29.304,-44.900322,-3.14827,-31.407738,1966,1050,0
02-Aug-2024 19:08:29.403,-43.700981,-2.998352,-31.557655,1966,1050,0
02-Aug-2024 19:08:29.502,-43.026352,-2.023888,-32.232285,1966,1050,0
02-Aug-2024 19:08:29.601,-43.476105,-2.023888,-32.981873,1966,1050,0
02-Aug-2024 19:08:29.700,-43.326187,-1.124382,-32.53212,1966,1050,0
02-Aug-2024 19:08:29.799,-42.876434,-1.124382,-33.056831,1966,1050,0
02-Aug-2024 19:08:29.898,-41.077423,-3.598022,-33.206749,1966,1050,0
02-Aug-2024 19:08:29.997,-41.227341,-2.248764,-32.307243,1966,1050,0
02-Aug-2024 19:08:30.096,-43.17627,-2.848434,-30.957985,1966,1050,0
02-Aug-2024 19:08:30.195,-42.426682,-4.272652,-33.881378,1966,1050,0
02-Aug-2024 19:08:30.294,-42.126846,-3.672981,-32.981873,1966,1050,0
02-Aug-2024 19:08:30.393,-42.426682,-2.248764,-32.382202,1966,1050,0
02-Aug-2024 19:08:30.492,-41.227341,-2.248764,-31.632614,1966,1050,0
02-Aug-2024 19:08:30.591,-42.651558,-3.14827,-32.831955,1966,1050,0
02-Aug-2024 19:08:30.690,-42.801476,-3.672981,-30.133438,1966,1050,0
02-Aug-2024 19:08:30.789,-42.051888,-3.223228,-30.283356,1966,1050,0
02-Aug-2024 19:08:30.888,-43.77594,-2.773476,-33.056831,1966,1050,0
02-Aug-2024 19:08:30.987,-44.225693,-3.523064,-33.431625,1966,1050,0
02-Aug-2024 19:08:31.086,-41.002464,-1.649094,-30.808067,1966,1050,0
02-Aug-2024 19:08:31.185,-41.827011,-1.2743,-31.482697,1966,1050,0
02-Aug-2024 19:08:31.284,-42.576599,-2.323723,-32.457161,1966,1050,0
02-Aug-2024 19:08:31.383,-43.401146,-2.698517,-31.25782,1966,1050,0
02-Aug-2024 19:08:31.482,-43.401146,-3.298187,-31.707573,1966,1050,0
02-Aug-2024 19:08:31.581,-42.051888,-1.574135,-31.557655,1966,1050,0
02-Aug-2024 19:08:31.680,-44.000816,-2.398682,-31.557655,1966,1050,0
02-Aug-2024 19:08:31.779,-42.951393,-2.023888,-32.457161,1966,1050,0
02-Aug-2024 19:08:31.878,-42.951393,-1.87397,-31.107903,1966,1050,0
02-Aug-2024 19:08:31.977,-42.051888,-3.14827,-30.133438,1966,1050,0
02-Aug-2024 19:08:32.076,-42.351723,-3.298187,-30.133438,1966,1050,0
02-Aug-2024 19:08:32.176,-42.351723,-2.698517,-29.983521,1966,1050,0
02-Aug-2024 19:08:32.275,-44.525528,-2.848434,-33.731461,1966,1050,0
02-Aug-2024 19:08:32.374,-43.925858,-1.799011,-33.656502,1966,1050,0
02-Aug-2024 19:08:32.474,-44.225693,-2.398682,-33.281708,1966,1050,0
02-Aug-2024 19:08:32.573,-40.552711,-1.87397,-31.782532,1966,1050,0
02-Aug-2024 19:08:32.673,-43.626022,-2.323723,-33.206749,1966,1050,0
02-Aug-2024 19:08:32.773,-43.026352,-2.623558,-33.506584,1966,1050,0
02-Aug-2024 19:08:32.872,-43.77594,-1.049423,-31.557655,1966,1050,0
02-Aug-2024 19:08:32.972,-42.576599,-1.948929,-32.906914,1966,1050,0
02-Aug-2024 19:08:33.071,-42.426682,-2.848434,-32.607079,1966,1050,0
02-Aug-2024 19:08:33.170,-42.726517,-1.799011,-34.106255,1966,1050,0
02-Aug-2024 19:08:33.269,-42.726517,-3.598022,-32.53212,1966,1050,0
02-Aug-2024 19:08:33.368,-42.726517,-2.698517,-32.082367,1966,1050,0
02-Aug-2024 19:08:33.467,-43.326187,-2.998352,-31.932449,1966,1050,0
02-Aug-2024 19:08:33.566,-41.077423,-2.398682,-33.431625,1966,1050,0
02-Aug-2024 19:08:33.665,-41.827011,-2.248764,-32.607079,1966,1050,0
02-Aug-2024 19:08:33.764,-40.852547,-2.848434,-32.232285,1966,1050,0
02-Aug-2024 19:08:33.863,-41.377258,-1.649094,-32.906914,1966,1050,0
02-Aug-2024 19:08:33.962,-41.976929,-1.649094,-33.056831,1966,1050,0
02-Aug-2024 19:08:34.061,-42.126846,-2.098846,-32.157326,1966,1050,0
02-Aug-2024 19:08:34.160,-41.827011,-0.974464,-32.756996,1966,1050,0
02-Aug-2024 19:08:34.259,-42.276764,-3.223228,-33.356667,1966,1050,0
02-Aug-2024 19:08:34.358,-41.827011,-2.323723,-32.756996,1966,1050,0
02-Aug-2024 19:08:34.457,-42.426682,-2.923393,-32.906914,1966,1050,0
02-Aug-2024 19:08:34.556,-41.90197,-2.548599,-32.307243,1966,1050,0
02-Aug-2024 19:08:34.655,-42.651558,-2.998352,-31.707573,1966,1050,0
02-Aug-2024 19:08:34.754,-41.452217,-2.398682,-32.157326,1966,1050,0
02-Aug-2024 19:08:34.853,-41.452217,-3.373146,-32.307243,1966,1050,0
02-Aug-2024 19:08:34.952,-42.426682,-2.398682,-34.331131,1966,1050,0
02-Aug-2024 19:08:35.051,-41.976929,-2.248764,-34.630966,1966,1050,0
02-Aug-2024 19:08:35.150,-43.101311,-1.349258,-32.157326,1966,1050,0
02-Aug-2024 19:08:35.249,-41.227341,-2.773476,-31.632614,1966,1050,0
02-Aug-2024 19:08:35.348,-41.377258,-2.47364,-32.607079,1966,1050,0
02-Aug-2024 19:08:35.447,-41.602135,-2.323723,-32.756996,1966,1050,0
02-Aug-2024 19:08:35.546,-42.351723,-1.574135,-32.906914,1966,1050,0
02-Aug-2024 19:08:35.645,-43.77594,-1.424217,-31.407738,1966,1050,0
02-Aug-2024 19:08:35.744,-43.326187,-1.574135,-31.707573,1966,1050,0
02-Aug-2024 19:08:35.843,-44.075775,-0.974464,-32.007408,1966,1050,0
02-Aug-2024 19:08:35.942,-42.126846,-2.848434,-32.906914,1966,1050,0
02-Aug-2024 19:08:36.041,-41.976929,-3.14827,-32.906914,1966,1050,0
02-Aug-2024 19:08:36.140,-41.377258,-2.173805,-33.956337,1966,1050,0
02-Aug-2024 19:08:36.239,-43.026352,-1.349258,-32.981873,1966,1050,0
02-Aug-2024 19:08:36.338,-42.951393,-2.098846,-31.932449,1966,1050,0
02-Aug-2024 19:08:36.437,-43.026352,-3.523064,-33.206749,1966,1050,0
02-Aug-2024 19:08:36.536,-42.576599,-2.248764,-32.906914,1966,1050,0
02-Aug-2024 19:08:36.635,-43.401146,-2.548599,-33.13179,1966,1050,0
02-Aug-2024 19:08:36.734,-41.527176,-2.998352,-31.557655,1966,1050,0
02-Aug-2024 19:08:36.833,-42.576599,-2.998352,-31.857491,1966,1050,0
02-Aug-2024 19:08:51.397,-53.370667,59.142494,18.589783,1974,778,0
02-Aug-2024 19:08:51.496,-53.370667,58.842659,18.289948,1974,778,0
02-Aug-2024 19:08:51.595,-53.595543,59.292412,17.540359,1974,778,0
02-Aug-2024 19:08:51.694,-52.171326,60.791588,16.86573,1974,778,0
02-Aug-2024 19:08:51.793,-53.445625,57.118607,17.840195,1974,778,0
02-Aug-2024 19:08:51.892,-53.595543,56.29406,16.790771,1974,778,0
02-Aug-2024 19:08:51.991,-52.096367,58.617783,17.015648,1974,778,0
02-Aug-2024 19:08:52.090,-52.54612,59.892082,18.214989,1974,778,0
02-Aug-2024 19:08:52.189,-52.096367,59.667206,18.364906,1974,778,0
02-Aug-2024 19:08:52.288,-52.246284,57.118607,16.041183,1974,778,0
02-Aug-2024 19:08:52.387,-52.54612,56.593895,15.441513,1974,778,0
02-Aug-2024 19:08:52.486,-53.220749,58.992577,18.065071,1974,778,0
02-Aug-2024 19:08:52.585,-52.021408,59.667206,17.015648,1974,778,0
02-Aug-2024 19:08:52.684,-51.87149,59.967041,16.565895,1974,778,0
02-Aug-2024 19:08:52.782,-52.396202,57.193565,16.341019,1974,778,0
02-Aug-2024 19:08:52.882,-52.621078,58.692741,17.465401,1974,778,0
02-Aug-2024 19:08:52.981,-52.321243,58.842659,17.465401,1974,778,0
02-Aug-2024 19:08:53.080,-53.745461,59.667206,19.264412,1974,778,0
02-Aug-2024 19:08:53.179,-53.220749,59.967041,19.564247,1974,778,0
02-Aug-2024 19:08:53.278,-51.87149,58.392906,16.565895,1974,778,0
02-Aug-2024 19:08:53.377,-52.696037,58.467865,16.26606,1974,778,0
02-Aug-2024 19:08:53.476,-53.445625,57.943153,17.390442,1974,778,0
02-Aug-2024 19:08:53.575,-53.820419,58.617783,17.465401,1974,778,0
02-Aug-2024 19:08:53.674,-53.070831,58.917618,17.840195,1974,778,0
02-Aug-2024 19:08:53.773,-52.396202,59.142494,14.841843,1974,778,0
02-Aug-2024 19:08:53.872,-53.370667,57.418442,17.090607,1974,778,0
02-Aug-2024 19:08:53.971,-53.820419,57.418442,16.191101,1974,778,0
02-Aug-2024 19:08:54.070,-53.220749,57.793236,16.490936,1974,778,0
02-Aug-2024 19:08:54.169,-51.87149,58.7677,17.990112,1974,778,0
02-Aug-2024 19:08:54.268,-51.421738,59.742165,17.915154,1974,778,0
02-Aug-2024 19:08:54.367,-52.321243,59.292412,18.364906,1974,778,0
02-Aug-2024 19:08:54.466,-51.721573,56.968689,16.790771,1974,778,0
02-Aug-2024 19:08:54.565,-50.971985,57.268524,17.090607,1974,778,0
02-Aug-2024 19:08:54.664,-52.321243,57.118607,16.640854,1974,778,0
02-Aug-2024 19:08:54.763,-51.571655,57.943153,17.915154,1974,778,0
02-Aug-2024 19:08:54.862,-50.67215,59.442329,18.14003,1974,778,0
02-Aug-2024 19:08:54.961,-50.372314,58.16803,17.840195,1974,778,0
02-Aug-2024 19:08:55.060,-49.922562,59.442329,17.540359,1974,778,0
02-Aug-2024 19:08:55.159,-52.54612,57.343483,19.339371,1974,778,0
02-Aug-2024 19:08:55.258,-52.246284,57.043648,18.514824,1974,778,0
02-Aug-2024 19:08:55.357,-52.995872,57.193565,18.664742,1974,778,0
02-Aug-2024 19:08:55.456,-50.971985,59.217453,17.240524,1974,778,0
02-Aug-2024 19:08:55.555,-50.971985,59.367371,16.790771,1974,778,0
02-Aug-2024 19:08:55.654,-51.721573,59.367371,17.540359,1974,778,0
02-Aug-2024 19:08:55.753,-50.971985,59.292412,16.191101,1974,778,0
02-Aug-2024 19:08:55.852,-53.370667,57.943153,17.765236,1974,778,0
02-Aug-2024 19:08:55.951,-52.920914,58.093071,17.315483,1974,778,0
02-Aug-2024 19:08:56.050,-52.471161,57.643318,17.765236,1974,778,0
02-Aug-2024 19:08:56.149,-51.421738,58.7677,18.439865,1974,778,0
02-Aug-2024 19:08:56.248,-51.421738,57.493401,18.439865,1974,778,0
02-Aug-2024 19:08:56.347,-50.822067,57.793236,17.990112,1974,778,0
02-Aug-2024 19:08:56.446,-50.971985,58.842659,17.915154,1974,778,0
02-Aug-2024 19:08:56.545,-51.421738,58.242989,16.116142,1974,778,0
02-Aug-2024 19:08:56.644,-51.27182,57.793236,17.615318,1974,778,0
02-Aug-2024 19:08:56.743,-53.295708,56.593895,16.341019,1974,778,0
02-Aug-2024 19:08:56.842,-51.87149,58.093071,18.214989,1974,778,0
02-Aug-2024 19:08:56.941,-51.196861,58.467865,18.664742,1974,778,0
02-Aug-2024 19:08:57.040,-50.372314,56.144142,19.114494,1974,778,0
02-Aug-2024 19:08:57.139,-51.796532,55.994225,16.490936,1974,778,0
02-Aug-2024 19:08:57.238,-51.646614,55.994225,16.341019,1974,778,0
02-Aug-2024 19:08:57.337,-49.847603,57.118607,17.315483,1974,778,0
02-Aug-2024 19:08:57.436,-50.447273,57.043648,16.565895,1974,778,0
02-Aug-2024 19:08:57.535,-51.421738,58.7677,16.86573,1974,778,0
02-Aug-2024 19:08:57.634,-51.571655,58.16803,16.86573,1974,778,0
02-Aug-2024 19:08:57.733,-51.87149,57.868195,17.990112,1974,778,0
02-Aug-2024 19:08:57.832,-51.796532,56.818771,16.640854,1974,778,0
02-Aug-2024 19:08:57.931,-51.27182,57.568359,17.465401,1974,778,0
02-Aug-2024 19:08:58.030,-51.571655,57.268524,17.090607,1974,778,0
02-Aug-2024 19:08:58.129,-51.27182,56.89373,16.940689,1974,778,0
02-Aug-2024 19:08:58.228,-51.27182,56.443977,16.490936,1974,778,0
02-Aug-2024 19:08:58.327,-49.99752,58.242989,15.891266,1974,778,0
02-Aug-2024 19:08:58.426,-50.447273,58.242989,15.741348,1974,778,0
02-Aug-2024 19:08:58.525,-50.597191,56.743813,17.165565,1974,778,0
02-Aug-2024 19:08:58.624,-53.370667,60.042,17.465401,1974,778,0
02-Aug-2024 19:08:58.722,-52.621078,60.042,18.364906,1974,778,0
02-Aug-2024 19:08:58.822,-51.27182,58.692741,16.790771,1974,778,0
02-Aug-2024 19:08:58.921,-50.897026,58.917618,17.315483,1974,778,0
02-Aug-2024 19:08:59.020,-50.747108,58.317947,17.315483,1974,778,0
02-Aug-2024 19:08:59.119,-51.196861,58.917618,17.315483,1974,778,0
02-Aug-2024 19:08:59.218,-50.747108,58.16803,17.090607,1974,778,0
02-Aug-2024 19:08:59.317,-51.721573,57.343483,16.490936,1974,778,0
02-Aug-2024 19:08:59.416,-52.471161,57.868195,16.341019,1974,778,0
02-Aug-2024 19:08:59.515,-51.87149,58.917618,17.690277,1974,778,0
02-Aug-2024 19:08:59.614,-51.046944,58.317947,17.315483,1974,778,0
02-Aug-2024 19:08:59.713,-49.772644,57.868195,17.465401,1974,778,0
02-Aug-2024 19:08:59.812,-51.421738,58.242989,15.816307,1974,778,0
02-Aug-2024 19:08:59.911,-52.995872,59.592247,16.415977,1974,778,0
02-Aug-2024 19:09:00.010,-51.946449,58.467865,15.816307,1974,778,0
02-Aug-2024 19:09:00.110,-53.14579,59.067535,15.966225,1974,778,0
02-Aug-2024 19:09:00.210,-54.120255,58.317947,16.490936,1974,778,0
02-Aug-2024 19:09:00.310,-53.820419,57.193565,16.640854,1974,778,0
02-Aug-2024 19:09:00.410,-53.220749,57.418442,16.640854,1974,778,0
02-Aug-2024 19:09:00.509,-49.922562,59.367371,16.715813,1974,778,0
02-Aug-2024 19:09:00.608,-50.222397,59.217453,16.86573,1974,778,0
02-Aug-2024 19:09:00.708,-49.772644,59.367371,17.165565,1974,778,0
02-Aug-2024 19:09:00.806,-50.072479,58.16803,17.240524,1974,778,0
02-Aug-2024 19:09:00.905,-50.297356,58.692741,17.540359,1974,778,0
02-Aug-2024 19:09:01.004,-50.897026,58.842659,17.840195,1974,778,0
02-Aug-2024 19:09:01.103,-51.046944,59.142494,17.240524,1974,778,0
02-Aug-2024 19:09:01.202,-51.121902,58.242989,17.840195,1974,778,0
02-Aug-2024 19:09:25.070,28.634262,-2.623558,-10.869026,2106,830,0
02-Aug-2024 19:09:25.169,28.859138,-1.574135,-9.819603,2106,830,0
02-Aug-2024 19:09:25.268,30.058479,-0.974464,-10.344315,2106,830,0
02-Aug-2024 19:09:25.367,30.058479,-1.424217,-10.194397,2106,830,0
02-Aug-2024 19:09:25.466,28.034592,-2.098846,-9.969521,2106,830,0
02-Aug-2024 19:09:25.565,29.758644,-1.124382,-9.519768,2106,830,0
02-Aug-2024 19:09:25.664,29.308891,-1.724052,-9.819603,2106,830,0
02-Aug-2024 19:09:25.763,30.957985,-2.098846,-11.468697,2106,830,0
02-Aug-2024 19:09:25.862,28.409386,-0.824547,-9.219933,2106,830,0
02-Aug-2024 19:09:25.961,28.559303,-1.124382,-8.77018,2106,830,0
02-Aug-2024 19:09:26.060,28.184509,-1.2743,-9.819603,2106,830,0
02-Aug-2024 19:09:26.159,29.009056,-2.923393,-7.945633,2106,830,0
02-Aug-2024 19:09:26.258,29.308891,-3.223228,-8.545303,2106,830,0
02-Aug-2024 19:09:26.357,29.608727,-2.923393,-8.395386,2106,830,0
02-Aug-2024 19:09:26.456,31.107903,-2.698517,-9.594727,2106,830,0
02-Aug-2024 19:09:26.555,30.733109,-3.298187,-9.669685,2106,830,0
02-Aug-2024 19:09:26.654,30.433273,-3.598022,-9.669685,2106,830,0
02-Aug-2024 19:09:26.753,28.10955,-2.698517,-10.494232,2106,830,0
02-Aug-2024 19:09:26.852,29.009056,-0.749588,-8.920097,2106,830,0
02-Aug-2024 19:09:26.951,29.009056,-1.499176,-9.36985,2106,830,0
02-Aug-2024 19:09:27.050,28.184509,-1.199341,-10.269356,2106,830,0
02-Aug-2024 19:09:27.149,27.060127,-2.323723,-9.519768,2106,830,0
02-Aug-2024 19:09:27.248,27.809715,-2.323723,-8.920097,2106,830,0
02-Aug-2024 19:09:27.347,27.359962,-2.023888,-8.77018,2106,830,0
02-Aug-2024 19:09:27.446,29.38385,-3.523064,-10.344315,2106,830,0
02-Aug-2024 19:09:27.546,29.458809,-3.672981,-9.894562,2106,830,0
02-Aug-2024 19:09:27.646,29.608727,-2.773476,-9.144974,2106,830,0
02-Aug-2024 19:09:27.746,28.78418,-3.523064,-9.744644,2106,830,0
02-Aug-2024 19:09:27.846,29.608727,-3.897858,-9.669685,2106,830,0
02-Aug-2024 19:09:27.945,29.908562,-3.298187,-9.669685,2106,830,0
02-Aug-2024 19:09:28.044,29.233932,-3.598022,-9.819603,2106,830,0
02-Aug-2024 19:09:28.143,30.508232,-1.649094,-8.020592,2106,830,0
02-Aug-2024 19:09:28.242,31.557655,-1.049423,-8.320427,2106,830,0
02-Aug-2024 19:09:28.341,32.007408,-2.323723,-9.219933,2106,830,0
02-Aug-2024 19:09:28.440,29.608727,-1.948929,-9.36985,2106,830,0
02-Aug-2024 19:09:28.539,29.308891,-2.248764,-10.119438,2106,830,0
02-Aug-2024 19:09:28.638,29.308891,-1.799011,-9.36985,2106,830,0
02-Aug-2024 19:09:28.737,30.058479,-1.499176,-9.519768,2106,830,0
02-Aug-2024 19:09:28.836,29.758644,-2.173805,-9.894562,2106,830,0
02-Aug-2024 19:09:28.935,29.009056,-1.724052,-9.294891,2106,830,0
02-Aug-2024 19:09:29.034,29.758644,-2.323723,-9.594727,2106,830,0
02-Aug-2024 19:09:29.133,30.65815,-2.323723,-10.569191,2106,830,0
02-Aug-2024 19:09:29.232,30.358315,-2.323723,-10.269356,2106,830,0
02-Aug-2024 19:09:29.331,27.959633,-0.674629,-8.77018,2106,830,0
02-Aug-2024 19:09:29.430,29.308891,-1.2743,-9.744644,2106,830,0
02-Aug-2024 19:09:29.529,30.358315,-1.799011,-10.269356,2106,830,0
02-Aug-2024 19:09:29.628,30.058479,-2.248764,-9.969521,2106,830,0
02-Aug-2024 19:09:29.727,28.859138,-1.574135,-10.494232,2106,830,0
02-Aug-2024 19:09:29.826,29.683685,-4.872322,-12.143326,2106,830,0
02-Aug-2024 19:09:29.925,28.859138,-4.872322,-11.843491,2106,830,0
02-Aug-2024 19:09:30.024,29.683685,-2.548599,-7.720757,2106,830,0
02-Aug-2024 19:09:30.123,30.433273,-2.998352,-10.044479,2106,830,0
02-Aug-2024 19:09:30.222,29.608727,-2.848434,-10.794067,2106,830,0
02-Aug-2024 19:09:30.321,29.983521,-4.872322,-11.24382,2106,830,0
02-Aug-2024 19:09:30.420,29.983521,-5.397034,-11.393738,2106,830,0
02-Aug-2024 19:09:30.519,30.358315,-2.848434,-10.719109,2106,830,0
02-Aug-2024 19:09:30.618,28.034592,-1.724052,-12.068367,2106,830,0
02-Aug-2024 19:09:30.717,28.859138,-1.574135,-10.719109,2106,830,0
02-Aug-2024 19:09:30.816,31.25782,-3.598022,-8.920097,2106,830,0
02-Aug-2024 19:09:30.914,29.009056,-3.448105,-10.344315,2106,830,0
02-Aug-2024 19:09:31.014,29.158974,-3.897858,-10.194397,2106,830,0
02-Aug-2024 19:09:31.113,29.009056,-3.897858,-10.044479,2106,830,0
02-Aug-2024 19:09:31.212,31.707573,-4.422569,-8.020592,2106,830,0
02-Aug-2024 19:09:31.311,30.508232,-3.073311,-8.77018,2106,830,0
02-Aug-2024 19:09:31.410,30.133438,-4.047775,-8.77018,2106,830,0
02-Aug-2024 19:09:31.509,30.358315,-5.247116,-10.344315,2106,830,0
02-Aug-2024 19:09:31.608,31.632614,-1.948929,-10.719109,2106,830,0
02-Aug-2024 19:09:31.707,32.382202,-1.799011,-10.419273,2106,830,0
02-Aug-2024 19:09:31.806,29.608727,-3.972816,-9.519768,2106,830,0
02-Aug-2024 19:09:31.905,28.10955,-2.47364,-9.36985,2106,830,0
02-Aug-2024 19:09:32.004,27.50988,-2.773476,-8.77018,2106,830,0
02-Aug-2024 19:09:32.103,27.659798,-2.023888,-9.969521,2106,830,0
02-Aug-2024 19:09:32.202,30.957985,-1.349258,-11.318779,2106,830,0
02-Aug-2024 19:09:32.301,30.65815,-2.848434,-11.918449,2106,830,0
02-Aug-2024 19:09:32.400,30.808067,-1.649094,-11.918449,2106,830,0
02-Aug-2024 19:09:32.499,30.058479,-4.497528,-10.419273,2106,830,0
02-Aug-2024 19:09:32.598,30.058479,-3.672981,-11.168861,2106,830,0
02-Aug-2024 19:09:32.697,29.458809,-3.822899,-10.119438,2106,830,0
02-Aug-2024 19:09:32.796,30.358315,-4.34761,-10.569191,2106,830,0
02-Aug-2024 19:09:32.895,31.107903,-2.398682,-9.969521,2106,830,0
02-Aug-2024 19:09:32.994,30.058479,-1.948929,-10.269356,2106,830,0
02-Aug-2024 19:09:33.093,30.808067,-3.073311,-10.419273,2106,830,0
02-Aug-2024 19:09:33.192,28.409386,-2.998352,-9.519768,2106,830,0
02-Aug-2024 19:09:33.291,28.634262,-2.848434,-8.620262,2106,830,0
02-Aug-2024 19:09:33.390,28.10955,-2.848434,-9.669685,2106,830,0
02-Aug-2024 19:09:33.489,30.583191,-4.872322,-10.044479,2106,830,0
02-Aug-2024 19:09:33.588,30.358315,-4.722404,-10.044479,2106,830,0
02-Aug-2024 19:09:33.687,31.032944,-4.122734,-10.794067,2106,830,0
02-Aug-2024 19:09:33.786,29.908562,-5.02224,-9.594727,2106,830,0
02-Aug-2024 19:09:33.885,28.78418,-2.923393,-12.368202,2106,830,0
02-Aug-2024 19:09:33.984,29.533768,-3.073311,-12.742996,2106,830,0
02-Aug-2024 19:09:34.083,29.908562,-2.47364,-11.768532,2106,830,0
02-Aug-2024 19:09:34.182,29.758644,-2.623558,-10.869026,2106,830,0
02-Aug-2024 19:09:34.281,29.009056,-2.323723,-11.168861,2106,830,0
02-Aug-2024 19:09:34.380,30.508232,-2.323723,-10.569191,2106,830,0
02-Aug-2024 19:09:34.479,29.608727,-3.448105,-9.219933,2106,830,0
02-Aug-2024 19:09:34.578,28.634262,-3.073311,-11.993408,2106,830,0
02-Aug-2024 19:09:34.677,29.158974,-2.098846,-11.093903,2106,830,0
02-Aug-2024 19:09:34.776,29.084015,-3.822899,-9.669685,2106,830,0
02-Aug-2024 19:09:34.875,29.158974,-2.623558,-10.64415,2106,830,0
02-Aug-2024 19:09:44.482,43.326187,-1.424217,20.163918,1988,830,0
02-Aug-2024 19:09:44.581,43.850899,-3.822899,20.313835,1988,830,0
02-Aug-2024 19:09:44.680,42.801476,-3.073311,18.664742,1988,830,0
02-Aug-2024 19:09:44.779,43.251228,-3.223228,19.714165,1988,830,0
02-Aug-2024 19:09:44.878,42.951393,-2.923393,19.264412,1988,830,0
02-Aug-2024 19:09:44.977,43.77594,-4.647446,20.913506,1988,830,0
02-Aug-2024 19:09:45.076,43.626022,-3.74794,22.037888,1988,830,0
02-Aug-2024 19:09:45.175,43.850899,-4.572487,21.213341,1988,830,0
02-Aug-2024 19:09:45.274,41.452217,-4.34761,21.588135,1988,830,0
02-Aug-2024 19:09:45.373,40.702629,-5.62191,22.187805,1988,830,0
02-Aug-2024 19:09:45.472,41.602135,-4.647446,22.337723,1988,830,0
02-Aug-2024 19:09:45.571,43.401146,-4.647446,21.363258,1988,830,0
02-Aug-2024 19:09:45.670,43.026352,-5.247116,21.438217,1988,830,0
02-Aug-2024 19:09:45.769,43.476105,-5.846786,22.187805,1988,830,0
02-Aug-2024 19:09:45.868,40.552711,-3.523064,21.663094,1988,830,0
02-Aug-2024 19:09:45.968,42.801476,-3.073311,19.264412,1988,830,0
02-Aug-2024 19:09:46.068,43.700981,-4.197693,19.41433,1988,830,0
02-Aug-2024 19:09:46.168,42.276764,-5.696869,21.663094,1988,830,0
02-Aug-2024 19:09:46.268,42.576599,-5.546951,21.063423,1988,830,0
02-Aug-2024 19:09:46.367,41.752052,-4.047775,20.014,1988,830,0
02-Aug-2024 19:09:46.466,43.626022,-3.448105,20.913506,1988,830,0
02-Aug-2024 19:09:46.565,43.77594,-3.448105,20.913506,1988,830,0
02-Aug-2024 19:09:46.664,41.827011,-5.62191,20.61367,1988,830,0
02-Aug-2024 19:09:46.763,42.801476,-4.497528,21.2883,1988,830,0
02-Aug-2024 19:09:46.862,42.651558,-3.598022,19.789124,1988,830,0
02-Aug-2024 19:09:46.961,42.651558,-3.14827,20.838547,1988,830,0
02-Aug-2024 19:09:47.060,42.051888,-3.897858,21.138382,1988,830,0
02-Aug-2024 19:09:47.159,40.62767,-5.097198,19.189453,1988,830,0
02-Aug-2024 19:09:47.258,41.002464,-5.247116,20.388794,1988,830,0
02-Aug-2024 19:09:47.357,41.677094,-5.397034,20.163918,1988,830,0
02-Aug-2024 19:09:47.456,42.276764,-2.548599,21.213341,1988,830,0
02-Aug-2024 19:09:47.555,41.527176,-2.47364,20.763588,1988,830,0
02-Aug-2024 19:09:47.654,43.77594,-4.122734,20.163918,1988,830,0
02-Aug-2024 19:09:47.753,42.201805,-5.546951,20.163918,1988,830,0
02-Aug-2024 19:09:47.852,41.002464,-6.071663,19.41433,1988,830,0
02-Aug-2024 19:09:47.951,42.201805,-6.071663,19.714165,1988,830,0
02-Aug-2024 19:09:48.050,42.051888,-2.848434,18.964577,1988,830,0
02-Aug-2024 19:09:48.149,42.351723,-2.848434,20.014,1988,830,0
02-Aug-2024 19:09:48.248,42.351723,-3.298187,19.264412,1988,830,0
02-Aug-2024 19:09:48.347,42.126846,-5.771828,20.538712,1988,830,0
02-Aug-2024 19:09:48.446,41.827011,-5.471992,21.588135,1988,830,0
02-Aug-2024 19:09:48.545,42.576599,-5.322075,20.388794,1988,830,0
02-Aug-2024 19:09:48.644,42.576599,-3.74794,20.988464,1988,830,0
02-Aug-2024 19:09:48.743,42.50164,-4.34761,21.663094,1988,830,0
02-Aug-2024 19:09:48.841,42.951393,-3.598022,20.61367,1988,830,0
02-Aug-2024 19:09:48.941,42.351723,-3.073311,21.063423,1988,830,0
02-Aug-2024 19:09:49.040,41.152382,-4.497528,20.838547,1988,830,0
02-Aug-2024 19:09:49.139,40.702629,-4.947281,20.538712,1988,830,0
02-Aug-2024 19:09:49.238,40.252876,-4.797363,20.088959,1988,830,0
02-Aug-2024 19:09:49.337,42.201805,-3.073311,20.463753,1988,830,0
02-Aug-2024 19:09:49.436,41.90197,-3.523064,20.61367,1988,830,0
02-Aug-2024 19:09:49.535,42.201805,-3.523064,20.313835,1988,830,0
02-Aug-2024 19:09:49.634,42.951393,-3.073311,21.213341,1988,830,0
02-Aug-2024 19:09:49.733,42.651558,-3.598022,21.138382,1988,830,0
02-Aug-2024 19:09:49.832,42.201805,-3.74794,21.438217,1988,830,0
02-Aug-2024 19:09:49.931,43.251228,-3.74794,21.738052,1988,830,0
02-Aug-2024 19:09:50.030,40.477753,-3.373146,20.238876,1988,830,0
02-Aug-2024 19:09:50.129,39.578247,-2.47364,20.388794,1988,830,0
02-Aug-2024 19:09:50.228,40.177917,-2.623558,20.988464,1988,830,0
02-Aug-2024 19:09:50.327,42.951393,-5.471992,20.463753,1988,830,0
02-Aug-2024 19:09:50.426,42.801476,-4.797363,20.463753,1988,830,0
02-Aug-2024 19:09:50.525,42.951393,-4.947281,21.513176,1988,830,0
02-Aug-2024 19:09:50.624,41.827011,-1.799011,19.864082,1988,830,0
02-Aug-2024 19:09:50.723,42.651558,-4.947281,21.063423,1988,830,0
02-Aug-2024 19:09:50.822,43.026352,-4.497528,21.513176,1988,830,0
02-Aug-2024 19:09:50.921,43.251228,-4.34761,22.562599,1988,830,0
02-Aug-2024 19:09:51.020,41.752052,-3.74794,20.838547,1988,830,0
02-Aug-2024 19:09:51.119,41.302299,-4.797363,20.463753,1988,830,0
02-Aug-2024 19:09:51.218,43.700981,-3.672981,22.337723,1988,830,0
02-Aug-2024 19:09:51.317,43.251228,-3.073311,21.962929,1988,830,0
02-Aug-2024 19:09:51.416,44.600487,-1.199341,19.339371,1988,830,0
02-Aug-2024 19:09:51.515,42.351723,-3.223228,21.213341,1988,830,0
02-Aug-2024 19:09:51.614,42.801476,-3.373146,20.238876,1988,830,0
02-Aug-2024 19:09:51.713,42.201805,-3.897858,21.063423,1988,830,0
02-Aug-2024 19:09:51.812,42.051888,-4.34761,20.913506,1988,830,0
02-Aug-2024 19:09:51.911,43.101311,-4.947281,20.61367,1988,830,0
02-Aug-2024 19:09:52.010,40.927505,-4.047775,20.763588,1988,830,0
02-Aug-2024 19:09:52.109,41.377258,-4.047775,20.313835,1988,830,0
02-Aug-2024 19:09:52.208,42.951393,-4.647446,20.988464,1988,830,0
02-Aug-2024 19:09:52.307,43.251228,-5.546951,21.363258,1988,830,0
02-Aug-2024 19:09:52.406,42.351723,-4.197693,20.838547,1988,830,0
02-Aug-2024 19:09:52.505,42.426682,-5.397034,20.988464,1988,830,0
02-Aug-2024 19:09:52.604,42.426682,-5.097198,20.688629,1988,830,0
02-Aug-2024 19:09:52.703,42.576599,-3.897858,21.363258,1988,830,0
02-Aug-2024 19:09:52.802,42.951393,-4.647446,19.939041,1988,830,0
02-Aug-2024 19:09:52.901,42.651558,-4.497528,19.489288,1988,830,0
02-Aug-2024 19:09:53.000,42.801476,-5.02224,19.339371,1988,830,0
02-Aug-2024 19:09:53.099,43.476105,-1.87397,20.913506,1988,830,0
02-Aug-2024 19:09:53.198,43.626022,-2.323723,20.913506,1988,830,0
02-Aug-2024 19:09:53.297,43.626022,-3.523064,22.112846,1988,830,0
02-Aug-2024 19:09:53.396,43.850899,-3.14827,20.988464,1988,830,0
02-Aug-2024 19:09:53.495,42.801476,-4.34761,20.838547,1988,830,0
02-Aug-2024 19:09:53.595,41.527176,-5.097198,20.088959,1988,830,0
02-Aug-2024 19:09:53.694,41.452217,-3.822899,19.714165,1988,830,0
02-Aug-2024 19:09:53.793,44.225693,-2.848434,22.262764,1988,830,0
02-Aug-2024 19:09:53.892,43.77594,-2.248764,21.363258,1988,830,0
02-Aug-2024 19:09:53.991,44.075775,-3.448105,22.862434,1988,830,0
02-Aug-2024 19:09:54.090,43.026352,-4.722404,21.063423,1988,830,0
02-Aug-2024 19:09:54.189,43.17627,-4.872322,20.913506,1988,830,0
02-Aug-2024 19:09:54.288,43.026352,-4.422569,21.063423,1988,830,0
02-Aug-2024 19:10:12.612,-49.098015,-12.068367,4.572487,2109,1241,0
02-Aug-2024 19:10:12.711,-49.247932,-12.368202,4.047775,2109,1241,0
02-Aug-2024 19:10:12.810,-45.724869,-11.618614,5.471992,2109,1241,0
02-Aug-2024 19:10:12.909,-47.373962,-11.618614,6.746292,2109,1241,0
02-Aug-2024 19:10:13.008,-47.673798,-11.018944,7.046127,2109,1241,0
02-Aug-2024 19:10:13.107,-47.373962,-12.068367,5.846786,2109,1241,0
02-Aug-2024 19:10:13.206,-47.074127,-11.843491,5.397034,2109,1241,0
02-Aug-2024 19:10:13.305,-45.350075,-12.892914,4.197693,2109,1241,0
02-Aug-2024 19:10:13.404,-46.774292,-10.569191,6.971169,2109,1241,0
02-Aug-2024 19:10:13.504,-46.099663,-10.419273,7.570839,2109,1241,0
02-Aug-2024 19:10:13.604,-46.92421,-10.194397,7.196045,2109,1241,0
02-Aug-2024 19:10:13.704,-47.074127,-12.143326,7.345963,2109,1241,0
02-Aug-2024 19:10:13.804,-46.92421,-12.143326,7.345963,2109,1241,0
02-Aug-2024 19:10:13.903,-46.624374,-10.794067,4.947281,2109,1241,0
02-Aug-2024 19:10:14.003,-47.898674,-10.494232,4.497528,2109,1241,0
02-Aug-2024 19:10:14.102,-48.273468,-12.368202,4.722404,2109,1241,0
02-Aug-2024 19:10:14.201,-46.92421,-13.11779,4.422569,2109,1241,0
02-Aug-2024 19:10:14.300,-46.324539,-9.444809,5.996704,2109,1241,0
02-Aug-2024 19:10:14.399,-47.224045,-10.794067,4.272652,2109,1241,0
02-Aug-2024 19:10:14.498,-46.774292,-11.468697,3.972816,2109,1241,0
02-Aug-2024 19:10:14.596,-47.373962,-11.393738,5.921745,2109,1241,0
02-Aug-2024 19:10:14.696,-45.799828,-9.819603,6.221581,2109,1241,0
02-Aug-2024 19:10:14.795,-45.949745,-9.294891,6.221581,2109,1241,0
02-Aug-2024 19:10:14.894,-46.549416,-9.969521,6.371498,2109,1241,0
02-Aug-2024 19:10:14.993,-46.024704,-11.393738,6.89621,2109,1241,0
02-Aug-2024 19:10:15.092,-46.24958,-10.794067,5.771828,2109,1241,0
02-Aug-2024 19:10:15.191,-46.999168,-11.093903,6.521416,2109,1241,0
02-Aug-2024 19:10:15.290,-44.450569,-11.768532,5.322075,2109,1241,0
02-Aug-2024 19:10:15.389,-45.64991,-12.593079,5.62191,2109,1241,0
02-Aug-2024 19:10:15.488,-45.499992,-12.293243,5.771828,2109,1241,0
02-Aug-2024 19:10:15.587,-49.247932,-11.168861,5.62191,2109,1241,0
02-Aug-2024 19:10:15.686,-47.373962,-11.543655,5.322075,2109,1241,0
02-Aug-2024 19:10:15.785,-47.224045,-11.393738,5.921745,2109,1241,0
02-Aug-2024 19:10:15.884,-48.12355,-11.993408,6.371498,2109,1241,0
02-Aug-2024 19:10:15.983,-47.448921,-11.693573,6.671333,2109,1241,0
02-Aug-2024 19:10:16.082,-48.198509,-11.393738,6.221581,2109,1241,0
02-Aug-2024 19:10:16.181,-47.299004,-11.843491,6.671333,2109,1241,0
02-Aug-2024 19:10:16.280,-47.52388,-9.594727,6.446457,2109,1241,0
02-Aug-2024 19:10:16.379,-46.474457,-10.719109,5.771828,2109,1241,0
02-Aug-2024 19:10:16.478,-47.973633,-9.894562,6.296539,2109,1241,0
02-Aug-2024 19:10:16.577,-47.52388,-10.794067,6.071663,2109,1241,0
02-Aug-2024 19:10:16.676,-46.174622,-11.24382,5.247116,2109,1241,0
02-Aug-2024 19:10:16.775,-46.624374,-11.393738,6.296539,2109,1241,0
02-Aug-2024 19:10:16.874,-47.224045,-11.393738,6.446457,2109,1241,0
02-Aug-2024 19:10:16.973,-46.774292,-11.693573,5.771828,2109,1241,0
02-Aug-2024 19:10:17.072,-45.874786,-11.393738,6.521416,2109,1241,0
02-Aug-2024 19:10:17.171,-45.724869,-10.64415,6.671333,2109,1241,0
02-Aug-2024 19:10:17.270,-46.549416,-12.443161,5.247116,2109,1241,0
02-Aug-2024 19:10:17.369,-46.999168,-12.443161,5.996704,2109,1241,0
02-Aug-2024 19:10:17.468,-46.399498,-12.593079,5.546951,2109,1241,0
02-Aug-2024 19:10:17.567,-45.125198,-12.443161,7.49588,2109,1241,0
02-Aug-2024 19:10:17.666,-46.024704,-11.618614,5.921745,2109,1241,0
02-Aug-2024 19:10:17.765,-45.874786,-11.768532,6.221581,2109,1241,0
02-Aug-2024 19:10:17.864,-48.648262,-11.168861,6.671333,2109,1241,0
02-Aug-2024 19:10:17.963,-47.373962,-9.744644,5.921745,2109,1241,0
02-Aug-2024 19:10:18.062,-46.774292,-10.044479,6.971169,2109,1241,0
02-Aug-2024 19:10:18.161,-45.574951,-11.168861,7.121086,2109,1241,0
02-Aug-2024 19:10:18.260,-46.024704,-11.618614,8.020592,2109,1241,0
02-Aug-2024 19:10:18.359,-46.324539,-12.143326,6.071663,2109,1241,0
02-Aug-2024 19:10:18.458,-47.299004,-11.468697,5.471992,2109,1241,0
02-Aug-2024 19:10:18.557,-46.549416,-11.168861,4.722404,2109,1241,0
02-Aug-2024 19:10:18.656,-46.999168,-9.669685,4.422569,2109,1241,0
02-Aug-2024 19:10:18.755,-46.399498,-9.969521,4.272652,2109,1241,0
02-Aug-2024 19:10:18.854,-47.823715,-9.594727,5.846786,2109,1241,0
02-Aug-2024 19:10:18.953,-47.823715,-11.168861,4.497528,2109,1241,0
02-Aug-2024 19:10:19.052,-47.52388,-10.869026,3.897858,2109,1241,0
02-Aug-2024 19:10:19.151,-45.574951,-11.018944,5.471992,2109,1241,0
02-Aug-2024 19:10:19.250,-44.975281,-10.869026,4.722404,2109,1241,0
02-Aug-2024 19:10:19.349,-46.399498,-11.543655,5.247116,2109,1241,0
02-Aug-2024 19:10:19.448,-47.299004,-12.742996,4.047775,2109,1241,0
02-Aug-2024 19:10:19.547,-48.648262,-13.342667,4.797363,2109,1241,0
02-Aug-2024 19:10:19.646,-46.92421,-11.993408,5.996704,2109,1241,0
02-Aug-2024 19:10:19.745,-47.748756,-11.168861,3.972816,2109,1241,0
02-Aug-2024 19:10:19.844,-48.048592,-11.318779,4.722404,2109,1241,0
02-Aug-2024 19:10:19.943,-47.748756,-11.168861,5.02224,2109,1241,0
02-Aug-2024 19:10:20.042,-46.999168,-11.618614,3.672981,2109,1241,0
02-Aug-2024 19:10:20.141,-45.874786,-11.468697,3.972816,2109,1241,0
02-Aug-2024 19:10:20.240,-47.898674,-11.918449,4.422569,2109,1241,0
02-Aug-2024 19:10:20.339,-47.973633,-14.092255,5.546951,2109,1241,0
02-Aug-2024 19:10:20.438,-44.900322,-10.419273,4.272652,2109,1241,0
02-Aug-2024 19:10:20.536,-44.450569,-10.719109,3.74794,2109,1241,0
02-Aug-2024 19:10:20.636,-45.874786,-10.419273,5.546951,2109,1241,0
02-Aug-2024 19:10:20.735,-48.12355,-11.768532,7.795715,2109,1241,0
02-Aug-2024 19:10:20.834,-47.373962,-11.468697,7.345963,2109,1241,0
02-Aug-2024 19:10:20.933,-47.52388,-12.218285,6.296539,2109,1241,0
02-Aug-2024 19:10:21.032,-48.498344,-11.468697,5.02224,2109,1241,0
02-Aug-2024 19:10:21.131,-48.79818,-12.368202,4.497528,2109,1241,0
02-Aug-2024 19:10:21.230,-47.448921,-11.918449,4.422569,2109,1241,0
02-Aug-2024 19:10:21.329,-48.573303,-13.267708,5.471992,2109,1241,0
02-Aug-2024 19:10:21.428,-48.573303,-14.167213,5.097198,2109,1241,0
02-Aug-2024 19:10:21.527,-48.873138,-13.267708,4.797363,2109,1241,0
02-Aug-2024 19:10:21.626,-48.873138,-13.717461,5.397034,2109,1241,0
02-Aug-2024 19:10:21.725,-47.224045,-11.618614,4.422569,2109,1241,0
02-Aug-2024 19:10:21.824,-47.373962,-11.468697,5.02224,2109,1241,0
02-Aug-2024 19:10:21.923,-46.92421,-10.869026,5.921745,2109,1241,0
02-Aug-2024 19:10:22.022,-47.598839,-12.293243,3.74794,2109,1241,0
02-Aug-2024 19:10:22.121,-47.299004,-12.143326,3.74794,2109,1241,0
02-Aug-2024 19:10:22.220,-48.498344,-12.742996,4.34761,2109,1241,0
02-Aug-2024 19:10:22.319,-47.898674,-11.093903,5.247116,2109,1241,0
02-Aug-2024 19:10:22.418,-48.648262,-11.918449,5.696869,2109,1241,0
02-Aug-2024 19:10:31.433,-47.748756,-12.51812,-16.191101,1988,1241,0
02-Aug-2024 19:10:31.532,-47.224045,-12.068367,-14.691925,1988,1241,0
02-Aug-2024 19:10:31.631,-47.074127,-12.967873,-15.141678,1988,1241,0
02-Aug-2024 19:10:31.730,-46.624374,-12.068367,-14.691925,1988,1241,0
02-Aug-2024 19:10:31.829,-46.174622,-11.993408,-14.616966,1988,1241,0
02-Aug-2024 19:10:31.929,-47.074127,-10.943985,-15.366554,1988,1241,0
02-Aug-2024 19:10:32.029,-46.774292,-10.794067,-15.366554,1988,1241,0
02-Aug-2024 19:10:32.129,-45.350075,-12.368202,-15.666389,1988,1241,0
02-Aug-2024 19:10:32.229,-45.499992,-12.817955,-15.666389,1988,1241,0
02-Aug-2024 19:10:32.328,-45.05024,-12.51812,-15.816307,1988,1241,0
02-Aug-2024 19:10:32.427,-46.174622,-11.693573,-14.542007,1988,1241,0
02-Aug-2024 19:10:32.527,-46.324539,-11.393738,-15.216637,1988,1241,0
02-Aug-2024 19:10:32.626,-46.474457,-10.494232,-15.591431,1988,1241,0
02-Aug-2024 19:10:32.725,-45.874786,-11.24382,-15.291595,1988,1241,0
02-Aug-2024 19:10:32.824,-46.099663,-12.668037,-16.26606,1988,1241,0
02-Aug-2024 19:10:32.923,-46.24958,-11.918449,-15.441513,1988,1241,0
02-Aug-2024 19:10:33.022,-45.949745,-11.618614,-16.041183,1988,1241,0
02-Aug-2024 19:10:33.121,-46.699333,-10.794067,-14.39209,1988,1241,0
02-Aug-2024 19:10:33.220,-46.549416,-11.693573,-14.317131,1988,1241,0
02-Aug-2024 19:10:33.319,-46.699333,-11.543655,-14.766884,1988,1241,0
02-Aug-2024 19:10:33.418,-46.399498,-10.64415,-14.841843,1988,1241,0
02-Aug-2024 19:10:33.517,-45.874786,-9.744644,-13.11779,1988,1241,0
02-Aug-2024 19:10:33.616,-45.574951,-9.969521,-13.417625,1988,1241,0
02-Aug-2024 19:10:33.715,-45.574951,-10.119438,-14.167213,1988,1241,0
02-Aug-2024 19:10:33.814,-46.024704,-11.843491,-14.317131,1988,1241,0
02-Aug-2024 19:10:33.913,-45.425034,-11.24382,-14.467049,1988,1241,0
02-Aug-2024 19:10:34.012,-45.724869,-11.093903,-15.666389,1988,1241,0
02-Aug-2024 19:10:34.111,-47.149086,-14.841843,-14.99176,1988,1241,0
02-Aug-2024 19:10:34.210,-46.849251,-13.11779,-15.591431,1988,1241,0
02-Aug-2024 19:10:34.310,-45.799828,-10.344315,-15.591431,1988,1241,0
02-Aug-2024 19:10:34.409,-46.099663,-10.344315,-16.116142,1988,1241,0
02-Aug-2024 19:10:34.508,-45.64991,-14.017296,-14.766884,1988,1241,0
02-Aug-2024 19:10:34.607,-45.200157,-12.368202,-15.666389,1988,1241,0
02-Aug-2024 19:10:34.706,-46.099663,-11.018944,-15.816307,1988,1241,0
02-Aug-2024 19:10:34.805,-44.825363,-12.443161,-14.242172,1988,1241,0
02-Aug-2024 19:10:34.904,-45.574951,-13.192749,-14.092255,1988,1241,0
02-Aug-2024 19:10:35.003,-47.598839,-10.719109,-15.141678,1988,1241,0
02-Aug-2024 19:10:35.102,-47.299004,-10.569191,-15.441513,1988,1241,0
02-Aug-2024 19:10:35.201,-45.64991,-13.11779,-14.916801,1988,1241,0
02-Aug-2024 19:10:35.300,-47.224045,-11.693573,-14.916801,1988,1241,0
02-Aug-2024 19:10:35.399,-47.224045,-12.143326,-15.291595,1988,1241,0
02-Aug-2024 19:10:35.498,-47.224045,-12.51812,-15.966225,1988,1241,0
02-Aug-2024 19:10:35.597,-44.900322,-11.24382,-16.041183,1988,1241,0
02-Aug-2024 19:10:35.696,-44.450569,-11.24382,-16.041183,1988,1241,0
02-Aug-2024 19:10:35.795,-45.64991,-12.068367,-15.591431,1988,1241,0
02-Aug-2024 19:10:35.894,-48.348427,-10.64415,-16.341019,1988,1241,0
02-Aug-2024 19:10:35.993,-48.498344,-10.419273,-16.341019,1988,1241,0
02-Aug-2024 19:10:36.092,-48.048592,-10.269356,-16.940689,1988,1241,0
02-Aug-2024 19:10:36.191,-45.799828,-10.494232,-15.591431,1988,1241,0
02-Aug-2024 19:10:36.290,-47.52388,-10.943985,-14.467049,1988,1241,0
02-Aug-2024 19:10:36.389,-47.224045,-10.943985,-13.717461,1988,1241,0
02-Aug-2024 19:10:36.488,-46.24958,-12.143326,-15.141678,1988,1241,0
02-Aug-2024 19:10:36.587,-46.474457,-11.093903,-14.916801,1988,1241,0
02-Aug-2024 19:10:36.686,-46.324539,-10.64415,-16.26606,1988,1241,0
02-Aug-2024 19:10:36.785,-48.048592,-10.794067,-16.116142,1988,1241,0
02-Aug-2024 19:10:36.884,-46.549416,-10.719109,-13.867378,1988,1241,0
02-Aug-2024 19:10:36.983,-46.699333,-10.569191,-13.867378,1988,1241,0
02-Aug-2024 19:10:37.082,-44.675446,-10.719109,-13.267708,1988,1241,0
02-Aug-2024 19:10:37.181,-45.724869,-10.119438,-14.691925,1988,1241,0
02-Aug-2024 19:10:37.280,-45.574951,-10.419273,-14.542007,1988,1241,0
02-Aug-2024 19:10:37.379,-46.024704,-10.569191,-14.841843,1988,1241,0
02-Aug-2024 19:10:37.478,-46.324539,-12.143326,-14.916801,1988,1241,0
02-Aug-2024 19:10:37.577,-46.174622,-12.143326,-15.066719,1988,1241,0
02-Aug-2024 19:10:37.676,-46.474457,-11.693573,-14.916801,1988,1241,0
02-Aug-2024 19:10:37.775,-45.874786,-12.293243,-15.066719,1988,1241,0
02-Aug-2024 19:10:37.874,-45.425034,-11.093903,-16.415977,1988,1241,0
02-Aug-2024 19:10:37.973,-46.92421,-11.543655,-16.715813,1988,1241,0
02-Aug-2024 19:10:38.072,-46.024704,-11.093903,-16.86573,1988,1241,0
02-Aug-2024 19:10:38.171,-47.748756,-11.318779,-16.26606,1988,1241,0
02-Aug-2024 19:10:38.270,-47.149086,-12.218285,-15.666389,1988,1241,0
02-Aug-2024 19:10:38.369,-47.074127,-11.768532,-15.366554,1988,1241,0
02-Aug-2024 19:10:38.468,-45.275116,-10.64415,-14.542007,1988,1241,0
02-Aug-2024 19:10:38.567,-44.075775,-11.168861,-15.516472,1988,1241,0
02-Aug-2024 19:10:38.666,-43.326187,-11.018944,-16.415977,1988,1241,0
02-Aug-2024 19:10:38.765,-44.225693,-11.168861,-15.666389,1988,1241,0
02-Aug-2024 19:10:38.864,-45.874786,-10.943985,-15.441513,1988,1241,0
02-Aug-2024 19:10:38.963,-45.125198,-11.543655,-15.441513,1988,1241,0
02-Aug-2024 19:10:39.062,-45.275116,-11.543655,-15.891266,1988,1241,0
02-Aug-2024 19:10:39.161,-46.999168,-11.168861,-16.415977,1988,1241,0
02-Aug-2024 19:10:39.260,-46.24958,-10.569191,-15.966225,1988,1241,0
02-Aug-2024 19:10:39.359,-47.748756,-11.618614,-17.015648,1988,1241,0
02-Aug-2024 19:10:39.458,-47.224045,-9.594727,-14.766884,1988,1241,0
02-Aug-2024 19:10:39.557,-45.350075,-14.092255,-16.490936,1988,1241,0
02-Aug-2024 19:10:39.656,-45.350075,-13.717461,-16.191101,1988,1241,0
02-Aug-2024 19:10:39.755,-45.499992,-13.11779,-15.516472,1988,1241,0
02-Aug-2024 19:10:39.854,-45.64991,-11.543655,-16.565895,1988,1241,0
02-Aug-2024 19:10:39.953,-45.949745,-11.24382,-16.86573,1988,1241,0
02-Aug-2024 19:10:40.052,-46.699333,-11.768532,-14.467049,1988,1241,0
02-Aug-2024 19:10:40.151,-46.399498,-12.668037,-15.291595,1988,1241,0
02-Aug-2024 19:10:40.250,-45.574951,-12.817955,-16.565895,1988,1241,0
02-Aug-2024 19:10:40.349,-46.024704,-10.794067,-16.116142,1988,1241,0
02-Aug-2024 19:10:40.448,-45.275116,-10.64415,-15.666389,1988,1241,0
02-Aug-2024 19:10:40.547,-46.549416,-11.018944,-15.366554,1988,1241,0
02-Aug-2024 19:10:40.646,-44.600487,-11.093903,-16.041183,1988,1241,0
02-Aug-2024 19:10:40.745,-44.300652,-11.693573,-14.99176,1988,1241,0
02-Aug-2024 19:10:40.844,-44.975281,-10.719109,-15.066719,1988,1241,0
02-Aug-2024 19:10:40.943,-45.574951,-10.419273,-15.066719,1988,1241,0
02-Aug-2024 19:10:41.043,-46.24958,-11.543655,-14.616966,1988,1241,0
02-Aug-2024 19:10:41.143,-46.24958,-12.293243,-15.591431,1988,1241,0
02-Aug-2024 19:10:41.243,-45.574951,-10.494232,-17.165565,1988,1241,0
