Timestamp,X,Y,Z,Cx,Cy,Cz
02-Aug-2024 18:57:24.908,36.768753,-26.00625,-29.925001,1715,778,0
02-Aug-2024 18:57:25.008,36.84375,-26.025002,-30.000002,1715,778,0
02-Aug-2024 18:57:25.108,36.918751,-26.043751,-29.981251,1715,778,0
02-Aug-2024 18:57:25.208,36.993752,-25.931252,-29.94375,1715,778,0
02-Aug-2024 18:57:25.308,37.03125,-25.837502,-29.981251,1715,778,0
02-Aug-2024 18:57:25.408,36.975002,-25.687502,-30.0375,1715,778,0
02-Aug-2024 18:57:25.508,36.975002,-25.687502,-29.94375,1715,778,0
02-Aug-2024 18:57:25.608,36.900002,-25.687502,-29.94375,1715,778,0
02-Aug-2024 18:57:25.708,36.825001,-25.63125,-29.868752,1715,778,0
02-Aug-2024 18:57:25.808,36.84375,-25.593752,-29.775002,1715,778,0
02-Aug-2024 18:57:25.908,36.975002,-25.63125,-29.831251,1715,778,0
02-Aug-2024 18:57:26.008,36.900002,-25.81875,-29.681252,1715,778,0
02-Aug-2024 18:57:26.108,36.9375,-25.781252,-29.625002,1715,778,0
02-Aug-2024 18:57:26.208,36.993752,-25.875002,-29.418751,1715,778,0
02-Aug-2024 18:57:26.308,37.068752,-25.893751,-29.343752,1715,778,0
02-Aug-2024 18:57:26.408,37.143753,-25.800001,-29.306252,1715,778,0
02-Aug-2024 18:57:26.508,37.256252,-25.837502,-29.250002,1715,778,0
02-Aug-2024 18:57:26.608,37.256252,-25.875002,-29.156252,1715,778,0
02-Aug-2024 18:57:26.708,37.162502,-25.856251,-29.00625,1715,778,0
02-Aug-2024 18:57:26.808,37.143753,-25.781252,-28.893751,1715,778,0
02-Aug-2024 18:57:26.908,37.200001,-25.875002,-28.875002,1715,778,0
02-Aug-2024 18:57:27.008,37.3125,-25.931252,-28.893751,1715,778,0
02-Aug-2024 18:57:27.108,37.350002,-26.00625,-28.968752,1715,778,0
02-Aug-2024 18:57:27.208,37.387501,-26.00625,-28.856251,1715,778,0
02-Aug-2024 18:57:27.308,37.425003,-25.856251,-28.950001,1715,778,0
02-Aug-2024 18:57:27.408,37.481251,-25.837502,-29.043751,1715,778,0
02-Aug-2024 18:57:27.508,37.481251,-25.725,-29.1,1715,778,0
02-Aug-2024 18:57:27.608,37.631252,-25.762501,-29.268751,1715,778,0
02-Aug-2024 18:57:27.708,37.518753,-25.762501,-29.156252,1715,778,0
02-Aug-2024 18:57:27.808,37.443752,-25.687502,-29.19375,1715,778,0
02-Aug-2024 18:57:27.908,37.387501,-25.650002,-29.1,1715,778,0
02-Aug-2024 18:57:28.008,37.387501,-25.725,-29.118752,1715,778,0
02-Aug-2024 18:57:28.108,37.293751,-25.875002,-29.1,1715,778,0
02-Aug-2024 18:57:28.208,37.350002,-25.81875,-29.137501,1715,778,0
02-Aug-2024 18:57:28.308,37.40625,-25.931252,-29.137501,1715,778,0
02-Aug-2024 18:57:28.408,37.368752,-25.81875,-29.19375,1715,778,0
02-Aug-2024 18:57:28.508,37.462502,-25.781252,-29.306252,1715,778,0
02-Aug-2024 18:57:28.608,37.556252,-25.781252,-29.325001,1715,778,0
02-Aug-2024 18:57:28.708,37.612503,-25.743752,-29.38125,1715,778,0
02-Aug-2024 18:57:28.808,37.762501,-25.668751,-29.400002,1715,778,0
02-Aug-2024 18:57:28.908,37.837502,-25.593752,-29.38125,1715,778,0
02-Aug-2024 18:57:29.008,37.725002,-25.687502,-29.38125,1715,778,0
02-Aug-2024 18:57:29.108,37.668751,-25.481251,-29.325001,1715,778,0
02-Aug-2024 18:57:29.208,37.668751,-25.500002,-29.212502,1715,778,0
02-Aug-2024 18:57:29.308,37.59375,-25.481251,-29.231251,1715,778,0
02-Aug-2024 18:57:29.408,37.518753,-25.5375,-29.19375,1715,778,0
02-Aug-2024 18:57:29.508,37.40625,-25.481251,-29.156252,1715,778,0
02-Aug-2024 18:57:29.608,37.331253,-25.462502,-29.118752,1715,778,0
02-Aug-2024 18:57:29.708,37.256252,-25.593752,-29.19375,1715,778,0
02-Aug-2024 18:57:29.808,37.331253,-25.462502,-29.1,1715,778,0
02-Aug-2024 18:57:29.908,37.293751,-25.575001,-29.212502,1715,778,0
02-Aug-2024 18:57:30.008,37.256252,-25.612501,-29.1,1715,778,0
02-Aug-2024 18:57:30.108,37.256252,-25.500002,-29.1,1715,778,0
02-Aug-2024 18:57:30.208,37.256252,-25.425001,-29.1,1715,778,0
02-Aug-2024 18:57:30.308,37.3125,-25.387501,-29.062502,1715,778,0
02-Aug-2024 18:57:30.408,37.275002,-25.44375,-29.212502,1715,778,0
02-Aug-2024 18:57:30.508,37.350002,-25.331251,-29.19375,1715,778,0
02-Aug-2024 18:57:30.608,37.425003,-25.35,-29.2875,1715,778,0
02-Aug-2024 18:57:30.708,37.518753,-25.387501,-29.212502,1715,778,0
02-Aug-2024 18:57:30.808,37.556252,-25.387501,-29.38125,1715,778,0
02-Aug-2024 18:57:30.908,37.556252,-25.518751,-29.400002,1715,778,0
02-Aug-2024 18:57:31.008,37.537502,-25.5375,-29.38125,1715,778,0
02-Aug-2024 18:57:31.108,37.556252,-25.593752,-29.400002,1715,778,0
02-Aug-2024 18:57:31.208,37.5,-25.593752,-29.418751,1715,778,0
02-Aug-2024 18:57:31.308,37.481251,-25.63125,-29.531252,1715,778,0
02-Aug-2024 18:57:31.408,37.425003,-25.706251,-29.400002,1715,778,0
02-Aug-2024 18:57:31.508,37.275002,-25.762501,-29.38125,1715,778,0
02-Aug-2024 18:57:31.608,37.200001,-25.81875,-29.437502,1715,778,0
02-Aug-2024 18:57:31.708,37.256252,-25.81875,-29.475,1715,778,0
02-Aug-2024 18:57:31.808,37.3125,-25.762501,-29.531252,1715,778,0
02-Aug-2024 18:57:31.908,37.256252,-25.837502,-29.512501,1715,778,0
02-Aug-2024 18:57:32.008,37.275002,-25.687502,-29.512501,1715,778,0
02-Aug-2024 18:57:32.108,37.275002,-25.781252,-29.400002,1715,778,0
02-Aug-2024 18:57:32.208,37.3125,-25.687502,-29.512501,1715,778,0
02-Aug-2024 18:57:32.308,37.425003,-25.612501,-29.587502,1715,778,0
02-Aug-2024 18:57:32.408,37.59375,-25.44375,-29.531252,1715,778,0
02-Aug-2024 18:57:32.508,37.725002,-25.387501,-29.418751,1715,778,0
02-Aug-2024 18:57:32.608,37.650002,-25.406252,-29.456251,1715,778,0
02-Aug-2024 18:57:32.708,37.78125,-25.312502,-29.475,1715,778,0
02-Aug-2024 18:57:32.808,37.743752,-25.425001,-29.493752,1715,778,0
02-Aug-2024 18:57:32.908,37.818752,-25.387501,-29.437502,1715,778,0
02-Aug-2024 18:57:33.008,37.78125,-25.593752,-29.475,1715,778,0
02-Aug-2024 18:57:33.108,37.725002,-25.612501,-29.606251,1715,778,0
02-Aug-2024 18:57:33.208,37.612503,-25.650002,-29.56875,1715,778,0
02-Aug-2024 18:57:33.308,37.518753,-25.725,-29.587502,1715,778,0
02-Aug-2024 18:57:33.408,37.575001,-25.706251,-29.531252,1715,778,0
02-Aug-2024 18:57:33.508,37.59375,-25.725,-29.512501,1715,778,0
02-Aug-2024 18:57:33.608,37.556252,-25.650002,-29.437502,1715,778,0
02-Aug-2024 18:57:33.708,37.462502,-25.518751,-29.437502,1715,778,0
02-Aug-2024 18:57:33.808,37.518753,-25.35,-29.250002,1715,778,0
02-Aug-2024 18:57:33.908,37.537502,-25.406252,-29.118752,1715,778,0
02-Aug-2024 18:57:34.008,37.575001,-25.35,-29.043751,1715,778,0
02-Aug-2024 18:57:34.108,37.481251,-25.312502,-29.025002,1715,778,0
02-Aug-2024 18:57:34.208,37.40625,-25.35,-28.931252,1715,778,0
02-Aug-2024 18:57:34.308,37.368752,-25.387501,-28.9125,1715,778,0
02-Aug-2024 18:57:34.408,37.387501,-25.425001,-28.893751,1715,778,0
02-Aug-2024 18:57:34.508,37.462502,-25.481251,-28.81875,1715,778,0
02-Aug-2024 18:57:34.608,37.387501,-25.481251,-28.875002,1715,778,0
02-Aug-2024 18:57:34.708,37.443752,-25.500002,-28.800001,1715,778,0
02-Aug-2024 18:57:34.808,37.481251,-25.650002,-28.837502,1715,778,0
02-Aug-2024 18:57:50.108,49.556252,-30.731251,-44.53125,1719,1050,0
02-Aug-2024 18:57:50.208,49.462502,-30.750002,-44.71875,1719,1050,0
02-Aug-2024 18:57:50.308,49.518753,-30.806252,-44.700001,1719,1050,0
02-Aug-2024 18:57:50.408,49.481251,-30.806252,-44.53125,1719,1050,0
02-Aug-2024 18:57:50.508,49.575001,-30.825001,-44.493752,1719,1050,0
02-Aug-2024 18:57:50.608,49.631252,-30.900002,-44.362503,1719,1050,0
02-Aug-2024 18:57:50.708,49.593754,-31.050001,-44.306252,1719,1050,0
02-Aug-2024 18:57:50.808,49.762501,-31.087502,-44.231251,1719,1050,0
02-Aug-2024 18:57:50.908,49.631252,-31.25625,-44.381252,1719,1050,0
02-Aug-2024 18:57:51.008,49.687504,-31.462502,-44.268753,1719,1050,0
02-Aug-2024 18:57:51.108,49.650002,-31.462502,-44.268753,1719,1050,0
02-Aug-2024 18:57:51.208,49.650002,-31.593752,-44.362503,1719,1050,0
02-Aug-2024 18:57:51.308,49.612503,-31.762501,-44.34375,1719,1050,0
02-Aug-2024 18:57:51.408,49.668751,-31.781252,-44.325001,1719,1050,0
02-Aug-2024 18:57:51.508,49.725002,-31.762501,-44.268753,1719,1050,0
02-Aug-2024 18:57:51.608,49.706253,-31.743752,-44.118752,1719,1050,0
02-Aug-2024 18:57:51.708,49.687504,-31.706251,-44.100002,1719,1050,0
02-Aug-2024 18:57:51.808,49.687504,-31.575001,-43.96875,1719,1050,0
02-Aug-2024 18:57:51.908,49.668751,-31.63125,-44.043751,1719,1050,0
02-Aug-2024 18:57:52.008,49.650002,-31.593752,-43.987503,1719,1050,0
02-Aug-2024 18:57:52.108,49.668751,-31.387501,-44.100002,1719,1050,0
02-Aug-2024 18:57:52.208,49.650002,-31.275002,-44.100002,1719,1050,0
02-Aug-2024 18:57:52.308,49.481251,-31.181252,-44.100002,1719,1050,0
02-Aug-2024 18:57:52.408,49.500004,-31.143751,-44.268753,1719,1050,0
02-Aug-2024 18:57:52.508,49.500004,-31.125002,-44.25,1719,1050,0
02-Aug-2024 18:57:52.608,49.575001,-30.975,-44.381252,1719,1050,0
02-Aug-2024 18:57:52.708,49.593754,-30.900002,-44.287502,1719,1050,0
02-Aug-2024 18:57:52.808,49.668751,-30.7875,-44.231251,1719,1050,0
02-Aug-2024 18:57:52.908,49.631252,-30.806252,-44.100002,1719,1050,0
02-Aug-2024 18:57:53.008,49.687504,-30.731251,-44.006252,1719,1050,0
02-Aug-2024 18:57:53.108,49.762501,-30.581251,-43.987503,1719,1050,0
02-Aug-2024 18:57:53.207,49.762501,-30.618752,-43.875,1719,1050,0
02-Aug-2024 18:57:53.307,49.893753,-30.581251,-43.743752,1719,1050,0
02-Aug-2024 18:57:53.407,49.912502,-30.618752,-43.537502,1719,1050,0
02-Aug-2024 18:57:53.507,49.950001,-30.468752,-43.556252,1719,1050,0
02-Aug-2024 18:57:53.607,49.968754,-30.375002,-43.650002,1719,1050,0
02-Aug-2024 18:57:53.707,49.912502,-30.206251,-43.650002,1719,1050,0
02-Aug-2024 18:57:53.807,49.818752,-30.206251,-43.78125,1719,1050,0
02-Aug-2024 18:57:53.907,49.893753,-30.206251,-43.818752,1719,1050,0
02-Aug-2024 18:57:54.007,49.950001,-30.112501,-43.893753,1719,1050,0
02-Aug-2024 18:57:54.107,49.950001,-30.056252,-44.137501,1719,1050,0
02-Aug-2024 18:57:54.207,49.931252,-30.075001,-44.118752,1719,1050,0
02-Aug-2024 18:57:54.307,49.875004,-30.187502,-44.100002,1719,1050,0
02-Aug-2024 18:57:54.407,49.950001,-30.206251,-44.006252,1719,1050,0
02-Aug-2024 18:57:54.507,50.025002,-30.337502,-44.006252,1719,1050,0
02-Aug-2024 18:57:54.607,50.100002,-30.206251,-44.100002,1719,1050,0
02-Aug-2024 18:57:54.707,50.025002,-30.206251,-43.950001,1719,1050,0
02-Aug-2024 18:57:54.807,49.950001,-30.187502,-43.893753,1719,1050,0
02-Aug-2024 18:57:54.907,49.931252,-30.225,-43.575001,1719,1050,0
02-Aug-2024 18:57:55.007,49.893753,-30.31875,-43.612503,1719,1050,0
02-Aug-2024 18:57:55.107,49.762501,-30.31875,-43.556252,1719,1050,0
02-Aug-2024 18:57:55.207,49.762501,-30.375002,-43.650002,1719,1050,0
02-Aug-2024 18:57:55.307,49.762501,-30.300001,-43.668751,1719,1050,0
02-Aug-2024 18:57:55.407,49.800003,-30.4125,-43.556252,1719,1050,0
02-Aug-2024 18:57:55.507,49.893753,-30.393751,-43.725002,1719,1050,0
02-Aug-2024 18:57:55.607,50.006252,-30.31875,-43.78125,1719,1050,0
02-Aug-2024 18:57:55.707,49.875004,-30.262501,-43.96875,1719,1050,0
02-Aug-2024 18:57:55.807,49.912502,-30.093752,-44.006252,1719,1050,0
02-Aug-2024 18:57:55.907,50.006252,-30.0375,-44.025002,1719,1050,0
02-Aug-2024 18:57:56.007,49.931252,-30.056252,-43.950001,1719,1050,0
02-Aug-2024 18:57:56.107,49.875004,-30.168751,-43.931252,1719,1050,0
02-Aug-2024 18:57:56.207,49.837502,-30.225,-43.950001,1719,1050,0
02-Aug-2024 18:57:56.307,49.781254,-30.431252,-43.912502,1719,1050,0
02-Aug-2024 18:57:56.407,49.593754,-30.487501,-43.800003,1719,1050,0
02-Aug-2024 18:57:56.507,49.593754,-30.581251,-43.818752,1719,1050,0
02-Aug-2024 18:57:56.607,49.556252,-30.656252,-43.893753,1719,1050,0
02-Aug-2024 18:57:56.707,49.518753,-30.637501,-43.931252,1719,1050,0
02-Aug-2024 18:57:56.807,49.518753,-30.468752,-43.931252,1719,1050,0
02-Aug-2024 18:57:56.907,49.537502,-30.525002,-43.950001,1719,1050,0
02-Aug-2024 18:57:57.007,49.593754,-30.450001,-43.96875,1719,1050,0
02-Aug-2024 18:57:57.107,49.481251,-30.431252,-43.96875,1719,1050,0
02-Aug-2024 18:57:57.207,49.518753,-30.487501,-44.137501,1719,1050,0
02-Aug-2024 18:57:57.307,49.612503,-30.50625,-44.025002,1719,1050,0
02-Aug-2024 18:57:57.407,49.593754,-30.525002,-43.96875,1719,1050,0
02-Aug-2024 18:57:57.507,49.706253,-30.562502,-43.856251,1719,1050,0
02-Aug-2024 18:57:57.607,49.706253,-30.712502,-43.856251,1719,1050,0
02-Aug-2024 18:57:57.707,49.725002,-30.637501,-43.875,1719,1050,0
02-Aug-2024 18:57:57.807,49.706253,-30.637501,-43.800003,1719,1050,0
02-Aug-2024 18:57:57.907,49.800003,-30.656252,-43.818752,1719,1050,0
02-Aug-2024 18:57:58.007,49.837502,-30.675001,-43.6875,1719,1050,0
02-Aug-2024 18:57:58.107,49.818752,-30.487501,-43.837502,1719,1050,0
02-Aug-2024 18:57:58.207,49.856251,-30.4125,-43.875,1719,1050,0
02-Aug-2024 18:57:58.307,49.781254,-30.431252,-43.987503,1719,1050,0
02-Aug-2024 18:57:58.407,49.800003,-30.468752,-43.96875,1719,1050,0
02-Aug-2024 18:57:58.507,49.875004,-30.431252,-43.893753,1719,1050,0
02-Aug-2024 18:57:58.607,49.800003,-30.4125,-43.931252,1719,1050,0
02-Aug-2024 18:57:58.707,49.800003,-30.356251,-43.950001,1719,1050,0
02-Aug-2024 18:57:58.807,49.856251,-30.337502,-43.912502,1719,1050,0
02-Aug-2024 18:57:58.907,49.893753,-30.393751,-43.800003,1719,1050,0
02-Aug-2024 18:57:59.007,49.950001,-30.50625,-43.762501,1719,1050,0
02-Aug-2024 18:57:59.107,49.931252,-30.562502,-43.743752,1719,1050,0
02-Aug-2024 18:57:59.207,49.931252,-30.6,-43.800003,1719,1050,0
02-Aug-2024 18:57:59.307,49.931252,-30.50625,-43.856251,1719,1050,0
02-Aug-2024 18:57:59.407,50.062504,-30.543751,-43.78125,1719,1050,0
02-Aug-2024 18:57:59.507,50.118752,-30.525002,-43.743752,1719,1050,0
02-Aug-2024 18:57:59.607,50.156254,-30.637501,-43.762501,1719,1050,0
02-Aug-2024 18:57:59.707,50.137501,-30.69375,-43.668751,1719,1050,0
02-Aug-2024 18:57:59.807,50.081253,-30.637501,-43.743752,1719,1050,0
02-Aug-2024 18:57:59.907,50.100002,-30.637501,-43.706253,1719,1050,0
02-Aug-2024 18:58:00.007,50.062504,-30.525002,-43.668751,1719,1050,0
02-Aug-2024 18:58:14.907,5.98125,10.125,-27.31875,1719,1323,0
02-Aug-2024 18:58:15.007,5.98125,10.106251,-27.225,1719,1323,0
02-Aug-2024 18:58:15.107,5.8875,10.181251,-27.206251,1719,1323,0
02-Aug-2024 18:58:15.207,5.83125,10.2375,-27.243752,1719,1323,0
02-Aug-2024 18:58:15.307,5.8875,10.293751,-27.300001,1719,1323,0
02-Aug-2024 18:58:15.407,5.90625,10.14375,-27.4125,1719,1323,0
02-Aug-2024 18:58:15.507,5.98125,10.275001,-27.393751,1719,1323,0
02-Aug-2024 18:58:15.607,5.98125,10.3125,-27.31875,1719,1323,0
02-Aug-2024 18:58:15.707,5.94375,10.275001,-27.243752,1719,1323,0
02-Aug-2024 18:58:15.807,5.8125,10.387501,-27.337502,1719,1323,0
02-Aug-2024 18:58:15.907,5.8875,10.387501,-27.206251,1719,1323,0
02-Aug-2024 18:58:16.007,5.7375,10.425,-27.075001,1719,1323,0
02-Aug-2024 18:58:16.107,5.49375,10.425,-27.000002,1719,1323,0
02-Aug-2024 18:58:16.207,5.475,10.5,-26.962502,1719,1323,0
02-Aug-2024 18:58:16.307,5.30625,10.387501,-26.94375,1719,1323,0
02-Aug-2024 18:58:16.407,5.25,10.181251,-26.925001,1719,1323,0
02-Aug-2024 18:58:16.507,5.175,10.2375,-26.962502,1719,1323,0
02-Aug-2024 18:58:16.607,5.1375,10.3125,-26.906252,1719,1323,0
02-Aug-2024 18:58:16.707,5.1,10.33125,-27.0375,1719,1323,0
02-Aug-2024 18:58:16.807,5.08125,10.293751,-27.093752,1719,1323,0
02-Aug-2024 18:58:16.907,5.11875,10.25625,-27.150002,1719,1323,0
02-Aug-2024 18:58:17.007,5.04375,10.21875,-27.206251,1719,1323,0
02-Aug-2024 18:58:17.107,4.93125,10.293751,-27.168751,1719,1323,0
02-Aug-2024 18:58:17.207,4.725,10.462501,-27.281252,1719,1323,0
02-Aug-2024 18:58:17.307,4.66875,10.3125,-27.262501,1719,1323,0
02-Aug-2024 18:58:17.407,4.575,10.200001,-27.300001,1719,1323,0
02-Aug-2024 18:58:17.507,4.40625,10.1625,-27.225,1719,1323,0
02-Aug-2024 18:58:17.607,4.3875,10.14375,-27.337502,1719,1323,0
02-Aug-2024 18:58:17.707,4.36875,10.1625,-27.356251,1719,1323,0
02-Aug-2024 18:58:17.807,4.33125,10.2375,-27.356251,1719,1323,0
02-Aug-2024 18:58:17.907,4.40625,10.200001,-27.450001,1719,1323,0
02-Aug-2024 18:58:18.007,4.55625,10.1625,-27.375002,1719,1323,0
02-Aug-2024 18:58:18.107,4.5,10.3125,-27.337502,1719,1323,0
02-Aug-2024 18:58:18.207,4.5375,10.293751,-27.337502,1719,1323,0
02-Aug-2024 18:58:18.307,4.59375,10.33125,-27.337502,1719,1323,0
02-Aug-2024 18:58:18.407,4.55625,10.275001,-27.281252,1719,1323,0
02-Aug-2024 18:58:18.507,4.44375,10.3125,-27.262501,1719,1323,0
02-Aug-2024 18:58:18.607,4.425,10.3125,-27.206251,1719,1323,0
02-Aug-2024 18:58:18.707,4.40625,10.275001,-27.150002,1719,1323,0
02-Aug-2024 18:58:18.807,4.3125,10.293751,-27.206251,1719,1323,0
02-Aug-2024 18:58:18.907,4.275,10.368751,-27.262501,1719,1323,0
02-Aug-2024 18:58:19.007,4.33125,10.387501,-27.281252,1719,1323,0
02-Aug-2024 18:58:19.107,4.3125,10.481251,-27.356251,1719,1323,0
02-Aug-2024 18:58:19.207,4.2,10.556251,-27.281252,1719,1323,0
02-Aug-2024 18:58:19.307,4.29375,10.556251,-27.243752,1719,1323,0
02-Aug-2024 18:58:19.407,4.21875,10.63125,-27.281252,1719,1323,0
02-Aug-2024 18:58:19.507,4.25625,10.650001,-27.31875,1719,1323,0
02-Aug-2024 18:58:19.607,4.275,10.6875,-27.281252,1719,1323,0
02-Aug-2024 18:58:19.707,4.3125,10.575001,-27.281252,1719,1323,0
02-Aug-2024 18:58:19.807,4.21875,10.6125,-27.300001,1719,1323,0
02-Aug-2024 18:58:19.907,4.21875,10.63125,-27.262501,1719,1323,0
02-Aug-2024 18:58:20.007,4.3125,10.650001,-27.337502,1719,1323,0
02-Aug-2024 18:58:20.107,4.3875,10.63125,-27.4125,1719,1323,0
02-Aug-2024 18:58:20.207,4.4625,10.5,-27.356251,1719,1323,0
02-Aug-2024 18:58:20.307,4.44375,10.5,-27.31875,1719,1323,0
02-Aug-2024 18:58:20.407,4.425,10.51875,-27.281252,1719,1323,0
02-Aug-2024 18:58:20.507,4.3875,10.575001,-27.356251,1719,1323,0
02-Aug-2024 18:58:20.607,4.33125,10.481251,-27.375002,1719,1323,0
02-Aug-2024 18:58:20.707,4.3875,10.368751,-27.243752,1719,1323,0
02-Aug-2024 18:58:20.807,4.275,10.25625,-27.300001,1719,1323,0
02-Aug-2024 18:58:20.907,4.21875,10.1625,-27.281252,1719,1323,0
02-Aug-2024 18:58:21.007,4.2375,10.21875,-27.356251,1719,1323,0
02-Aug-2024 18:58:21.107,4.18125,10.14375,-27.468752,1719,1323,0
02-Aug-2024 18:58:21.207,4.3125,10.1625,-27.562502,1719,1323,0
02-Aug-2024 18:58:21.307,4.2375,10.05,-27.562502,1719,1323,0
02-Aug-2024 18:58:21.407,4.29375,10.087501,-27.4125,1719,1323,0
02-Aug-2024 18:58:21.507,4.33125,10.087501,-27.562502,1719,1323,0
02-Aug-2024 18:58:21.607,4.48125,10.106251,-27.431252,1719,1323,0
02-Aug-2024 18:58:21.707,4.40625,10.14375,-27.356251,1719,1323,0
02-Aug-2024 18:58:21.807,4.35,10.087501,-27.262501,1719,1323,0
02-Aug-2024 18:58:21.907,4.36875,10.14375,-27.187502,1719,1323,0
02-Aug-2024 18:58:22.007,4.36875,10.03125,-27.093752,1719,1323,0
02-Aug-2024 18:58:22.107,4.51875,10.21875,-26.981251,1719,1323,0
02-Aug-2024 18:58:22.207,4.55625,10.3125,-27.056252,1719,1323,0
02-Aug-2024 18:58:22.307,4.425,10.3125,-27.075001,1719,1323,0
02-Aug-2024 18:58:22.407,4.425,10.33125,-27.13125,1719,1323,0
02-Aug-2024 18:58:22.507,4.4625,10.368751,-27.187502,1719,1323,0
02-Aug-2024 18:58:22.607,4.4625,10.368751,-27.206251,1719,1323,0
02-Aug-2024 18:58:22.707,4.425,10.387501,-27.206251,1719,1323,0
02-Aug-2024 18:58:22.807,4.3125,10.40625,-27.300001,1719,1323,0
02-Aug-2024 18:58:22.907,4.18125,10.275001,-27.356251,1719,1323,0
02-Aug-2024 18:58:23.007,4.2375,10.2375,-27.375002,1719,1323,0
02-Aug-2024 18:58:23.107,4.40625,10.293751,-27.4125,1719,1323,0
02-Aug-2024 18:58:23.207,4.44375,10.2375,-27.393751,1719,1323,0
02-Aug-2024 18:58:23.307,4.4625,10.3125,-27.356251,1719,1323,0
02-Aug-2024 18:58:23.407,4.40625,10.33125,-27.337502,1719,1323,0
02-Aug-2024 18:58:23.507,4.3875,10.462501,-27.375002,1719,1323,0
02-Aug-2024 18:58:23.607,4.275,10.462501,-27.375002,1719,1323,0
02-Aug-2024 18:58:23.707,4.425,10.51875,-27.393751,1719,1323,0
02-Aug-2024 18:58:23.807,4.33125,10.556251,-27.356251,1719,1323,0
02-Aug-2024 18:58:23.907,4.275,10.5,-27.262501,1719,1323,0
02-Aug-2024 18:58:24.007,4.18125,10.650001,-27.187502,1719,1323,0
02-Aug-2024 18:58:24.107,4.25625,10.63125,-27.168751,1719,1323,0
02-Aug-2024 18:58:24.207,4.3125,10.81875,-27.281252,1719,1323,0
02-Aug-2024 18:58:24.307,4.33125,10.725,-27.300001,1719,1323,0
02-Aug-2024 18:58:24.407,4.51875,10.6875,-27.281252,1719,1323,0
02-Aug-2024 18:58:24.507,4.48125,10.6875,-27.300001,1719,1323,0
02-Aug-2024 18:58:24.607,4.6125,10.63125,-27.468752,1719,1323,0
02-Aug-2024 18:58:24.707,4.59375,10.70625,-27.450001,1719,1323,0
02-Aug-2024 18:58:24.807,4.65,10.59375,-27.50625,1719,1323,0
02-Aug-2024 18:58:38.107,-5.9625,29.531252,-26.85,1520,1323,0
02-Aug-2024 18:58:38.207,-6.05625,29.625002,-26.868752,1520,1323,0
02-Aug-2024 18:58:38.307,-6.09375,29.587502,-26.85,1520,1323,0
02-Aug-2024 18:58:38.407,-6.1875,29.475,-26.868752,1520,1323,0
02-Aug-2024 18:58:38.507,-6.16875,29.362501,-27.000002,1520,1323,0
02-Aug-2024 18:58:38.607,-6.09375,29.437502,-26.906252,1520,1323,0
02-Aug-2024 18:58:38.707,-6.13125,29.475,-26.94375,1520,1323,0
02-Aug-2024 18:58:38.807,-6.15,29.587502,-27.018751,1520,1323,0
02-Aug-2024 18:58:38.907,-6.31875,29.606251,-27.000002,1520,1323,0
02-Aug-2024 18:58:39.007,-6.39375,29.56875,-27.056252,1520,1323,0
02-Aug-2024 18:58:39.107,-6.54375,29.512501,-27.093752,1520,1323,0
02-Aug-2024 18:58:39.207,-6.69375,29.625002,-27.018751,1520,1323,0
02-Aug-2024 18:58:39.307,-6.7875,29.75625,-26.962502,1520,1323,0
02-Aug-2024 18:58:39.407,-6.95625,29.681252,-27.056252,1520,1323,0
02-Aug-2024 18:58:39.507,-6.825,29.75625,-27.093752,1520,1323,0
02-Aug-2024 18:58:39.607,-6.69375,29.700001,-27.018751,1520,1323,0
02-Aug-2024 18:58:39.707,-6.58125,29.6625,-27.112501,1520,1323,0
02-Aug-2024 18:58:39.807,-6.6,29.587502,-27.093752,1520,1323,0
02-Aug-2024 18:58:39.907,-6.50625,29.56875,-27.093752,1520,1323,0
02-Aug-2024 18:58:40.007,-6.4875,29.38125,-27.206251,1520,1323,0
02-Aug-2024 18:58:40.107,-6.43125,29.250002,-27.262501,1520,1323,0
02-Aug-2024 18:58:40.207,-6.35625,29.137501,-27.31875,1520,1323,0
02-Aug-2024 18:58:40.307,-6.50625,29.062502,-27.356251,1520,1323,0
02-Aug-2024 18:58:40.407,-6.675,29.00625,-27.337502,1520,1323,0
02-Aug-2024 18:58:40.507,-6.80625,28.987501,-27.393751,1520,1323,0
02-Aug-2024 18:58:40.607,-6.7875,28.968752,-27.4125,1520,1323,0
02-Aug-2024 18:58:40.706,-6.80625,29.043751,-27.450001,1520,1323,0
02-Aug-2024 18:58:40.807,-6.825,29.062502,-27.431252,1520,1323,0
02-Aug-2024 18:58:40.907,-6.80625,29.081251,-27.300001,1520,1323,0
02-Aug-2024 18:58:41.007,-6.76875,29.118752,-27.187502,1520,1323,0
02-Aug-2024 18:58:41.107,-6.675,29.156252,-27.206251,1520,1323,0
02-Aug-2024 18:58:41.207,-6.69375,29.231251,-27.206251,1520,1323,0
02-Aug-2024 18:58:41.307,-6.54375,29.268751,-27.243752,1520,1323,0
02-Aug-2024 18:58:41.407,-6.525,29.231251,-27.300001,1520,1323,0
02-Aug-2024 18:58:41.507,-6.5625,29.137501,-27.356251,1520,1323,0
02-Aug-2024 18:58:41.607,-6.525,29.231251,-27.300001,1520,1323,0
02-Aug-2024 18:58:41.707,-6.46875,29.2875,-27.468752,1520,1323,0
02-Aug-2024 18:58:41.807,-6.50625,29.343752,-27.525002,1520,1323,0
02-Aug-2024 18:58:41.907,-6.61875,29.137501,-27.50625,1520,1323,0
02-Aug-2024 18:58:42.007,-6.58125,29.025002,-27.50625,1520,1323,0
02-Aug-2024 18:58:42.107,-6.675,29.00625,-27.487501,1520,1323,0
02-Aug-2024 18:58:42.207,-6.7125,29.00625,-27.450001,1520,1323,0
02-Aug-2024 18:58:42.307,-6.7125,29.118752,-27.450001,1520,1323,0
02-Aug-2024 18:58:42.407,-6.76875,29.062502,-27.543751,1520,1323,0
02-Aug-2024 18:58:42.507,-6.825,29.1,-27.431252,1520,1323,0
02-Aug-2024 18:58:42.607,-6.9375,29.118752,-27.4125,1520,1323,0
02-Aug-2024 18:58:42.707,-6.99375,29.175001,-27.337502,1520,1323,0
02-Aug-2024 18:58:42.807,-7.10625,29.268751,-27.4125,1520,1323,0
02-Aug-2024 18:58:42.907,-7.21875,29.268751,-27.262501,1520,1323,0
02-Aug-2024 18:58:43.007,-7.275,29.19375,-27.112501,1520,1323,0
02-Aug-2024 18:58:43.107,-7.275,29.156252,-27.093752,1520,1323,0
02-Aug-2024 18:58:43.207,-7.29375,29.175001,-26.981251,1520,1323,0
02-Aug-2024 18:58:43.307,-7.275,29.062502,-27.000002,1520,1323,0
02-Aug-2024 18:58:43.407,-7.10625,29.00625,-26.981251,1520,1323,0
02-Aug-2024 18:58:43.507,-7.0875,29.043751,-27.0375,1520,1323,0
02-Aug-2024 18:58:43.607,-7.1625,28.968752,-26.94375,1520,1323,0
02-Aug-2024 18:58:43.707,-7.0875,28.987501,-26.94375,1520,1323,0
02-Aug-2024 18:58:43.807,-7.05,29.19375,-27.000002,1520,1323,0
02-Aug-2024 18:58:43.907,-7.03125,29.231251,-27.000002,1520,1323,0
02-Aug-2024 18:58:44.007,-7.0125,29.212502,-27.0375,1520,1323,0
02-Aug-2024 18:58:44.107,-7.18125,29.2875,-26.981251,1520,1323,0
02-Aug-2024 18:58:44.207,-7.25625,29.400002,-26.925001,1520,1323,0
02-Aug-2024 18:58:44.307,-7.2375,29.550001,-26.868752,1520,1323,0
02-Aug-2024 18:58:44.406,-7.1625,29.56875,-26.906252,1520,1323,0
02-Aug-2024 18:58:44.507,-7.125,29.531252,-26.94375,1520,1323,0
02-Aug-2024 18:58:44.607,-7.0875,29.456251,-26.906252,1520,1323,0
02-Aug-2024 18:58:44.707,-6.99375,29.456251,-26.85,1520,1323,0
02-Aug-2024 18:58:44.807,-7.05,29.493752,-26.94375,1520,1323,0
02-Aug-2024 18:58:44.907,-6.9,29.606251,-26.981251,1520,1323,0
02-Aug-2024 18:58:45.007,-6.9,29.493752,-27.0375,1520,1323,0
02-Aug-2024 18:58:45.107,-6.88125,29.362501,-26.981251,1520,1323,0
02-Aug-2024 18:58:45.207,-6.88125,29.362501,-26.94375,1520,1323,0
02-Aug-2024 18:58:45.307,-6.80625,29.418751,-26.906252,1520,1323,0
02-Aug-2024 18:58:45.407,-6.8625,29.531252,-26.981251,1520,1323,0
02-Aug-2024 18:58:45.507,-6.99375,29.456251,-26.981251,1520,1323,0
02-Aug-2024 18:58:45.607,-7.05,29.437502,-26.812502,1520,1323,0
02-Aug-2024 18:58:45.707,-7.1625,29.418751,-26.775002,1520,1323,0
02-Aug-2024 18:58:45.807,-7.1625,29.475,-26.793751,1520,1323,0
02-Aug-2024 18:58:45.907,-7.18125,29.475,-26.85,1520,1323,0
02-Aug-2024 18:58:46.007,-7.18125,29.550001,-26.775002,1520,1323,0
02-Aug-2024 18:58:46.107,-7.425,29.531252,-26.75625,1520,1323,0
02-Aug-2024 18:58:46.207,-7.40625,29.475,-26.775002,1520,1323,0
02-Aug-2024 18:58:46.307,-7.36875,29.56875,-26.681252,1520,1323,0
02-Aug-2024 18:58:46.407,-7.21875,29.625002,-26.681252,1520,1323,0
02-Aug-2024 18:58:46.507,-7.06875,29.56875,-26.737501,1520,1323,0
02-Aug-2024 18:58:46.607,-6.95625,29.606251,-26.700001,1520,1323,0
02-Aug-2024 18:58:46.707,-6.975,29.643751,-26.775002,1520,1323,0
02-Aug-2024 18:58:46.807,-6.91875,29.512501,-26.831251,1520,1323,0
02-Aug-2024 18:58:46.907,-6.75,29.531252,-26.868752,1520,1323,0
02-Aug-2024 18:58:47.007,-6.7875,29.512501,-26.775002,1520,1323,0
02-Aug-2024 18:58:47.107,-6.76875,29.531252,-26.775002,1520,1323,0
02-Aug-2024 18:58:47.207,-6.80625,29.456251,-26.887501,1520,1323,0
02-Aug-2024 18:58:47.307,-6.99375,29.418751,-26.831251,1520,1323,0
02-Aug-2024 18:58:47.407,-7.06875,29.343752,-26.775002,1520,1323,0
02-Aug-2024 18:58:47.507,-7.05,29.38125,-26.700001,1520,1323,0
02-Aug-2024 18:58:47.607,-7.2375,29.475,-26.75625,1520,1323,0
02-Aug-2024 18:58:47.707,-7.25625,29.475,-26.718752,1520,1323,0
02-Aug-2024 18:58:47.807,-7.29375,29.512501,-26.737501,1520,1323,0
02-Aug-2024 18:58:47.907,-7.2375,29.437502,-26.793751,1520,1323,0
02-Aug-2024 18:58:48.007,-7.33125,29.456251,-26.737501,1520,1323,0
02-Aug-2024 18:58:59.007,1.59375,15.337501,-28.668751,1310,1323,0
02-Aug-2024 18:58:59.107,1.6875,15.337501,-28.63125,1310,1323,0
02-Aug-2024 18:58:59.207,1.59375,15.31875,-28.462502,1310,1323,0
02-Aug-2024 18:58:59.307,1.55625,15.50625,-28.387501,1310,1323,0
02-Aug-2024 18:58:59.407,1.3875,15.543751,-28.312502,1310,1323,0
02-Aug-2024 18:58:59.507,1.275,15.525001,-28.237501,1310,1323,0
02-Aug-2024 18:58:59.607,1.275,15.450001,-28.143751,1310,1323,0
02-Aug-2024 18:58:59.707,1.25625,15.50625,-28.050001,1310,1323,0
02-Aug-2024 18:58:59.807,1.125,15.69375,-28.012501,1310,1323,0
02-Aug-2024 18:58:59.907,1.05,15.675,-27.918751,1310,1323,0
02-Aug-2024 18:59:00.007,1.0875,15.656251,-27.88125,1310,1323,0
02-Aug-2024 18:59:00.107,1.0875,15.58125,-27.843752,1310,1323,0
02-Aug-2024 18:59:00.207,1.0875,15.562501,-27.900002,1310,1323,0
02-Aug-2024 18:59:00.307,1.10625,15.58125,-27.862501,1310,1323,0
02-Aug-2024 18:59:00.407,0.99375,15.750001,-27.750002,1310,1323,0
02-Aug-2024 18:59:00.507,0.99375,15.712501,-27.806252,1310,1323,0
02-Aug-2024 18:59:00.607,0.91875,15.562501,-27.7875,1310,1323,0
02-Aug-2024 18:59:00.707,0.88125,15.618751,-27.731251,1310,1323,0
02-Aug-2024 18:59:00.807,0.9375,15.731251,-27.750002,1310,1323,0
02-Aug-2024 18:59:00.907,0.99375,15.7875,-27.937502,1310,1323,0
02-Aug-2024 18:59:01.007,0.9,15.88125,-27.843752,1310,1323,0
02-Aug-2024 18:59:01.107,0.95625,15.975,-27.843752,1310,1323,0
02-Aug-2024 18:59:01.207,0.9,15.918751,-28.012501,1310,1323,0
02-Aug-2024 18:59:01.307,0.80625,15.993751,-27.862501,1310,1323,0
02-Aug-2024 18:59:01.407,0.73125,16.06875,-27.937502,1310,1323,0
02-Aug-2024 18:59:01.507,0.61875,16.03125,-27.993752,1310,1323,0
02-Aug-2024 18:59:01.607,0.4125,15.975,-28.181252,1310,1323,0
02-Aug-2024 18:59:01.707,0.24375,16.050001,-28.087502,1310,1323,0
02-Aug-2024 18:59:01.807,0.28125,15.937501,-28.031252,1310,1323,0
02-Aug-2024 18:59:01.907,0.0375,15.88125,-28.275002,1310,1323,0
02-Aug-2024 18:59:02.007,-0.075,15.843751,-28.181252,1310,1323,0
02-Aug-2024 18:59:02.107,-0.13125,15.88125,-28.275002,1310,1323,0
02-Aug-2024 18:59:02.207,-0.28125,15.825001,-28.181252,1310,1323,0
02-Aug-2024 18:59:02.307,-0.3,15.88125,-28.200001,1310,1323,0
02-Aug-2024 18:59:02.407,-0.35625,15.937501,-28.050001,1310,1323,0
02-Aug-2024 18:59:02.507,-0.43125,15.825001,-28.050001,1310,1323,0
02-Aug-2024 18:59:02.607,-0.54375,15.900001,-28.181252,1310,1323,0
02-Aug-2024 18:59:02.707,-0.4125,16.050001,-28.050001,1310,1323,0
02-Aug-2024 18:59:02.807,-0.35625,16.143751,-28.125002,1310,1323,0
02-Aug-2024 18:59:02.907,-0.43125,16.06875,-28.1625,1310,1323,0
02-Aug-2024 18:59:03.007,-0.375,16.125,-28.1625,1310,1323,0
02-Aug-2024 18:59:03.107,-0.46875,16.143751,-28.125002,1310,1323,0
02-Aug-2024 18:59:03.207,-0.50625,16.087502,-28.312502,1310,1323,0
02-Aug-2024 18:59:03.307,-0.43125,16.106251,-28.293751,1310,1323,0
02-Aug-2024 18:59:03.407,-0.35625,16.143751,-28.35,1310,1323,0
02-Aug-2024 18:59:03.507,-0.4875,16.106251,-28.35,1310,1323,0
02-Aug-2024 18:59:03.607,-0.5625,16.03125,-28.218752,1310,1323,0
02-Aug-2024 18:59:03.707,-0.54375,16.03125,-28.1625,1310,1323,0
02-Aug-2024 18:59:03.807,-0.54375,16.03125,-28.25625,1310,1323,0
02-Aug-2024 18:59:03.907,-0.525,15.95625,-28.331251,1310,1323,0
02-Aug-2024 18:59:04.007,-0.50625,16.03125,-28.218752,1310,1323,0
02-Aug-2024 18:59:04.107,-0.58125,16.106251,-28.181252,1310,1323,0
02-Aug-2024 18:59:04.207,-0.75,16.06875,-28.218752,1310,1323,0
02-Aug-2024 18:59:04.307,-0.825,15.937501,-28.06875,1310,1323,0
02-Aug-2024 18:59:04.407,-0.80625,15.975,-28.218752,1310,1323,0
02-Aug-2024 18:59:04.507,-0.825,15.95625,-28.143751,1310,1323,0
02-Aug-2024 18:59:04.607,-0.76875,15.825001,-28.087502,1310,1323,0
02-Aug-2024 18:59:04.707,-0.65625,15.900001,-28.050001,1310,1323,0
02-Aug-2024 18:59:04.807,-0.61875,15.88125,-28.031252,1310,1323,0
02-Aug-2024 18:59:04.907,-0.4875,15.95625,-28.125002,1310,1323,0
02-Aug-2024 18:59:05.007,-0.3375,15.993751,-28.125002,1310,1323,0
02-Aug-2024 18:59:05.107,-0.3375,16.03125,-28.237501,1310,1323,0
02-Aug-2024 18:59:05.207,-0.31875,16.03125,-28.1625,1310,1323,0
02-Aug-2024 18:59:05.307,-0.375,15.975,-28.25625,1310,1323,0
02-Aug-2024 18:59:05.407,-0.45,16.050001,-28.35,1310,1323,0
02-Aug-2024 18:59:05.507,-0.54375,15.993751,-28.312502,1310,1323,0
02-Aug-2024 18:59:05.607,-0.69375,15.95625,-28.181252,1310,1323,0
02-Aug-2024 18:59:05.707,-0.76875,15.918751,-28.031252,1310,1323,0
02-Aug-2024 18:59:05.807,-0.8625,15.825001,-27.862501,1310,1323,0
02-Aug-2024 18:59:05.907,-0.73125,15.88125,-27.7875,1310,1323,0
02-Aug-2024 18:59:06.007,-0.9,15.750001,-27.750002,1310,1323,0
02-Aug-2024 18:59:06.107,-0.95625,15.825001,-27.69375,1310,1323,0
02-Aug-2024 18:59:06.207,-0.9375,15.750001,-27.543751,1310,1323,0
02-Aug-2024 18:59:06.307,-1.03125,15.750001,-27.675001,1310,1323,0
02-Aug-2024 18:59:06.407,-0.9375,15.731251,-27.806252,1310,1323,0
02-Aug-2024 18:59:06.507,-1.0125,15.712501,-27.956251,1310,1323,0
02-Aug-2024 18:59:06.607,-1.05,15.825001,-27.918751,1310,1323,0
02-Aug-2024 18:59:06.707,-1.125,15.750001,-28.012501,1310,1323,0
02-Aug-2024 18:59:06.807,-0.9,15.825001,-28.012501,1310,1323,0
02-Aug-2024 18:59:06.907,-0.84375,15.825001,-27.956251,1310,1323,0
02-Aug-2024 18:59:07.007,-0.8625,15.918751,-28.06875,1310,1323,0
02-Aug-2024 18:59:07.107,-0.76875,15.900001,-28.012501,1310,1323,0
02-Aug-2024 18:59:07.207,-0.825,15.88125,-27.993752,1310,1323,0
02-Aug-2024 18:59:07.307,-0.825,15.806251,-27.806252,1310,1323,0
02-Aug-2024 18:59:07.407,-0.84375,15.750001,-27.88125,1310,1323,0
02-Aug-2024 18:59:07.507,-0.91875,15.731251,-27.900002,1310,1323,0
02-Aug-2024 18:59:07.607,-1.0875,15.806251,-27.975,1310,1323,0
02-Aug-2024 18:59:07.707,-1.14375,15.806251,-28.087502,1310,1323,0
02-Aug-2024 18:59:07.807,-0.99375,15.843751,-28.1625,1310,1323,0
02-Aug-2024 18:59:07.907,-1.06875,15.937501,-28.200001,1310,1323,0
02-Aug-2024 18:59:08.007,-1.1625,16.050001,-28.25625,1310,1323,0
02-Aug-2024 18:59:08.107,-1.2375,16.125,-28.44375,1310,1323,0
02-Aug-2024 18:59:08.207,-1.125,16.1625,-28.368752,1310,1323,0
02-Aug-2024 18:59:08.307,-1.18125,16.21875,-28.387501,1310,1323,0
02-Aug-2024 18:59:08.407,-1.21875,16.087502,-28.406252,1310,1323,0
02-Aug-2024 18:59:08.507,-1.1625,16.143751,-28.368752,1310,1323,0
02-Aug-2024 18:59:08.607,-1.2375,15.993751,-28.143751,1310,1323,0
02-Aug-2024 18:59:08.707,-1.18125,15.95625,-28.125002,1310,1323,0
02-Aug-2024 18:59:08.807,-1.0125,15.918751,-28.087502,1310,1323,0
02-Aug-2024 18:59:08.907,-0.91875,15.7875,-27.993752,1310,1323,0
02-Aug-2024 18:59:22.007,-13.012501,19.893751,-30.637501,1050,1323,0
02-Aug-2024 18:59:22.107,-13.012501,19.9125,-30.468752,1050,1323,0
02-Aug-2024 18:59:22.207,-13.05,19.743752,-30.356251,1050,1323,0
02-Aug-2024 18:59:22.307,-13.031251,19.875,-30.243752,1050,1323,0
02-Aug-2024 18:59:22.407,-13.031251,19.875,-30.300001,1050,1323,0
02-Aug-2024 18:59:22.507,-13.087501,20.00625,-30.243752,1050,1323,0
02-Aug-2024 18:59:22.607,-13.275001,19.950001,-30.13125,1050,1323,0
02-Aug-2024 18:59:22.707,-13.181251,20.1,-30.093752,1050,1323,0
02-Aug-2024 18:59:22.807,-13.275001,20.118752,-30.0375,1050,1323,0
02-Aug-2024 18:59:22.907,-13.2375,20.0625,-30.056252,1050,1323,0
02-Aug-2024 18:59:23.007,-13.1625,20.15625,-30.075001,1050,1323,0
02-Aug-2024 18:59:23.107,-13.218751,20.15625,-30.075001,1050,1323,0
02-Aug-2024 18:59:23.207,-13.275001,20.212502,-30.075001,1050,1323,0
02-Aug-2024 18:59:23.307,-13.25625,20.118752,-30.018751,1050,1323,0
02-Aug-2024 18:59:23.407,-13.218751,20.268751,-30.0375,1050,1323,0
02-Aug-2024 18:59:23.507,-13.33125,20.231251,-29.906252,1050,1323,0
02-Aug-2024 18:59:23.607,-13.293751,20.175001,-29.868752,1050,1323,0
02-Aug-2024 18:59:23.707,-13.33125,20.231251,-29.887501,1050,1323,0
02-Aug-2024 18:59:23.807,-13.44375,20.231251,-29.718752,1050,1323,0
02-Aug-2024 18:59:23.907,-13.425,20.25,-29.643751,1050,1323,0
02-Aug-2024 18:59:24.007,-13.406251,20.19375,-29.587502,1050,1323,0
02-Aug-2024 18:59:24.107,-13.425,20.25,-29.606251,1050,1323,0
02-Aug-2024 18:59:24.207,-13.556251,20.137501,-29.56875,1050,1323,0
02-Aug-2024 18:59:24.307,-13.44375,20.19375,-29.606251,1050,1323,0
02-Aug-2024 18:59:24.407,-13.462501,20.306252,-29.56875,1050,1323,0
02-Aug-2024 18:59:24.507,-13.406251,20.268751,-29.475,1050,1323,0
02-Aug-2024 18:59:24.607,-13.35,20.34375,-29.550001,1050,1323,0
02-Aug-2024 18:59:24.707,-13.35,20.325001,-29.56875,1050,1323,0
02-Aug-2024 18:59:24.807,-13.312501,20.2875,-29.493752,1050,1323,0
02-Aug-2024 18:59:24.907,-13.293751,20.325001,-29.531252,1050,1323,0
02-Aug-2024 18:59:25.007,-13.35,20.325001,-29.606251,1050,1323,0
02-Aug-2024 18:59:25.107,-13.387501,20.25,-29.56875,1050,1323,0
02-Aug-2024 18:59:25.206,-13.35,20.306252,-29.550001,1050,1323,0
02-Aug-2024 18:59:25.307,-13.44375,20.268751,-29.587502,1050,1323,0
02-Aug-2024 18:59:25.407,-13.593751,20.15625,-29.512501,1050,1323,0
02-Aug-2024 18:59:25.507,-13.687501,20.0625,-29.493752,1050,1323,0
02-Aug-2024 18:59:25.607,-13.70625,20.081251,-29.512501,1050,1323,0
02-Aug-2024 18:59:25.707,-13.650001,20.081251,-29.400002,1050,1323,0
02-Aug-2024 18:59:25.807,-13.575001,20.1,-29.362501,1050,1323,0
02-Aug-2024 18:59:25.907,-13.70625,20.1,-29.475,1050,1323,0
02-Aug-2024 18:59:26.007,-13.762501,19.893751,-29.550001,1050,1323,0
02-Aug-2024 18:59:26.107,-13.70625,19.931252,-29.512501,1050,1323,0
02-Aug-2024 18:59:26.207,-13.687501,19.96875,-29.493752,1050,1323,0
02-Aug-2024 18:59:26.307,-13.650001,19.931252,-29.550001,1050,1323,0
02-Aug-2024 18:59:26.407,-13.762501,19.9125,-29.475,1050,1323,0
02-Aug-2024 18:59:26.507,-13.89375,19.856251,-29.531252,1050,1323,0
02-Aug-2024 18:59:26.607,-14.025001,19.856251,-29.456251,1050,1323,0
02-Aug-2024 18:59:26.707,-13.9875,19.837502,-29.343752,1050,1323,0
02-Aug-2024 18:59:26.807,-14.025001,19.987501,-29.437502,1050,1323,0
02-Aug-2024 18:59:26.907,-14.137501,19.893751,-29.587502,1050,1323,0
02-Aug-2024 18:59:27.007,-14.043751,19.931252,-29.643751,1050,1323,0
02-Aug-2024 18:59:27.107,-14.1,19.987501,-29.700001,1050,1323,0
02-Aug-2024 18:59:27.207,-14.156251,20.081251,-29.85,1050,1323,0
02-Aug-2024 18:59:27.307,-14.025001,20.19375,-29.812502,1050,1323,0
02-Aug-2024 18:59:27.407,-13.856251,20.118752,-29.85,1050,1323,0
02-Aug-2024 18:59:27.507,-13.9125,20.0625,-29.85,1050,1323,0
02-Aug-2024 18:59:27.607,-13.837501,20.025002,-29.775002,1050,1323,0
02-Aug-2024 18:59:27.707,-13.687501,20.231251,-29.793751,1050,1323,0
02-Aug-2024 18:59:27.807,-13.650001,20.118752,-29.775002,1050,1323,0
02-Aug-2024 18:59:27.907,-13.687501,20.137501,-29.718752,1050,1323,0
02-Aug-2024 18:59:28.007,-13.575001,20.0625,-29.700001,1050,1323,0
02-Aug-2024 18:59:28.107,-13.70625,19.9125,-29.737501,1050,1323,0
02-Aug-2024 18:59:28.207,-13.743751,19.987501,-29.718752,1050,1323,0
02-Aug-2024 18:59:28.307,-13.575001,19.950001,-29.775002,1050,1323,0
02-Aug-2024 18:59:28.407,-13.5375,19.931252,-29.718752,1050,1323,0
02-Aug-2024 18:59:28.507,-13.425,19.950001,-29.606251,1050,1323,0
02-Aug-2024 18:59:28.607,-13.312501,20.0625,-29.606251,1050,1323,0
02-Aug-2024 18:59:28.707,-13.33125,19.950001,-29.643751,1050,1323,0
02-Aug-2024 18:59:28.807,-13.387501,19.9125,-29.587502,1050,1323,0
02-Aug-2024 18:59:28.906,-13.275001,19.9125,-29.606251,1050,1323,0
02-Aug-2024 18:59:29.007,-13.181251,19.837502,-29.531252,1050,1323,0
02-Aug-2024 18:59:29.107,-13.125001,19.893751,-29.512501,1050,1323,0
02-Aug-2024 18:59:29.207,-13.125001,19.950001,-29.625002,1050,1323,0
02-Aug-2024 18:59:29.307,-13.218751,19.837502,-29.587502,1050,1323,0
02-Aug-2024 18:59:29.407,-13.33125,19.725,-29.606251,1050,1323,0
02-Aug-2024 18:59:29.507,-13.275001,19.81875,-29.606251,1050,1323,0
02-Aug-2024 18:59:29.607,-13.2375,19.837502,-29.587502,1050,1323,0
02-Aug-2024 18:59:29.707,-13.293751,19.875,-29.512501,1050,1323,0
02-Aug-2024 18:59:29.807,-13.33125,19.875,-29.681252,1050,1323,0
02-Aug-2024 18:59:29.907,-13.51875,19.9125,-29.643751,1050,1323,0
02-Aug-2024 18:59:30.007,-13.593751,19.931252,-29.531252,1050,1323,0
02-Aug-2024 18:59:30.107,-13.63125,19.81875,-29.512501,1050,1323,0
02-Aug-2024 18:59:30.207,-13.70625,19.893751,-29.493752,1050,1323,0
02-Aug-2024 18:59:30.307,-13.668751,19.875,-29.437502,1050,1323,0
02-Aug-2024 18:59:30.407,-13.650001,19.856251,-29.493752,1050,1323,0
02-Aug-2024 18:59:30.507,-13.687501,19.856251,-29.606251,1050,1323,0
02-Aug-2024 18:59:30.607,-13.743751,19.96875,-29.550001,1050,1323,0
02-Aug-2024 18:59:30.707,-13.593751,20.00625,-29.6625,1050,1323,0
02-Aug-2024 18:59:30.807,-13.593751,19.893751,-29.793751,1050,1323,0
02-Aug-2024 18:59:30.907,-13.593751,19.987501,-29.887501,1050,1323,0
02-Aug-2024 18:59:31.007,-13.51875,19.987501,-29.906252,1050,1323,0
02-Aug-2024 18:59:31.107,-13.44375,20.00625,-29.94375,1050,1323,0
02-Aug-2024 18:59:31.207,-13.44375,20.118752,-29.85,1050,1323,0
02-Aug-2024 18:59:31.307,-13.368751,20.118752,-29.793751,1050,1323,0
02-Aug-2024 18:59:31.407,-13.293751,20.0625,-29.75625,1050,1323,0
02-Aug-2024 18:59:31.507,-13.368751,19.96875,-29.700001,1050,1323,0
02-Aug-2024 18:59:31.607,-13.35,19.931252,-29.6625,1050,1323,0
02-Aug-2024 18:59:31.707,-13.44375,20.043751,-29.56875,1050,1323,0
02-Aug-2024 18:59:31.807,-13.425,20.043751,-29.6625,1050,1323,0
02-Aug-2024 18:59:31.907,-13.462501,19.987501,-29.625002,1050,1323,0
02-Aug-2024 18:59:46.207,-7.1625,17.0625,-19.63125,780,1323,0
02-Aug-2024 18:59:46.307,-7.10625,17.00625,-19.59375,780,1323,0
02-Aug-2024 18:59:46.407,-6.975,17.0625,-19.725,780,1323,0
02-Aug-2024 18:59:46.507,-6.99375,17.00625,-19.800001,780,1323,0
02-Aug-2024 18:59:46.607,-6.9,16.987501,-19.875,780,1323,0
02-Aug-2024 18:59:46.707,-6.975,16.9125,-19.950001,780,1323,0
02-Aug-2024 18:59:46.807,-6.975,17.00625,-20.081251,780,1323,0
02-Aug-2024 18:59:46.907,-6.99375,16.9125,-20.043751,780,1323,0
02-Aug-2024 18:59:47.007,-7.06875,16.78125,-20.00625,780,1323,0
02-Aug-2024 18:59:47.107,-6.99375,16.800001,-20.043751,780,1323,0
02-Aug-2024 18:59:47.207,-7.1625,16.743752,-20.081251,780,1323,0
02-Aug-2024 18:59:47.307,-7.10625,16.6875,-20.0625,780,1323,0
02-Aug-2024 18:59:47.407,-7.25625,16.59375,-20.0625,780,1323,0
02-Aug-2024 18:59:47.507,-7.36875,16.59375,-20.268751,780,1323,0
02-Aug-2024 18:59:47.607,-7.3875,16.575001,-20.1,780,1323,0
02-Aug-2024 18:59:47.707,-7.44375,16.668751,-20.137501,780,1323,0
02-Aug-2024 18:59:47.807,-7.44375,16.78125,-20.25,780,1323,0
02-Aug-2024 18:59:47.907,-7.4625,16.800001,-20.400002,780,1323,0
02-Aug-2024 18:59:48.007,-7.40625,16.81875,-20.362501,780,1323,0
02-Aug-2024 18:59:48.107,-7.55625,16.800001,-20.38125,780,1323,0
02-Aug-2024 18:59:48.207,-7.65,16.81875,-20.456251,780,1323,0
02-Aug-2024 18:59:48.307,-7.63125,16.837502,-20.418751,780,1323,0
02-Aug-2024 18:59:48.407,-7.8375,16.78125,-20.56875,780,1323,0
02-Aug-2024 18:59:48.507,-7.89375,16.800001,-20.6625,780,1323,0
02-Aug-2024 18:59:48.607,-7.875,16.81875,-20.681252,780,1323,0
02-Aug-2024 18:59:48.707,-7.9875,16.78125,-20.550001,780,1323,0
02-Aug-2024 18:59:48.807,-8.00625,16.893751,-20.512501,780,1323,0
02-Aug-2024 18:59:48.907,-7.95,17.00625,-20.512501,780,1323,0
02-Aug-2024 18:59:49.007,-7.96875,17.00625,-20.475,780,1323,0
02-Aug-2024 18:59:49.107,-7.9125,17.043751,-20.38125,780,1323,0
02-Aug-2024 18:59:49.207,-7.875,17.00625,-20.38125,780,1323,0
02-Aug-2024 18:59:49.307,-7.89375,16.837502,-20.2875,780,1323,0
02-Aug-2024 18:59:49.407,-8.00625,16.556252,-20.2875,780,1323,0
02-Aug-2024 18:59:49.507,-8.08125,16.5375,-20.268751,780,1323,0
02-Aug-2024 18:59:49.607,-8.19375,16.44375,-20.2875,780,1323,0
02-Aug-2024 18:59:49.707,-8.231251,16.387501,-20.15625,780,1323,0
02-Aug-2024 18:59:49.807,-8.26875,16.275002,-20.1,780,1323,0
02-Aug-2024 18:59:49.907,-8.4375,16.293751,-20.137501,780,1323,0
02-Aug-2024 18:59:50.007,-8.512501,16.368752,-20.025002,780,1323,0
02-Aug-2024 18:59:50.107,-8.493751,16.612501,-20.043751,780,1323,0
02-Aug-2024 18:59:50.207,-8.45625,16.725,-20.0625,780,1323,0
02-Aug-2024 18:59:50.307,-8.45625,16.81875,-20.137501,780,1323,0
02-Aug-2024 18:59:50.407,-8.4375,16.931252,-20.19375,780,1323,0
02-Aug-2024 18:59:50.507,-8.493751,16.9125,-20.2875,780,1323,0
02-Aug-2024 18:59:50.607,-8.400001,17.00625,-20.268751,780,1323,0
02-Aug-2024 18:59:50.707,-8.3625,16.875,-20.212502,780,1323,0
02-Aug-2024 18:59:50.807,-8.38125,16.78125,-20.25,780,1323,0
02-Aug-2024 18:59:50.907,-8.493751,16.612501,-20.306252,780,1323,0
02-Aug-2024 18:59:51.007,-8.512501,16.59375,-20.212502,780,1323,0
02-Aug-2024 18:59:51.107,-8.53125,16.575001,-20.1,780,1323,0
02-Aug-2024 18:59:51.207,-8.493751,16.518751,-19.9125,780,1323,0
02-Aug-2024 18:59:51.307,-8.45625,16.462502,-20.025002,780,1323,0
02-Aug-2024 18:59:51.407,-8.418751,16.5,-20.1,780,1323,0
02-Aug-2024 18:59:51.507,-8.400001,16.556252,-20.137501,780,1323,0
02-Aug-2024 18:59:51.607,-8.400001,16.63125,-20.19375,780,1323,0
02-Aug-2024 18:59:51.707,-8.3625,16.725,-20.2875,780,1323,0
02-Aug-2024 18:59:51.807,-8.475,16.706251,-20.306252,780,1323,0
02-Aug-2024 18:59:51.907,-8.475,16.612501,-20.268751,780,1323,0
02-Aug-2024 18:59:52.007,-8.55,16.5375,-20.456251,780,1323,0
02-Aug-2024 18:59:52.107,-8.606251,16.575001,-20.475,780,1323,0
02-Aug-2024 18:59:52.207,-8.75625,16.5375,-20.512501,780,1323,0
02-Aug-2024 18:59:52.307,-8.887501,16.518751,-20.53125,780,1323,0
02-Aug-2024 18:59:52.407,-8.85,16.575001,-20.456251,780,1323,0
02-Aug-2024 18:59:52.507,-8.775001,16.556252,-20.400002,780,1323,0
02-Aug-2024 18:59:52.607,-8.793751,16.575001,-20.362501,780,1323,0
02-Aug-2024 18:59:52.707,-8.793751,16.650002,-20.418751,780,1323,0
02-Aug-2024 18:59:52.807,-8.75625,16.668751,-20.38125,780,1323,0
02-Aug-2024 18:59:52.907,-8.8125,16.650002,-20.38125,780,1323,0
02-Aug-2024 18:59:53.007,-8.700001,16.63125,-20.306252,780,1323,0
02-Aug-2024 18:59:53.107,-8.681251,16.59375,-20.231251,780,1323,0
02-Aug-2024 18:59:53.206,-8.700001,16.5375,-20.362501,780,1323,0
02-Aug-2024 18:59:53.305,-8.71875,16.44375,-20.34375,780,1323,0
02-Aug-2024 18:59:53.405,-8.64375,16.425001,-20.4375,780,1323,0
02-Aug-2024 18:59:53.505,-8.64375,16.44375,-20.56875,780,1323,0
02-Aug-2024 18:59:53.605,-8.75625,16.368752,-20.643751,780,1323,0
02-Aug-2024 18:59:53.705,-8.71875,16.275002,-20.587502,780,1323,0
02-Aug-2024 18:59:53.805,-8.6625,16.293751,-20.6625,780,1323,0
02-Aug-2024 18:59:53.905,-8.606251,16.35,-20.775002,780,1323,0
02-Aug-2024 18:59:54.005,-8.606251,16.275002,-20.775002,780,1323,0
02-Aug-2024 18:59:54.105,-8.587501,16.387501,-20.831251,780,1323,0
02-Aug-2024 18:59:54.205,-8.53125,16.462502,-20.831251,780,1323,0
02-Aug-2024 18:59:54.305,-8.512501,16.44375,-20.71875,780,1323,0
02-Aug-2024 18:59:54.405,-8.325001,16.5,-20.6625,780,1323,0
02-Aug-2024 18:59:54.505,-8.2875,16.650002,-20.75625,780,1323,0
02-Aug-2024 18:59:54.605,-8.400001,16.5375,-20.75625,780,1323,0
02-Aug-2024 18:59:54.705,-8.3625,16.5375,-20.6625,780,1323,0
02-Aug-2024 18:59:54.805,-8.325001,16.556252,-20.6625,780,1323,0
02-Aug-2024 18:59:54.905,-8.475,16.63125,-20.681252,780,1323,0
02-Aug-2024 18:59:55.005,-8.493751,16.63125,-20.700001,780,1323,0
02-Aug-2024 18:59:55.105,-8.56875,16.556252,-20.775002,780,1323,0
02-Aug-2024 18:59:55.205,-8.625,16.556252,-20.831251,780,1323,0
02-Aug-2024 18:59:55.305,-8.6625,16.5,-20.700001,780,1323,0
02-Aug-2024 18:59:55.405,-8.606251,16.668751,-20.75625,780,1323,0
02-Aug-2024 18:59:55.505,-8.775001,16.78125,-20.793751,780,1323,0
02-Aug-2024 18:59:55.605,-8.700001,16.78125,-20.775002,780,1323,0
02-Aug-2024 18:59:55.705,-8.681251,16.650002,-20.737501,780,1323,0
02-Aug-2024 18:59:55.805,-8.793751,16.706251,-20.75625,780,1323,0
02-Aug-2024 18:59:55.905,-8.681251,16.762501,-20.775002,780,1323,0
02-Aug-2024 18:59:56.005,-8.625,16.743752,-20.71875,780,1323,0
02-Aug-2024 18:59:56.105,-8.587501,16.743752,-20.71875,780,1323,0
02-Aug-2024 19:00:07.705,-28.762501,-51.318752,-6.45,644,1323,0
02-Aug-2024 19:00:07.805,-28.462502,-51.431252,-6.31875,644,1323,0
02-Aug-2024 19:00:07.905,-28.1625,-51.450001,-6.1125,644,1323,0
02-Aug-2024 19:00:08.005,-27.918751,-51.506252,-5.98125,644,1323,0
02-Aug-2024 19:00:08.105,-27.731251,-51.543751,-5.68125,644,1323,0
02-Aug-2024 19:00:08.205,-27.487501,-51.656254,-5.49375,644,1323,0
02-Aug-2024 19:00:08.305,-27.206251,-51.806252,-5.475,644,1323,0
02-Aug-2024 19:00:08.405,-27.056252,-51.918751,-5.3625,644,1323,0
02-Aug-2024 19:00:08.505,-26.75625,-51.843754,-5.2125,644,1323,0
02-Aug-2024 19:00:08.605,-26.362501,-51.731251,-5.1375,644,1323,0
02-Aug-2024 19:00:08.705,-26.175001,-51.675003,-5.25,644,1323,0
02-Aug-2024 19:00:08.805,-26.081251,-51.581253,-5.25,644,1323,0
02-Aug-2024 19:00:08.905,-26.025002,-51.431252,-5.38125,644,1323,0
02-Aug-2024 19:00:09.005,-26.1,-51.037502,-5.4,644,1323,0
02-Aug-2024 19:00:09.105,-26.175001,-50.718754,-5.4,644,1323,0
02-Aug-2024 19:00:09.205,-26.325001,-50.325001,-5.475,644,1323,0
02-Aug-2024 19:00:09.305,-26.362501,-50.118752,-5.56875,644,1323,0
02-Aug-2024 19:00:09.405,-26.437502,-49.762501,-5.60625,644,1323,0
02-Aug-2024 19:00:09.505,-26.081251,-49.612503,-5.56875,644,1323,0
02-Aug-2024 19:00:09.605,-25.9125,-49.293751,-5.475,644,1323,0
02-Aug-2024 19:00:09.705,-25.556252,-48.937504,-5.30625,644,1323,0
02-Aug-2024 19:00:09.805,-25.218752,-48.768753,-5.2875,644,1323,0
02-Aug-2024 19:00:09.905,-25.012501,-48.675003,-5.15625,644,1323,0
02-Aug-2024 19:00:10.005,-24.656252,-48.600002,-4.96875,644,1323,0
02-Aug-2024 19:00:10.105,-24.468752,-48.543751,-4.89375,644,1323,0
02-Aug-2024 19:00:10.205,-24.262501,-48.506252,-4.85625,644,1323,0
02-Aug-2024 19:00:10.305,-24.393751,-48.393753,-4.875,644,1323,0
02-Aug-2024 19:00:10.405,-24.281252,-48.412502,-4.8375,644,1323,0
02-Aug-2024 19:00:10.505,-24.468752,-48.525002,-4.875,644,1323,0
02-Aug-2024 19:00:10.605,-24.525002,-48.506252,-4.85625,644,1323,0
02-Aug-2024 19:00:10.705,-24.562502,-48.487503,-4.8375,644,1323,0
02-Aug-2024 19:00:10.805,-24.656252,-48.450001,-4.96875,644,1323,0
02-Aug-2024 19:00:10.905,-24.69375,-48.375004,-4.9125,644,1323,0
02-Aug-2024 19:00:11.005,-24.900002,-48.262501,-4.95,644,1323,0
02-Aug-2024 19:00:11.105,-25.087502,-48.225002,-4.81875,644,1323,0
02-Aug-2024 19:00:11.205,-25.218752,-48.075001,-4.875,644,1323,0
02-Aug-2024 19:00:11.305,-25.293751,-48.056252,-4.8375,644,1323,0
02-Aug-2024 19:00:11.405,-25.44375,-48.075001,-4.9125,644,1323,0
02-Aug-2024 19:00:11.505,-25.650002,-48,-5.00625,644,1323,0
02-Aug-2024 19:00:11.605,-25.781252,-47.981251,-5.00625,644,1323,0
02-Aug-2024 19:00:11.705,-25.968752,-47.8125,-5.1375,644,1323,0
02-Aug-2024 19:00:11.805,-26.062502,-47.737503,-5.1,644,1323,0
02-Aug-2024 19:00:11.905,-26.19375,-47.568752,-5.30625,644,1323,0
02-Aug-2024 19:00:12.005,-26.343752,-47.587502,-5.38125,644,1323,0
02-Aug-2024 19:00:12.105,-26.437502,-47.381252,-5.53125,644,1323,0
02-Aug-2024 19:00:12.205,-26.456251,-47.081253,-5.60625,644,1323,0
02-Aug-2024 19:00:12.305,-26.418751,-46.912502,-5.5875,644,1323,0
02-Aug-2024 19:00:12.405,-26.325001,-46.725002,-5.625,644,1323,0
02-Aug-2024 19:00:12.505,-26.2875,-46.6875,-5.7,644,1323,0
02-Aug-2024 19:00:12.605,-26.175001,-46.631252,-5.75625,644,1323,0
02-Aug-2024 19:00:12.705,-26.062502,-46.556252,-5.68125,644,1323,0
02-Aug-2024 19:00:12.805,-25.987501,-46.350002,-5.68125,644,1323,0
02-Aug-2024 19:00:12.905,-26.00625,-46.293751,-5.6625,644,1323,0
02-Aug-2024 19:00:13.005,-25.893751,-46.368752,-5.60625,644,1323,0
02-Aug-2024 19:00:13.105,-25.856251,-46.293751,-5.7,644,1323,0
02-Aug-2024 19:00:13.205,-25.893751,-46.350002,-5.68125,644,1323,0
02-Aug-2024 19:00:13.305,-25.781252,-46.350002,-5.56875,644,1323,0
02-Aug-2024 19:00:13.405,-25.856251,-46.275002,-5.475,644,1323,0
02-Aug-2024 19:00:13.505,-25.725,-46.256252,-5.4,644,1323,0
02-Aug-2024 19:00:13.605,-25.687502,-46.275002,-5.38125,644,1323,0
02-Aug-2024 19:00:13.705,-25.575001,-46.3125,-5.38125,644,1323,0
02-Aug-2024 19:00:13.805,-25.481251,-46.331253,-5.30625,644,1323,0
02-Aug-2024 19:00:13.905,-25.293751,-46.40625,-5.11875,644,1323,0
02-Aug-2024 19:00:14.005,-25.181252,-46.331253,-5.1,644,1323,0
02-Aug-2024 19:00:14.105,-25.031252,-46.21875,-5.04375,644,1323,0
02-Aug-2024 19:00:14.205,-24.862501,-46.3125,-5.1375,644,1323,0
02-Aug-2024 19:00:14.305,-24.825001,-46.443752,-5.1,644,1323,0
02-Aug-2024 19:00:14.405,-24.675001,-46.5,-5.04375,644,1323,0
02-Aug-2024 19:00:14.505,-24.487501,-46.575001,-4.9125,644,1323,0
02-Aug-2024 19:00:14.605,-24.450001,-46.575001,-4.95,644,1323,0
02-Aug-2024 19:00:14.705,-24.431252,-46.706253,-4.89375,644,1323,0
02-Aug-2024 19:00:14.805,-24.431252,-46.893753,-4.78125,644,1323,0
02-Aug-2024 19:00:14.905,-24.543751,-47.193752,-4.81875,644,1323,0
02-Aug-2024 19:00:15.005,-24.543751,-47.268753,-4.725,644,1323,0
02-Aug-2024 19:00:15.105,-24.450001,-47.381252,-4.65,644,1323,0
02-Aug-2024 19:00:15.205,-24.337502,-47.568752,-4.6125,644,1323,0
02-Aug-2024 19:00:15.305,-24.168751,-47.53125,-4.55625,644,1323,0
02-Aug-2024 19:00:15.405,-24.187502,-47.775002,-4.48125,644,1323,0
02-Aug-2024 19:00:15.505,-24.112501,-47.831253,-4.59375,644,1323,0
02-Aug-2024 19:00:15.605,-24,-47.925003,-4.59375,644,1323,0
02-Aug-2024 19:00:15.705,-23.868752,-47.925003,-4.425,644,1323,0
02-Aug-2024 19:00:15.805,-23.831251,-47.925003,-4.5,644,1323,0
02-Aug-2024 19:00:15.905,-23.887501,-47.8125,-4.55625,644,1323,0
02-Aug-2024 19:00:16.005,-23.90625,-47.793751,-4.55625,644,1323,0
02-Aug-2024 19:00:16.105,-24.018751,-47.831253,-4.6875,644,1323,0
02-Aug-2024 19:00:16.205,-24.018751,-47.662502,-4.6875,644,1323,0
02-Aug-2024 19:00:16.305,-23.925001,-47.662502,-4.55625,644,1323,0
02-Aug-2024 19:00:16.405,-23.981251,-47.493752,-4.51875,644,1323,0
02-Aug-2024 19:00:16.505,-23.90625,-47.475002,-4.65,644,1323,0
02-Aug-2024 19:00:16.605,-23.90625,-47.493752,-4.575,644,1323,0
02-Aug-2024 19:00:16.705,-23.8125,-47.493752,-4.59375,644,1323,0
02-Aug-2024 19:00:16.805,-23.8125,-47.475002,-4.59375,644,1323,0
02-Aug-2024 19:00:16.905,-23.831251,-47.493752,-4.5375,644,1323,0
02-Aug-2024 19:00:17.005,-23.793751,-47.587502,-4.575,644,1323,0
02-Aug-2024 19:00:17.105,-23.868752,-47.512501,-4.55625,644,1323,0
02-Aug-2024 19:00:17.205,-23.94375,-47.606251,-4.63125,644,1323,0
02-Aug-2024 19:00:17.305,-24.018751,-47.625,-4.6125,644,1323,0
02-Aug-2024 19:00:17.405,-23.94375,-47.606251,-4.6875,644,1323,0
02-Aug-2024 19:00:17.505,-24,-47.737503,-4.5375,644,1323,0
02-Aug-2024 19:00:17.605,-24.018751,-47.700001,-4.575,644,1323,0
02-Aug-2024 19:00:30.805,-43.368752,-18.337502,-15.375001,582,1125,0
02-Aug-2024 19:00:30.905,-43.331253,-18.46875,-15.4125,582,1125,0
02-Aug-2024 19:00:31.005,-43.40625,-18.450001,-15.39375,582,1125,0
02-Aug-2024 19:00:31.105,-43.256252,-18.337502,-15.375001,582,1125,0
02-Aug-2024 19:00:31.205,-43.3125,-18.431252,-15.4125,582,1125,0
02-Aug-2024 19:00:31.305,-43.368752,-18.393751,-15.337501,582,1125,0
02-Aug-2024 19:00:31.405,-43.21875,-18.4125,-15.262501,582,1125,0
02-Aug-2024 19:00:31.505,-43.425003,-18.431252,-15.225,582,1125,0
02-Aug-2024 19:00:31.605,-43.518753,-18.393751,-15.150001,582,1125,0
02-Aug-2024 19:00:31.705,-43.575001,-18.4125,-15.093751,582,1125,0
02-Aug-2024 19:00:31.805,-43.518753,-18.618752,-14.981251,582,1125,0
02-Aug-2024 19:00:31.905,-43.575001,-18.768751,-14.906251,582,1125,0
02-Aug-2024 19:00:32.005,-43.537502,-18.69375,-14.775001,582,1125,0
02-Aug-2024 19:00:32.105,-43.575001,-18.69375,-14.812501,582,1125,0
02-Aug-2024 19:00:32.205,-43.800003,-18.69375,-14.83125,582,1125,0
02-Aug-2024 19:00:32.305,-43.668751,-18.75,-14.925,582,1125,0
02-Aug-2024 19:00:32.405,-43.706253,-18.84375,-14.962501,582,1125,0
02-Aug-2024 19:00:32.505,-43.650002,-18.862501,-14.962501,582,1125,0
02-Aug-2024 19:00:32.605,-43.668751,-18.825001,-15.13125,582,1125,0
02-Aug-2024 19:00:32.705,-43.706253,-18.9375,-15.20625,582,1125,0
02-Aug-2024 19:00:32.805,-43.59375,-18.975,-15.262501,582,1125,0
02-Aug-2024 19:00:32.905,-43.462502,-18.918751,-15.187501,582,1125,0
02-Aug-2024 19:00:33.005,-43.350002,-18.975,-15.187501,582,1125,0
02-Aug-2024 19:00:33.105,-43.350002,-18.900002,-15.093751,582,1125,0
02-Aug-2024 19:00:33.205,-43.293751,-18.918751,-15.01875,582,1125,0
02-Aug-2024 19:00:33.305,-43.368752,-18.900002,-15.075001,582,1125,0
02-Aug-2024 19:00:33.405,-43.462502,-18.84375,-14.94375,582,1125,0
02-Aug-2024 19:00:33.504,-43.443752,-18.825001,-15.01875,582,1125,0
02-Aug-2024 19:00:33.605,-43.518753,-18.9375,-15.000001,582,1125,0
02-Aug-2024 19:00:33.705,-43.518753,-19.03125,-15.0375,582,1125,0
02-Aug-2024 19:00:33.805,-43.575001,-19.012501,-14.962501,582,1125,0
02-Aug-2024 19:00:33.905,-43.537502,-18.9375,-14.94375,582,1125,0
02-Aug-2024 19:00:34.005,-43.59375,-18.768751,-14.981251,582,1125,0
02-Aug-2024 19:00:34.105,-43.575001,-18.84375,-14.85,582,1125,0
02-Aug-2024 19:00:34.205,-43.518753,-18.7875,-14.83125,582,1125,0
02-Aug-2024 19:00:34.305,-43.537502,-18.768751,-14.775001,582,1125,0
02-Aug-2024 19:00:34.405,-43.612503,-18.69375,-14.681251,582,1125,0
02-Aug-2024 19:00:34.505,-43.650002,-18.618752,-14.55,582,1125,0
02-Aug-2024 19:00:34.605,-43.650002,-18.637501,-14.64375,582,1125,0
02-Aug-2024 19:00:34.705,-43.725002,-18.6,-14.6625,582,1125,0
02-Aug-2024 19:00:34.805,-43.631252,-18.65625,-14.625001,582,1125,0
02-Aug-2024 19:00:34.905,-43.631252,-18.581251,-14.6625,582,1125,0
02-Aug-2024 19:00:35.005,-43.650002,-18.65625,-14.606251,582,1125,0
02-Aug-2024 19:00:35.105,-43.650002,-18.543751,-14.587501,582,1125,0
02-Aug-2024 19:00:35.205,-43.59375,-18.5625,-14.718751,582,1125,0
02-Aug-2024 19:00:35.305,-43.575001,-18.46875,-14.83125,582,1125,0
02-Aug-2024 19:00:35.405,-43.556252,-18.450001,-14.85,582,1125,0
02-Aug-2024 19:00:35.505,-43.59375,-18.6,-14.925,582,1125,0
02-Aug-2024 19:00:35.605,-43.725002,-18.637501,-14.94375,582,1125,0
02-Aug-2024 19:00:35.705,-43.668751,-18.69375,-14.962501,582,1125,0
02-Aug-2024 19:00:35.805,-43.59375,-18.768751,-15.1125,582,1125,0
02-Aug-2024 19:00:35.905,-43.481251,-18.862501,-15.13125,582,1125,0
02-Aug-2024 19:00:36.005,-43.462502,-18.918751,-15.056251,582,1125,0
02-Aug-2024 19:00:36.105,-43.575001,-19.1625,-15.150001,582,1125,0
02-Aug-2024 19:00:36.205,-43.612503,-19.106251,-15.168751,582,1125,0
02-Aug-2024 19:00:36.305,-43.518753,-19.125,-15.075001,582,1125,0
02-Aug-2024 19:00:36.405,-43.387501,-19.087502,-15.000001,582,1125,0
02-Aug-2024 19:00:36.505,-43.462502,-19.125,-14.94375,582,1125,0
02-Aug-2024 19:00:36.605,-43.387501,-18.975,-14.925,582,1125,0
02-Aug-2024 19:00:36.705,-43.481251,-18.9375,-14.887501,582,1125,0
02-Aug-2024 19:00:36.805,-43.556252,-18.825001,-14.981251,582,1125,0
02-Aug-2024 19:00:36.905,-43.425003,-18.675001,-14.925,582,1125,0
02-Aug-2024 19:00:37.005,-43.350002,-18.7875,-14.85,582,1125,0
02-Aug-2024 19:00:37.105,-43.331253,-18.675001,-14.925,582,1125,0
02-Aug-2024 19:00:37.205,-43.350002,-18.825001,-14.906251,582,1125,0
02-Aug-2024 19:00:37.305,-43.387501,-18.900002,-14.94375,582,1125,0
02-Aug-2024 19:00:37.405,-43.5,-18.975,-14.962501,582,1125,0
02-Aug-2024 19:00:37.505,-43.387501,-18.993752,-14.981251,582,1125,0
02-Aug-2024 19:00:37.605,-43.40625,-19.012501,-14.962501,582,1125,0
02-Aug-2024 19:00:37.705,-43.518753,-19.012501,-14.962501,582,1125,0
02-Aug-2024 19:00:37.805,-43.59375,-19.03125,-14.94375,582,1125,0
02-Aug-2024 19:00:37.905,-43.6875,-19.1625,-15.000001,582,1125,0
02-Aug-2024 19:00:38.005,-43.743752,-19.087502,-15.056251,582,1125,0
02-Aug-2024 19:00:38.105,-43.743752,-18.975,-15.1125,582,1125,0
02-Aug-2024 19:00:38.205,-43.725002,-18.993752,-15.093751,582,1125,0
02-Aug-2024 19:00:38.305,-43.800003,-18.993752,-15.0375,582,1125,0
02-Aug-2024 19:00:38.405,-43.78125,-18.9375,-15.093751,582,1125,0
02-Aug-2024 19:00:38.505,-43.800003,-18.993752,-15.0375,582,1125,0
02-Aug-2024 19:00:38.605,-43.650002,-18.918751,-15.093751,582,1125,0
02-Aug-2024 19:00:38.705,-43.631252,-18.918751,-15.1125,582,1125,0
02-Aug-2024 19:00:38.805,-43.706253,-18.88125,-15.20625,582,1125,0
02-Aug-2024 19:00:38.905,-43.743752,-19.03125,-15.225,582,1125,0
02-Aug-2024 19:00:39.005,-43.762501,-19.050001,-15.187501,582,1125,0
02-Aug-2024 19:00:39.105,-43.800003,-19.012501,-15.225,582,1125,0
02-Aug-2024 19:00:39.205,-43.743752,-19.106251,-15.168751,582,1125,0
02-Aug-2024 19:00:39.305,-43.668751,-18.993752,-15.3,582,1125,0
02-Aug-2024 19:00:39.405,-43.743752,-18.975,-15.3,582,1125,0
02-Aug-2024 19:00:39.505,-43.837502,-18.9375,-15.3,582,1125,0
02-Aug-2024 19:00:39.605,-43.706253,-18.956251,-15.187501,582,1125,0
02-Aug-2024 19:00:39.705,-43.650002,-18.9375,-15.187501,582,1125,0
02-Aug-2024 19:00:39.805,-43.668751,-18.825001,-15.356251,582,1125,0
02-Aug-2024 19:00:39.905,-43.650002,-18.9375,-15.431251,582,1125,0
02-Aug-2024 19:00:40.005,-43.650002,-18.918751,-15.39375,582,1125,0
02-Aug-2024 19:00:40.105,-43.706253,-19.03125,-15.3,582,1125,0
02-Aug-2024 19:00:40.205,-43.743752,-19.087502,-15.4125,582,1125,0
02-Aug-2024 19:00:40.305,-43.650002,-19.06875,-15.4125,582,1125,0
02-Aug-2024 19:00:40.405,-43.631252,-19.03125,-15.468751,582,1125,0
02-Aug-2024 19:00:40.505,-43.650002,-18.9375,-15.431251,582,1125,0
02-Aug-2024 19:00:40.605,-43.762501,-19.050001,-15.39375,582,1125,0
02-Aug-2024 19:00:40.705,-43.6875,-18.993752,-15.468751,582,1125,0
02-Aug-2024 19:01:00.007,43.087502,-18.50625,-17.306252,530,1270,0
02-Aug-2024 19:01:00.107,43.125,-18.675001,-17.268751,530,1270,0
02-Aug-2024 19:01:00.207,43.068752,-18.581251,-17.19375,530,1270,0
02-Aug-2024 19:01:00.307,43.012501,-18.525002,-17.19375,530,1270,0
02-Aug-2024 19:01:00.407,42.9375,-18.543751,-17.19375,530,1270,0
02-Aug-2024 19:01:00.507,42.881252,-18.581251,-17.118752,530,1270,0
02-Aug-2024 19:01:00.607,42.9375,-18.450001,-17.231251,530,1270,0
02-Aug-2024 19:01:00.707,42.881252,-18.300001,-17.2875,530,1270,0
02-Aug-2024 19:01:00.807,42.768753,-18.168751,-17.268751,530,1270,0
02-Aug-2024 19:01:00.907,42.768753,-17.962502,-17.19375,530,1270,0
02-Aug-2024 19:01:01.007,42.768753,-17.793751,-17.1,530,1270,0
02-Aug-2024 19:01:01.107,42.712502,-17.625,-17.15625,530,1270,0
02-Aug-2024 19:01:01.207,42.731251,-17.456251,-17.175001,530,1270,0
02-Aug-2024 19:01:01.307,42.881252,-17.231251,-17.212502,530,1270,0
02-Aug-2024 19:01:01.407,42.731251,-17.0625,-17.19375,530,1270,0
02-Aug-2024 19:01:01.507,42.768753,-16.893751,-17.137501,530,1270,0
02-Aug-2024 19:01:01.607,42.75,-16.893751,-17.268751,530,1270,0
02-Aug-2024 19:01:01.707,42.787502,-16.743752,-17.306252,530,1270,0
02-Aug-2024 19:01:01.807,42.731251,-16.650002,-17.34375,530,1270,0
02-Aug-2024 19:01:01.907,42.862503,-16.668751,-17.212502,530,1270,0
02-Aug-2024 19:01:02.007,42.825001,-16.800001,-17.19375,530,1270,0
02-Aug-2024 19:01:02.107,42.581253,-16.762501,-17.137501,530,1270,0
02-Aug-2024 19:01:02.207,42.712502,-16.6875,-17.175001,530,1270,0
02-Aug-2024 19:01:02.307,42.637501,-16.706251,-17.15625,530,1270,0
02-Aug-2024 19:01:02.407,42.787502,-16.650002,-16.987501,530,1270,0
02-Aug-2024 19:01:02.507,42.693752,-16.837502,-16.950001,530,1270,0
02-Aug-2024 19:01:02.607,42.787502,-16.96875,-16.96875,530,1270,0
02-Aug-2024 19:01:02.707,42.637501,-17.00625,-17.1,530,1270,0
02-Aug-2024 19:01:02.807,42.712502,-16.893751,-17.137501,530,1270,0
02-Aug-2024 19:01:02.907,42.825001,-17.025002,-17.137501,530,1270,0
02-Aug-2024 19:01:03.007,42.900002,-16.987501,-17.0625,530,1270,0
02-Aug-2024 19:01:03.107,42.975002,-16.875,-17.00625,530,1270,0
02-Aug-2024 19:01:03.207,42.75,-16.875,-17.043751,530,1270,0
02-Aug-2024 19:01:03.307,42.731251,-16.743752,-17.1,530,1270,0
02-Aug-2024 19:01:03.407,42.65625,-16.575001,-17.043751,530,1270,0
02-Aug-2024 19:01:03.507,42.675003,-16.387501,-16.96875,530,1270,0
02-Aug-2024 19:01:03.607,42.675003,-16.3125,-17.025002,530,1270,0
02-Aug-2024 19:01:03.707,42.65625,-16.25625,-17.025002,530,1270,0
02-Aug-2024 19:01:03.807,42.600002,-16.387501,-17.00625,530,1270,0
02-Aug-2024 19:01:03.907,42.543751,-16.40625,-16.987501,530,1270,0
02-Aug-2024 19:01:04.007,42.693752,-16.293751,-17.043751,530,1270,0
02-Aug-2024 19:01:04.107,42.84375,-16.40625,-17.0625,530,1270,0
02-Aug-2024 19:01:04.207,42.84375,-16.40625,-17.15625,530,1270,0
02-Aug-2024 19:01:04.307,42.900002,-16.5375,-17.175001,530,1270,0
02-Aug-2024 19:01:04.407,42.9375,-16.650002,-17.137501,530,1270,0
02-Aug-2024 19:01:04.507,42.9375,-16.743752,-17.15625,530,1270,0
02-Aug-2024 19:01:04.607,43.03125,-16.81875,-17.175001,530,1270,0
02-Aug-2024 19:01:04.707,43.087502,-16.893751,-17.2875,530,1270,0
02-Aug-2024 19:01:04.807,43.068752,-17.0625,-17.34375,530,1270,0
02-Aug-2024 19:01:04.907,42.975002,-17.00625,-17.268751,530,1270,0
02-Aug-2024 19:01:05.007,42.993752,-17.0625,-17.19375,530,1270,0
02-Aug-2024 19:01:05.107,43.012501,-17.137501,-17.212502,530,1270,0
02-Aug-2024 19:01:05.207,42.881252,-16.987501,-17.1,530,1270,0
02-Aug-2024 19:01:05.307,42.881252,-16.81875,-17.175001,530,1270,0
02-Aug-2024 19:01:05.407,42.862503,-16.743752,-17.15625,530,1270,0
02-Aug-2024 19:01:05.507,42.84375,-16.6875,-17.0625,530,1270,0
02-Aug-2024 19:01:05.607,42.75,-16.650002,-16.893751,530,1270,0
02-Aug-2024 19:01:05.707,42.768753,-16.556252,-16.856251,530,1270,0
02-Aug-2024 19:01:05.807,42.75,-16.5375,-16.81875,530,1270,0
02-Aug-2024 19:01:05.907,42.768753,-16.5375,-16.743752,530,1270,0
02-Aug-2024 19:01:06.007,42.768753,-16.63125,-16.856251,530,1270,0
02-Aug-2024 19:01:06.107,42.712502,-16.78125,-16.837502,530,1270,0
02-Aug-2024 19:01:06.207,42.693752,-16.6875,-16.875,530,1270,0
02-Aug-2024 19:01:06.307,42.675003,-16.81875,-16.931252,530,1270,0
02-Aug-2024 19:01:06.407,42.675003,-16.837502,-16.96875,530,1270,0
02-Aug-2024 19:01:06.507,42.675003,-16.931252,-17.043751,530,1270,0
02-Aug-2024 19:01:06.607,42.65625,-17.043751,-17.0625,530,1270,0
02-Aug-2024 19:01:06.707,42.65625,-17.043751,-17.0625,530,1270,0
02-Aug-2024 19:01:06.807,42.600002,-17.081251,-17.0625,530,1270,0
02-Aug-2024 19:01:06.907,42.787502,-17.025002,-16.950001,530,1270,0
02-Aug-2024 19:01:07.007,42.75,-17.137501,-17.00625,530,1270,0
02-Aug-2024 19:01:07.107,42.712502,-17.175001,-17.00625,530,1270,0
02-Aug-2024 19:01:07.207,42.806252,-17.212502,-17.0625,530,1270,0
02-Aug-2024 19:01:07.307,42.825001,-17.34375,-16.9125,530,1270,0
02-Aug-2024 19:01:07.407,42.9375,-17.325001,-17.00625,530,1270,0
02-Aug-2024 19:01:07.507,42.900002,-17.325001,-17.19375,530,1270,0
02-Aug-2024 19:01:07.607,42.993752,-17.362501,-17.137501,530,1270,0
02-Aug-2024 19:01:07.707,42.900002,-17.456251,-17.175001,530,1270,0
02-Aug-2024 19:01:07.807,42.9375,-17.56875,-17.175001,530,1270,0
02-Aug-2024 19:01:07.907,42.900002,-17.681252,-17.175001,530,1270,0
02-Aug-2024 19:01:08.007,42.862503,-17.606251,-17.306252,530,1270,0
02-Aug-2024 19:01:08.107,42.75,-17.625,-17.418751,530,1270,0
02-Aug-2024 19:01:08.207,42.581253,-17.625,-17.362501,530,1270,0
02-Aug-2024 19:01:08.307,42.600002,-17.643751,-17.175001,530,1270,0
02-Aug-2024 19:01:08.407,42.525002,-17.643751,-17.043751,530,1270,0
02-Aug-2024 19:01:08.507,42.46875,-17.681252,-17.175001,530,1270,0
02-Aug-2024 19:01:08.607,42.412502,-17.56875,-16.987501,530,1270,0
02-Aug-2024 19:01:08.707,42.543751,-17.512501,-17.025002,530,1270,0
02-Aug-2024 19:01:08.807,42.65625,-17.493752,-16.950001,530,1270,0
02-Aug-2024 19:01:08.907,42.918751,-17.2875,-16.9125,530,1270,0
02-Aug-2024 19:01:09.007,42.993752,-17.231251,-16.950001,530,1270,0
02-Aug-2024 19:01:09.107,43.012501,-17.15625,-17.025002,530,1270,0
02-Aug-2024 19:01:09.207,43.068752,-17.1,-17.268751,530,1270,0
02-Aug-2024 19:01:09.307,43.087502,-17.043751,-17.175001,530,1270,0
02-Aug-2024 19:01:09.407,43.068752,-17.0625,-17.325001,530,1270,0
02-Aug-2024 19:01:09.507,43.068752,-17.00625,-17.231251,530,1270,0
02-Aug-2024 19:01:09.607,42.900002,-17.118752,-17.0625,530,1270,0
02-Aug-2024 19:01:09.707,42.731251,-17.231251,-17.0625,530,1270,0
02-Aug-2024 19:01:09.807,42.787502,-17.231251,-16.987501,530,1270,0
02-Aug-2024 19:01:09.907,42.806252,-17.268751,-17.0625,530,1270,0
02-Aug-2024 19:01:24.210,4.74375,-72.300003,-16.950001,530,1380,0
02-Aug-2024 19:01:24.310,4.65,-72.225006,-16.856251,530,1380,0
02-Aug-2024 19:01:24.410,4.725,-72.1875,-16.668751,530,1380,0
02-Aug-2024 19:01:24.510,4.81875,-72.206253,-16.59375,530,1380,0
02-Aug-2024 19:01:24.610,4.8375,-72.168755,-16.63125,530,1380,0
02-Aug-2024 19:01:24.710,5.04375,-72.131256,-16.81875,530,1380,0
02-Aug-2024 19:01:24.810,5.15625,-72.09375,-17.00625,530,1380,0
02-Aug-2024 19:01:24.910,5.1375,-72.037506,-17.25,530,1380,0
02-Aug-2024 19:01:25.010,5.15625,-72.056252,-17.418751,530,1380,0
02-Aug-2024 19:01:25.110,5.2125,-72.131256,-17.475,530,1380,0
02-Aug-2024 19:01:25.210,5.0625,-72.037506,-17.6625,530,1380,0
02-Aug-2024 19:01:25.310,5.1375,-71.868752,-17.887501,530,1380,0
02-Aug-2024 19:01:25.410,5.15625,-71.887505,-17.981251,530,1380,0
02-Aug-2024 19:01:25.510,5.1,-71.793755,-17.962502,530,1380,0
02-Aug-2024 19:01:25.610,5.11875,-71.8125,-18.056252,530,1380,0
02-Aug-2024 19:01:25.710,5.2875,-71.71875,-18.13125,530,1380,0
02-Aug-2024 19:01:25.810,5.34375,-71.662506,-18.09375,530,1380,0
02-Aug-2024 19:01:25.910,5.475,-71.550003,-18.300001,530,1380,0
02-Aug-2024 19:01:26.010,5.55,-71.643753,-18.31875,530,1380,0
02-Aug-2024 19:01:26.110,5.53125,-71.756256,-18.28125,530,1380,0
02-Aug-2024 19:01:26.210,5.5125,-71.71875,-18.225,530,1380,0
02-Aug-2024 19:01:26.310,5.56875,-71.756256,-18.31875,530,1380,0
02-Aug-2024 19:01:26.410,5.56875,-71.737503,-18.337502,530,1380,0
02-Aug-2024 19:01:26.510,5.55,-71.737503,-18.28125,530,1380,0
02-Aug-2024 19:01:26.610,5.475,-71.700005,-18.337502,530,1380,0
02-Aug-2024 19:01:26.710,5.4375,-71.71875,-18.225,530,1380,0
02-Aug-2024 19:01:26.810,5.4,-71.662506,-18.243752,530,1380,0
02-Aug-2024 19:01:26.910,5.4,-71.606255,-18.300001,530,1380,0
02-Aug-2024 19:01:27.010,5.4375,-71.512505,-18.337502,530,1380,0
02-Aug-2024 19:01:27.109,5.38125,-71.550003,-18.300001,530,1380,0
02-Aug-2024 19:01:27.210,5.41875,-71.550003,-18.356251,530,1380,0
02-Aug-2024 19:01:27.310,5.38125,-71.643753,-18.450001,530,1380,0
02-Aug-2024 19:01:27.410,5.53125,-71.71875,-18.450001,530,1380,0
02-Aug-2024 19:01:27.510,5.55,-71.662506,-18.637501,530,1380,0
02-Aug-2024 19:01:27.610,5.5875,-71.643753,-18.75,530,1380,0
02-Aug-2024 19:01:27.710,5.75625,-71.643753,-18.806252,530,1380,0
02-Aug-2024 19:01:27.810,5.85,-71.643753,-18.9375,530,1380,0
02-Aug-2024 19:01:27.910,5.83125,-71.587502,-18.993752,530,1380,0
02-Aug-2024 19:01:28.010,5.98125,-71.568756,-18.900002,530,1380,0
02-Aug-2024 19:01:28.110,5.98125,-71.53125,-18.918751,530,1380,0
02-Aug-2024 19:01:28.210,5.925,-71.475006,-18.956251,530,1380,0
02-Aug-2024 19:01:28.310,6.0375,-71.456253,-18.956251,530,1380,0
02-Aug-2024 19:01:28.410,6.20625,-71.550003,-18.862501,530,1380,0
02-Aug-2024 19:01:28.510,6.1125,-71.475006,-18.918751,530,1380,0
02-Aug-2024 19:01:28.610,6.15,-71.493752,-18.918751,530,1380,0
02-Aug-2024 19:01:28.710,6.225,-71.568756,-18.900002,530,1380,0
02-Aug-2024 19:01:28.810,6.225,-71.550003,-18.84375,530,1380,0
02-Aug-2024 19:01:28.910,6.24375,-71.550003,-18.69375,530,1380,0
02-Aug-2024 19:01:29.010,6.3375,-71.53125,-18.69375,530,1380,0
02-Aug-2024 19:01:29.110,6.2625,-71.568756,-18.731251,530,1380,0
02-Aug-2024 19:01:29.210,6.20625,-71.568756,-18.768751,530,1380,0
02-Aug-2024 19:01:29.310,6.1875,-71.568756,-18.768751,530,1380,0
02-Aug-2024 19:01:29.410,6.225,-71.681252,-18.7875,530,1380,0
02-Aug-2024 19:01:29.510,6.3375,-71.625,-18.7875,530,1380,0
02-Aug-2024 19:01:29.610,6.225,-71.643753,-18.9375,530,1380,0
02-Aug-2024 19:01:29.710,6.24375,-71.643753,-18.975,530,1380,0
02-Aug-2024 19:01:29.810,6.1875,-71.625,-18.88125,530,1380,0
02-Aug-2024 19:01:29.910,6.16875,-71.568756,-18.806252,530,1380,0
02-Aug-2024 19:01:30.010,6.1875,-71.568756,-18.900002,530,1380,0
02-Aug-2024 19:01:30.110,6.13125,-71.681252,-18.862501,530,1380,0
02-Aug-2024 19:01:30.210,6.01875,-71.550003,-18.731251,530,1380,0
02-Aug-2024 19:01:30.310,5.85,-71.550003,-18.75,530,1380,0
02-Aug-2024 19:01:30.410,5.8125,-71.587502,-18.675001,530,1380,0
02-Aug-2024 19:01:30.510,5.90625,-71.587502,-18.65625,530,1380,0
02-Aug-2024 19:01:30.610,5.925,-71.568756,-18.75,530,1380,0
02-Aug-2024 19:01:30.710,5.9625,-71.550003,-18.862501,530,1380,0
02-Aug-2024 19:01:30.809,5.98125,-71.550003,-18.7875,530,1380,0
02-Aug-2024 19:01:30.910,6.1125,-71.493752,-18.75,530,1380,0
02-Aug-2024 19:01:31.010,6.225,-71.512505,-18.7875,530,1380,0
02-Aug-2024 19:01:31.110,6.3,-71.587502,-18.75,530,1380,0
02-Aug-2024 19:01:31.210,6.4125,-71.456253,-18.900002,530,1380,0
02-Aug-2024 19:01:31.310,6.39375,-71.4375,-18.993752,530,1380,0
02-Aug-2024 19:01:31.410,6.4125,-71.587502,-18.9375,530,1380,0
02-Aug-2024 19:01:31.510,6.4125,-71.662506,-18.806252,530,1380,0
02-Aug-2024 19:01:31.610,6.3375,-71.606255,-18.806252,530,1380,0
02-Aug-2024 19:01:31.710,6.24375,-71.493752,-18.88125,530,1380,0
02-Aug-2024 19:01:31.810,6.1875,-71.400002,-18.84375,530,1380,0
02-Aug-2024 19:01:31.910,6.05625,-71.268753,-18.918751,530,1380,0
02-Aug-2024 19:01:32.010,6.01875,-71.362503,-18.768751,530,1380,0
02-Aug-2024 19:01:32.110,5.925,-71.4375,-18.806252,530,1380,0
02-Aug-2024 19:01:32.210,5.775,-71.287506,-18.956251,530,1380,0
02-Aug-2024 19:01:32.310,5.71875,-71.268753,-19.012501,530,1380,0
02-Aug-2024 19:01:32.410,5.7,-71.268753,-19.012501,530,1380,0
02-Aug-2024 19:01:32.510,5.775,-71.475006,-18.956251,530,1380,0
02-Aug-2024 19:01:32.610,5.7375,-71.587502,-19.012501,530,1380,0
02-Aug-2024 19:01:32.710,5.75625,-71.71875,-18.9375,530,1380,0
02-Aug-2024 19:01:32.810,5.6625,-71.700005,-18.956251,530,1380,0
02-Aug-2024 19:01:32.910,5.68125,-71.793755,-18.825001,530,1380,0
02-Aug-2024 19:01:33.010,5.68125,-71.90625,-18.5625,530,1380,0
02-Aug-2024 19:01:33.110,5.775,-71.850006,-18.50625,530,1380,0
02-Aug-2024 19:01:33.210,5.83125,-71.90625,-18.393751,530,1380,0
02-Aug-2024 19:01:33.310,5.75625,-71.962502,-18.337502,530,1380,0
02-Aug-2024 19:01:33.410,5.7,-72.018753,-18.262501,530,1380,0
02-Aug-2024 19:01:33.510,5.79375,-71.925003,-18.31875,530,1380,0
02-Aug-2024 19:01:33.610,6.05625,-72,-18.168751,530,1380,0
02-Aug-2024 19:01:33.710,6,-71.925003,-18.206251,530,1380,0
02-Aug-2024 19:01:33.810,5.925,-71.981255,-18.337502,530,1380,0
02-Aug-2024 19:01:33.910,5.8875,-72.09375,-18.262501,530,1380,0
02-Aug-2024 19:01:34.010,5.75625,-72.018753,-18.28125,530,1380,0
02-Aug-2024 19:01:34.110,5.775,-71.850006,-18.243752,530,1380,0
02-Aug-2024 19:01:57.809,47.400002,-15.58125,-31.181252,1120,1380,0
02-Aug-2024 19:01:57.909,47.493752,-15.637501,-31.331251,1120,1380,0
02-Aug-2024 19:01:58.009,47.4375,-15.525001,-31.481251,1120,1380,0
02-Aug-2024 19:01:58.109,47.4375,-15.375001,-31.500002,1120,1380,0
02-Aug-2024 19:01:58.209,47.381252,-15.356251,-31.556252,1120,1380,0
02-Aug-2024 19:01:58.309,47.34375,-15.243751,-31.612501,1120,1380,0
02-Aug-2024 19:01:58.409,47.400002,-15.187501,-31.63125,1120,1380,0
02-Aug-2024 19:01:58.509,47.418751,-15.000001,-31.687502,1120,1380,0
02-Aug-2024 19:01:58.609,47.362503,-15.056251,-31.706251,1120,1380,0
02-Aug-2024 19:01:58.709,47.25,-15.01875,-31.687502,1120,1380,0
02-Aug-2024 19:01:58.809,47.287502,-14.981251,-31.743752,1120,1380,0
02-Aug-2024 19:01:58.909,47.325001,-14.887501,-31.800001,1120,1380,0
02-Aug-2024 19:01:59.009,47.306252,-14.906251,-31.837502,1120,1380,0
02-Aug-2024 19:01:59.109,47.268753,-14.94375,-31.762501,1120,1380,0
02-Aug-2024 19:01:59.209,47.325001,-14.906251,-31.668751,1120,1380,0
02-Aug-2024 19:01:59.309,47.325001,-14.906251,-31.593752,1120,1380,0
02-Aug-2024 19:01:59.408,47.212502,-14.75625,-31.612501,1120,1380,0
02-Aug-2024 19:01:59.509,47.118752,-14.6625,-31.612501,1120,1380,0
02-Aug-2024 19:01:59.609,47.175003,-14.606251,-31.462502,1120,1380,0
02-Aug-2024 19:01:59.709,47.193752,-14.531251,-31.500002,1120,1380,0
02-Aug-2024 19:01:59.809,47.175003,-14.475,-31.425001,1120,1380,0
02-Aug-2024 19:01:59.909,47.325001,-14.38125,-31.406252,1120,1380,0
02-Aug-2024 19:02:00.009,47.306252,-14.437501,-31.44375,1120,1380,0
02-Aug-2024 19:02:00.109,47.418751,-14.437501,-31.500002,1120,1380,0
02-Aug-2024 19:02:00.209,47.400002,-14.437501,-31.556252,1120,1380,0
02-Aug-2024 19:02:00.309,47.475002,-14.512501,-31.575001,1120,1380,0
02-Aug-2024 19:02:00.409,47.493752,-14.587501,-31.668751,1120,1380,0
02-Aug-2024 19:02:00.509,47.4375,-14.56875,-31.687502,1120,1380,0
02-Aug-2024 19:02:00.609,47.475002,-14.475,-31.762501,1120,1380,0
02-Aug-2024 19:02:00.709,47.400002,-14.55,-31.725,1120,1380,0
02-Aug-2024 19:02:00.809,47.512501,-14.45625,-31.706251,1120,1380,0
02-Aug-2024 19:02:00.909,47.418751,-14.418751,-31.668751,1120,1380,0
02-Aug-2024 19:02:01.009,47.550003,-14.400001,-31.668751,1120,1380,0
02-Aug-2024 19:02:01.109,47.625,-14.343751,-31.5375,1120,1380,0
02-Aug-2024 19:02:01.209,47.493752,-14.250001,-31.406252,1120,1380,0
02-Aug-2024 19:02:01.309,47.493752,-14.2875,-31.218752,1120,1380,0
02-Aug-2024 19:02:01.409,47.456253,-14.3625,-31.106251,1120,1380,0
02-Aug-2024 19:02:01.509,47.418751,-14.306251,-31.1625,1120,1380,0
02-Aug-2024 19:02:01.609,47.268753,-14.325001,-31.237501,1120,1380,0
02-Aug-2024 19:02:01.709,47.268753,-14.26875,-31.25625,1120,1380,0
02-Aug-2024 19:02:01.809,47.287502,-14.231251,-31.1625,1120,1380,0
02-Aug-2024 19:02:01.909,47.287502,-14.212501,-31.237501,1120,1380,0
02-Aug-2024 19:02:02.009,47.362503,-14.19375,-31.218752,1120,1380,0
02-Aug-2024 19:02:02.109,47.381252,-14.156251,-31.331251,1120,1380,0
02-Aug-2024 19:02:02.209,47.475002,-14.118751,-31.406252,1120,1380,0
02-Aug-2024 19:02:02.309,47.493752,-14.025001,-31.425001,1120,1380,0
02-Aug-2024 19:02:02.409,47.568752,-14.043751,-31.406252,1120,1380,0
02-Aug-2024 19:02:02.509,47.606251,-14.118751,-31.25625,1120,1380,0
02-Aug-2024 19:02:02.609,47.606251,-14.19375,-31.275002,1120,1380,0
02-Aug-2024 19:02:02.709,47.568752,-14.212501,-31.237501,1120,1380,0
02-Aug-2024 19:02:02.809,47.568752,-14.306251,-31.275002,1120,1380,0
02-Aug-2024 19:02:02.909,47.475002,-14.26875,-31.237501,1120,1380,0
02-Aug-2024 19:02:03.009,47.475002,-14.250001,-31.275002,1120,1380,0
02-Aug-2024 19:02:03.108,47.456253,-14.325001,-31.200001,1120,1380,0
02-Aug-2024 19:02:03.209,47.53125,-14.26875,-31.143751,1120,1380,0
02-Aug-2024 19:02:03.309,47.53125,-14.19375,-31.275002,1120,1380,0
02-Aug-2024 19:02:03.409,47.493752,-14.1,-31.275002,1120,1380,0
02-Aug-2024 19:02:03.509,47.475002,-14.00625,-31.237501,1120,1380,0
02-Aug-2024 19:02:03.609,47.512501,-13.931251,-31.237501,1120,1380,0
02-Aug-2024 19:02:03.709,47.662502,-14.025001,-31.181252,1120,1380,0
02-Aug-2024 19:02:03.809,47.643753,-14.025001,-31.06875,1120,1380,0
02-Aug-2024 19:02:03.909,47.700001,-13.968751,-31.106251,1120,1380,0
02-Aug-2024 19:02:04.009,47.662502,-13.968751,-31.200001,1120,1380,0
02-Aug-2024 19:02:04.109,47.681252,-13.968751,-31.1625,1120,1380,0
02-Aug-2024 19:02:04.209,47.681252,-14.1,-31.012501,1120,1380,0
02-Aug-2024 19:02:04.309,47.606251,-14.062501,-31.031252,1120,1380,0
02-Aug-2024 19:02:04.409,47.643753,-14.00625,-31.031252,1120,1380,0
02-Aug-2024 19:02:04.509,47.550003,-14.00625,-31.087502,1120,1380,0
02-Aug-2024 19:02:04.609,47.475002,-14.08125,-31.181252,1120,1380,0
02-Aug-2024 19:02:04.709,47.493752,-14.137501,-31.125002,1120,1380,0
02-Aug-2024 19:02:04.809,47.475002,-14.025001,-31.087502,1120,1380,0
02-Aug-2024 19:02:04.909,47.418751,-13.9875,-31.031252,1120,1380,0
02-Aug-2024 19:02:05.009,47.53125,-13.950001,-31.181252,1120,1380,0
02-Aug-2024 19:02:05.109,47.625,-13.89375,-31.237501,1120,1380,0
02-Aug-2024 19:02:05.209,47.550003,-13.9125,-31.293751,1120,1380,0
02-Aug-2024 19:02:05.309,47.550003,-13.762501,-31.368752,1120,1380,0
02-Aug-2024 19:02:05.409,47.662502,-13.687501,-31.387501,1120,1380,0
02-Aug-2024 19:02:05.509,47.606251,-13.650001,-31.368752,1120,1380,0
02-Aug-2024 19:02:05.609,47.568752,-13.687501,-31.387501,1120,1380,0
02-Aug-2024 19:02:05.709,47.550003,-13.725,-31.406252,1120,1380,0
02-Aug-2024 19:02:05.809,47.475002,-13.725,-31.312502,1120,1380,0
02-Aug-2024 19:02:05.909,47.381252,-13.875001,-31.275002,1120,1380,0
02-Aug-2024 19:02:06.009,47.4375,-13.950001,-31.237501,1120,1380,0
02-Aug-2024 19:02:06.109,47.400002,-14.062501,-31.125002,1120,1380,0
02-Aug-2024 19:02:06.209,47.362503,-14.043751,-30.975,1120,1380,0
02-Aug-2024 19:02:06.309,47.325001,-14.118751,-31.031252,1120,1380,0
02-Aug-2024 19:02:06.409,47.306252,-14.26875,-30.918751,1120,1380,0
02-Aug-2024 19:02:06.509,47.268753,-14.250001,-30.956251,1120,1380,0
02-Aug-2024 19:02:06.609,47.175003,-14.175,-31.050001,1120,1380,0
02-Aug-2024 19:02:06.709,47.25,-14.043751,-30.918751,1120,1380,0
02-Aug-2024 19:02:06.809,47.212502,-14.1,-30.956251,1120,1380,0
02-Aug-2024 19:02:06.909,47.25,-14.08125,-31.050001,1120,1380,0
02-Aug-2024 19:02:07.009,47.175003,-14.08125,-31.06875,1120,1380,0
02-Aug-2024 19:02:07.109,47.15625,-14.137501,-30.956251,1120,1380,0
02-Aug-2024 19:02:07.209,47.193752,-14.1,-30.993752,1120,1380,0
02-Aug-2024 19:02:07.309,47.287502,-14.08125,-30.975,1120,1380,0
02-Aug-2024 19:02:07.409,47.306252,-14.08125,-30.7875,1120,1380,0
02-Aug-2024 19:02:07.509,47.212502,-14.137501,-30.918751,1120,1380,0
02-Aug-2024 19:02:07.609,47.137501,-14.025001,-30.843752,1120,1380,0
02-Aug-2024 19:02:07.709,47.15625,-13.9875,-30.731251,1120,1380,0
02-Aug-2024 19:02:20.709,10.05,28.968752,-31.368752,1120,1595,0
02-Aug-2024 19:02:20.809,9.993751,28.893751,-31.5375,1120,1595,0
02-Aug-2024 19:02:20.909,10.05,28.875002,-31.500002,1120,1595,0
02-Aug-2024 19:02:21.009,9.993751,28.856251,-31.35,1120,1595,0
02-Aug-2024 19:02:21.109,10.106251,28.875002,-31.331251,1120,1595,0
02-Aug-2024 19:02:21.209,10.14375,28.800001,-31.275002,1120,1595,0
02-Aug-2024 19:02:21.309,10.14375,28.893751,-31.087502,1120,1595,0
02-Aug-2024 19:02:21.409,10.06875,28.968752,-31.012501,1120,1595,0
02-Aug-2024 19:02:21.509,10.1625,28.931252,-31.012501,1120,1595,0
02-Aug-2024 19:02:21.609,10.05,28.950001,-30.7875,1120,1595,0
02-Aug-2024 19:02:21.709,9.95625,28.987501,-30.768751,1120,1595,0
02-Aug-2024 19:02:21.809,9.900001,28.950001,-30.768751,1120,1595,0
02-Aug-2024 19:02:21.909,9.84375,28.9125,-30.768751,1120,1595,0
02-Aug-2024 19:02:22.009,9.900001,28.968752,-30.712502,1120,1595,0
02-Aug-2024 19:02:22.109,9.88125,28.837502,-30.806252,1120,1595,0
02-Aug-2024 19:02:22.209,9.9375,28.668751,-30.900002,1120,1595,0
02-Aug-2024 19:02:22.309,9.900001,28.687502,-30.768751,1120,1595,0
02-Aug-2024 19:02:22.409,10.03125,28.762501,-30.712502,1120,1595,0
02-Aug-2024 19:02:22.509,9.993751,28.762501,-30.69375,1120,1595,0
02-Aug-2024 19:02:22.609,9.993751,28.743752,-30.675001,1120,1595,0
02-Aug-2024 19:02:22.709,9.9375,28.800001,-30.69375,1120,1595,0
02-Aug-2024 19:02:22.809,9.993751,28.781252,-30.712502,1120,1595,0
02-Aug-2024 19:02:22.909,9.9375,28.837502,-30.675001,1120,1595,0
02-Aug-2024 19:02:23.009,9.975,29.043751,-30.543751,1120,1595,0
02-Aug-2024 19:02:23.109,9.993751,29.025002,-30.675001,1120,1595,0
02-Aug-2024 19:02:23.209,9.88125,28.893751,-30.843752,1120,1595,0
02-Aug-2024 19:02:23.309,9.8625,28.856251,-30.975,1120,1595,0
02-Aug-2024 19:02:23.409,9.900001,28.781252,-31.031252,1120,1595,0
02-Aug-2024 19:02:23.509,9.9375,28.743752,-31.106251,1120,1595,0
02-Aug-2024 19:02:23.609,9.731251,28.706251,-31.275002,1120,1595,0
02-Aug-2024 19:02:23.709,9.731251,28.706251,-31.462502,1120,1595,0
02-Aug-2024 19:02:23.809,9.618751,28.556252,-31.5375,1120,1595,0
02-Aug-2024 19:02:23.909,9.65625,28.500002,-31.518751,1120,1595,0
02-Aug-2024 19:02:24.009,9.75,28.650002,-31.500002,1120,1595,0
02-Aug-2024 19:02:24.109,9.7875,28.63125,-31.331251,1120,1595,0
02-Aug-2024 19:02:24.209,9.76875,28.743752,-31.387501,1120,1595,0
02-Aug-2024 19:02:24.309,9.637501,28.856251,-31.387501,1120,1595,0
02-Aug-2024 19:02:24.409,9.69375,28.837502,-31.331251,1120,1595,0
02-Aug-2024 19:02:24.509,9.712501,28.837502,-31.293751,1120,1595,0
02-Aug-2024 19:02:24.609,9.825001,28.987501,-31.293751,1120,1595,0
02-Aug-2024 19:02:24.709,9.675,29.043751,-31.275002,1120,1595,0
02-Aug-2024 19:02:24.809,9.525001,28.968752,-31.200001,1120,1595,0
02-Aug-2024 19:02:24.909,9.4125,29.062502,-31.331251,1120,1595,0
02-Aug-2024 19:02:25.009,9.337501,29.062502,-31.200001,1120,1595,0
02-Aug-2024 19:02:25.109,9.31875,28.950001,-31.106251,1120,1595,0
02-Aug-2024 19:02:25.209,9.1875,28.893751,-31.050001,1120,1595,0
02-Aug-2024 19:02:25.309,9.09375,28.875002,-30.956251,1120,1595,0
02-Aug-2024 19:02:25.409,9.0375,28.81875,-30.956251,1120,1595,0
02-Aug-2024 19:02:25.509,9,28.837502,-30.918751,1120,1595,0
02-Aug-2024 19:02:25.609,9.075001,28.875002,-31.031252,1120,1595,0
02-Aug-2024 19:02:25.709,9,28.781252,-31.012501,1120,1595,0
02-Aug-2024 19:02:25.809,8.962501,28.856251,-31.181252,1120,1595,0
02-Aug-2024 19:02:25.909,8.85,28.856251,-31.275002,1120,1595,0
02-Aug-2024 19:02:26.009,8.90625,28.931252,-31.368752,1120,1595,0
02-Aug-2024 19:02:26.109,8.85,28.856251,-31.35,1120,1595,0
02-Aug-2024 19:02:26.209,8.90625,28.837502,-31.312502,1120,1595,0
02-Aug-2024 19:02:26.309,9,28.781252,-31.387501,1120,1595,0
02-Aug-2024 19:02:26.409,9.0375,28.781252,-31.312502,1120,1595,0
02-Aug-2024 19:02:26.509,9.168751,28.81875,-31.293751,1120,1595,0
02-Aug-2024 19:02:26.609,9.243751,28.706251,-31.293751,1120,1595,0
02-Aug-2024 19:02:26.709,9.20625,28.687502,-31.35,1120,1595,0
02-Aug-2024 19:02:26.809,9.243751,28.725,-31.25625,1120,1595,0
02-Aug-2024 19:02:26.909,9.31875,28.762501,-31.218752,1120,1595,0
02-Aug-2024 19:02:27.009,9.28125,28.781252,-31.200001,1120,1595,0
02-Aug-2024 19:02:27.109,9.1875,28.781252,-31.143751,1120,1595,0
02-Aug-2024 19:02:27.209,9.1875,28.743752,-31.143751,1120,1595,0
02-Aug-2024 19:02:27.309,9.3,28.687502,-31.1625,1120,1595,0
02-Aug-2024 19:02:27.409,9.337501,28.668751,-31.012501,1120,1595,0
02-Aug-2024 19:02:27.509,9.46875,28.856251,-30.88125,1120,1595,0
02-Aug-2024 19:02:27.609,9.525001,28.837502,-30.918751,1120,1595,0
02-Aug-2024 19:02:27.709,9.431251,28.893751,-31.050001,1120,1595,0
02-Aug-2024 19:02:27.809,9.450001,28.893751,-31.143751,1120,1595,0
02-Aug-2024 19:02:27.909,9.525001,28.856251,-31.106251,1120,1595,0
02-Aug-2024 19:02:28.009,9.46875,28.968752,-31.087502,1120,1595,0
02-Aug-2024 19:02:28.109,9.356251,29.043751,-31.087502,1120,1595,0
02-Aug-2024 19:02:28.209,9.39375,29.043751,-31.087502,1120,1595,0
02-Aug-2024 19:02:28.309,9.39375,29.025002,-31.087502,1120,1595,0
02-Aug-2024 19:02:28.409,9.31875,29.043751,-30.993752,1120,1595,0
02-Aug-2024 19:02:28.509,9.450001,29.025002,-30.918751,1120,1595,0
02-Aug-2024 19:02:28.609,9.337501,29.043751,-30.825001,1120,1595,0
02-Aug-2024 19:02:28.709,9.337501,29.137501,-30.862501,1120,1595,0
02-Aug-2024 19:02:28.809,9.39375,29.043751,-30.825001,1120,1595,0
02-Aug-2024 19:02:28.909,9.4125,29.043751,-30.675001,1120,1595,0
02-Aug-2024 19:02:29.009,9.50625,29.1,-30.69375,1120,1595,0
02-Aug-2024 19:02:29.109,9.543751,29.1,-30.712502,1120,1595,0
02-Aug-2024 19:02:29.209,9.618751,28.987501,-30.7875,1120,1595,0
02-Aug-2024 19:02:29.309,9.675,29.043751,-30.768751,1120,1595,0
02-Aug-2024 19:02:29.409,9.84375,28.950001,-30.806252,1120,1595,0
02-Aug-2024 19:02:29.509,9.825001,28.9125,-30.7875,1120,1595,0
02-Aug-2024 19:02:29.609,9.84375,29.00625,-30.862501,1120,1595,0
02-Aug-2024 19:02:29.709,9.88125,29.1,-31.012501,1120,1595,0
02-Aug-2024 19:02:29.809,9.76875,29.025002,-31.050001,1120,1595,0
02-Aug-2024 19:02:29.909,9.88125,29.137501,-31.106251,1120,1595,0
02-Aug-2024 19:02:30.009,9.731251,29.2875,-31.106251,1120,1595,0
02-Aug-2024 19:02:30.109,9.65625,29.250002,-31.1625,1120,1595,0
02-Aug-2024 19:02:30.209,9.65625,29.362501,-31.087502,1120,1595,0
02-Aug-2024 19:02:30.309,9.712501,29.362501,-30.993752,1120,1595,0
02-Aug-2024 19:02:30.409,9.69375,29.250002,-30.918751,1120,1595,0
02-Aug-2024 19:02:30.509,9.69375,29.231251,-30.862501,1120,1595,0
02-Aug-2024 19:02:30.609,9.69375,29.2875,-30.7875,1120,1595,0
02-Aug-2024 19:02:56.008,-7.0875,-63.056252,-11.26875,1312,2000,0
02-Aug-2024 19:02:56.108,-7.0875,-63.093754,-11.231251,1312,2000,0
02-Aug-2024 19:02:56.208,-7.1625,-62.962502,-11.2875,1312,2000,0
02-Aug-2024 19:02:56.308,-7.06875,-63.000004,-11.19375,1312,2000,0
02-Aug-2024 19:02:56.408,-7.18125,-63.056252,-11.175,1312,2000,0
02-Aug-2024 19:02:56.508,-6.975,-63.056252,-11.08125,1312,2000,0
02-Aug-2024 19:02:56.608,-6.95625,-63.075001,-11.231251,1312,2000,0
02-Aug-2024 19:02:56.708,-6.88125,-63.018753,-11.15625,1312,2000,0
02-Aug-2024 19:02:56.808,-6.91875,-62.981251,-11.19375,1312,2000,0
02-Aug-2024 19:02:56.908,-6.88125,-63.000004,-11.137501,1312,2000,0
02-Aug-2024 19:02:57.008,-6.84375,-63.093754,-11.1,1312,2000,0
02-Aug-2024 19:02:57.108,-6.825,-63.056252,-11.175,1312,2000,0
02-Aug-2024 19:02:57.208,-6.675,-63.000004,-11.118751,1312,2000,0
02-Aug-2024 19:02:57.308,-6.88125,-63.093754,-10.9125,1312,2000,0
02-Aug-2024 19:02:57.408,-6.825,-63.037502,-10.78125,1312,2000,0
02-Aug-2024 19:02:57.508,-6.825,-62.981251,-10.6875,1312,2000,0
02-Aug-2024 19:02:57.608,-6.75,-63.075001,-10.6125,1312,2000,0
02-Aug-2024 19:02:57.708,-6.7125,-63.093754,-10.59375,1312,2000,0
02-Aug-2024 19:02:57.808,-6.69375,-63.150002,-10.59375,1312,2000,0
02-Aug-2024 19:02:57.908,-6.675,-63.131252,-10.6875,1312,2000,0
02-Aug-2024 19:02:58.008,-6.7125,-63.075001,-10.8,1312,2000,0
02-Aug-2024 19:02:58.108,-6.61875,-63.037502,-11.025001,1312,2000,0
02-Aug-2024 19:02:58.208,-6.50625,-62.981251,-10.9875,1312,2000,0
02-Aug-2024 19:02:58.308,-6.4125,-62.962502,-11.1,1312,2000,0
02-Aug-2024 19:02:58.408,-6.45,-62.906254,-11.25,1312,2000,0
02-Aug-2024 19:02:58.508,-6.525,-62.906254,-11.306251,1312,2000,0
02-Aug-2024 19:02:58.608,-6.525,-62.793751,-11.306251,1312,2000,0
02-Aug-2024 19:02:58.708,-6.5625,-62.812504,-11.19375,1312,2000,0
02-Aug-2024 19:02:58.808,-6.50625,-62.850002,-11.175,1312,2000,0
02-Aug-2024 19:02:58.908,-6.5625,-62.887501,-11.1,1312,2000,0
02-Aug-2024 19:02:59.008,-6.73125,-63.037502,-11.08125,1312,2000,0
02-Aug-2024 19:02:59.108,-6.76875,-63.168751,-11.1,1312,2000,0
02-Aug-2024 19:02:59.208,-6.7875,-63.187504,-11.1,1312,2000,0
02-Aug-2024 19:02:59.308,-6.7125,-63.056252,-11.1,1312,2000,0
02-Aug-2024 19:02:59.408,-6.76875,-63.131252,-11.137501,1312,2000,0
02-Aug-2024 19:02:59.508,-6.75,-63.056252,-11.19375,1312,2000,0
02-Aug-2024 19:02:59.608,-6.84375,-63.056252,-11.15625,1312,2000,0
02-Aug-2024 19:02:59.708,-6.9,-63.000004,-11.15625,1312,2000,0
02-Aug-2024 19:02:59.808,-6.9,-62.981251,-11.175,1312,2000,0
02-Aug-2024 19:02:59.908,-6.9,-62.906254,-11.175,1312,2000,0
02-Aug-2024 19:03:00.008,-6.99375,-62.962502,-11.175,1312,2000,0
02-Aug-2024 19:03:00.108,-6.95625,-63.131252,-11.306251,1312,2000,0
02-Aug-2024 19:03:00.208,-6.75,-63.112503,-11.2875,1312,2000,0
02-Aug-2024 19:03:00.308,-6.7125,-63.112503,-11.418751,1312,2000,0
02-Aug-2024 19:03:00.408,-6.675,-63.093754,-11.45625,1312,2000,0
02-Aug-2024 19:03:00.508,-6.65625,-63.131252,-11.55,1312,2000,0
02-Aug-2024 19:03:00.608,-6.675,-63.037502,-11.625,1312,2000,0
02-Aug-2024 19:03:00.708,-6.80625,-63.018753,-11.587501,1312,2000,0
02-Aug-2024 19:03:00.808,-6.76875,-63.018753,-11.493751,1312,2000,0
02-Aug-2024 19:03:00.908,-6.80625,-62.850002,-11.2875,1312,2000,0
02-Aug-2024 19:03:01.008,-7.03125,-62.850002,-11.25,1312,2000,0
02-Aug-2024 19:03:01.108,-7.10625,-62.906254,-11.175,1312,2000,0
02-Aug-2024 19:03:01.208,-7.18125,-62.831253,-11.1,1312,2000,0
02-Aug-2024 19:03:01.308,-7.125,-62.625004,-11.137501,1312,2000,0
02-Aug-2024 19:03:01.408,-7.14375,-62.643753,-11.118751,1312,2000,0
02-Aug-2024 19:03:01.508,-7.06875,-62.662502,-11.1,1312,2000,0
02-Aug-2024 19:03:01.608,-7.06875,-62.700001,-11.137501,1312,2000,0
02-Aug-2024 19:03:01.708,-7.2375,-62.775002,-11.325001,1312,2000,0
02-Aug-2024 19:03:01.808,-7.29375,-62.700001,-11.34375,1312,2000,0
02-Aug-2024 19:03:01.908,-7.25625,-62.756252,-11.34375,1312,2000,0
02-Aug-2024 19:03:02.008,-7.25625,-62.793751,-11.38125,1312,2000,0
02-Aug-2024 19:03:02.108,-7.36875,-62.868752,-11.38125,1312,2000,0
02-Aug-2024 19:03:02.208,-7.4625,-62.812504,-11.38125,1312,2000,0
02-Aug-2024 19:03:02.308,-7.48125,-62.775002,-11.38125,1312,2000,0
02-Aug-2024 19:03:02.408,-7.44375,-62.643753,-11.306251,1312,2000,0
02-Aug-2024 19:03:02.508,-7.3125,-62.662502,-11.231251,1312,2000,0
02-Aug-2024 19:03:02.608,-7.1625,-62.643753,-11.25,1312,2000,0
02-Aug-2024 19:03:02.708,-7.2375,-62.662502,-11.19375,1312,2000,0
02-Aug-2024 19:03:02.808,-7.25625,-62.756252,-11.212501,1312,2000,0
02-Aug-2024 19:03:02.908,-7.18125,-62.831253,-11.15625,1312,2000,0
02-Aug-2024 19:03:03.008,-7.14375,-62.943752,-11.34375,1312,2000,0
02-Aug-2024 19:03:03.108,-7.125,-63.000004,-11.3625,1312,2000,0
02-Aug-2024 19:03:03.208,-7.0875,-63.000004,-11.45625,1312,2000,0
02-Aug-2024 19:03:03.308,-7.125,-63.000004,-11.512501,1312,2000,0
02-Aug-2024 19:03:03.408,-7.14375,-63.018753,-11.493751,1312,2000,0
02-Aug-2024 19:03:03.508,-7.05,-62.925003,-11.6625,1312,2000,0
02-Aug-2024 19:03:03.608,-6.95625,-62.850002,-11.625,1312,2000,0
02-Aug-2024 19:03:03.708,-6.91875,-62.887501,-11.71875,1312,2000,0
02-Aug-2024 19:03:03.808,-6.80625,-62.962502,-11.587501,1312,2000,0
02-Aug-2024 19:03:03.908,-6.80625,-62.887501,-11.606251,1312,2000,0
02-Aug-2024 19:03:04.008,-6.8625,-62.981251,-11.64375,1312,2000,0
02-Aug-2024 19:03:04.108,-6.7875,-62.981251,-11.700001,1312,2000,0
02-Aug-2024 19:03:04.208,-6.84375,-63.000004,-11.681251,1312,2000,0
02-Aug-2024 19:03:04.308,-6.8625,-63.093754,-11.587501,1312,2000,0
02-Aug-2024 19:03:04.408,-6.9375,-63.075001,-11.55,1312,2000,0
02-Aug-2024 19:03:04.508,-6.975,-63.000004,-11.55,1312,2000,0
02-Aug-2024 19:03:04.608,-6.95625,-62.943752,-11.512501,1312,2000,0
02-Aug-2024 19:03:04.708,-6.99375,-63.037502,-11.45625,1312,2000,0
02-Aug-2024 19:03:04.808,-6.91875,-63.018753,-11.45625,1312,2000,0
02-Aug-2024 19:03:04.908,-7.03125,-63.037502,-11.400001,1312,2000,0
02-Aug-2024 19:03:05.008,-6.91875,-63.262501,-11.45625,1312,2000,0
02-Aug-2024 19:03:05.108,-6.9375,-63.206253,-11.493751,1312,2000,0
02-Aug-2024 19:03:05.208,-6.84375,-63.225002,-11.587501,1312,2000,0
02-Aug-2024 19:03:05.308,-6.7875,-63.225002,-11.475,1312,2000,0
02-Aug-2024 19:03:05.408,-6.7875,-63.131252,-11.56875,1312,2000,0
02-Aug-2024 19:03:05.508,-6.88125,-63.037502,-11.625,1312,2000,0
02-Aug-2024 19:03:05.608,-6.88125,-62.962502,-11.400001,1312,2000,0
02-Aug-2024 19:03:05.708,-6.8625,-63.018753,-11.325001,1312,2000,0
02-Aug-2024 19:03:05.808,-6.975,-62.887501,-11.19375,1312,2000,0
02-Aug-2024 19:03:05.908,-7.0125,-62.831253,-11.118751,1312,2000,0
02-Aug-2024 19:03:16.308,0.2625,-70.275002,-12.1125,1445,2000,0
02-Aug-2024 19:03:16.408,0.0375,-70.425003,-12.150001,1445,2000,0
02-Aug-2024 19:03:16.508,-0.01875,-70.387505,-12.1125,1445,2000,0
02-Aug-2024 19:03:16.608,-0.13125,-70.40625,-11.962501,1445,2000,0
02-Aug-2024 19:03:16.708,-0.2625,-70.5,-12.01875,1445,2000,0
02-Aug-2024 19:03:16.808,-0.45,-70.631256,-12.075001,1445,2000,0
02-Aug-2024 19:03:16.908,-0.46875,-70.612503,-11.981251,1445,2000,0
02-Aug-2024 19:03:17.008,-0.43125,-70.631256,-11.83125,1445,2000,0
02-Aug-2024 19:03:17.108,-0.61875,-70.668755,-11.700001,1445,2000,0
02-Aug-2024 19:03:17.208,-0.6375,-70.668755,-11.587501,1445,2000,0
02-Aug-2024 19:03:17.308,-0.61875,-70.612503,-11.64375,1445,2000,0
02-Aug-2024 19:03:17.408,-0.54375,-70.537506,-11.775001,1445,2000,0
02-Aug-2024 19:03:17.508,-0.45,-70.387505,-11.775001,1445,2000,0
02-Aug-2024 19:03:17.608,-0.35625,-70.368752,-11.7375,1445,2000,0
02-Aug-2024 19:03:17.708,-0.375,-70.425003,-11.887501,1445,2000,0
02-Aug-2024 19:03:17.808,-0.3375,-70.462502,-11.90625,1445,2000,0
02-Aug-2024 19:03:17.908,-0.1125,-70.481255,-12.01875,1445,2000,0
02-Aug-2024 19:03:18.008,-0.075,-70.425003,-12.20625,1445,2000,0
02-Aug-2024 19:03:18.108,-0.05625,-70.59375,-12.3,1445,2000,0
02-Aug-2024 19:03:18.208,-0.05625,-70.575005,-12.39375,1445,2000,0
02-Aug-2024 19:03:18.308,-0.1125,-70.59375,-12.375001,1445,2000,0
02-Aug-2024 19:03:18.408,-0.09375,-70.537506,-12.562501,1445,2000,0
02-Aug-2024 19:03:18.508,0.01875,-70.575005,-12.31875,1445,2000,0
02-Aug-2024 19:03:18.608,0,-70.462502,-12.562501,1445,2000,0
02-Aug-2024 19:03:18.708,0.01875,-70.387505,-12.562501,1445,2000,0
02-Aug-2024 19:03:18.808,0.1125,-70.387505,-12.50625,1445,2000,0
02-Aug-2024 19:03:18.908,0.1875,-70.237503,-12.468751,1445,2000,0
02-Aug-2024 19:03:19.008,0.3,-70.256256,-12.431251,1445,2000,0
02-Aug-2024 19:03:19.108,0.45,-70.21875,-12.4125,1445,2000,0
02-Aug-2024 19:03:19.208,0.54375,-70.256256,-12.262501,1445,2000,0
02-Aug-2024 19:03:19.308,0.4125,-70.181252,-12.3,1445,2000,0
02-Aug-2024 19:03:19.408,0.375,-70.143753,-12.0375,1445,2000,0
02-Aug-2024 19:03:19.508,0.375,-70.21875,-12,1445,2000,0
02-Aug-2024 19:03:19.608,0.375,-70.3125,-12.056251,1445,2000,0
02-Aug-2024 19:03:19.708,0.375,-70.481255,-12.0375,1445,2000,0
02-Aug-2024 19:03:19.808,0.31875,-70.537506,-12,1445,2000,0
02-Aug-2024 19:03:19.908,0.24375,-70.668755,-12.01875,1445,2000,0
02-Aug-2024 19:03:20.008,0.24375,-70.6875,-12.01875,1445,2000,0
02-Aug-2024 19:03:20.108,0.28125,-70.6875,-12.093751,1445,2000,0
02-Aug-2024 19:03:20.208,0.31875,-70.743752,-12.281251,1445,2000,0
02-Aug-2024 19:03:20.308,0.28125,-70.6875,-12.225,1445,2000,0
02-Aug-2024 19:03:20.408,0.225,-70.743752,-12.225,1445,2000,0
02-Aug-2024 19:03:20.508,0.09375,-70.6875,-12.168751,1445,2000,0
02-Aug-2024 19:03:20.608,0.16875,-70.800003,-12.01875,1445,2000,0
02-Aug-2024 19:03:20.708,0.13125,-70.612503,-11.94375,1445,2000,0
02-Aug-2024 19:03:20.808,0.13125,-70.650002,-11.83125,1445,2000,0
02-Aug-2024 19:03:20.908,0.16875,-70.631256,-11.71875,1445,2000,0
02-Aug-2024 19:03:21.008,0.16875,-70.631256,-11.56875,1445,2000,0
02-Aug-2024 19:03:21.108,0.1875,-70.631256,-11.625,1445,2000,0
02-Aug-2024 19:03:21.208,0.20625,-70.631256,-11.53125,1445,2000,0
02-Aug-2024 19:03:21.308,0.2625,-70.650002,-11.64375,1445,2000,0
02-Aug-2024 19:03:21.408,0.15,-70.556252,-11.8125,1445,2000,0
02-Aug-2024 19:03:21.508,0.15,-70.78125,-11.83125,1445,2000,0
02-Aug-2024 19:03:21.608,0.15,-70.743752,-11.85,1445,2000,0
02-Aug-2024 19:03:21.708,0.1125,-70.818756,-11.85,1445,2000,0
02-Aug-2024 19:03:21.808,0.1125,-70.875,-11.90625,1445,2000,0
02-Aug-2024 19:03:21.908,0.05625,-70.837502,-11.925,1445,2000,0
02-Aug-2024 19:03:22.008,0.01875,-70.650002,-11.85,1445,2000,0
02-Aug-2024 19:03:22.108,0.01875,-70.612503,-11.75625,1445,2000,0
02-Aug-2024 19:03:22.208,0.01875,-70.575005,-11.7375,1445,2000,0
02-Aug-2024 19:03:22.308,0.0375,-70.575005,-11.71875,1445,2000,0
02-Aug-2024 19:03:22.408,0.05625,-70.462502,-11.85,1445,2000,0
02-Aug-2024 19:03:22.508,-0.0375,-70.40625,-11.887501,1445,2000,0
02-Aug-2024 19:03:22.608,-0.09375,-70.350006,-11.94375,1445,2000,0
02-Aug-2024 19:03:22.708,0.13125,-70.462502,-11.887501,1445,2000,0
02-Aug-2024 19:03:22.808,0.1875,-70.537506,-11.94375,1445,2000,0
02-Aug-2024 19:03:22.908,0.16875,-70.462502,-11.962501,1445,2000,0
02-Aug-2024 19:03:23.008,0.16875,-70.518753,-11.90625,1445,2000,0
02-Aug-2024 19:03:23.108,0.2625,-70.481255,-11.981251,1445,2000,0
02-Aug-2024 19:03:23.208,0.20625,-70.518753,-11.925,1445,2000,0
02-Aug-2024 19:03:23.308,0.2625,-70.59375,-11.83125,1445,2000,0
02-Aug-2024 19:03:23.408,0.3,-70.631256,-11.793751,1445,2000,0
02-Aug-2024 19:03:23.508,0.13125,-70.6875,-11.962501,1445,2000,0
02-Aug-2024 19:03:23.608,0.15,-70.725006,-11.981251,1445,2000,0
02-Aug-2024 19:03:23.708,0.075,-70.725006,-12,1445,2000,0
02-Aug-2024 19:03:23.808,0.15,-70.668755,-11.94375,1445,2000,0
02-Aug-2024 19:03:23.908,0.075,-70.612503,-11.85,1445,2000,0
02-Aug-2024 19:03:24.008,0.13125,-70.6875,-11.775001,1445,2000,0
02-Aug-2024 19:03:24.108,0.24375,-70.59375,-11.775001,1445,2000,0
02-Aug-2024 19:03:24.208,0.28125,-70.59375,-11.71875,1445,2000,0
02-Aug-2024 19:03:24.308,0.31875,-70.5,-11.56875,1445,2000,0
02-Aug-2024 19:03:24.408,0.3,-70.481255,-11.587501,1445,2000,0
02-Aug-2024 19:03:24.508,0.46875,-70.537506,-11.587501,1445,2000,0
02-Aug-2024 19:03:24.608,0.375,-70.40625,-11.625,1445,2000,0
02-Aug-2024 19:03:24.708,0.3,-70.387505,-11.681251,1445,2000,0
02-Aug-2024 19:03:24.808,0.3,-70.331253,-11.75625,1445,2000,0
02-Aug-2024 19:03:24.908,0.28125,-70.3125,-11.887501,1445,2000,0
02-Aug-2024 19:03:25.008,0.225,-70.200005,-11.90625,1445,2000,0
02-Aug-2024 19:03:25.108,0.16875,-70.181252,-11.962501,1445,2000,0
02-Aug-2024 19:03:25.208,0.13125,-70.143753,-11.962501,1445,2000,0
02-Aug-2024 19:03:25.308,0.13125,-70.068756,-11.868751,1445,2000,0
02-Aug-2024 19:03:25.408,0.225,-70.275002,-11.94375,1445,2000,0
02-Aug-2024 19:03:25.508,0.43125,-70.40625,-11.90625,1445,2000,0
02-Aug-2024 19:03:25.608,0.4125,-70.443756,-11.925,1445,2000,0
02-Aug-2024 19:03:25.708,0.375,-70.40625,-11.775001,1445,2000,0
02-Aug-2024 19:03:25.808,0.46875,-70.556252,-11.793751,1445,2000,0
02-Aug-2024 19:03:25.908,0.4875,-70.59375,-11.71875,1445,2000,0
02-Aug-2024 19:03:26.008,0.4875,-70.762505,-11.625,1445,2000,0
02-Aug-2024 19:03:26.108,0.43125,-70.837502,-11.681251,1445,2000,0
02-Aug-2024 19:03:26.208,0.31875,-70.762505,-11.587501,1445,2000,0
02-Aug-2024 19:03:36.308,28.968752,-50.756252,-4.78125,1580,2000,0
02-Aug-2024 19:03:36.408,28.893751,-50.737503,-4.7625,1580,2000,0
02-Aug-2024 19:03:36.508,28.800001,-50.775002,-4.725,1580,2000,0
02-Aug-2024 19:03:36.608,28.81875,-50.775002,-4.55625,1580,2000,0
02-Aug-2024 19:03:36.708,28.81875,-50.868752,-4.59375,1580,2000,0
02-Aug-2024 19:03:36.808,28.781252,-50.793751,-4.3875,1580,2000,0
02-Aug-2024 19:03:36.908,28.687502,-50.925003,-4.40625,1580,2000,0
02-Aug-2024 19:03:37.008,28.687502,-50.943752,-4.4625,1580,2000,0
02-Aug-2024 19:03:37.108,28.575001,-50.943752,-4.4625,1580,2000,0
02-Aug-2024 19:03:37.208,28.5375,-50.887501,-4.44375,1580,2000,0
02-Aug-2024 19:03:37.308,28.406252,-50.775002,-4.5,1580,2000,0
02-Aug-2024 19:03:37.408,28.312502,-50.700001,-4.63125,1580,2000,0
02-Aug-2024 19:03:37.508,28.368752,-50.625004,-4.6875,1580,2000,0
02-Aug-2024 19:03:37.608,28.368752,-50.587502,-4.89375,1580,2000,0
02-Aug-2024 19:03:37.708,28.35,-50.568752,-4.81875,1580,2000,0
02-Aug-2024 19:03:37.808,28.312502,-50.625004,-4.66875,1580,2000,0
02-Aug-2024 19:03:37.908,28.25625,-50.625004,-4.59375,1580,2000,0
02-Aug-2024 19:03:38.008,28.087502,-50.681252,-4.63125,1580,2000,0
02-Aug-2024 19:03:38.108,28.237501,-50.643753,-4.66875,1580,2000,0
02-Aug-2024 19:03:38.208,28.218752,-50.775002,-4.6875,1580,2000,0
02-Aug-2024 19:03:38.308,28.237501,-50.775002,-4.66875,1580,2000,0
02-Aug-2024 19:03:38.408,28.143751,-50.812504,-4.6875,1580,2000,0
02-Aug-2024 19:03:38.507,28.218752,-50.850002,-4.725,1580,2000,0
02-Aug-2024 19:03:38.608,28.218752,-50.793751,-4.8,1580,2000,0
02-Aug-2024 19:03:38.708,28.293751,-50.718754,-4.8375,1580,2000,0
02-Aug-2024 19:03:38.808,28.425001,-50.718754,-4.7625,1580,2000,0
02-Aug-2024 19:03:38.908,28.425001,-50.718754,-4.70625,1580,2000,0
02-Aug-2024 19:03:39.008,28.500002,-50.662502,-4.63125,1580,2000,0
02-Aug-2024 19:03:39.108,28.518751,-50.568752,-4.63125,1580,2000,0
02-Aug-2024 19:03:39.208,28.687502,-50.625004,-4.5,1580,2000,0
02-Aug-2024 19:03:39.308,28.687502,-50.531254,-4.55625,1580,2000,0
02-Aug-2024 19:03:39.408,28.725,-50.437504,-4.5,1580,2000,0
02-Aug-2024 19:03:39.508,28.762501,-50.343754,-4.40625,1580,2000,0
02-Aug-2024 19:03:39.608,28.837502,-50.381252,-4.36875,1580,2000,0
02-Aug-2024 19:03:39.708,28.837502,-50.400002,-4.3125,1580,2000,0
02-Aug-2024 19:03:39.808,28.9125,-50.325001,-4.25625,1580,2000,0
02-Aug-2024 19:03:39.908,28.893751,-50.381252,-4.125,1580,2000,0
02-Aug-2024 19:03:40.008,28.875002,-50.250004,-4.0875,1580,2000,0
02-Aug-2024 19:03:40.108,28.968752,-50.306252,-3.95625,1580,2000,0
02-Aug-2024 19:03:40.208,28.931252,-50.268753,-3.99375,1580,2000,0
02-Aug-2024 19:03:40.308,28.9125,-50.306252,-4.0125,1580,2000,0
02-Aug-2024 19:03:40.408,28.856251,-50.325001,-4.0125,1580,2000,0
02-Aug-2024 19:03:40.508,28.800001,-50.325001,-4.0125,1580,2000,0
02-Aug-2024 19:03:40.608,28.706251,-50.418751,-3.95625,1580,2000,0
02-Aug-2024 19:03:40.708,28.743752,-50.418751,-4.05,1580,2000,0
02-Aug-2024 19:03:40.808,28.668751,-50.587502,-3.975,1580,2000,0
02-Aug-2024 19:03:40.908,28.5375,-50.625004,-3.99375,1580,2000,0
02-Aug-2024 19:03:41.008,28.462502,-50.737503,-3.975,1580,2000,0
02-Aug-2024 19:03:41.108,28.35,-50.887501,-4.0125,1580,2000,0
02-Aug-2024 19:03:41.208,28.218752,-50.756252,-4.03125,1580,2000,0
02-Aug-2024 19:03:41.308,28.237501,-50.793751,-3.99375,1580,2000,0
02-Aug-2024 19:03:41.408,28.275002,-50.756252,-3.99375,1580,2000,0
02-Aug-2024 19:03:41.508,28.181252,-50.775002,-3.9375,1580,2000,0
02-Aug-2024 19:03:41.608,28.087502,-50.718754,-3.8625,1580,2000,0
02-Aug-2024 19:03:41.708,28.181252,-50.718754,-3.825,1580,2000,0
02-Aug-2024 19:03:41.808,28.275002,-50.756252,-3.7875,1580,2000,0
02-Aug-2024 19:03:41.908,28.35,-50.662502,-3.73125,1580,2000,0
02-Aug-2024 19:03:42.008,28.481251,-50.775002,-3.7125,1580,2000,0
02-Aug-2024 19:03:42.108,28.500002,-50.793751,-3.84375,1580,2000,0
02-Aug-2024 19:03:42.207,28.387501,-50.737503,-3.80625,1580,2000,0
02-Aug-2024 19:03:42.308,28.406252,-50.831253,-3.73125,1580,2000,0
02-Aug-2024 19:03:42.408,28.518751,-50.793751,-3.825,1580,2000,0
02-Aug-2024 19:03:42.508,28.481251,-50.700001,-3.80625,1580,2000,0
02-Aug-2024 19:03:42.608,28.518751,-50.625004,-3.80625,1580,2000,0
02-Aug-2024 19:03:42.708,28.575001,-50.606251,-3.80625,1580,2000,0
02-Aug-2024 19:03:42.808,28.518751,-50.456253,-3.84375,1580,2000,0
02-Aug-2024 19:03:42.908,28.593752,-50.343754,-3.80625,1580,2000,0
02-Aug-2024 19:03:43.008,28.725,-50.493752,-3.73125,1580,2000,0
02-Aug-2024 19:03:43.108,28.725,-50.418751,-3.73125,1580,2000,0
02-Aug-2024 19:03:43.208,28.725,-50.400002,-3.80625,1580,2000,0
02-Aug-2024 19:03:43.308,28.762501,-50.456253,-3.91875,1580,2000,0
02-Aug-2024 19:03:43.408,28.81875,-50.512501,-3.9375,1580,2000,0
02-Aug-2024 19:03:43.508,28.800001,-50.643753,-3.9,1580,2000,0
02-Aug-2024 19:03:43.608,28.800001,-50.793751,-3.91875,1580,2000,0
02-Aug-2024 19:03:43.708,28.762501,-50.887501,-3.95625,1580,2000,0
02-Aug-2024 19:03:43.808,28.63125,-50.775002,-4.03125,1580,2000,0
02-Aug-2024 19:03:43.908,28.706251,-50.756252,-3.99375,1580,2000,0
02-Aug-2024 19:03:44.008,28.650002,-50.831253,-3.88125,1580,2000,0
02-Aug-2024 19:03:44.108,28.612501,-50.850002,-3.76875,1580,2000,0
02-Aug-2024 19:03:44.208,28.593752,-50.831253,-3.7125,1580,2000,0
02-Aug-2024 19:03:44.308,28.500002,-50.775002,-3.80625,1580,2000,0
02-Aug-2024 19:03:44.408,28.481251,-50.793751,-3.65625,1580,2000,0
02-Aug-2024 19:03:44.508,28.387501,-50.793751,-3.54375,1580,2000,0
02-Aug-2024 19:03:44.608,28.406252,-50.793751,-3.50625,1580,2000,0
02-Aug-2024 19:03:44.708,28.35,-50.775002,-3.6,1580,2000,0
02-Aug-2024 19:03:44.808,28.35,-50.700001,-3.6375,1580,2000,0
02-Aug-2024 19:03:44.908,28.25625,-50.718754,-3.7125,1580,2000,0
02-Aug-2024 19:03:45.008,28.125002,-50.681252,-3.73125,1580,2000,0
02-Aug-2024 19:03:45.108,28.181252,-50.718754,-3.6375,1580,2000,0
02-Aug-2024 19:03:45.208,28.200001,-50.775002,-3.65625,1580,2000,0
02-Aug-2024 19:03:45.308,28.25625,-50.887501,-3.525,1580,2000,0
02-Aug-2024 19:03:45.408,28.293751,-50.850002,-3.4875,1580,2000,0
02-Aug-2024 19:03:45.508,28.143751,-50.868752,-3.4125,1580,2000,0
02-Aug-2024 19:03:45.608,28.237501,-50.887501,-3.35625,1580,2000,0
02-Aug-2024 19:03:45.708,28.275002,-50.775002,-3.31875,1580,2000,0
02-Aug-2024 19:03:45.808,28.368752,-50.868752,-3.24375,1580,2000,0
02-Aug-2024 19:03:45.907,28.312502,-50.812504,-3.24375,1580,2000,0
02-Aug-2024 19:03:46.008,28.237501,-50.681252,-3.225,1580,2000,0
02-Aug-2024 19:03:46.108,28.143751,-50.568752,-3.43125,1580,2000,0
02-Aug-2024 19:03:46.208,28.106251,-50.606251,-3.50625,1580,2000,0
02-Aug-2024 19:03:57.005,20.362501,-56.493752,-26.550001,1700,2000,0
02-Aug-2024 19:03:57.105,20.34375,-56.456253,-26.606251,1700,2000,0
02-Aug-2024 19:03:57.205,20.418751,-56.418751,-26.700001,1700,2000,0
02-Aug-2024 19:03:57.305,20.475,-56.381252,-26.700001,1700,2000,0
02-Aug-2024 19:03:57.405,20.606251,-56.418751,-26.718752,1700,2000,0
02-Aug-2024 19:03:57.505,20.700001,-56.381252,-26.737501,1700,2000,0
02-Aug-2024 19:03:57.605,20.700001,-56.381252,-26.75625,1700,2000,0
02-Aug-2024 19:03:57.705,20.8125,-56.343754,-26.793751,1700,2000,0
02-Aug-2024 19:03:57.805,20.8125,-56.287502,-26.85,1700,2000,0
02-Aug-2024 19:03:57.905,20.90625,-56.381252,-26.868752,1700,2000,0
02-Aug-2024 19:03:58.005,21,-56.381252,-26.718752,1700,2000,0
02-Aug-2024 19:03:58.105,21.056252,-56.437504,-26.718752,1700,2000,0
02-Aug-2024 19:03:58.205,20.962502,-56.437504,-26.737501,1700,2000,0
02-Aug-2024 19:03:58.305,21.056252,-56.531254,-26.75625,1700,2000,0
02-Aug-2024 19:03:58.405,21.112501,-56.456253,-26.6625,1700,2000,0
02-Aug-2024 19:03:58.505,21.075001,-56.381252,-26.456251,1700,2000,0
02-Aug-2024 19:03:58.605,21.075001,-56.475002,-26.512501,1700,2000,0
02-Aug-2024 19:03:58.705,21.0375,-56.400002,-26.550001,1700,2000,0
02-Aug-2024 19:03:58.805,21.112501,-56.381252,-26.643751,1700,2000,0
02-Aug-2024 19:03:58.905,21.225,-56.306252,-26.700001,1700,2000,0
02-Aug-2024 19:03:59.005,21.300001,-56.137501,-26.681252,1700,2000,0
02-Aug-2024 19:03:59.105,21.1875,-56.100002,-26.625002,1700,2000,0
02-Aug-2024 19:03:59.205,21.28125,-56.081253,-26.625002,1700,2000,0
02-Aug-2024 19:03:59.305,21.356251,-56.156254,-26.625002,1700,2000,0
02-Aug-2024 19:03:59.405,21.262501,-56.081253,-26.512501,1700,2000,0
02-Aug-2024 19:03:59.505,21.168751,-56.081253,-26.343752,1700,2000,0
02-Aug-2024 19:03:59.605,21.075001,-56.062504,-26.175001,1700,2000,0
02-Aug-2024 19:03:59.705,21.075001,-56.062504,-26.137501,1700,2000,0
02-Aug-2024 19:03:59.805,21.09375,-56.193752,-26.043751,1700,2000,0
02-Aug-2024 19:03:59.905,21.1875,-56.118752,-25.950001,1700,2000,0
02-Aug-2024 19:04:00.005,21.31875,-56.137501,-25.931252,1700,2000,0
02-Aug-2024 19:04:00.105,21.375,-56.137501,-25.931252,1700,2000,0
02-Aug-2024 19:04:00.205,21.46875,-56.156254,-25.893751,1700,2000,0
02-Aug-2024 19:04:00.305,21.69375,-56.175003,-25.893751,1700,2000,0
02-Aug-2024 19:04:00.405,21.637501,-56.193752,-25.931252,1700,2000,0
02-Aug-2024 19:04:00.505,21.5625,-56.212502,-25.856251,1700,2000,0
02-Aug-2024 19:04:00.605,21.637501,-56.268753,-25.893751,1700,2000,0
02-Aug-2024 19:04:00.705,21.618752,-56.306252,-25.931252,1700,2000,0
02-Aug-2024 19:04:00.805,21.431252,-56.343754,-25.856251,1700,2000,0
02-Aug-2024 19:04:00.905,21.337502,-56.306252,-25.9125,1700,2000,0
02-Aug-2024 19:04:01.005,21.28125,-56.325001,-25.893751,1700,2000,0
02-Aug-2024 19:04:01.105,21.168751,-56.325001,-25.9125,1700,2000,0
02-Aug-2024 19:04:01.204,21.1875,-56.400002,-25.893751,1700,2000,0
02-Aug-2024 19:04:01.305,21.243752,-56.493752,-25.9125,1700,2000,0
02-Aug-2024 19:04:01.405,21.112501,-56.381252,-25.950001,1700,2000,0
02-Aug-2024 19:04:01.505,21.018751,-56.400002,-26.081251,1700,2000,0
02-Aug-2024 19:04:01.605,20.94375,-56.381252,-26.212502,1700,2000,0
02-Aug-2024 19:04:01.705,21.056252,-56.437504,-26.118752,1700,2000,0
02-Aug-2024 19:04:01.805,21.075001,-56.437504,-26.137501,1700,2000,0
02-Aug-2024 19:04:01.905,21,-56.531254,-26.175001,1700,2000,0
02-Aug-2024 19:04:02.005,21.13125,-56.531254,-26.212502,1700,2000,0
02-Aug-2024 19:04:02.105,21.1875,-56.475002,-26.156252,1700,2000,0
02-Aug-2024 19:04:02.205,21.262501,-56.493752,-26.1,1700,2000,0
02-Aug-2024 19:04:02.305,21.262501,-56.437504,-25.987501,1700,2000,0
02-Aug-2024 19:04:02.405,21.375,-56.437504,-25.856251,1700,2000,0
02-Aug-2024 19:04:02.505,21.300001,-56.437504,-25.81875,1700,2000,0
02-Aug-2024 19:04:02.605,21.28125,-56.400002,-25.81875,1700,2000,0
02-Aug-2024 19:04:02.705,21.31875,-56.250004,-25.856251,1700,2000,0
02-Aug-2024 19:04:02.805,21.206251,-56.381252,-25.781252,1700,2000,0
02-Aug-2024 19:04:02.905,21.13125,-56.400002,-25.856251,1700,2000,0
02-Aug-2024 19:04:03.005,21.056252,-56.475002,-25.762501,1700,2000,0
02-Aug-2024 19:04:03.105,21.056252,-56.418751,-25.781252,1700,2000,0
02-Aug-2024 19:04:03.205,21,-56.400002,-25.743752,1700,2000,0
02-Aug-2024 19:04:03.305,21.0375,-56.400002,-25.762501,1700,2000,0
02-Aug-2024 19:04:03.405,21.09375,-56.400002,-25.837502,1700,2000,0
02-Aug-2024 19:04:03.505,21.150002,-56.493752,-25.781252,1700,2000,0
02-Aug-2024 19:04:03.605,21.168751,-56.325001,-25.743752,1700,2000,0
02-Aug-2024 19:04:03.705,21.150002,-56.306252,-25.706251,1700,2000,0
02-Aug-2024 19:04:03.805,21.337502,-56.212502,-25.837502,1700,2000,0
02-Aug-2024 19:04:03.905,21.487501,-56.268753,-25.781252,1700,2000,0
02-Aug-2024 19:04:04.005,21.525002,-56.306252,-25.81875,1700,2000,0
02-Aug-2024 19:04:04.105,21.6,-56.343754,-25.856251,1700,2000,0
02-Aug-2024 19:04:04.205,21.581251,-56.381252,-25.875002,1700,2000,0
02-Aug-2024 19:04:04.305,21.675001,-56.381252,-25.762501,1700,2000,0
02-Aug-2024 19:04:04.405,21.731251,-56.306252,-25.837502,1700,2000,0
02-Aug-2024 19:04:04.505,21.768751,-56.400002,-25.725,1700,2000,0
02-Aug-2024 19:04:04.605,21.637501,-56.362503,-25.612501,1700,2000,0
02-Aug-2024 19:04:04.705,21.581251,-56.343754,-25.650002,1700,2000,0
02-Aug-2024 19:04:04.805,21.581251,-56.212502,-25.612501,1700,2000,0
02-Aug-2024 19:04:04.904,21.450001,-56.193752,-25.575001,1700,2000,0
02-Aug-2024 19:04:05.005,21.4125,-56.193752,-25.44375,1700,2000,0
02-Aug-2024 19:04:05.105,21.356251,-56.175003,-25.44375,1700,2000,0
02-Aug-2024 19:04:05.205,21.225,-56.381252,-25.35,1700,2000,0
02-Aug-2024 19:04:05.305,21.225,-56.118752,-25.387501,1700,2000,0
02-Aug-2024 19:04:05.405,21.150002,-56.212502,-25.312502,1700,2000,0
02-Aug-2024 19:04:05.505,21.09375,-56.325001,-25.312502,1700,2000,0
02-Aug-2024 19:04:05.605,21.09375,-56.437504,-25.312502,1700,2000,0
02-Aug-2024 19:04:05.705,21.075001,-56.493752,-25.237501,1700,2000,0
02-Aug-2024 19:04:05.805,21.206251,-56.531254,-25.218752,1700,2000,0
02-Aug-2024 19:04:05.905,21.168751,-56.625004,-25.25625,1700,2000,0
02-Aug-2024 19:04:06.005,21.13125,-56.512501,-25.181252,1700,2000,0
02-Aug-2024 19:04:06.105,21.075001,-56.793751,-25.237501,1700,2000,0
02-Aug-2024 19:04:06.205,21.0375,-56.850002,-25.143751,1700,2000,0
02-Aug-2024 19:04:06.305,21.0375,-56.756252,-25.050001,1700,2000,0
02-Aug-2024 19:04:06.405,21.075001,-56.793751,-25.050001,1700,2000,0
02-Aug-2024 19:04:06.505,21.1875,-56.718754,-25.031252,1700,2000,0
02-Aug-2024 19:04:06.605,21.09375,-56.643753,-24.956251,1700,2000,0
02-Aug-2024 19:04:06.705,21.075001,-56.550003,-24.918751,1700,2000,0
02-Aug-2024 19:04:06.805,21.206251,-56.625004,-24.975,1700,2000,0
02-Aug-2024 19:04:06.905,21.300001,-56.550003,-24.937502,1700,2000,0
02-Aug-2024 19:04:49.532,-6.69375,-71.325005,7.44375,2212,1900,0
02-Aug-2024 19:04:49.632,-6.69375,-71.325005,7.6875,2212,1900,0
02-Aug-2024 19:04:49.732,-6.69375,-71.306252,7.8,2212,1900,0
02-Aug-2024 19:04:49.832,-6.525,-71.306252,7.89375,2212,1900,0
02-Aug-2024 19:04:49.932,-6.375,-71.381256,8.137501,2212,1900,0
02-Aug-2024 19:04:50.032,-6.28125,-71.400002,8.118751,2212,1900,0
02-Aug-2024 19:04:50.132,-6.24375,-71.381256,8.2875,2212,1900,0
02-Aug-2024 19:04:50.232,-6.13125,-71.400002,8.34375,2212,1900,0
02-Aug-2024 19:04:50.332,-6.075,-71.475006,8.475,2212,1900,0
02-Aug-2024 19:04:50.432,-5.90625,-71.512505,8.475,2212,1900,0
02-Aug-2024 19:04:50.532,-5.7,-71.512505,8.493751,2212,1900,0
02-Aug-2024 19:04:50.632,-5.60625,-71.550003,8.64375,2212,1900,0
02-Aug-2024 19:04:50.732,-5.56875,-71.587502,8.6625,2212,1900,0
02-Aug-2024 19:04:50.832,-5.4375,-71.662506,8.625,2212,1900,0
02-Aug-2024 19:04:50.932,-5.38125,-71.756256,8.606251,2212,1900,0
02-Aug-2024 19:04:51.032,-5.25,-71.756256,8.6625,2212,1900,0
02-Aug-2024 19:04:51.132,-5.2125,-71.71875,8.64375,2212,1900,0
02-Aug-2024 19:04:51.232,-5.1,-71.756256,8.625,2212,1900,0
02-Aug-2024 19:04:51.332,-5.1375,-71.793755,8.55,2212,1900,0
02-Aug-2024 19:04:51.432,-5.08125,-71.8125,8.4375,2212,1900,0
02-Aug-2024 19:04:51.532,-5.0625,-71.681252,8.3625,2212,1900,0
02-Aug-2024 19:04:51.632,-5.11875,-71.643753,8.400001,2212,1900,0
02-Aug-2024 19:04:51.732,-5.1,-71.512505,8.325001,2212,1900,0
02-Aug-2024 19:04:51.832,-5.1375,-71.53125,8.34375,2212,1900,0
02-Aug-2024 19:04:51.932,-5.1,-71.662506,8.325001,2212,1900,0
02-Aug-2024 19:04:52.032,-5.19375,-71.662506,8.34375,2212,1900,0
02-Aug-2024 19:04:52.132,-5.1375,-71.643753,8.34375,2212,1900,0
02-Aug-2024 19:04:52.232,-5.175,-71.625,8.418751,2212,1900,0
02-Aug-2024 19:04:52.332,-5.1,-71.831253,8.45625,2212,1900,0
02-Aug-2024 19:04:52.432,-5.0625,-71.8125,8.493751,2212,1900,0
02-Aug-2024 19:04:52.532,-5.15625,-71.850006,8.400001,2212,1900,0
02-Aug-2024 19:04:52.632,-5.175,-71.962502,8.38125,2212,1900,0
02-Aug-2024 19:04:52.732,-5.2875,-71.90625,8.418751,2212,1900,0
02-Aug-2024 19:04:52.832,-5.4,-71.90625,8.306251,2212,1900,0
02-Aug-2024 19:04:52.932,-5.56875,-71.981255,8.325001,2212,1900,0
02-Aug-2024 19:04:53.032,-5.55,-72.131256,8.400001,2212,1900,0
02-Aug-2024 19:04:53.132,-5.64375,-72.075005,8.4375,2212,1900,0
02-Aug-2024 19:04:53.232,-5.6625,-72.168755,8.4375,2212,1900,0
02-Aug-2024 19:04:53.332,-5.6625,-72.300003,8.493751,2212,1900,0
02-Aug-2024 19:04:53.432,-5.6625,-72.131256,8.418751,2212,1900,0
02-Aug-2024 19:04:53.532,-5.49375,-72.075005,8.4375,2212,1900,0
02-Aug-2024 19:04:53.632,-5.325,-72,8.493751,2212,1900,0
02-Aug-2024 19:04:53.732,-5.04375,-71.868752,8.45625,2212,1900,0
02-Aug-2024 19:04:53.832,-5.08125,-71.71875,8.34375,2212,1900,0
02-Aug-2024 19:04:53.932,-5.0625,-71.775002,8.175,2212,1900,0
02-Aug-2024 19:04:54.032,-5.00625,-71.700005,8.118751,2212,1900,0
02-Aug-2024 19:04:54.132,-4.875,-71.643753,8.1,2212,1900,0
02-Aug-2024 19:04:54.232,-4.85625,-71.737503,8.118751,2212,1900,0
02-Aug-2024 19:04:54.332,-4.85625,-71.925003,8.025001,2212,1900,0
02-Aug-2024 19:04:54.432,-4.95,-71.90625,8.025001,2212,1900,0
02-Aug-2024 19:04:54.532,-4.9875,-71.925003,8.0625,2212,1900,0
02-Aug-2024 19:04:54.632,-4.95,-71.887505,8.1,2212,1900,0
02-Aug-2024 19:04:54.732,-4.89375,-71.831253,8.137501,2212,1900,0
02-Aug-2024 19:04:54.832,-4.95,-71.887505,8.19375,2212,1900,0
02-Aug-2024 19:04:54.932,-4.93125,-71.868752,8.19375,2212,1900,0
02-Aug-2024 19:04:55.032,-4.89375,-71.850006,8.15625,2212,1900,0
02-Aug-2024 19:04:55.132,-4.89375,-71.681252,8.26875,2212,1900,0
02-Aug-2024 19:04:55.232,-4.81875,-71.793755,8.2875,2212,1900,0
02-Aug-2024 19:04:55.332,-5.00625,-71.90625,8.2875,2212,1900,0
02-Aug-2024 19:04:55.432,-4.9125,-71.868752,8.137501,2212,1900,0
02-Aug-2024 19:04:55.532,-4.9125,-71.850006,8.137501,2212,1900,0
02-Aug-2024 19:04:55.632,-4.78125,-71.737503,8.137501,2212,1900,0
02-Aug-2024 19:04:55.732,-4.81875,-71.71875,8.137501,2212,1900,0
02-Aug-2024 19:04:55.832,-4.78125,-71.756256,8.118751,2212,1900,0
02-Aug-2024 19:04:55.932,-4.8375,-71.71875,7.9875,2212,1900,0
02-Aug-2024 19:04:56.032,-4.93125,-71.71875,7.9875,2212,1900,0
02-Aug-2024 19:04:56.132,-4.74375,-71.606255,8.025001,2212,1900,0
02-Aug-2024 19:04:56.232,-4.8,-71.700005,8.15625,2212,1900,0
02-Aug-2024 19:04:56.332,-4.85625,-71.71875,8.26875,2212,1900,0
02-Aug-2024 19:04:56.432,-4.89375,-71.868752,8.26875,2212,1900,0
02-Aug-2024 19:04:56.532,-4.93125,-71.925003,8.325001,2212,1900,0
02-Aug-2024 19:04:56.632,-4.9125,-71.925003,8.2875,2212,1900,0
02-Aug-2024 19:04:56.732,-4.89375,-71.925003,8.306251,2212,1900,0
02-Aug-2024 19:04:56.832,-4.93125,-71.90625,8.231251,2212,1900,0
02-Aug-2024 19:04:56.932,-4.85625,-71.850006,8.118751,2212,1900,0
02-Aug-2024 19:04:57.032,-4.85625,-71.71875,7.9875,2212,1900,0
02-Aug-2024 19:04:57.132,-4.70625,-71.662506,7.85625,2212,1900,0
02-Aug-2024 19:04:57.232,-4.65,-71.587502,7.85625,2212,1900,0
02-Aug-2024 19:04:57.332,-4.575,-71.550003,7.96875,2212,1900,0
02-Aug-2024 19:04:57.432,-4.5375,-71.587502,8.025001,2212,1900,0
02-Aug-2024 19:04:57.532,-4.4625,-71.587502,8.025001,2212,1900,0
02-Aug-2024 19:04:57.632,-4.25625,-71.606255,8.08125,2212,1900,0
02-Aug-2024 19:04:57.732,-4.3125,-71.756256,8.1,2212,1900,0
02-Aug-2024 19:04:57.832,-4.18125,-71.868752,8.231251,2212,1900,0
02-Aug-2024 19:04:57.932,-4.10625,-71.868752,8.231251,2212,1900,0
02-Aug-2024 19:04:58.032,-4.03125,-71.887505,8.25,2212,1900,0
02-Aug-2024 19:04:58.132,-4.06875,-71.831253,8.1,2212,1900,0
02-Aug-2024 19:04:58.232,-3.99375,-71.756256,8.08125,2212,1900,0
02-Aug-2024 19:04:58.332,-3.975,-71.887505,8.15625,2212,1900,0
02-Aug-2024 19:04:58.432,-4.125,-71.868752,8.15625,2212,1900,0
02-Aug-2024 19:04:58.532,-4.125,-71.793755,8.1,2212,1900,0
02-Aug-2024 19:04:58.632,-4.275,-71.71875,8.00625,2212,1900,0
02-Aug-2024 19:04:58.732,-4.36875,-71.831253,8.043751,2212,1900,0
02-Aug-2024 19:04:58.832,-4.51875,-71.737503,8.00625,2212,1900,0
02-Aug-2024 19:04:58.932,-4.3875,-71.868752,8.08125,2212,1900,0
02-Aug-2024 19:04:59.032,-4.44375,-72,8.19375,2212,1900,0
02-Aug-2024 19:04:59.132,-4.48125,-71.831253,8.175,2212,1900,0
02-Aug-2024 19:04:59.232,-4.25625,-71.737503,8.1,2212,1900,0
02-Aug-2024 19:04:59.332,-4.275,-71.868752,8.175,2212,1900,0
02-Aug-2024 19:04:59.432,-4.21875,-71.887505,8.175,2212,1900,0
02-Aug-2024 19:05:32.532,5.85,17.475,-21.806252,2634,1796,0
02-Aug-2024 19:05:32.632,5.86875,17.512501,-21.900002,2634,1796,0
02-Aug-2024 19:05:32.732,5.68125,17.56875,-22.012501,2634,1796,0
02-Aug-2024 19:05:32.832,5.475,17.550001,-22.1625,2634,1796,0
02-Aug-2024 19:05:32.932,5.19375,17.56875,-22.25625,2634,1796,0
02-Aug-2024 19:05:33.032,4.89375,17.56875,-22.368752,2634,1796,0
02-Aug-2024 19:05:33.132,4.725,17.53125,-22.5,2634,1796,0
02-Aug-2024 19:05:33.232,4.59375,17.625,-22.5375,2634,1796,0
02-Aug-2024 19:05:33.332,4.40625,17.625,-22.556252,2634,1796,0
02-Aug-2024 19:05:33.432,4.2375,17.625,-22.518751,2634,1796,0
02-Aug-2024 19:05:33.532,4.1625,17.587502,-22.44375,2634,1796,0
02-Aug-2024 19:05:33.632,4.0875,17.606251,-22.5375,2634,1796,0
02-Aug-2024 19:05:33.732,4.10625,17.587502,-22.5375,2634,1796,0
02-Aug-2024 19:05:33.832,4.1625,17.587502,-22.518751,2634,1796,0
02-Aug-2024 19:05:33.932,4.05,17.56875,-22.556252,2634,1796,0
02-Aug-2024 19:05:34.032,4.03125,17.475,-22.63125,2634,1796,0
02-Aug-2024 19:05:34.132,4.10625,17.606251,-22.668751,2634,1796,0
02-Aug-2024 19:05:34.232,4.14375,17.606251,-22.78125,2634,1796,0
02-Aug-2024 19:05:34.332,4.06875,17.6625,-22.9125,2634,1796,0
02-Aug-2024 19:05:34.432,4.1625,17.587502,-22.837502,2634,1796,0
02-Aug-2024 19:05:34.532,4.1625,17.53125,-22.762501,2634,1796,0
02-Aug-2024 19:05:34.632,4.0875,17.456251,-22.78125,2634,1796,0
02-Aug-2024 19:05:34.732,4.14375,17.53125,-22.81875,2634,1796,0
02-Aug-2024 19:05:34.832,4.18125,17.71875,-22.78125,2634,1796,0
02-Aug-2024 19:05:34.932,3.95625,17.625,-22.706251,2634,1796,0
02-Aug-2024 19:05:35.032,3.8625,17.606251,-22.575001,2634,1796,0
02-Aug-2024 19:05:35.132,3.9,17.643751,-22.5,2634,1796,0
02-Aug-2024 19:05:35.232,3.9375,17.775002,-22.462502,2634,1796,0
02-Aug-2024 19:05:35.332,3.91875,17.775002,-22.481251,2634,1796,0
02-Aug-2024 19:05:35.432,3.8625,17.831251,-22.481251,2634,1796,0
02-Aug-2024 19:05:35.532,3.91875,17.793751,-22.481251,2634,1796,0
02-Aug-2024 19:05:35.632,3.88125,17.737501,-22.556252,2634,1796,0
02-Aug-2024 19:05:35.732,3.9375,17.793751,-22.63125,2634,1796,0
02-Aug-2024 19:05:35.832,3.975,17.737501,-22.706251,2634,1796,0
02-Aug-2024 19:05:35.932,4.06875,17.71875,-22.78125,2634,1796,0
02-Aug-2024 19:05:36.032,3.975,17.6625,-22.875,2634,1796,0
02-Aug-2024 19:05:36.132,3.95625,17.56875,-23.0625,2634,1796,0
02-Aug-2024 19:05:36.232,4.06875,17.700001,-23.1,2634,1796,0
02-Aug-2024 19:05:36.332,4.0875,17.643751,-22.987501,2634,1796,0
02-Aug-2024 19:05:36.432,4.10625,17.625,-22.9125,2634,1796,0
02-Aug-2024 19:05:36.532,4.275,17.56875,-22.800001,2634,1796,0
02-Aug-2024 19:05:36.632,4.33125,17.56875,-22.875,2634,1796,0
02-Aug-2024 19:05:36.732,4.275,17.512501,-22.9125,2634,1796,0
02-Aug-2024 19:05:36.832,4.2,17.53125,-22.931252,2634,1796,0
02-Aug-2024 19:05:36.932,4.2375,17.6625,-22.856251,2634,1796,0
02-Aug-2024 19:05:37.032,4.3125,17.550001,-22.950001,2634,1796,0
02-Aug-2024 19:05:37.132,4.25625,17.643751,-23.025002,2634,1796,0
02-Aug-2024 19:05:37.232,4.25625,17.550001,-23.0625,2634,1796,0
02-Aug-2024 19:05:37.332,4.2,17.493752,-23.1,2634,1796,0
02-Aug-2024 19:05:37.432,4.25625,17.475,-23.025002,2634,1796,0
02-Aug-2024 19:05:37.532,4.36875,17.400002,-22.837502,2634,1796,0
02-Aug-2024 19:05:37.632,4.5,17.231251,-22.743752,2634,1796,0
02-Aug-2024 19:05:37.732,4.63125,17.25,-22.668751,2634,1796,0
02-Aug-2024 19:05:37.832,4.59375,17.25,-22.612501,2634,1796,0
02-Aug-2024 19:05:37.932,4.63125,17.175001,-22.556252,2634,1796,0
02-Aug-2024 19:05:38.032,4.55625,17.19375,-22.59375,2634,1796,0
02-Aug-2024 19:05:38.132,4.66875,17.325001,-22.650002,2634,1796,0
02-Aug-2024 19:05:38.232,4.6125,17.268751,-22.706251,2634,1796,0
02-Aug-2024 19:05:38.332,4.63125,17.38125,-22.96875,2634,1796,0
02-Aug-2024 19:05:38.432,4.6125,17.456251,-23.1,2634,1796,0
02-Aug-2024 19:05:38.532,4.5,17.400002,-23.268751,2634,1796,0
02-Aug-2024 19:05:38.632,4.4625,17.362501,-23.2875,2634,1796,0
02-Aug-2024 19:05:38.732,4.5,17.38125,-23.38125,2634,1796,0
02-Aug-2024 19:05:38.832,4.5375,17.456251,-23.456251,2634,1796,0
02-Aug-2024 19:05:38.932,4.4625,17.38125,-23.493752,2634,1796,0
02-Aug-2024 19:05:39.032,4.5,17.493752,-23.56875,2634,1796,0
02-Aug-2024 19:05:39.132,4.425,17.475,-23.475,2634,1796,0
02-Aug-2024 19:05:39.232,4.40625,17.456251,-23.53125,2634,1796,0
02-Aug-2024 19:05:39.332,4.425,17.475,-23.475,2634,1796,0
02-Aug-2024 19:05:39.432,4.5,17.493752,-23.4375,2634,1796,0
02-Aug-2024 19:05:39.532,4.51875,17.456251,-23.512501,2634,1796,0
02-Aug-2024 19:05:39.632,4.55625,17.400002,-23.475,2634,1796,0
02-Aug-2024 19:05:39.732,4.725,17.362501,-23.400002,2634,1796,0
02-Aug-2024 19:05:39.832,4.7625,17.175001,-23.325001,2634,1796,0
02-Aug-2024 19:05:39.932,4.6875,17.118752,-23.325001,2634,1796,0
02-Aug-2024 19:05:40.032,4.85625,17.15625,-23.212502,2634,1796,0
02-Aug-2024 19:05:40.132,4.89375,17.118752,-23.268751,2634,1796,0
02-Aug-2024 19:05:40.232,4.8,17.1,-23.34375,2634,1796,0
02-Aug-2024 19:05:40.332,4.78125,17.025002,-23.34375,2634,1796,0
02-Aug-2024 19:05:40.432,4.85625,17.043751,-23.400002,2634,1796,0
02-Aug-2024 19:05:40.532,4.70625,17.043751,-23.56875,2634,1796,0
02-Aug-2024 19:05:40.632,4.63125,17.19375,-23.643751,2634,1796,0
02-Aug-2024 19:05:40.732,4.85625,17.325001,-23.6625,2634,1796,0
02-Aug-2024 19:05:40.832,4.78125,17.2875,-23.56875,2634,1796,0
02-Aug-2024 19:05:40.932,4.81875,17.212502,-23.493752,2634,1796,0
02-Aug-2024 19:05:41.032,4.8,17.19375,-23.475,2634,1796,0
02-Aug-2024 19:05:41.132,4.89375,17.231251,-23.325001,2634,1796,0
02-Aug-2024 19:05:41.232,4.875,17.19375,-23.2875,2634,1796,0
02-Aug-2024 19:05:41.332,4.89375,17.212502,-23.118752,2634,1796,0
02-Aug-2024 19:05:41.432,4.96875,17.15625,-23.1,2634,1796,0
02-Aug-2024 19:05:41.532,4.9875,17.025002,-23.081251,2634,1796,0
02-Aug-2024 19:05:41.632,4.96875,16.987501,-23.081251,2634,1796,0
02-Aug-2024 19:05:41.732,5.00625,17.0625,-23.1,2634,1796,0
02-Aug-2024 19:05:41.832,5.2125,17.081251,-23.118752,2634,1796,0
02-Aug-2024 19:05:41.932,5.15625,17.137501,-23.1,2634,1796,0
02-Aug-2024 19:05:42.032,5.2125,17.0625,-23.025002,2634,1796,0
02-Aug-2024 19:05:42.132,5.2875,17.00625,-23.081251,2634,1796,0
02-Aug-2024 19:05:42.232,5.25,17.0625,-23.043751,2634,1796,0
02-Aug-2024 19:05:42.332,5.15625,17.081251,-23.118752,2634,1796,0
02-Aug-2024 19:05:42.432,5.11875,17.15625,-23.25,2634,1796,0
02-Aug-2024 19:05:57.286,-47.306252,3.15,-5.1375,2496,1796,0
02-Aug-2024 19:05:57.386,-47.15625,3.16875,-5.11875,2496,1796,0
02-Aug-2024 19:05:57.486,-47.268753,3.0375,-5.1,2496,1796,0
02-Aug-2024 19:05:57.586,-47.34375,2.98125,-5.025,2496,1796,0
02-Aug-2024 19:05:57.686,-47.381252,2.86875,-4.85625,2496,1796,0
02-Aug-2024 19:05:57.786,-47.4375,2.775,-4.8375,2496,1796,0
02-Aug-2024 19:05:57.886,-47.456253,2.7375,-4.78125,2496,1796,0
02-Aug-2024 19:05:57.985,-47.418751,2.64375,-4.78125,2496,1796,0
02-Aug-2024 19:05:58.086,-47.568752,2.79375,-4.8,2496,1796,0
02-Aug-2024 19:05:58.186,-47.71875,2.8125,-4.78125,2496,1796,0
02-Aug-2024 19:05:58.286,-47.662502,3.0375,-4.7625,2496,1796,0
02-Aug-2024 19:05:58.386,-47.71875,3,-4.725,2496,1796,0
02-Aug-2024 19:05:58.486,-47.71875,3.05625,-4.6875,2496,1796,0
02-Aug-2024 19:05:58.586,-47.643753,3.01875,-4.55625,2496,1796,0
02-Aug-2024 19:05:58.686,-47.662502,2.90625,-4.59375,2496,1796,0
02-Aug-2024 19:05:58.786,-47.737503,3.05625,-4.6125,2496,1796,0
02-Aug-2024 19:05:58.886,-47.587502,3.01875,-4.575,2496,1796,0
02-Aug-2024 19:05:58.986,-47.53125,2.925,-4.55625,2496,1796,0
02-Aug-2024 19:05:59.086,-47.550003,2.8875,-4.44375,2496,1796,0
02-Aug-2024 19:05:59.186,-47.550003,2.86875,-4.4625,2496,1796,0
02-Aug-2024 19:05:59.286,-47.681252,2.9625,-4.5375,2496,1796,0
02-Aug-2024 19:05:59.386,-47.700001,2.90625,-4.59375,2496,1796,0
02-Aug-2024 19:05:59.486,-47.756252,3.01875,-4.6125,2496,1796,0
02-Aug-2024 19:05:59.586,-47.756252,2.86875,-4.575,2496,1796,0
02-Aug-2024 19:05:59.686,-47.887501,2.7375,-4.5,2496,1796,0
02-Aug-2024 19:05:59.786,-47.8125,2.7,-4.5375,2496,1796,0
02-Aug-2024 19:05:59.886,-47.887501,2.55,-4.65,2496,1796,0
02-Aug-2024 19:05:59.986,-47.90625,2.56875,-4.66875,2496,1796,0
02-Aug-2024 19:06:00.086,-47.775002,2.41875,-4.65,2496,1796,0
02-Aug-2024 19:06:00.186,-47.887501,2.41875,-4.70625,2496,1796,0
02-Aug-2024 19:06:00.286,-47.737503,2.325,-4.65,2496,1796,0
02-Aug-2024 19:06:00.386,-47.831253,2.3625,-4.6875,2496,1796,0
02-Aug-2024 19:06:00.486,-47.71875,2.30625,-4.74375,2496,1796,0
02-Aug-2024 19:06:00.586,-47.793751,2.38125,-4.875,2496,1796,0
02-Aug-2024 19:06:00.686,-47.868752,2.38125,-4.89375,2496,1796,0
02-Aug-2024 19:06:00.786,-47.793751,2.38125,-4.8375,2496,1796,0
02-Aug-2024 19:06:00.886,-47.925003,2.41875,-4.93125,2496,1796,0
02-Aug-2024 19:06:00.986,-47.775002,2.475,-4.89375,2496,1796,0
02-Aug-2024 19:06:01.086,-47.962502,2.3625,-4.875,2496,1796,0
02-Aug-2024 19:06:01.186,-47.962502,2.30625,-4.93125,2496,1796,0
02-Aug-2024 19:06:01.286,-47.981251,2.38125,-4.95,2496,1796,0
02-Aug-2024 19:06:01.386,-47.90625,2.49375,-4.89375,2496,1796,0
02-Aug-2024 19:06:01.486,-47.737503,2.60625,-4.9875,2496,1796,0
02-Aug-2024 19:06:01.586,-47.737503,2.6625,-5.1,2496,1796,0
02-Aug-2024 19:06:01.686,-47.625,2.7375,-5.04375,2496,1796,0
02-Aug-2024 19:06:01.786,-47.662502,2.75625,-5.11875,2496,1796,0
02-Aug-2024 19:06:01.886,-47.606251,2.9625,-5.2125,2496,1796,0
02-Aug-2024 19:06:01.986,-47.475002,2.9625,-5.1,2496,1796,0
02-Aug-2024 19:06:02.086,-47.418751,3.0375,-5.08125,2496,1796,0
02-Aug-2024 19:06:02.186,-47.362503,3.1125,-5.15625,2496,1796,0
02-Aug-2024 19:06:02.286,-47.456253,3.15,-5.00625,2496,1796,0
02-Aug-2024 19:06:02.386,-47.400002,3.13125,-5.0625,2496,1796,0
02-Aug-2024 19:06:02.486,-47.400002,3.09375,-5.00625,2496,1796,0
02-Aug-2024 19:06:02.586,-47.456253,3,-5.025,2496,1796,0
02-Aug-2024 19:06:02.686,-47.53125,2.925,-5.0625,2496,1796,0
02-Aug-2024 19:06:02.786,-47.512501,3.01875,-5.2125,2496,1796,0
02-Aug-2024 19:06:02.886,-47.606251,3.05625,-5.2875,2496,1796,0
02-Aug-2024 19:06:02.986,-47.662502,2.9625,-5.25,2496,1796,0
02-Aug-2024 19:06:03.086,-47.625,2.94375,-5.26875,2496,1796,0
02-Aug-2024 19:06:03.186,-47.756252,3.05625,-5.175,2496,1796,0
02-Aug-2024 19:06:03.286,-47.831253,3.09375,-5.25,2496,1796,0
02-Aug-2024 19:06:03.386,-47.8125,3.31875,-5.30625,2496,1796,0
02-Aug-2024 19:06:03.486,-47.681252,3.3375,-5.175,2496,1796,0
02-Aug-2024 19:06:03.586,-47.8125,3.31875,-5.1375,2496,1796,0
02-Aug-2024 19:06:03.686,-47.756252,3.225,-5.15625,2496,1796,0
02-Aug-2024 19:06:03.786,-47.775002,3.225,-5.19375,2496,1796,0
02-Aug-2024 19:06:03.886,-47.643753,3.1875,-5.25,2496,1796,0
02-Aug-2024 19:06:03.986,-47.4375,3.13125,-5.26875,2496,1796,0
02-Aug-2024 19:06:04.086,-47.306252,3.09375,-5.23125,2496,1796,0
02-Aug-2024 19:06:04.186,-47.287502,3,-5.15625,2496,1796,0
02-Aug-2024 19:06:04.286,-47.306252,2.94375,-5.2125,2496,1796,0
02-Aug-2024 19:06:04.386,-47.231251,3.075,-5.30625,2496,1796,0
02-Aug-2024 19:06:04.486,-47.231251,3.0375,-5.19375,2496,1796,0
02-Aug-2024 19:06:04.586,-47.306252,3.0375,-5.175,2496,1796,0
02-Aug-2024 19:06:04.686,-47.268753,3.15,-5.11875,2496,1796,0
02-Aug-2024 19:06:04.786,-47.512501,3.16875,-5.19375,2496,1796,0
02-Aug-2024 19:06:04.886,-47.53125,3.13125,-5.2125,2496,1796,0
02-Aug-2024 19:06:04.986,-47.53125,3.16875,-5.19375,2496,1796,0
02-Aug-2024 19:06:05.086,-47.587502,3.20625,-5.19375,2496,1796,0
02-Aug-2024 19:06:05.186,-47.625,3.13125,-5.0625,2496,1796,0
02-Aug-2024 19:06:05.286,-47.606251,3.28125,-5.0625,2496,1796,0
02-Aug-2024 19:06:05.386,-47.550003,3.31875,-5.04375,2496,1796,0
02-Aug-2024 19:06:05.486,-47.756252,3.28125,-5.00625,2496,1796,0
02-Aug-2024 19:06:05.586,-47.662502,3.1875,-4.96875,2496,1796,0
02-Aug-2024 19:06:05.686,-47.700001,3.3,-4.875,2496,1796,0
02-Aug-2024 19:06:05.786,-47.643753,3.3375,-4.8375,2496,1796,0
02-Aug-2024 19:06:05.886,-47.625,3.45,-4.8375,2496,1796,0
02-Aug-2024 19:06:05.986,-47.568752,3.43125,-5.025,2496,1796,0
02-Aug-2024 19:06:06.086,-47.681252,3.3375,-5.175,2496,1796,0
02-Aug-2024 19:06:06.186,-47.681252,3.3,-5.23125,2496,1796,0
02-Aug-2024 19:06:06.286,-47.568752,3.24375,-5.475,2496,1796,0
02-Aug-2024 19:06:06.386,-47.53125,3.35625,-5.5125,2496,1796,0
02-Aug-2024 19:06:06.486,-47.550003,3.28125,-5.6625,2496,1796,0
02-Aug-2024 19:06:06.586,-47.587502,3.3,-5.79375,2496,1796,0
02-Aug-2024 19:06:06.686,-47.493752,3.24375,-5.86875,2496,1796,0
02-Aug-2024 19:06:06.786,-47.456253,3.35625,-5.83125,2496,1796,0
02-Aug-2024 19:06:06.886,-47.34375,3.39375,-5.79375,2496,1796,0
02-Aug-2024 19:06:06.986,-47.34375,3.4125,-5.775,2496,1796,0
02-Aug-2024 19:06:07.086,-47.456253,3.50625,-5.7,2496,1796,0
02-Aug-2024 19:06:07.186,-47.512501,3.45,-5.75625,2496,1796,0
02-Aug-2024 19:06:20.486,0.9375,48.637501,-8.25,2496,1629,0
02-Aug-2024 19:06:20.586,0.8625,48.562504,-8.34375,2496,1629,0
02-Aug-2024 19:06:20.686,0.7875,48.562504,-8.26875,2496,1629,0
02-Aug-2024 19:06:20.786,0.73125,48.506252,-8.231251,2496,1629,0
02-Aug-2024 19:06:20.886,0.6375,48.450001,-8.19375,2496,1629,0
02-Aug-2024 19:06:20.986,0.50625,48.393753,-8.26875,2496,1629,0
02-Aug-2024 19:06:21.086,0.46875,48.300003,-8.175,2496,1629,0
02-Aug-2024 19:06:21.186,0.3,48.281254,-8.1,2496,1629,0
02-Aug-2024 19:06:21.286,0.24375,48.168751,-8.043751,2496,1629,0
02-Aug-2024 19:06:21.386,0.16875,48.112503,-7.9125,2496,1629,0
02-Aug-2024 19:06:21.486,0.01875,48.225002,-7.89375,2496,1629,0
02-Aug-2024 19:06:21.586,-0.16875,48.206253,-7.9875,2496,1629,0
02-Aug-2024 19:06:21.686,-0.20625,48.243752,-7.93125,2496,1629,0
02-Aug-2024 19:06:21.786,-0.225,48.262501,-7.95,2496,1629,0
02-Aug-2024 19:06:21.886,-0.24375,48.487503,-7.93125,2496,1629,0
02-Aug-2024 19:06:21.986,-0.1125,48.562504,-7.81875,2496,1629,0
02-Aug-2024 19:06:22.086,-0.15,48.656254,-7.70625,2496,1629,0
02-Aug-2024 19:06:22.186,-0.15,48.731251,-7.6875,2496,1629,0
02-Aug-2024 19:06:22.286,-0.1125,48.656254,-7.66875,2496,1629,0
02-Aug-2024 19:06:22.386,-0.13125,48.768753,-7.575,2496,1629,0
02-Aug-2024 19:06:22.486,-0.13125,48.712502,-7.575,2496,1629,0
02-Aug-2024 19:06:22.586,-0.1875,48.618752,-7.575,2496,1629,0
02-Aug-2024 19:06:22.686,-0.16875,48.600002,-7.55625,2496,1629,0
02-Aug-2024 19:06:22.786,-0.28125,48.468754,-7.65,2496,1629,0
02-Aug-2024 19:06:22.886,-0.20625,48.468754,-7.725,2496,1629,0
02-Aug-2024 19:06:22.986,-0.225,48.431252,-7.725,2496,1629,0
02-Aug-2024 19:06:23.086,-0.16875,48.506252,-7.8,2496,1629,0
02-Aug-2024 19:06:23.186,-0.13125,48.450001,-7.7625,2496,1629,0
02-Aug-2024 19:06:23.286,-0.24375,48.450001,-7.85625,2496,1629,0
02-Aug-2024 19:06:23.386,-0.2625,48.656254,-7.85625,2496,1629,0
02-Aug-2024 19:06:23.486,-0.43125,48.618752,-7.78125,2496,1629,0
02-Aug-2024 19:06:23.586,-0.45,48.675003,-7.66875,2496,1629,0
02-Aug-2024 19:06:23.686,-0.43125,48.787502,-7.66875,2496,1629,0
02-Aug-2024 19:06:23.786,-0.46875,48.843754,-7.65,2496,1629,0
02-Aug-2024 19:06:23.886,-0.50625,48.900002,-7.6125,2496,1629,0
02-Aug-2024 19:06:23.986,-0.58125,48.843754,-7.63125,2496,1629,0
02-Aug-2024 19:06:24.086,-0.50625,48.825001,-7.5375,2496,1629,0
02-Aug-2024 19:06:24.186,-0.46875,48.712502,-7.5375,2496,1629,0
02-Aug-2024 19:06:24.286,-0.3375,48.731251,-7.6125,2496,1629,0
02-Aug-2024 19:06:24.386,-0.225,48.712502,-7.7625,2496,1629,0
02-Aug-2024 19:06:24.486,-0.3,48.618752,-7.74375,2496,1629,0
02-Aug-2024 19:06:24.586,-0.15,48.618752,-7.78125,2496,1629,0
02-Aug-2024 19:06:24.686,-0.1875,48.525002,-7.74375,2496,1629,0
02-Aug-2024 19:06:24.786,0.0375,48.581253,-7.66875,2496,1629,0
02-Aug-2024 19:06:24.886,-0.075,48.656254,-7.66875,2496,1629,0
02-Aug-2024 19:06:24.986,-0.09375,48.675003,-7.575,2496,1629,0
02-Aug-2024 19:06:25.086,0.05625,48.618752,-7.575,2496,1629,0
02-Aug-2024 19:06:25.186,0.0375,48.562504,-7.4625,2496,1629,0
02-Aug-2024 19:06:25.286,0.1125,48.543751,-7.36875,2496,1629,0
02-Aug-2024 19:06:25.386,0.0375,48.487503,-7.3125,2496,1629,0
02-Aug-2024 19:06:25.486,0.1875,48.506252,-7.36875,2496,1629,0
02-Aug-2024 19:06:25.586,0.0375,48.600002,-7.33125,2496,1629,0
02-Aug-2024 19:06:25.686,0.13125,48.468754,-7.36875,2496,1629,0
02-Aug-2024 19:06:25.786,0.16875,48.412502,-7.3875,2496,1629,0
02-Aug-2024 19:06:25.886,0.01875,48.487503,-7.40625,2496,1629,0
02-Aug-2024 19:06:25.986,-0.09375,48.431252,-7.5,2496,1629,0
02-Aug-2024 19:06:26.086,-0.20625,48.468754,-7.59375,2496,1629,0
02-Aug-2024 19:06:26.186,-0.2625,48.562504,-7.63125,2496,1629,0
02-Aug-2024 19:06:26.286,-0.35625,48.581253,-7.5,2496,1629,0
02-Aug-2024 19:06:26.386,-0.225,48.487503,-7.51875,2496,1629,0
02-Aug-2024 19:06:26.486,-0.1875,48.487503,-7.5,2496,1629,0
02-Aug-2024 19:06:26.586,-0.05625,48.618752,-7.51875,2496,1629,0
02-Aug-2024 19:06:26.686,0.05625,48.637501,-7.5,2496,1629,0
02-Aug-2024 19:06:26.786,0.1125,48.712502,-7.425,2496,1629,0
02-Aug-2024 19:06:26.886,0.225,48.731251,-7.3125,2496,1629,0
02-Aug-2024 19:06:26.986,0.35625,48.712502,-7.25625,2496,1629,0
02-Aug-2024 19:06:27.086,0.3375,48.600002,-7.33125,2496,1629,0
02-Aug-2024 19:06:27.186,0.375,48.656254,-7.275,2496,1629,0
02-Aug-2024 19:06:27.286,0.4125,48.750004,-7.275,2496,1629,0
02-Aug-2024 19:06:27.386,0.3,48.675003,-7.21875,2496,1629,0
02-Aug-2024 19:06:27.486,0.3,48.675003,-7.1625,2496,1629,0
02-Aug-2024 19:06:27.586,0.375,48.693752,-7.2,2496,1629,0
02-Aug-2024 19:06:27.686,0.39375,48.618752,-7.3125,2496,1629,0
02-Aug-2024 19:06:27.786,0.4125,48.600002,-7.4625,2496,1629,0
02-Aug-2024 19:06:27.886,0.46875,48.750004,-7.48125,2496,1629,0
02-Aug-2024 19:06:27.986,0.3375,48.768753,-7.4625,2496,1629,0
02-Aug-2024 19:06:28.086,0.31875,48.712502,-7.3875,2496,1629,0
02-Aug-2024 19:06:28.186,0.28125,48.806252,-7.40625,2496,1629,0
02-Aug-2024 19:06:28.286,0.225,48.787502,-7.44375,2496,1629,0
02-Aug-2024 19:06:28.386,0.13125,48.787502,-7.40625,2496,1629,0
02-Aug-2024 19:06:28.486,-0.01875,48.918751,-7.29375,2496,1629,0
02-Aug-2024 19:06:28.586,-0.15,48.900002,-7.05,2496,1629,0
02-Aug-2024 19:06:28.686,-0.24375,48.900002,-7.06875,2496,1629,0
02-Aug-2024 19:06:28.786,-0.28125,48.843754,-7.21875,2496,1629,0
02-Aug-2024 19:06:28.886,-0.4125,48.843754,-7.29375,2496,1629,0
02-Aug-2024 19:06:28.986,-0.4875,48.900002,-7.275,2496,1629,0
02-Aug-2024 19:06:29.086,-0.46875,48.881252,-7.3125,2496,1629,0
02-Aug-2024 19:06:29.186,-0.43125,48.937504,-7.3875,2496,1629,0
02-Aug-2024 19:06:29.286,-0.45,48.900002,-7.55625,2496,1629,0
02-Aug-2024 19:06:29.386,-0.46875,48.825001,-7.74375,2496,1629,0
02-Aug-2024 19:06:29.486,-0.45,48.712502,-7.70625,2496,1629,0
02-Aug-2024 19:06:29.586,-0.6,48.600002,-7.6875,2496,1629,0
02-Aug-2024 19:06:29.686,-0.6375,48.637501,-7.81875,2496,1629,0
02-Aug-2024 19:06:29.786,-0.6,48.450001,-7.96875,2496,1629,0
02-Aug-2024 19:06:29.886,-0.6375,48.468754,-7.95,2496,1629,0
02-Aug-2024 19:06:29.986,-0.7125,48.468754,-7.9125,2496,1629,0
02-Aug-2024 19:06:30.086,-0.6375,48.412502,-7.9125,2496,1629,0
02-Aug-2024 19:06:30.186,-0.65625,48.375004,-8.00625,2496,1629,0
02-Aug-2024 19:06:30.286,-0.54375,48.262501,-8.043751,2496,1629,0
02-Aug-2024 19:06:30.386,-0.375,48.375004,-8.118751,2496,1629,0
02-Aug-2024 19:06:43.786,-42.112503,-7.65,-20.212502,2282,1628,0
02-Aug-2024 19:06:43.886,-42.09375,-7.6125,-20.268751,2282,1628,0
02-Aug-2024 19:06:43.986,-42.075001,-7.575,-20.212502,2282,1628,0
02-Aug-2024 19:06:44.086,-42.150002,-7.575,-20.15625,2282,1628,0
02-Aug-2024 19:06:44.186,-42.131252,-7.51875,-20.1,2282,1628,0
02-Aug-2024 19:06:44.286,-42.037502,-7.5,-20.0625,2282,1628,0
02-Aug-2024 19:06:44.386,-42.037502,-7.51875,-20.043751,2282,1628,0
02-Aug-2024 19:06:44.486,-42.075001,-7.5,-20.043751,2282,1628,0
02-Aug-2024 19:06:44.586,-42.112503,-7.48125,-19.987501,2282,1628,0
02-Aug-2024 19:06:44.686,-42.206253,-7.5375,-19.987501,2282,1628,0
02-Aug-2024 19:06:44.786,-42.262501,-7.44375,-20.15625,2282,1628,0
02-Aug-2024 19:06:44.886,-42.300003,-7.36875,-20.19375,2282,1628,0
02-Aug-2024 19:06:44.986,-42.28125,-7.36875,-20.268751,2282,1628,0
02-Aug-2024 19:06:45.086,-42.393753,-7.40625,-20.212502,2282,1628,0
02-Aug-2024 19:06:45.186,-42.393753,-7.33125,-20.212502,2282,1628,0
02-Aug-2024 19:06:45.286,-42.46875,-7.2375,-20.212502,2282,1628,0
02-Aug-2024 19:06:45.386,-42.525002,-7.18125,-20.137501,2282,1628,0
02-Aug-2024 19:06:45.486,-42.450001,-7.05,-20.306252,2282,1628,0
02-Aug-2024 19:06:45.586,-42.5625,-7.0125,-20.137501,2282,1628,0
02-Aug-2024 19:06:45.686,-42.581253,-7.0875,-20.1,2282,1628,0
02-Aug-2024 19:06:45.786,-42.581253,-7.0875,-20.1,2282,1628,0
02-Aug-2024 19:06:45.886,-42.543751,-7.06875,-20.137501,2282,1628,0
02-Aug-2024 19:06:45.986,-42.675003,-7.18125,-20.19375,2282,1628,0
02-Aug-2024 19:06:46.086,-42.543751,-7.3125,-20.231251,2282,1628,0
02-Aug-2024 19:06:46.186,-42.543751,-7.33125,-20.34375,2282,1628,0
02-Aug-2024 19:06:46.286,-42.543751,-7.35,-20.306252,2282,1628,0
02-Aug-2024 19:06:46.386,-42.393753,-7.36875,-20.306252,2282,1628,0
02-Aug-2024 19:06:46.486,-42.375,-7.1625,-20.400002,2282,1628,0
02-Aug-2024 19:06:46.586,-42.46875,-7.05,-20.550001,2282,1628,0
02-Aug-2024 19:06:46.686,-42.581253,-6.99375,-20.53125,2282,1628,0
02-Aug-2024 19:06:46.786,-42.431252,-6.84375,-20.550001,2282,1628,0
02-Aug-2024 19:06:46.886,-42.525002,-6.675,-20.512501,2282,1628,0
02-Aug-2024 19:06:46.986,-42.46875,-6.6375,-20.475,2282,1628,0
02-Aug-2024 19:06:47.086,-42.637501,-6.61875,-20.418751,2282,1628,0
02-Aug-2024 19:06:47.186,-42.637501,-6.61875,-20.53125,2282,1628,0
02-Aug-2024 19:06:47.286,-42.618752,-6.6375,-20.53125,2282,1628,0
02-Aug-2024 19:06:47.386,-42.46875,-6.65625,-20.400002,2282,1628,0
02-Aug-2024 19:06:47.486,-42.300003,-6.50625,-20.456251,2282,1628,0
02-Aug-2024 19:06:47.586,-42.300003,-6.54375,-20.587502,2282,1628,0
02-Aug-2024 19:06:47.686,-42.1875,-6.50625,-20.71875,2282,1628,0
02-Aug-2024 19:06:47.786,-42.28125,-6.4875,-20.775002,2282,1628,0
02-Aug-2024 19:06:47.886,-42.131252,-6.4125,-20.925001,2282,1628,0
02-Aug-2024 19:06:47.986,-42.09375,-6.46875,-20.85,2282,1628,0
02-Aug-2024 19:06:48.086,-42.112503,-6.4875,-20.90625,2282,1628,0
02-Aug-2024 19:06:48.186,-42.206253,-6.45,-20.8125,2282,1628,0
02-Aug-2024 19:06:48.286,-42.168751,-6.58125,-20.887501,2282,1628,0
02-Aug-2024 19:06:48.386,-42.262501,-6.61875,-20.793751,2282,1628,0
02-Aug-2024 19:06:48.486,-42.356251,-6.73125,-20.8125,2282,1628,0
02-Aug-2024 19:06:48.586,-42.168751,-6.73125,-20.8125,2282,1628,0
02-Aug-2024 19:06:48.686,-42.1875,-6.75,-20.793751,2282,1628,0
02-Aug-2024 19:06:48.786,-42.262501,-6.69375,-20.94375,2282,1628,0
02-Aug-2024 19:06:48.886,-42.1875,-6.675,-20.90625,2282,1628,0
02-Aug-2024 19:06:48.986,-42.168751,-6.69375,-21.075001,2282,1628,0
02-Aug-2024 19:06:49.086,-42.206253,-6.58125,-21.075001,2282,1628,0
02-Aug-2024 19:06:49.186,-42,-6.54375,-21.13125,2282,1628,0
02-Aug-2024 19:06:49.286,-41.981251,-6.375,-21.206251,2282,1628,0
02-Aug-2024 19:06:49.386,-42.131252,-6.35625,-21.168751,2282,1628,0
02-Aug-2024 19:06:49.486,-42.1875,-6.375,-21.1875,2282,1628,0
02-Aug-2024 19:06:49.586,-42.131252,-6.28125,-21.1875,2282,1628,0
02-Aug-2024 19:06:49.686,-42.168751,-6.13125,-21.206251,2282,1628,0
02-Aug-2024 19:06:49.786,-42.225002,-6.01875,-21.206251,2282,1628,0
02-Aug-2024 19:06:49.886,-42.243752,-6.05625,-21.262501,2282,1628,0
02-Aug-2024 19:06:49.986,-42.393753,-6.0375,-21.300001,2282,1628,0
02-Aug-2024 19:06:50.086,-42.375,-6.1125,-21.206251,2282,1628,0
02-Aug-2024 19:06:50.186,-42.28125,-5.9625,-21.300001,2282,1628,0
02-Aug-2024 19:06:50.286,-42.225002,-5.86875,-21.28125,2282,1628,0
02-Aug-2024 19:06:50.386,-42.131252,-5.98125,-21.31875,2282,1628,0
02-Aug-2024 19:06:50.486,-42.056252,-6.0375,-21.375,2282,1628,0
02-Aug-2024 19:06:50.586,-41.981251,-6.13125,-21.337502,2282,1628,0
02-Aug-2024 19:06:50.686,-41.962502,-6.1875,-21.300001,2282,1628,0
02-Aug-2024 19:06:50.786,-41.943752,-6.16875,-21.243752,2282,1628,0
02-Aug-2024 19:06:50.886,-41.925003,-6.1875,-21.243752,2282,1628,0
02-Aug-2024 19:06:50.986,-42,-6.375,-21.28125,2282,1628,0
02-Aug-2024 19:06:51.086,-42.037502,-6.46875,-21.206251,2282,1628,0
02-Aug-2024 19:06:51.186,-42.018753,-6.46875,-21.13125,2282,1628,0
02-Aug-2024 19:06:51.286,-42.131252,-6.54375,-21.09375,2282,1628,0
02-Aug-2024 19:06:51.386,-42.1875,-6.54375,-21.075001,2282,1628,0
02-Aug-2024 19:06:51.486,-42.28125,-6.39375,-21.13125,2282,1628,0
02-Aug-2024 19:06:51.586,-42.225002,-6.4125,-21.150002,2282,1628,0
02-Aug-2024 19:06:51.686,-42.300003,-6.35625,-21.1875,2282,1628,0
02-Aug-2024 19:06:51.786,-42.318752,-6.225,-21.168751,2282,1628,0
02-Aug-2024 19:06:51.886,-42.225002,-6,-21.375,2282,1628,0
02-Aug-2024 19:06:51.986,-42.318752,-5.85,-21.450001,2282,1628,0
02-Aug-2024 19:06:52.086,-42.337502,-5.7375,-21.450001,2282,1628,0
02-Aug-2024 19:06:52.186,-42.318752,-5.71875,-21.487501,2282,1628,0
02-Aug-2024 19:06:52.286,-42.206253,-5.85,-21.46875,2282,1628,0
02-Aug-2024 19:06:52.386,-42.225002,-5.8875,-21.431252,2282,1628,0
02-Aug-2024 19:06:52.486,-42.262501,-5.925,-21.4125,2282,1628,0
02-Aug-2024 19:06:52.586,-42.131252,-6.0375,-21.393751,2282,1628,0
02-Aug-2024 19:06:52.686,-42.1875,-6.075,-21.206251,2282,1628,0
02-Aug-2024 19:06:52.786,-42.150002,-6.16875,-21.150002,2282,1628,0
02-Aug-2024 19:06:52.886,-42.206253,-6.28125,-21.168751,2282,1628,0
02-Aug-2024 19:06:52.986,-42.225002,-6.375,-21.112501,2282,1628,0
02-Aug-2024 19:06:53.086,-42.225002,-6.43125,-21.150002,2282,1628,0
02-Aug-2024 19:06:53.186,-42.225002,-6.35625,-21.150002,2282,1628,0
02-Aug-2024 19:06:53.286,-42.150002,-6.3,-21.09375,2282,1628,0
02-Aug-2024 19:06:53.386,-42.150002,-6.28125,-21.0375,2282,1628,0
02-Aug-2024 19:06:53.486,-42.131252,-6.375,-21.112501,2282,1628,0
02-Aug-2024 19:06:53.586,-42.206253,-6.39375,-21.112501,2282,1628,0
02-Aug-2024 19:06:53.686,-42.056252,-6.4125,-21.09375,2282,1628,0
02-Aug-2024 19:07:12.566,-37.706253,7.85625,16.875,2282,1444,0
02-Aug-2024 19:07:12.666,-37.706253,7.85625,16.856251,2282,1444,0
02-Aug-2024 19:07:12.766,-37.59375,7.70625,16.875,2282,1444,0
02-Aug-2024 19:07:12.866,-37.425003,7.6125,16.893751,2282,1444,0
02-Aug-2024 19:07:12.966,-37.350002,7.575,16.893751,2282,1444,0
02-Aug-2024 19:07:13.066,-37.181252,7.65,16.800001,2282,1444,0
02-Aug-2024 19:07:13.166,-37.106251,7.59375,16.800001,2282,1444,0
02-Aug-2024 19:07:13.266,-37.068752,7.51875,16.743752,2282,1444,0
02-Aug-2024 19:07:13.366,-37.03125,7.44375,16.743752,2282,1444,0
02-Aug-2024 19:07:13.466,-36.9375,7.6125,16.743752,2282,1444,0
02-Aug-2024 19:07:13.566,-36.862503,7.74375,16.743752,2282,1444,0
02-Aug-2024 19:07:13.666,-36.862503,7.7625,16.762501,2282,1444,0
02-Aug-2024 19:07:13.766,-36.787502,7.85625,16.6875,2282,1444,0
02-Aug-2024 19:07:13.866,-36.75,7.8,16.668751,2282,1444,0
02-Aug-2024 19:07:13.966,-36.693752,7.9125,16.668751,2282,1444,0
02-Aug-2024 19:07:14.066,-36.637501,7.9125,16.612501,2282,1444,0
02-Aug-2024 19:07:14.166,-36.618752,7.93125,16.743752,2282,1444,0
02-Aug-2024 19:07:14.266,-36.731251,7.78125,16.856251,2282,1444,0
02-Aug-2024 19:07:14.366,-36.806252,7.725,16.931252,2282,1444,0
02-Aug-2024 19:07:14.466,-36.84375,7.725,17.0625,2282,1444,0
02-Aug-2024 19:07:14.566,-36.825001,7.6875,17.025002,2282,1444,0
02-Aug-2024 19:07:14.666,-36.84375,7.6125,17.081251,2282,1444,0
02-Aug-2024 19:07:14.766,-36.768753,7.5375,17.0625,2282,1444,0
02-Aug-2024 19:07:14.866,-36.787502,7.4625,17.1,2282,1444,0
02-Aug-2024 19:07:14.966,-36.806252,7.35,17.15625,2282,1444,0
02-Aug-2024 19:07:15.066,-36.637501,7.3875,17.043751,2282,1444,0
02-Aug-2024 19:07:15.166,-36.637501,7.35,16.931252,2282,1444,0
02-Aug-2024 19:07:15.266,-36.637501,7.40625,16.837502,2282,1444,0
02-Aug-2024 19:07:15.366,-36.65625,7.2375,16.875,2282,1444,0
02-Aug-2024 19:07:15.466,-36.637501,7.3125,16.81875,2282,1444,0
02-Aug-2024 19:07:15.566,-36.637501,7.3125,16.800001,2282,1444,0
02-Aug-2024 19:07:15.666,-36.581253,7.36875,16.725,2282,1444,0
02-Aug-2024 19:07:15.766,-36.5625,7.5,16.518751,2282,1444,0
02-Aug-2024 19:07:15.866,-36.693752,7.425,16.59375,2282,1444,0
02-Aug-2024 19:07:15.966,-36.637501,7.5375,16.556252,2282,1444,0
02-Aug-2024 19:07:16.066,-36.5625,7.40625,16.650002,2282,1444,0
02-Aug-2024 19:07:16.166,-36.581253,7.5,16.6875,2282,1444,0
02-Aug-2024 19:07:16.266,-36.506252,7.48125,16.612501,2282,1444,0
02-Aug-2024 19:07:16.366,-36.5625,7.48125,16.59375,2282,1444,0
02-Aug-2024 19:07:16.466,-36.5625,7.575,16.612501,2282,1444,0
02-Aug-2024 19:07:16.566,-36.675003,7.5375,16.6875,2282,1444,0
02-Aug-2024 19:07:16.666,-36.637501,7.5375,16.725,2282,1444,0
02-Aug-2024 19:07:16.766,-36.637501,7.48125,16.893751,2282,1444,0
02-Aug-2024 19:07:16.866,-36.600002,7.59375,16.800001,2282,1444,0
02-Aug-2024 19:07:16.966,-36.600002,7.70625,16.987501,2282,1444,0
02-Aug-2024 19:07:17.066,-36.712502,7.74375,17.1,2282,1444,0
02-Aug-2024 19:07:17.166,-36.712502,7.70625,17.19375,2282,1444,0
02-Aug-2024 19:07:17.266,-36.731251,7.63125,17.25,2282,1444,0
02-Aug-2024 19:07:17.366,-36.618752,7.65,17.268751,2282,1444,0
02-Aug-2024 19:07:17.466,-36.65625,7.85625,17.25,2282,1444,0
02-Aug-2024 19:07:17.566,-36.618752,7.74375,17.212502,2282,1444,0
02-Aug-2024 19:07:17.666,-36.637501,7.63125,17.15625,2282,1444,0
02-Aug-2024 19:07:17.766,-36.600002,7.6125,17.00625,2282,1444,0
02-Aug-2024 19:07:17.866,-36.525002,7.65,17.025002,2282,1444,0
02-Aug-2024 19:07:17.966,-36.581253,7.6125,16.837502,2282,1444,0
02-Aug-2024 19:07:18.066,-36.581253,7.725,16.78125,2282,1444,0
02-Aug-2024 19:07:18.166,-36.65625,7.725,16.668751,2282,1444,0
02-Aug-2024 19:07:18.266,-36.525002,7.5,16.612501,2282,1444,0
02-Aug-2024 19:07:18.366,-36.581253,7.5,16.556252,2282,1444,0
02-Aug-2024 19:07:18.466,-36.5625,7.51875,16.725,2282,1444,0
02-Aug-2024 19:07:18.566,-36.600002,7.40625,16.706251,2282,1444,0
02-Aug-2024 19:07:18.666,-36.637501,7.35,16.743752,2282,1444,0
02-Aug-2024 19:07:18.766,-36.637501,7.33125,16.987501,2282,1444,0
02-Aug-2024 19:07:18.866,-36.675003,7.275,17.043751,2282,1444,0
02-Aug-2024 19:07:18.966,-36.618752,7.18125,17.268751,2282,1444,0
02-Aug-2024 19:07:19.066,-36.618752,7.1625,17.268751,2282,1444,0
02-Aug-2024 19:07:19.166,-36.600002,7.275,17.268751,2282,1444,0
02-Aug-2024 19:07:19.266,-36.600002,7.33125,17.231251,2282,1444,0
02-Aug-2024 19:07:19.366,-36.487503,7.35,17.175001,2282,1444,0
02-Aug-2024 19:07:19.466,-36.450001,7.275,17.1,2282,1444,0
02-Aug-2024 19:07:19.566,-36.375,7.4625,16.931252,2282,1444,0
02-Aug-2024 19:07:19.666,-36.300003,7.5,16.893751,2282,1444,0
02-Aug-2024 19:07:19.766,-36.337502,7.6125,16.762501,2282,1444,0
02-Aug-2024 19:07:19.866,-36.431252,7.725,16.668751,2282,1444,0
02-Aug-2024 19:07:19.966,-36.450001,7.66875,16.575001,2282,1444,0
02-Aug-2024 19:07:20.066,-36.543751,7.575,16.518751,2282,1444,0
02-Aug-2024 19:07:20.166,-36.581253,7.575,16.575001,2282,1444,0
02-Aug-2024 19:07:20.266,-36.65625,7.70625,16.668751,2282,1444,0
02-Aug-2024 19:07:20.366,-36.731251,7.63125,16.800001,2282,1444,0
02-Aug-2024 19:07:20.466,-36.862503,7.5375,16.78125,2282,1444,0
02-Aug-2024 19:07:20.566,-36.84375,7.48125,16.856251,2282,1444,0
02-Aug-2024 19:07:20.666,-36.768753,7.40625,16.931252,2282,1444,0
02-Aug-2024 19:07:20.766,-36.75,7.4625,17.00625,2282,1444,0
02-Aug-2024 19:07:20.866,-36.675003,7.59375,17.0625,2282,1444,0
02-Aug-2024 19:07:20.966,-36.712502,7.6125,17.081251,2282,1444,0
02-Aug-2024 19:07:21.066,-36.693752,7.575,17.0625,2282,1444,0
02-Aug-2024 19:07:21.166,-36.65625,7.51875,17.00625,2282,1444,0
02-Aug-2024 19:07:21.266,-36.618752,7.5,17.15625,2282,1444,0
02-Aug-2024 19:07:21.366,-36.5625,7.44375,17.1,2282,1444,0
02-Aug-2024 19:07:21.466,-36.618752,7.5375,17.1,2282,1444,0
02-Aug-2024 19:07:21.566,-36.712502,7.575,17.118752,2282,1444,0
02-Aug-2024 19:07:21.666,-36.825001,7.51875,17.15625,2282,1444,0
02-Aug-2024 19:07:21.766,-36.806252,7.51875,17.15625,2282,1444,0
02-Aug-2024 19:07:21.866,-36.75,7.575,17.081251,2282,1444,0
02-Aug-2024 19:07:21.966,-36.768753,7.66875,17.00625,2282,1444,0
02-Aug-2024 19:07:22.066,-36.675003,7.7625,16.875,2282,1444,0
02-Aug-2024 19:07:22.166,-36.693752,7.7625,16.856251,2282,1444,0
02-Aug-2024 19:07:22.266,-36.693752,7.6875,16.856251,2282,1444,0
02-Aug-2024 19:07:22.366,-36.65625,7.63125,16.743752,2282,1444,0
02-Aug-2024 19:07:22.466,-36.581253,7.65,16.78125,2282,1444,0
02-Aug-2024 19:07:44.366,-78.375,14.043751,19.050001,1962,1385,0
02-Aug-2024 19:07:44.466,-78.28125,14.231251,18.993752,1962,1385,0
02-Aug-2024 19:07:44.566,-78.112503,14.343751,19.087502,1962,1385,0
02-Aug-2024 19:07:44.666,-78,14.45625,19.06875,1962,1385,0
02-Aug-2024 19:07:44.766,-78.037506,14.6625,19.087502,1962,1385,0
02-Aug-2024 19:07:44.866,-77.962502,14.587501,19.143751,1962,1385,0
02-Aug-2024 19:07:44.966,-77.981255,14.587501,19.293751,1962,1385,0
02-Aug-2024 19:07:45.065,-78.018753,14.56875,19.387501,1962,1385,0
02-Aug-2024 19:07:45.165,-77.925003,14.56875,19.368752,1962,1385,0
02-Aug-2024 19:07:45.265,-77.981255,14.56875,19.425001,1962,1385,0
02-Aug-2024 19:07:45.365,-78.018753,14.700001,19.331251,1962,1385,0
02-Aug-2024 19:07:45.465,-78.018753,14.681251,19.556252,1962,1385,0
02-Aug-2024 19:07:45.565,-77.943756,14.606251,19.6875,1962,1385,0
02-Aug-2024 19:07:45.665,-78.037506,14.75625,19.668751,1962,1385,0
02-Aug-2024 19:07:45.765,-78,14.6625,19.63125,1962,1385,0
02-Aug-2024 19:07:45.865,-77.962502,14.7375,19.59375,1962,1385,0
02-Aug-2024 19:07:45.965,-78.056252,14.7375,19.6875,1962,1385,0
02-Aug-2024 19:07:46.065,-78.018753,14.700001,19.743752,1962,1385,0
02-Aug-2024 19:07:46.165,-78.075005,14.812501,19.837502,1962,1385,0
02-Aug-2024 19:07:46.265,-77.981255,14.962501,19.706251,1962,1385,0
02-Aug-2024 19:07:46.365,-77.90625,15.000001,19.762501,1962,1385,0
02-Aug-2024 19:07:46.465,-77.737503,15.1125,19.875,1962,1385,0
02-Aug-2024 19:07:46.565,-77.756256,15.3,19.81875,1962,1385,0
02-Aug-2024 19:07:46.665,-77.681252,15.525001,19.78125,1962,1385,0
02-Aug-2024 19:07:46.765,-77.587502,15.543751,19.668751,1962,1385,0
02-Aug-2024 19:07:46.865,-77.587502,15.750001,19.59375,1962,1385,0
02-Aug-2024 19:07:46.965,-77.493752,15.88125,19.5,1962,1385,0
02-Aug-2024 19:07:47.065,-77.53125,16.06875,19.5375,1962,1385,0
02-Aug-2024 19:07:47.165,-77.568756,16.21875,19.481251,1962,1385,0
02-Aug-2024 19:07:47.265,-77.643753,16.200001,19.275002,1962,1385,0
02-Aug-2024 19:07:47.365,-77.643753,16.3125,19.25625,1962,1385,0
02-Aug-2024 19:07:47.465,-77.625,16.35,19.331251,1962,1385,0
02-Aug-2024 19:07:47.565,-77.568756,16.40625,19.35,1962,1385,0
02-Aug-2024 19:07:47.665,-77.475006,16.425001,19.25625,1962,1385,0
02-Aug-2024 19:07:47.765,-77.493752,16.44375,19.368752,1962,1385,0
02-Aug-2024 19:07:47.865,-77.493752,16.3125,19.3125,1962,1385,0
02-Aug-2024 19:07:47.965,-77.456253,16.368752,19.1625,1962,1385,0
02-Aug-2024 19:07:48.065,-77.606255,16.368752,19.200001,1962,1385,0
02-Aug-2024 19:07:48.165,-77.606255,16.3125,19.293751,1962,1385,0
02-Aug-2024 19:07:48.265,-77.606255,16.275002,19.143751,1962,1385,0
02-Aug-2024 19:07:48.365,-77.793755,16.35,19.143751,1962,1385,0
02-Aug-2024 19:07:48.465,-77.868752,16.368752,19.237501,1962,1385,0
02-Aug-2024 19:07:48.565,-77.962502,16.200001,19.181252,1962,1385,0
02-Aug-2024 19:07:48.665,-78,16.237501,19.1625,1962,1385,0
02-Aug-2024 19:07:48.765,-78.018753,16.125,19.200001,1962,1385,0
02-Aug-2024 19:07:48.865,-77.850006,16.087502,19.1625,1962,1385,0
02-Aug-2024 19:07:48.965,-77.831253,16.012501,19.012501,1962,1385,0
02-Aug-2024 19:07:49.065,-77.925003,15.993751,18.956251,1962,1385,0
02-Aug-2024 19:07:49.165,-77.737503,16.012501,18.862501,1962,1385,0
02-Aug-2024 19:07:49.265,-77.71875,16.012501,18.7875,1962,1385,0
02-Aug-2024 19:07:49.365,-77.793755,16.012501,18.731251,1962,1385,0
02-Aug-2024 19:07:49.465,-77.793755,15.993751,18.712502,1962,1385,0
02-Aug-2024 19:07:49.565,-77.8125,16.012501,18.731251,1962,1385,0
02-Aug-2024 19:07:49.665,-77.887505,16.012501,18.806252,1962,1385,0
02-Aug-2024 19:07:49.765,-78.112503,16.125,18.88125,1962,1385,0
02-Aug-2024 19:07:49.865,-78.150002,16.181252,18.956251,1962,1385,0
02-Aug-2024 19:07:49.965,-78.225006,16.106251,19.050001,1962,1385,0
02-Aug-2024 19:07:50.065,-78.150002,16.237501,19.03125,1962,1385,0
02-Aug-2024 19:07:50.165,-77.962502,16.293751,19.106251,1962,1385,0
02-Aug-2024 19:07:50.265,-77.981255,16.40625,19.106251,1962,1385,0
02-Aug-2024 19:07:50.365,-77.868752,16.44375,19.106251,1962,1385,0
02-Aug-2024 19:07:50.465,-77.831253,16.481251,19.181252,1962,1385,0
02-Aug-2024 19:07:50.565,-77.625,16.556252,19.125,1962,1385,0
02-Aug-2024 19:07:50.665,-77.568756,16.5,19.143751,1962,1385,0
02-Aug-2024 19:07:50.765,-77.53125,16.650002,19.200001,1962,1385,0
02-Aug-2024 19:07:50.865,-77.625,16.612501,19.3125,1962,1385,0
02-Aug-2024 19:07:50.965,-77.606255,16.668751,19.200001,1962,1385,0
02-Aug-2024 19:07:51.065,-77.568756,16.725,19.200001,1962,1385,0
02-Aug-2024 19:07:51.165,-77.550003,16.81875,19.237501,1962,1385,0
02-Aug-2024 19:07:51.265,-77.493752,16.837502,19.200001,1962,1385,0
02-Aug-2024 19:07:51.365,-77.512505,16.856251,19.237501,1962,1385,0
02-Aug-2024 19:07:51.465,-77.456253,17.00625,19.200001,1962,1385,0
02-Aug-2024 19:07:51.565,-77.493752,16.950001,19.1625,1962,1385,0
02-Aug-2024 19:07:51.665,-77.34375,16.931252,19.1625,1962,1385,0
02-Aug-2024 19:07:51.765,-77.34375,17.025002,19.143751,1962,1385,0
02-Aug-2024 19:07:51.865,-77.287506,17.025002,19.143751,1962,1385,0
02-Aug-2024 19:07:51.965,-77.418755,17.00625,19.012501,1962,1385,0
02-Aug-2024 19:07:52.065,-77.512505,17.025002,18.825001,1962,1385,0
02-Aug-2024 19:07:52.165,-77.456253,17.043751,18.768751,1962,1385,0
02-Aug-2024 19:07:52.265,-77.475006,16.893751,18.75,1962,1385,0
02-Aug-2024 19:07:52.365,-77.400002,16.950001,18.712502,1962,1385,0
02-Aug-2024 19:07:52.465,-77.606255,16.96875,18.543751,1962,1385,0
02-Aug-2024 19:07:52.565,-77.681252,16.9125,18.450001,1962,1385,0
02-Aug-2024 19:07:52.665,-77.662506,16.837502,18.356251,1962,1385,0
02-Aug-2024 19:07:52.765,-77.643753,16.800001,18.31875,1962,1385,0
02-Aug-2024 19:07:52.865,-77.512505,16.856251,18.300001,1962,1385,0
02-Aug-2024 19:07:52.965,-77.625,16.81875,18.337502,1962,1385,0
02-Aug-2024 19:07:53.065,-77.700005,16.950001,18.262501,1962,1385,0
02-Aug-2024 19:07:53.165,-77.756256,17.025002,18.168751,1962,1385,0
02-Aug-2024 19:07:53.265,-77.71875,17.118752,18.09375,1962,1385,0
02-Aug-2024 19:07:53.365,-77.53125,17.043751,18.112501,1962,1385,0
02-Aug-2024 19:07:53.465,-77.643753,17.118752,18.13125,1962,1385,0
02-Aug-2024 19:07:53.565,-77.53125,17.137501,18.206251,1962,1385,0
02-Aug-2024 19:07:53.665,-77.606255,17.19375,18.31875,1962,1385,0
02-Aug-2024 19:07:53.765,-77.587502,17.118752,18.262501,1962,1385,0
02-Aug-2024 19:07:53.865,-77.53125,17.118752,18.356251,1962,1385,0
02-Aug-2024 19:07:53.965,-77.493752,17.0625,18.431252,1962,1385,0
02-Aug-2024 19:07:54.065,-77.4375,16.987501,18.487501,1962,1385,0
02-Aug-2024 19:07:54.165,-77.550003,17.175001,18.431252,1962,1385,0
02-Aug-2024 19:07:54.265,-77.4375,17.175001,18.431252,1962,1385,0
02-Aug-2024 19:08:05.065,-36.712502,1.78125,4.03125,1847,1375,0
02-Aug-2024 19:08:05.165,-36.731251,1.6875,3.825,1847,1375,0
02-Aug-2024 19:08:05.265,-36.768753,1.5375,3.73125,1847,1375,0
02-Aug-2024 19:08:05.365,-36.712502,1.36875,3.73125,1847,1375,0
02-Aug-2024 19:08:05.465,-36.675003,1.21875,3.6,1847,1375,0
02-Aug-2024 19:08:05.565,-36.731251,1.06875,3.35625,1847,1375,0
02-Aug-2024 19:08:05.665,-36.768753,1.03125,3.3375,1847,1375,0
02-Aug-2024 19:08:05.765,-36.84375,1.05,3.1875,1847,1375,0
02-Aug-2024 19:08:05.865,-36.881252,1.03125,3.225,1847,1375,0
02-Aug-2024 19:08:05.965,-36.900002,1.10625,3.3375,1847,1375,0
02-Aug-2024 19:08:06.065,-36.900002,1.05,3.43125,1847,1375,0
02-Aug-2024 19:08:06.165,-36.881252,1.03125,3.35625,1847,1375,0
02-Aug-2024 19:08:06.265,-36.9375,1.10625,3.3,1847,1375,0
02-Aug-2024 19:08:06.365,-36.75,1.06875,3.5625,1847,1375,0
02-Aug-2024 19:08:06.465,-36.825001,1.05,3.46875,1847,1375,0
02-Aug-2024 19:08:06.565,-36.75,1.05,3.5625,1847,1375,0
02-Aug-2024 19:08:06.665,-36.693752,0.95625,3.61875,1847,1375,0
02-Aug-2024 19:08:06.765,-36.5625,0.80625,3.58125,1847,1375,0
02-Aug-2024 19:08:06.865,-36.487503,0.91875,3.50625,1847,1375,0
02-Aug-2024 19:08:06.965,-36.431252,0.9375,3.43125,1847,1375,0
02-Aug-2024 19:08:07.065,-36.337502,0.8625,3.50625,1847,1375,0
02-Aug-2024 19:08:07.165,-36.431252,0.95625,3.375,1847,1375,0
02-Aug-2024 19:08:07.265,-36.450001,1.05,3.43125,1847,1375,0
02-Aug-2024 19:08:07.365,-36.431252,0.8625,3.375,1847,1375,0
02-Aug-2024 19:08:07.464,-36.46875,0.9375,3.31875,1847,1375,0
02-Aug-2024 19:08:07.565,-36.618752,1.18125,3.4125,1847,1375,0
02-Aug-2024 19:08:07.665,-36.65625,1.275,3.45,1847,1375,0
02-Aug-2024 19:08:07.765,-36.65625,1.3125,3.45,1847,1375,0
02-Aug-2024 19:08:07.865,-36.65625,1.48125,3.50625,1847,1375,0
02-Aug-2024 19:08:07.965,-36.65625,1.4625,3.4125,1847,1375,0
02-Aug-2024 19:08:08.065,-36.543751,1.48125,3.43125,1847,1375,0
02-Aug-2024 19:08:08.165,-36.543751,1.59375,3.43125,1847,1375,0
02-Aug-2024 19:08:08.265,-36.506252,1.70625,3.35625,1847,1375,0
02-Aug-2024 19:08:08.365,-36.65625,1.55625,3.2625,1847,1375,0
02-Aug-2024 19:08:08.465,-36.637501,1.51875,3.15,1847,1375,0
02-Aug-2024 19:08:08.565,-36.637501,1.55625,3.16875,1847,1375,0
02-Aug-2024 19:08:08.665,-36.65625,1.575,3.16875,1847,1375,0
02-Aug-2024 19:08:08.765,-36.693752,1.6875,3.28125,1847,1375,0
02-Aug-2024 19:08:08.865,-36.675003,1.6875,3.24375,1847,1375,0
02-Aug-2024 19:08:08.965,-36.693752,1.66875,3.2625,1847,1375,0
02-Aug-2024 19:08:09.065,-36.618752,1.51875,3.1875,1847,1375,0
02-Aug-2024 19:08:09.165,-36.543751,1.55625,3.1875,1847,1375,0
02-Aug-2024 19:08:09.265,-36.506252,1.5,3.20625,1847,1375,0
02-Aug-2024 19:08:09.365,-36.450001,1.36875,3.2625,1847,1375,0
02-Aug-2024 19:08:09.465,-36.393753,1.3875,3.13125,1847,1375,0
02-Aug-2024 19:08:09.565,-36.393753,1.36875,3.075,1847,1375,0
02-Aug-2024 19:08:09.665,-36.450001,1.40625,3.05625,1847,1375,0
02-Aug-2024 19:08:09.765,-36.543751,1.4625,2.98125,1847,1375,0
02-Aug-2024 19:08:09.865,-36.693752,1.51875,3.1125,1847,1375,0
02-Aug-2024 19:08:09.965,-36.543751,1.63125,3.1125,1847,1375,0
02-Aug-2024 19:08:10.065,-36.506252,1.725,3.1125,1847,1375,0
02-Aug-2024 19:08:10.165,-36.581253,1.89375,3.16875,1847,1375,0
02-Aug-2024 19:08:10.265,-36.731251,1.78125,3.16875,1847,1375,0
02-Aug-2024 19:08:10.365,-36.787502,1.6875,3.16875,1847,1375,0
02-Aug-2024 19:08:10.465,-36.675003,1.575,3.20625,1847,1375,0
02-Aug-2024 19:08:10.565,-36.581253,1.59375,3.225,1847,1375,0
02-Aug-2024 19:08:10.665,-36.543751,1.63125,3.225,1847,1375,0
02-Aug-2024 19:08:10.765,-36.618752,1.55625,3.16875,1847,1375,0
02-Aug-2024 19:08:10.865,-36.787502,1.59375,3.09375,1847,1375,0
02-Aug-2024 19:08:10.965,-36.75,1.55625,3.05625,1847,1375,0
02-Aug-2024 19:08:11.065,-36.712502,1.63125,3,1847,1375,0
02-Aug-2024 19:08:11.165,-36.768753,1.59375,3.09375,1847,1375,0
02-Aug-2024 19:08:11.265,-36.900002,1.63125,3.05625,1847,1375,0
02-Aug-2024 19:08:11.365,-36.900002,1.63125,3.15,1847,1375,0
02-Aug-2024 19:08:11.465,-36.84375,1.65,3.0375,1847,1375,0
02-Aug-2024 19:08:11.565,-36.9375,1.65,3.075,1847,1375,0
02-Aug-2024 19:08:11.665,-36.75,1.59375,3.16875,1847,1375,0
02-Aug-2024 19:08:11.765,-36.787502,1.6875,2.98125,1847,1375,0
02-Aug-2024 19:08:11.865,-36.731251,1.6875,3.05625,1847,1375,0
02-Aug-2024 19:08:11.965,-36.618752,1.875,2.94375,1847,1375,0
02-Aug-2024 19:08:12.065,-36.600002,1.89375,2.9625,1847,1375,0
02-Aug-2024 19:08:12.165,-36.5625,1.93125,2.90625,1847,1375,0
02-Aug-2024 19:08:12.265,-36.543751,1.9125,2.94375,1847,1375,0
02-Aug-2024 19:08:12.365,-36.525002,1.8375,2.9625,1847,1375,0
02-Aug-2024 19:08:12.465,-36.5625,1.8,3.0375,1847,1375,0
02-Aug-2024 19:08:12.565,-36.525002,1.78125,3.28125,1847,1375,0
02-Aug-2024 19:08:12.665,-36.5625,1.725,3.24375,1847,1375,0
02-Aug-2024 19:08:12.765,-36.675003,1.59375,3.24375,1847,1375,0
02-Aug-2024 19:08:12.865,-36.637501,1.6125,3.24375,1847,1375,0
02-Aug-2024 19:08:12.965,-36.65625,1.575,3.2625,1847,1375,0
02-Aug-2024 19:08:13.065,-36.693752,1.65,3.375,1847,1375,0
02-Aug-2024 19:08:13.165,-36.506252,1.78125,3.39375,1847,1375,0
02-Aug-2024 19:08:13.265,-36.5625,1.8,3.2625,1847,1375,0
02-Aug-2024 19:08:13.365,-36.65625,1.74375,3.05625,1847,1375,0
02-Aug-2024 19:08:13.465,-36.543751,1.78125,2.94375,1847,1375,0
02-Aug-2024 19:08:13.565,-36.487503,1.89375,2.925,1847,1375,0
02-Aug-2024 19:08:13.665,-36.487503,1.85625,2.8125,1847,1375,0
02-Aug-2024 19:08:13.765,-36.543751,1.8375,2.8125,1847,1375,0
02-Aug-2024 19:08:13.865,-36.506252,1.725,2.5125,1847,1375,0
02-Aug-2024 19:08:13.965,-36.65625,1.63125,2.41875,1847,1375,0
02-Aug-2024 19:08:14.065,-36.675003,1.63125,2.30625,1847,1375,0
02-Aug-2024 19:08:14.165,-36.65625,1.59375,2.30625,1847,1375,0
02-Aug-2024 19:08:14.265,-36.712502,1.66875,2.2875,1847,1375,0
02-Aug-2024 19:08:14.365,-36.65625,1.6125,2.3625,1847,1375,0
02-Aug-2024 19:08:14.465,-36.581253,1.6875,2.34375,1847,1375,0
02-Aug-2024 19:08:14.565,-36.487503,1.70625,2.34375,1847,1375,0
02-Aug-2024 19:08:14.665,-36.581253,1.6875,2.45625,1847,1375,0
02-Aug-2024 19:08:14.765,-36.543751,1.66875,2.4375,1847,1375,0
02-Aug-2024 19:08:14.865,-36.46875,1.65,2.56875,1847,1375,0
02-Aug-2024 19:08:14.965,-36.506252,1.66875,2.64375,1847,1375,0
02-Aug-2024 19:08:33.165,-43.21875,-0.91875,-2.68125,1966,1050,0
02-Aug-2024 19:08:33.265,-43.21875,-0.825,-2.68125,1966,1050,0
02-Aug-2024 19:08:33.365,-43.21875,-0.75,-2.71875,1966,1050,0
02-Aug-2024 19:08:33.464,-43.331253,-0.76875,-2.75625,1966,1050,0
02-Aug-2024 19:08:33.565,-43.387501,-0.65625,-2.83125,1966,1050,0
02-Aug-2024 19:08:33.665,-43.40625,-0.54375,-2.6625,1966,1050,0
02-Aug-2024 19:08:33.765,-43.387501,-0.525,-2.6625,1966,1050,0
02-Aug-2024 19:08:33.865,-43.275002,-0.50625,-2.79375,1966,1050,0
02-Aug-2024 19:08:33.965,-43.162502,-0.6,-2.75625,1966,1050,0
02-Aug-2024 19:08:34.065,-43.200001,-0.58125,-2.7375,1966,1050,0
02-Aug-2024 19:08:34.165,-43.162502,-0.6,-2.71875,1966,1050,0
02-Aug-2024 19:08:34.265,-43.106251,-0.525,-2.7,1966,1050,0
02-Aug-2024 19:08:34.365,-42.956253,-0.6375,-2.6625,1966,1050,0
02-Aug-2024 19:08:34.465,-42.881252,-0.58125,-2.625,1966,1050,0
02-Aug-2024 19:08:34.565,-42.881252,-0.54375,-2.625,1966,1050,0
02-Aug-2024 19:08:34.665,-42.900002,-0.61875,-2.55,1966,1050,0
02-Aug-2024 19:08:34.765,-43.012501,-0.46875,-2.45625,1966,1050,0
02-Aug-2024 19:08:34.865,-42.900002,-0.4125,-2.4,1966,1050,0
02-Aug-2024 19:08:34.965,-42.862503,-0.4125,-2.38125,1966,1050,0
02-Aug-2024 19:08:35.065,-42.84375,-0.4875,-2.325,1966,1050,0
02-Aug-2024 19:08:35.165,-42.9375,-0.375,-2.3625,1966,1050,0
02-Aug-2024 19:08:35.265,-43.012501,-0.4875,-2.4375,1966,1050,0
02-Aug-2024 19:08:35.365,-43.012501,-0.525,-2.41875,1966,1050,0
02-Aug-2024 19:08:35.465,-43.21875,-0.6,-2.41875,1966,1050,0
02-Aug-2024 19:08:35.565,-43.125,-0.65625,-2.475,1966,1050,0
02-Aug-2024 19:08:35.665,-43.237503,-0.675,-2.5875,1966,1050,0
02-Aug-2024 19:08:35.765,-43.275002,-0.6,-2.6625,1966,1050,0
02-Aug-2024 19:08:35.865,-43.200001,-0.6,-2.7375,1966,1050,0
02-Aug-2024 19:08:35.965,-43.237503,-0.5625,-2.83125,1966,1050,0
02-Aug-2024 19:08:36.065,-43.125,-0.6375,-2.8875,1966,1050,0
02-Aug-2024 19:08:36.165,-43.125,-0.54375,-2.9625,1966,1050,0
02-Aug-2024 19:08:36.265,-42.862503,-0.6,-2.9625,1966,1050,0
02-Aug-2024 19:08:36.365,-42.9375,-0.6375,-3.01875,1966,1050,0
02-Aug-2024 19:08:36.465,-42.881252,-0.7125,-2.925,1966,1050,0
02-Aug-2024 19:08:36.565,-42.900002,-0.73125,-3.01875,1966,1050,0
02-Aug-2024 19:08:36.665,-43.050003,-0.69375,-3.0375,1966,1050,0
02-Aug-2024 19:08:36.765,-43.050003,-0.76875,-3.09375,1966,1050,0
02-Aug-2024 19:08:36.865,-43.181252,-0.54375,-3.05625,1966,1050,0
02-Aug-2024 19:08:36.965,-43.293751,-0.675,-3.0375,1966,1050,0
02-Aug-2024 19:08:37.065,-43.331253,-0.6375,-3.09375,1966,1050,0
02-Aug-2024 19:08:37.164,-43.21875,-0.6,-3.01875,1966,1050,0
02-Aug-2024 19:08:37.265,-43.125,-0.525,-3.16875,1966,1050,0
02-Aug-2024 19:08:37.365,-43.125,-0.61875,-2.98125,1966,1050,0
02-Aug-2024 19:08:37.465,-42.975002,-0.58125,-3.05625,1966,1050,0
02-Aug-2024 19:08:37.565,-42.825001,-0.65625,-2.8875,1966,1050,0
02-Aug-2024 19:08:37.665,-42.84375,-0.76875,-3,1966,1050,0
02-Aug-2024 19:08:37.765,-42.75,-0.65625,-2.9625,1966,1050,0
02-Aug-2024 19:08:37.865,-42.825001,-0.525,-2.98125,1966,1050,0
02-Aug-2024 19:08:37.965,-42.84375,-0.6,-3.16875,1966,1050,0
02-Aug-2024 19:08:38.065,-42.993752,-0.6,-3.09375,1966,1050,0
02-Aug-2024 19:08:38.165,-43.012501,-0.5625,-3.24375,1966,1050,0
02-Aug-2024 19:08:38.265,-43.143753,-0.58125,-3.1875,1966,1050,0
02-Aug-2024 19:08:38.365,-43.3125,-0.54375,-3.16875,1966,1050,0
02-Aug-2024 19:08:38.465,-43.275002,-0.50625,-3.075,1966,1050,0
02-Aug-2024 19:08:38.565,-43.3125,-0.5625,-3.075,1966,1050,0
02-Aug-2024 19:08:38.665,-43.275002,-0.65625,-3.075,1966,1050,0
02-Aug-2024 19:08:38.765,-43.237503,-0.7125,-3.01875,1966,1050,0
02-Aug-2024 19:08:38.865,-43.3125,-0.75,-2.94375,1966,1050,0
02-Aug-2024 19:08:38.965,-43.350002,-0.73125,-2.86875,1966,1050,0
02-Aug-2024 19:08:39.065,-43.256252,-0.76875,-2.86875,1966,1050,0
02-Aug-2024 19:08:39.165,-43.181252,-0.80625,-2.9625,1966,1050,0
02-Aug-2024 19:08:39.265,-43.106251,-0.825,-2.98125,1966,1050,0
02-Aug-2024 19:08:39.365,-43.106251,-0.825,-2.98125,1966,1050,0
02-Aug-2024 19:08:39.465,-43.125,-0.80625,-3.01875,1966,1050,0
02-Aug-2024 19:08:39.565,-43.106251,-0.73125,-2.90625,1966,1050,0
02-Aug-2024 19:08:39.665,-43.03125,-0.7125,-2.8875,1966,1050,0
02-Aug-2024 19:08:39.765,-43.050003,-0.7125,-2.90625,1966,1050,0
02-Aug-2024 19:08:39.865,-43.087502,-0.76875,-2.9625,1966,1050,0
02-Aug-2024 19:08:39.965,-43.162502,-0.73125,-2.98125,1966,1050,0
02-Aug-2024 19:08:40.065,-43.143753,-0.675,-3.01875,1966,1050,0
02-Aug-2024 19:08:40.165,-43.143753,-0.58125,-3.01875,1966,1050,0
02-Aug-2024 19:08:40.265,-43.03125,-0.50625,-3.0375,1966,1050,0
02-Aug-2024 19:08:40.365,-43.068752,-0.525,-3.1125,1966,1050,0
02-Aug-2024 19:08:40.465,-42.975002,-0.4875,-3.15,1966,1050,0
02-Aug-2024 19:08:40.565,-42.787502,-0.525,-3.16875,1966,1050,0
02-Aug-2024 19:08:40.665,-42.731251,-0.3375,-3.075,1966,1050,0
02-Aug-2024 19:08:40.765,-42.712502,-0.3,-3.01875,1966,1050,0
02-Aug-2024 19:08:40.864,-42.787502,-0.2625,-3,1966,1050,0
02-Aug-2024 19:08:40.965,-42.75,-0.24375,-3.01875,1966,1050,0
02-Aug-2024 19:08:41.065,-42.862503,-0.28125,-3,1966,1050,0
02-Aug-2024 19:08:41.165,-42.900002,-0.28125,-2.925,1966,1050,0
02-Aug-2024 19:08:41.265,-42.787502,-0.28125,-2.94375,1966,1050,0
02-Aug-2024 19:08:41.365,-42.84375,-0.2625,-2.8875,1966,1050,0
02-Aug-2024 19:08:41.465,-42.900002,-0.3375,-2.9625,1966,1050,0
02-Aug-2024 19:08:41.565,-42.862503,-0.3375,-2.925,1966,1050,0
02-Aug-2024 19:08:41.665,-42.862503,-0.50625,-2.98125,1966,1050,0
02-Aug-2024 19:08:41.765,-42.862503,-0.69375,-3.09375,1966,1050,0
02-Aug-2024 19:08:41.865,-42.806252,-0.61875,-3.09375,1966,1050,0
02-Aug-2024 19:08:41.965,-42.84375,-0.6,-3.1125,1966,1050,0
02-Aug-2024 19:08:42.065,-43.050003,-0.65625,-3.1125,1966,1050,0
02-Aug-2024 19:08:42.165,-43.068752,-0.6,-3.16875,1966,1050,0
02-Aug-2024 19:08:42.265,-42.993752,-0.6375,-3.13125,1966,1050,0
02-Aug-2024 19:08:42.365,-42.9375,-0.675,-3.225,1966,1050,0
02-Aug-2024 19:08:42.465,-42.975002,-0.61875,-3.13125,1966,1050,0
02-Aug-2024 19:08:42.565,-42.993752,-0.46875,-3,1966,1050,0
02-Aug-2024 19:08:42.665,-43.068752,-0.58125,-2.98125,1966,1050,0
02-Aug-2024 19:08:42.765,-43.050003,-0.525,-3,1966,1050,0
02-Aug-2024 19:08:42.865,-43.03125,-0.4875,-3,1966,1050,0
02-Aug-2024 19:08:42.965,-43.106251,-0.50625,-3.0375,1966,1050,0
02-Aug-2024 19:08:43.065,-43.012501,-0.35625,-3.05625,1966,1050,0
02-Aug-2024 19:08:57.764,-61.987503,38.381252,12.750001,1974,778,0
02-Aug-2024 19:08:57.864,-61.856251,38.400002,12.637501,1974,778,0
02-Aug-2024 19:08:57.964,-61.706253,38.662502,12.450001,1974,778,0
02-Aug-2024 19:08:58.064,-61.668751,38.700001,12.450001,1974,778,0
02-Aug-2024 19:08:58.164,-61.650002,38.850002,12.431251,1974,778,0
02-Aug-2024 19:08:58.264,-61.575001,38.793751,12.187501,1974,778,0
02-Aug-2024 19:08:58.364,-61.650002,38.756252,12.150001,1974,778,0
02-Aug-2024 19:08:58.464,-61.687504,38.737503,12,1974,778,0
02-Aug-2024 19:08:58.564,-61.743752,38.71875,11.962501,1974,778,0
02-Aug-2024 19:08:58.664,-61.875004,38.700001,12.075001,1974,778,0
02-Aug-2024 19:08:58.764,-62.118752,38.568752,12.150001,1974,778,0
02-Aug-2024 19:08:58.864,-62.212502,38.568752,12.1125,1974,778,0
02-Aug-2024 19:08:58.964,-62.287502,38.550003,12.0375,1974,778,0
02-Aug-2024 19:08:59.064,-62.250004,38.550003,12.13125,1974,778,0
02-Aug-2024 19:08:59.164,-62.268753,38.550003,12.093751,1974,778,0
02-Aug-2024 19:08:59.264,-62.343754,38.550003,12.093751,1974,778,0
02-Aug-2024 19:08:59.364,-62.287502,38.512501,12.075001,1974,778,0
02-Aug-2024 19:08:59.464,-62.250004,38.53125,11.981251,1974,778,0
02-Aug-2024 19:08:59.564,-62.156254,38.512501,11.94375,1974,778,0
02-Aug-2024 19:08:59.664,-62.118752,38.456253,12,1974,778,0
02-Aug-2024 19:08:59.764,-62.081253,38.4375,12.01875,1974,778,0
02-Aug-2024 19:08:59.864,-62.118752,38.4375,12.20625,1974,778,0
02-Aug-2024 19:08:59.964,-62.043751,38.456253,12.20625,1974,778,0
02-Aug-2024 19:09:00.064,-61.912502,38.475002,12.262501,1974,778,0
02-Aug-2024 19:09:00.164,-61.856251,38.475002,12.356251,1974,778,0
02-Aug-2024 19:09:00.264,-61.950001,38.4375,12.31875,1974,778,0
02-Aug-2024 19:09:00.364,-61.931252,38.381252,12.375001,1974,778,0
02-Aug-2024 19:09:00.464,-62.043751,38.456253,12.31875,1974,778,0
02-Aug-2024 19:09:00.564,-62.100002,38.475002,12.281251,1974,778,0
02-Aug-2024 19:09:00.664,-62.231251,38.493752,12.150001,1974,778,0
02-Aug-2024 19:09:00.764,-62.268753,38.381252,12.168751,1974,778,0
02-Aug-2024 19:09:00.864,-62.362503,38.306252,12.262501,1974,778,0
02-Aug-2024 19:09:00.964,-62.437504,38.381252,12.31875,1974,778,0
02-Aug-2024 19:09:01.064,-62.437504,38.418751,12.3,1974,778,0
02-Aug-2024 19:09:01.164,-62.437504,38.53125,12.281251,1974,778,0
02-Aug-2024 19:09:01.264,-62.343754,38.381252,12.31875,1974,778,0
02-Aug-2024 19:09:01.364,-62.325001,38.418751,12.356251,1974,778,0
02-Aug-2024 19:09:01.464,-62.231251,38.550003,12.243751,1974,778,0
02-Aug-2024 19:09:01.564,-62.193752,38.625,12.168751,1974,778,0
02-Aug-2024 19:09:01.664,-62.212502,38.625,12.075001,1974,778,0
02-Aug-2024 19:09:01.764,-62.268753,38.587502,11.981251,1974,778,0
02-Aug-2024 19:09:01.864,-62.212502,38.550003,11.962501,1974,778,0
02-Aug-2024 19:09:01.964,-62.212502,38.512501,12.01875,1974,778,0
02-Aug-2024 19:09:02.063,-62.231251,38.606251,12.01875,1974,778,0
02-Aug-2024 19:09:02.164,-62.156254,38.550003,12.01875,1974,778,0
02-Aug-2024 19:09:02.264,-62.043751,38.550003,12.0375,1974,778,0
02-Aug-2024 19:09:02.364,-62.100002,38.53125,12.01875,1974,778,0
02-Aug-2024 19:09:02.464,-62.043751,38.700001,11.925,1974,778,0
02-Aug-2024 19:09:02.564,-61.987503,38.737503,11.85,1974,778,0
02-Aug-2024 19:09:02.664,-61.912502,38.793751,11.868751,1974,778,0
02-Aug-2024 19:09:02.764,-61.968754,38.868752,11.775001,1974,778,0
02-Aug-2024 19:09:02.864,-62.043751,38.90625,11.83125,1974,778,0
02-Aug-2024 19:09:02.964,-62.062504,38.887501,11.85,1974,778,0
02-Aug-2024 19:09:03.064,-62.175003,38.850002,11.83125,1974,778,0
02-Aug-2024 19:09:03.164,-62.175003,38.925003,11.868751,1974,778,0
02-Aug-2024 19:09:03.264,-62.118752,38.887501,11.887501,1974,778,0
02-Aug-2024 19:09:03.364,-62.137501,38.962502,11.925,1974,778,0
02-Aug-2024 19:09:03.464,-62.306252,38.981251,11.887501,1974,778,0
02-Aug-2024 19:09:03.564,-62.193752,39.037502,11.75625,1974,778,0
02-Aug-2024 19:09:03.664,-62.137501,39.112503,11.606251,1974,778,0
02-Aug-2024 19:09:03.764,-62.250004,39.112503,11.493751,1974,778,0
02-Aug-2024 19:09:03.864,-62.193752,39.131252,11.4375,1974,778,0
02-Aug-2024 19:09:03.964,-62.081253,39.037502,11.3625,1974,778,0
02-Aug-2024 19:09:04.064,-62.118752,39.037502,11.418751,1974,778,0
02-Aug-2024 19:09:04.164,-62.118752,38.943752,11.38125,1974,778,0
02-Aug-2024 19:09:04.264,-62.006252,38.90625,11.400001,1974,778,0
02-Aug-2024 19:09:04.364,-62.006252,38.925003,11.512501,1974,778,0
02-Aug-2024 19:09:04.464,-61.968754,38.793751,11.587501,1974,778,0
02-Aug-2024 19:09:04.564,-61.837502,38.925003,11.587501,1974,778,0
02-Aug-2024 19:09:04.664,-61.893753,38.981251,11.625,1974,778,0
02-Aug-2024 19:09:04.764,-61.912502,39.09375,11.6625,1974,778,0
02-Aug-2024 19:09:04.864,-61.950001,39.056252,11.6625,1974,778,0
02-Aug-2024 19:09:04.964,-61.875004,39.1875,11.606251,1974,778,0
02-Aug-2024 19:09:05.064,-61.837502,39.243752,11.55,1974,778,0
02-Aug-2024 19:09:05.164,-61.893753,39.168751,11.56875,1974,778,0
02-Aug-2024 19:09:05.264,-61.893753,39.262501,11.475,1974,778,0
02-Aug-2024 19:09:05.364,-61.856251,39.262501,11.512501,1974,778,0
02-Aug-2024 19:09:05.464,-61.856251,39.206253,11.625,1974,778,0
02-Aug-2024 19:09:05.564,-61.875004,39.168751,11.606251,1974,778,0
02-Aug-2024 19:09:05.664,-61.912502,39.262501,11.4375,1974,778,0
02-Aug-2024 19:09:05.763,-61.912502,39.1875,11.418751,1974,778,0
02-Aug-2024 19:09:05.864,-61.987503,39.056252,11.3625,1974,778,0
02-Aug-2024 19:09:05.964,-61.987503,39.150002,11.26875,1974,778,0
02-Aug-2024 19:09:06.064,-61.987503,39.1875,11.325001,1974,778,0
02-Aug-2024 19:09:06.164,-62.062504,39.150002,11.2875,1974,778,0
02-Aug-2024 19:09:06.264,-61.912502,39.206253,11.19375,1974,778,0
02-Aug-2024 19:09:06.364,-61.856251,39.243752,11.175,1974,778,0
02-Aug-2024 19:09:06.464,-61.687504,39.206253,11.26875,1974,778,0
02-Aug-2024 19:09:06.564,-61.706253,39.1875,11.25,1974,778,0
02-Aug-2024 19:09:06.664,-61.593754,39.356251,11.2875,1974,778,0
02-Aug-2024 19:09:06.764,-61.500004,39.28125,11.306251,1974,778,0
02-Aug-2024 19:09:06.864,-61.462502,39.300003,11.25,1974,778,0
02-Aug-2024 19:09:06.964,-61.312504,39.243752,11.25,1974,778,0
02-Aug-2024 19:09:07.064,-61.425003,39.28125,11.2875,1974,778,0
02-Aug-2024 19:09:07.164,-61.350002,39.300003,11.26875,1974,778,0
02-Aug-2024 19:09:07.264,-61.406254,39.28125,11.306251,1974,778,0
02-Aug-2024 19:09:07.364,-61.368752,39.356251,11.418751,1974,778,0
02-Aug-2024 19:09:07.464,-61.462502,39.28125,11.45625,1974,778,0
02-Aug-2024 19:09:07.564,-61.481251,39.318752,11.475,1974,778,0
02-Aug-2024 19:09:07.664,-61.518753,39.300003,11.56875,1974,778,0
02-Aug-2024 19:09:31.764,32.193752,0.7875,-1.25625,2106,830,0
02-Aug-2024 19:09:31.864,32.0625,0.73125,-1.275,2106,830,0
02-Aug-2024 19:09:31.964,32.081253,0.65625,-1.1625,2106,830,0
02-Aug-2024 19:09:32.064,32.081253,0.50625,-1.3125,2106,830,0
02-Aug-2024 19:09:32.164,32.100002,0.45,-1.3125,2106,830,0
02-Aug-2024 19:09:32.264,31.931252,0.4125,-1.3125,2106,830,0
02-Aug-2024 19:09:32.364,31.81875,0.4875,-1.275,2106,830,0
02-Aug-2024 19:09:32.464,31.743752,0.525,-1.10625,2106,830,0
02-Aug-2024 19:09:32.564,31.743752,0.4875,-1.18125,2106,830,0
02-Aug-2024 19:09:32.664,31.800001,0.54375,-1.06875,2106,830,0
02-Aug-2024 19:09:32.764,31.950001,0.50625,-0.975,2106,830,0
02-Aug-2024 19:09:32.864,32.043751,0.54375,-0.76875,2106,830,0
02-Aug-2024 19:09:32.964,32.0625,0.46875,-0.7125,2106,830,0
02-Aug-2024 19:09:33.064,31.987501,0.4125,-0.65625,2106,830,0
02-Aug-2024 19:09:33.164,32.118752,0.24375,-0.4875,2106,830,0
02-Aug-2024 19:09:33.264,32.15625,0.24375,-0.4125,2106,830,0
02-Aug-2024 19:09:33.364,32.25,0.2625,-0.43125,2106,830,0
02-Aug-2024 19:09:33.464,32.268753,0.20625,-0.43125,2106,830,0
02-Aug-2024 19:09:33.564,32.212502,0.13125,-0.6375,2106,830,0
02-Aug-2024 19:09:33.664,32.100002,0.05625,-0.675,2106,830,0
02-Aug-2024 19:09:33.764,32.081253,0.09375,-0.61875,2106,830,0
02-Aug-2024 19:09:33.864,32.043751,0.20625,-0.675,2106,830,0
02-Aug-2024 19:09:33.964,32.006252,0.225,-0.88125,2106,830,0
02-Aug-2024 19:09:34.064,31.931252,0.28125,-0.95625,2106,830,0
02-Aug-2024 19:09:34.164,31.893751,0.1875,-0.84375,2106,830,0
02-Aug-2024 19:09:34.264,31.875002,0.24375,-0.8625,2106,830,0
02-Aug-2024 19:09:34.364,31.9125,0.24375,-0.84375,2106,830,0
02-Aug-2024 19:09:34.464,31.931252,0.225,-0.88125,2106,830,0
02-Aug-2024 19:09:34.564,31.987501,0.24375,-0.99375,2106,830,0
02-Aug-2024 19:09:34.664,31.987501,0.24375,-0.95625,2106,830,0
02-Aug-2024 19:09:34.764,31.987501,0.24375,-0.99375,2106,830,0
02-Aug-2024 19:09:34.864,32.006252,0.16875,-1.0125,2106,830,0
02-Aug-2024 19:09:34.964,32.081253,0.13125,-1.06875,2106,830,0
02-Aug-2024 19:09:35.064,31.987501,0.0375,-1.0125,2106,830,0
02-Aug-2024 19:09:35.164,31.931252,0.15,-0.88125,2106,830,0
02-Aug-2024 19:09:35.264,31.856251,0.24375,-0.9,2106,830,0
02-Aug-2024 19:09:35.364,31.81875,0.1875,-0.975,2106,830,0
02-Aug-2024 19:09:35.464,31.893751,0.05625,-1.0125,2106,830,0
02-Aug-2024 19:09:35.564,31.931252,0.075,-0.95625,2106,830,0
02-Aug-2024 19:09:35.664,31.950001,0.15,-1.0125,2106,830,0
02-Aug-2024 19:09:35.764,31.931252,0.225,-1.0125,2106,830,0
02-Aug-2024 19:09:35.864,31.987501,0.2625,-1.06875,2106,830,0
02-Aug-2024 19:09:35.964,32.137501,0.225,-1.125,2106,830,0
02-Aug-2024 19:09:36.064,32.212502,0.28125,-1.1625,2106,830,0
02-Aug-2024 19:09:36.164,32.231251,0.3,-1.14375,2106,830,0
02-Aug-2024 19:09:36.264,32.268753,0.46875,-1.0875,2106,830,0
02-Aug-2024 19:09:36.364,32.175003,0.54375,-1.0875,2106,830,0
02-Aug-2024 19:09:36.464,32.118752,0.43125,-0.975,2106,830,0
02-Aug-2024 19:09:36.564,32.118752,0.375,-0.95625,2106,830,0
02-Aug-2024 19:09:36.664,32.118752,0.35625,-0.9375,2106,830,0
02-Aug-2024 19:09:36.764,32.043751,0.31875,-0.91875,2106,830,0
02-Aug-2024 19:09:36.864,32.043751,0.16875,-0.88125,2106,830,0
02-Aug-2024 19:09:36.964,31.968752,0.16875,-0.80625,2106,830,0
02-Aug-2024 19:09:37.064,31.987501,0.1125,-0.7875,2106,830,0
02-Aug-2024 19:09:37.164,31.837502,-0.05625,-0.76875,2106,830,0
02-Aug-2024 19:09:37.264,31.81875,-0.15,-0.73125,2106,830,0
02-Aug-2024 19:09:37.364,31.81875,-0.225,-0.7875,2106,830,0
02-Aug-2024 19:09:37.464,31.856251,-0.225,-0.7125,2106,830,0
02-Aug-2024 19:09:37.564,31.931252,-0.15,-0.75,2106,830,0
02-Aug-2024 19:09:37.664,31.931252,-0.0375,-0.69375,2106,830,0
02-Aug-2024 19:09:37.764,32.100002,-0.0375,-0.58125,2106,830,0
02-Aug-2024 19:09:37.864,31.968752,-0.13125,-0.61875,2106,830,0
02-Aug-2024 19:09:37.964,32.043751,0.01875,-0.54375,2106,830,0
02-Aug-2024 19:09:38.064,32.175003,0.2625,-0.6,2106,830,0
02-Aug-2024 19:09:38.164,32.137501,0.375,-0.45,2106,830,0
02-Aug-2024 19:09:38.264,32.006252,0.3375,-0.45,2106,830,0
02-Aug-2024 19:09:38.364,31.9125,0.2625,-0.39375,2106,830,0
02-Aug-2024 19:09:38.464,31.893751,0.2625,-0.39375,2106,830,0
02-Aug-2024 19:09:38.564,31.837502,0.35625,-0.4875,2106,830,0
02-Aug-2024 19:09:38.664,31.931252,0.4125,-0.3375,2106,830,0
02-Aug-2024 19:09:38.764,32.0625,0.375,-0.43125,2106,830,0
02-Aug-2024 19:09:38.864,31.950001,0.15,-0.39375,2106,830,0
02-Aug-2024 19:09:38.964,32.025002,0.225,-0.4875,2106,830,0
02-Aug-2024 19:09:39.064,32.043751,0.20625,-0.6,2106,830,0
02-Aug-2024 19:09:39.164,31.987501,0.1875,-0.675,2106,830,0
02-Aug-2024 19:09:39.264,32.0625,0.1125,-0.69375,2106,830,0
02-Aug-2024 19:09:39.364,31.931252,-0.0375,-0.65625,2106,830,0
02-Aug-2024 19:09:39.464,31.987501,-0.09375,-0.7875,2106,830,0
02-Aug-2024 19:09:39.564,31.950001,-0.16875,-0.76875,2106,830,0
02-Aug-2024 19:09:39.664,31.987501,-0.075,-0.80625,2106,830,0
02-Aug-2024 19:09:39.764,32.025002,-0.1125,-0.8625,2106,830,0
02-Aug-2024 19:09:39.864,32.137501,-0,-0.88125,2106,830,0
02-Aug-2024 19:09:39.964,32.212502,0.01875,-0.825,2106,830,0
02-Aug-2024 19:09:40.064,32.25,0.01875,-0.7875,2106,830,0
02-Aug-2024 19:09:40.164,32.325001,0.05625,-0.75,2106,830,0
02-Aug-2024 19:09:40.264,32.325001,0.1125,-0.7875,2106,830,0
02-Aug-2024 19:09:40.364,32.34375,0.16875,-0.84375,2106,830,0
02-Aug-2024 19:09:40.464,32.193752,0.225,-0.88125,2106,830,0
02-Aug-2024 19:09:40.564,32.043751,0.1875,-0.9,2106,830,0
02-Aug-2024 19:09:40.664,32.025002,0.09375,-0.9,2106,830,0
02-Aug-2024 19:09:40.764,32.043751,0.13125,-0.975,2106,830,0
02-Aug-2024 19:09:40.864,31.968752,0.15,-1.03125,2106,830,0
02-Aug-2024 19:09:40.964,32.025002,0.13125,-1.1625,2106,830,0
02-Aug-2024 19:09:41.064,31.987501,0.09375,-1.05,2106,830,0
02-Aug-2024 19:09:41.164,32.006252,0.09375,-0.99375,2106,830,0
02-Aug-2024 19:09:41.264,32.193752,0,-0.91875,2106,830,0
02-Aug-2024 19:09:41.364,32.25,0,-0.8625,2106,830,0
02-Aug-2024 19:09:41.464,32.175003,0.05625,-0.80625,2106,830,0
02-Aug-2024 19:09:41.564,32.193752,-0.01875,-0.8625,2106,830,0
02-Aug-2024 19:09:41.664,32.15625,0,-0.91875,2106,830,0
02-Aug-2024 19:09:51.362,45.506252,-2.1375,19.331251,1988,830,0
02-Aug-2024 19:09:51.462,45.5625,-2.11875,19.481251,1988,830,0
02-Aug-2024 19:09:51.562,45.543751,-2.19375,19.462502,1988,830,0
02-Aug-2024 19:09:51.662,45.450001,-2.23125,19.425001,1988,830,0
02-Aug-2024 19:09:51.762,45.450001,-2.26875,19.331251,1988,830,0
02-Aug-2024 19:09:51.862,45.393753,-2.25,19.181252,1988,830,0
02-Aug-2024 19:09:51.962,45.46875,-2.38125,19.03125,1988,830,0
02-Aug-2024 19:09:52.062,45.46875,-2.475,19.012501,1988,830,0
02-Aug-2024 19:09:52.162,45.5625,-2.4375,18.918751,1988,830,0
02-Aug-2024 19:09:52.262,45.525002,-2.5125,18.75,1988,830,0
02-Aug-2024 19:09:52.362,45.506252,-2.55,18.75,1988,830,0
02-Aug-2024 19:09:52.462,45.487503,-2.64375,18.768751,1988,830,0
02-Aug-2024 19:09:52.562,45.487503,-2.7,18.84375,1988,830,0
02-Aug-2024 19:09:52.662,45.543751,-2.7375,18.956251,1988,830,0
02-Aug-2024 19:09:52.762,45.412502,-2.7375,19.050001,1988,830,0
02-Aug-2024 19:09:52.862,45.356251,-2.8125,19.06875,1988,830,0
02-Aug-2024 19:09:52.962,45.262501,-2.86875,18.993752,1988,830,0
02-Aug-2024 19:09:53.062,45.356251,-2.86875,19.050001,1988,830,0
02-Aug-2024 19:09:53.162,45.356251,-2.90625,19.087502,1988,830,0
02-Aug-2024 19:09:53.262,45.393753,-2.98125,19.050001,1988,830,0
02-Aug-2024 19:09:53.362,45.318752,-2.9625,19.06875,1988,830,0
02-Aug-2024 19:09:53.462,45.393753,-3,19.03125,1988,830,0
02-Aug-2024 19:09:53.562,45.412502,-3.0375,18.975,1988,830,0
02-Aug-2024 19:09:53.662,45.450001,-3,18.975,1988,830,0
02-Aug-2024 19:09:53.762,45.543751,-3.01875,19.050001,1988,830,0
02-Aug-2024 19:09:53.862,45.412502,-3.13125,19.06875,1988,830,0
02-Aug-2024 19:09:53.962,45.412502,-3.1875,18.975,1988,830,0
02-Aug-2024 19:09:54.062,45.450001,-3.1875,18.918751,1988,830,0
02-Aug-2024 19:09:54.162,45.450001,-3.2625,18.84375,1988,830,0
02-Aug-2024 19:09:54.262,45.412502,-3.24375,18.900002,1988,830,0
02-Aug-2024 19:09:54.362,45.525002,-3.3,18.918751,1988,830,0
02-Aug-2024 19:09:54.462,45.5625,-3.2625,18.9375,1988,830,0
02-Aug-2024 19:09:54.562,45.506252,-3.3,18.862501,1988,830,0
02-Aug-2024 19:09:54.662,45.581253,-3.1875,18.7875,1988,830,0
02-Aug-2024 19:09:54.762,45.600002,-3.225,18.75,1988,830,0
02-Aug-2024 19:09:54.862,45.637501,-3.15,18.69375,1988,830,0
02-Aug-2024 19:09:54.962,45.731251,-3,18.675001,1988,830,0
02-Aug-2024 19:09:55.062,45.731251,-3,18.543751,1988,830,0
02-Aug-2024 19:09:55.162,45.731251,-2.98125,18.525002,1988,830,0
02-Aug-2024 19:09:55.262,45.693752,-3.01875,18.450001,1988,830,0
02-Aug-2024 19:09:55.362,45.731251,-3.01875,18.525002,1988,830,0
02-Aug-2024 19:09:55.462,45.806252,-3.01875,18.543751,1988,830,0
02-Aug-2024 19:09:55.562,45.825001,-2.94375,18.675001,1988,830,0
02-Aug-2024 19:09:55.662,45.862503,-2.83125,18.65625,1988,830,0
02-Aug-2024 19:09:55.762,45.787502,-2.86875,18.581251,1988,830,0
02-Aug-2024 19:09:55.862,45.862503,-2.86875,18.675001,1988,830,0
02-Aug-2024 19:09:55.962,45.825001,-2.86875,18.637501,1988,830,0
02-Aug-2024 19:09:56.062,45.768753,-2.8125,18.65625,1988,830,0
02-Aug-2024 19:09:56.162,45.806252,-2.75625,18.675001,1988,830,0
02-Aug-2024 19:09:56.262,45.768753,-2.79375,18.712502,1988,830,0
02-Aug-2024 19:09:56.362,45.84375,-2.775,18.75,1988,830,0
02-Aug-2024 19:09:56.462,45.75,-2.79375,18.862501,1988,830,0
02-Aug-2024 19:09:56.562,45.75,-2.83125,18.975,1988,830,0
02-Aug-2024 19:09:56.662,45.5625,-2.79375,18.918751,1988,830,0
02-Aug-2024 19:09:56.762,45.600002,-2.775,18.88125,1988,830,0
02-Aug-2024 19:09:56.862,45.712502,-2.7375,18.862501,1988,830,0
02-Aug-2024 19:09:56.962,45.731251,-2.7375,18.900002,1988,830,0
02-Aug-2024 19:09:57.062,45.618752,-2.7,18.862501,1988,830,0
02-Aug-2024 19:09:57.162,45.543751,-2.6625,18.7875,1988,830,0
02-Aug-2024 19:09:57.262,45.65625,-2.775,18.75,1988,830,0
02-Aug-2024 19:09:57.362,45.675003,-2.775,18.75,1988,830,0
02-Aug-2024 19:09:57.462,45.75,-2.79375,18.731251,1988,830,0
02-Aug-2024 19:09:57.562,45.693752,-2.75625,18.7875,1988,830,0
02-Aug-2024 19:09:57.662,45.637501,-2.775,18.768751,1988,830,0
02-Aug-2024 19:09:57.762,45.543751,-2.85,18.6,1988,830,0
02-Aug-2024 19:09:57.862,45.600002,-2.8125,18.581251,1988,830,0
02-Aug-2024 19:09:57.962,45.525002,-2.8125,18.450001,1988,830,0
02-Aug-2024 19:09:58.062,45.46875,-2.79375,18.46875,1988,830,0
02-Aug-2024 19:09:58.162,45.46875,-2.8125,18.487501,1988,830,0
02-Aug-2024 19:09:58.262,45.525002,-2.79375,18.50625,1988,830,0
02-Aug-2024 19:09:58.362,45.506252,-2.90625,18.431252,1988,830,0
02-Aug-2024 19:09:58.462,45.487503,-2.86875,18.46875,1988,830,0
02-Aug-2024 19:09:58.562,45.600002,-2.79375,18.543751,1988,830,0
02-Aug-2024 19:09:58.662,45.693752,-2.83125,18.5625,1988,830,0
02-Aug-2024 19:09:58.762,45.768753,-2.8125,18.637501,1988,830,0
02-Aug-2024 19:09:58.862,45.75,-2.8125,18.487501,1988,830,0
02-Aug-2024 19:09:58.962,45.768753,-2.775,18.450001,1988,830,0
02-Aug-2024 19:09:59.062,45.768753,-2.8125,18.375,1988,830,0
02-Aug-2024 19:09:59.162,45.75,-2.625,18.431252,1988,830,0
02-Aug-2024 19:09:59.262,45.806252,-2.60625,18.450001,1988,830,0
02-Aug-2024 19:09:59.362,45.768753,-2.5875,18.4125,1988,830,0
02-Aug-2024 19:09:59.462,45.787502,-2.5875,18.487501,1988,830,0
02-Aug-2024 19:09:59.562,45.862503,-2.53125,18.450001,1988,830,0
02-Aug-2024 19:09:59.662,45.806252,-2.49375,18.450001,1988,830,0
02-Aug-2024 19:09:59.762,45.84375,-2.4375,18.31875,1988,830,0
02-Aug-2024 19:09:59.862,45.825001,-2.41875,18.356251,1988,830,0
02-Aug-2024 19:09:59.962,45.918751,-2.41875,18.375,1988,830,0
02-Aug-2024 19:10:00.062,46.03125,-2.49375,18.356251,1988,830,0
02-Aug-2024 19:10:00.162,46.125,-2.53125,18.393751,1988,830,0
02-Aug-2024 19:10:00.262,45.993752,-2.49375,18.300001,1988,830,0
02-Aug-2024 19:10:00.362,45.881252,-2.60625,18.300001,1988,830,0
02-Aug-2024 19:10:00.462,45.9375,-2.64375,18.337502,1988,830,0
02-Aug-2024 19:10:00.562,45.825001,-2.68125,18.4125,1988,830,0
02-Aug-2024 19:10:00.662,45.787502,-2.71875,18.581251,1988,830,0
02-Aug-2024 19:10:00.762,45.862503,-2.75625,18.543751,1988,830,0
02-Aug-2024 19:10:00.862,45.712502,-2.83125,18.675001,1988,830,0
02-Aug-2024 19:10:00.962,45.600002,-2.68125,18.712502,1988,830,0
02-Aug-2024 19:10:01.062,45.65625,-2.60625,18.712502,1988,830,0
02-Aug-2024 19:10:01.162,45.712502,-2.53125,18.69375,1988,830,0
02-Aug-2024 19:10:01.262,45.675003,-2.4375,18.65625,1988,830,0
02-Aug-2024 19:10:19.762,-43.893753,-3.16875,8.175,2109,1241,0
02-Aug-2024 19:10:19.862,-43.950001,-3.31875,8.0625,2109,1241,0
02-Aug-2024 19:10:19.962,-44.006252,-3.24375,8.0625,2109,1241,0
02-Aug-2024 19:10:20.062,-44.118752,-3.24375,8.1,2109,1241,0
02-Aug-2024 19:10:20.162,-44.025002,-3.1125,7.89375,2109,1241,0
02-Aug-2024 19:10:20.262,-44.100002,-3.05625,7.81875,2109,1241,0
02-Aug-2024 19:10:20.362,-44.006252,-3.075,7.81875,2109,1241,0
02-Aug-2024 19:10:20.462,-43.96875,-2.98125,7.81875,2109,1241,0
02-Aug-2024 19:10:20.562,-44.0625,-3.15,7.8375,2109,1241,0
02-Aug-2024 19:10:20.662,-43.856251,-3.1125,7.85625,2109,1241,0
02-Aug-2024 19:10:20.762,-43.78125,-3.075,7.8375,2109,1241,0
02-Aug-2024 19:10:20.862,-43.743752,-3.15,7.78125,2109,1241,0
02-Aug-2024 19:10:20.962,-43.706253,-3.24375,7.875,2109,1241,0
02-Aug-2024 19:10:21.062,-43.706253,-3.3,7.93125,2109,1241,0
02-Aug-2024 19:10:21.162,-43.725002,-3.28125,7.96875,2109,1241,0
02-Aug-2024 19:10:21.262,-43.800003,-3.3,8.1,2109,1241,0
02-Aug-2024 19:10:21.362,-43.612503,-3.28125,8.118751,2109,1241,0
02-Aug-2024 19:10:21.461,-43.706253,-3.35625,8.137501,2109,1241,0
02-Aug-2024 19:10:21.562,-43.706253,-3.50625,8.043751,2109,1241,0
02-Aug-2024 19:10:21.662,-43.612503,-3.6,7.9875,2109,1241,0
02-Aug-2024 19:10:21.762,-43.612503,-3.675,8.00625,2109,1241,0
02-Aug-2024 19:10:21.862,-43.668751,-3.75,8.0625,2109,1241,0
02-Aug-2024 19:10:21.962,-43.725002,-3.7875,7.89375,2109,1241,0
02-Aug-2024 19:10:22.062,-43.743752,-3.80625,7.74375,2109,1241,0
02-Aug-2024 19:10:22.162,-43.893753,-3.825,7.74375,2109,1241,0
02-Aug-2024 19:10:22.262,-43.893753,-3.88125,7.89375,2109,1241,0
02-Aug-2024 19:10:22.362,-43.893753,-3.825,8.043751,2109,1241,0
02-Aug-2024 19:10:22.462,-43.837502,-3.80625,8.15625,2109,1241,0
02-Aug-2024 19:10:22.562,-43.837502,-3.73125,8.19375,2109,1241,0
02-Aug-2024 19:10:22.662,-43.762501,-3.61875,8.137501,2109,1241,0
02-Aug-2024 19:10:22.762,-43.650002,-3.65625,8.325001,2109,1241,0
02-Aug-2024 19:10:22.862,-43.59375,-3.65625,8.418751,2109,1241,0
02-Aug-2024 19:10:22.962,-43.537502,-3.6,8.512501,2109,1241,0
02-Aug-2024 19:10:23.062,-43.575001,-3.46875,8.3625,2109,1241,0
02-Aug-2024 19:10:23.162,-43.40625,-3.46875,8.418751,2109,1241,0
02-Aug-2024 19:10:23.262,-43.40625,-3.39375,8.53125,2109,1241,0
02-Aug-2024 19:10:23.362,-43.443752,-3.375,8.55,2109,1241,0
02-Aug-2024 19:10:23.462,-43.462502,-3.39375,8.64375,2109,1241,0
02-Aug-2024 19:10:23.562,-43.59375,-3.3,8.606251,2109,1241,0
02-Aug-2024 19:10:23.662,-43.612503,-3.24375,8.53125,2109,1241,0
02-Aug-2024 19:10:23.762,-43.762501,-3.1875,8.53125,2109,1241,0
02-Aug-2024 19:10:23.862,-43.800003,-3.1125,8.606251,2109,1241,0
02-Aug-2024 19:10:23.962,-43.96875,-3.1875,8.55,2109,1241,0
02-Aug-2024 19:10:24.062,-44.043751,-3.1875,8.4375,2109,1241,0
02-Aug-2024 19:10:24.162,-44.0625,-3.2625,8.3625,2109,1241,0
02-Aug-2024 19:10:24.262,-44.025002,-3.1875,8.3625,2109,1241,0
02-Aug-2024 19:10:24.362,-43.893753,-3.20625,8.400001,2109,1241,0
02-Aug-2024 19:10:24.462,-43.856251,-3.2625,8.38125,2109,1241,0
02-Aug-2024 19:10:24.562,-43.762501,-3.28125,8.25,2109,1241,0
02-Aug-2024 19:10:24.662,-43.762501,-3.31875,8.15625,2109,1241,0
02-Aug-2024 19:10:24.762,-43.837502,-3.20625,8.0625,2109,1241,0
02-Aug-2024 19:10:24.862,-43.837502,-3.28125,8.025001,2109,1241,0
02-Aug-2024 19:10:24.962,-43.743752,-3.24375,7.9875,2109,1241,0
02-Aug-2024 19:10:25.062,-43.6875,-3.3375,7.9125,2109,1241,0
02-Aug-2024 19:10:25.162,-43.706253,-3.45,7.9125,2109,1241,0
02-Aug-2024 19:10:25.262,-43.556252,-3.46875,7.9125,2109,1241,0
02-Aug-2024 19:10:25.362,-43.537502,-3.525,8.00625,2109,1241,0
02-Aug-2024 19:10:25.462,-43.518753,-3.6,8.1,2109,1241,0
02-Aug-2024 19:10:25.562,-43.481251,-3.7125,8.137501,2109,1241,0
02-Aug-2024 19:10:25.662,-43.40625,-3.61875,8.26875,2109,1241,0
02-Aug-2024 19:10:25.762,-43.368752,-3.6375,8.175,2109,1241,0
02-Aug-2024 19:10:25.862,-43.537502,-3.675,8.137501,2109,1241,0
02-Aug-2024 19:10:25.962,-43.631252,-3.61875,8.08125,2109,1241,0
02-Aug-2024 19:10:26.062,-43.800003,-3.6375,8.137501,2109,1241,0
02-Aug-2024 19:10:26.162,-43.743752,-3.73125,8.118751,2109,1241,0
02-Aug-2024 19:10:26.262,-43.743752,-3.7125,8.08125,2109,1241,0
02-Aug-2024 19:10:26.362,-43.650002,-3.69375,8.0625,2109,1241,0
02-Aug-2024 19:10:26.462,-43.725002,-3.7125,7.95,2109,1241,0
02-Aug-2024 19:10:26.562,-43.837502,-3.7125,8.15625,2109,1241,0
02-Aug-2024 19:10:26.662,-43.762501,-3.675,8.15625,2109,1241,0
02-Aug-2024 19:10:26.762,-43.650002,-3.76875,8.231251,2109,1241,0
02-Aug-2024 19:10:26.862,-43.725002,-3.76875,8.2875,2109,1241,0
02-Aug-2024 19:10:26.962,-43.743752,-3.75,8.231251,2109,1241,0
02-Aug-2024 19:10:27.062,-43.706253,-3.7125,8.15625,2109,1241,0
02-Aug-2024 19:10:27.162,-43.762501,-3.61875,8.137501,2109,1241,0
02-Aug-2024 19:10:27.262,-43.800003,-3.69375,8.212501,2109,1241,0
02-Aug-2024 19:10:27.362,-43.725002,-3.675,8.137501,2109,1241,0
02-Aug-2024 19:10:27.462,-43.837502,-3.7125,8.15625,2109,1241,0
02-Aug-2024 19:10:27.562,-43.837502,-3.7125,8.1,2109,1241,0
02-Aug-2024 19:10:27.662,-43.800003,-3.675,8.0625,2109,1241,0
02-Aug-2024 19:10:27.762,-43.818752,-3.675,8.025001,2109,1241,0
02-Aug-2024 19:10:27.862,-43.78125,-3.69375,8.08125,2109,1241,0
02-Aug-2024 19:10:27.962,-43.837502,-3.80625,8.137501,2109,1241,0
02-Aug-2024 19:10:28.062,-43.6875,-3.7875,8.175,2109,1241,0
02-Aug-2024 19:10:28.162,-43.762501,-3.8625,8.00625,2109,1241,0
02-Aug-2024 19:10:28.262,-43.6875,-3.9375,8.025001,2109,1241,0
02-Aug-2024 19:10:28.362,-43.818752,-3.91875,8.043751,2109,1241,0
02-Aug-2024 19:10:28.462,-43.800003,-3.9375,7.96875,2109,1241,0
02-Aug-2024 19:10:28.562,-43.837502,-3.7875,7.9875,2109,1241,0
02-Aug-2024 19:10:28.662,-43.875,-3.9,8.043751,2109,1241,0
02-Aug-2024 19:10:28.762,-43.818752,-3.88125,8.0625,2109,1241,0
02-Aug-2024 19:10:28.862,-43.837502,-3.825,8.00625,2109,1241,0
02-Aug-2024 19:10:28.962,-43.725002,-3.7125,8.175,2109,1241,0
02-Aug-2024 19:10:29.062,-43.818752,-3.7125,8.15625,2109,1241,0
02-Aug-2024 19:10:29.162,-43.706253,-3.75,8.175,2109,1241,0
02-Aug-2024 19:10:29.262,-43.59375,-3.9375,8.137501,2109,1241,0
02-Aug-2024 19:10:29.362,-43.443752,-4.18125,8.19375,2109,1241,0
02-Aug-2024 19:10:29.462,-43.443752,-4.18125,8.231251,2109,1241,0
02-Aug-2024 19:10:29.562,-43.443752,-4.29375,8.231251,2109,1241,0
02-Aug-2024 19:10:29.662,-43.537502,-4.35,8.15625,2109,1241,0
02-Aug-2024 19:10:38.762,-40.762501,-2.7,-5.00625,1988,1241,0
02-Aug-2024 19:10:38.862,-40.706253,-2.60625,-5.04375,1988,1241,0
02-Aug-2024 19:10:38.962,-40.668751,-2.6625,-5.00625,1988,1241,0
02-Aug-2024 19:10:39.062,-40.668751,-2.775,-4.9875,1988,1241,0
02-Aug-2024 19:10:39.162,-40.6875,-2.7,-4.95,1988,1241,0
02-Aug-2024 19:10:39.262,-40.78125,-2.7375,-5.08125,1988,1241,0
02-Aug-2024 19:10:39.362,-40.78125,-2.79375,-5.08125,1988,1241,0
02-Aug-2024 19:10:39.462,-40.668751,-2.8125,-4.89375,1988,1241,0
02-Aug-2024 19:10:39.562,-40.743752,-2.79375,-4.85625,1988,1241,0
02-Aug-2024 19:10:39.662,-40.78125,-3,-4.96875,1988,1241,0
02-Aug-2024 19:10:39.762,-40.78125,-2.9625,-5.04375,1988,1241,0
02-Aug-2024 19:10:39.862,-40.743752,-2.9625,-5.0625,1988,1241,0
02-Aug-2024 19:10:39.962,-40.668751,-3.05625,-5.1375,1988,1241,0
02-Aug-2024 19:10:40.062,-40.631252,-3.075,-5.23125,1988,1241,0
02-Aug-2024 19:10:40.162,-40.462502,-3.09375,-5.23125,1988,1241,0
02-Aug-2024 19:10:40.262,-40.59375,-3.1875,-5.325,1988,1241,0
02-Aug-2024 19:10:40.362,-40.5,-3.24375,-5.30625,1988,1241,0
02-Aug-2024 19:10:40.462,-40.443752,-3.01875,-5.2875,1988,1241,0
02-Aug-2024 19:10:40.562,-40.481251,-3.01875,-5.175,1988,1241,0
02-Aug-2024 19:10:40.662,-40.481251,-3,-5.2125,1988,1241,0
02-Aug-2024 19:10:40.762,-40.462502,-2.9625,-5.175,1988,1241,0
02-Aug-2024 19:10:40.862,-40.425003,-2.94375,-5.08125,1988,1241,0
02-Aug-2024 19:10:40.962,-40.481251,-2.90625,-5.04375,1988,1241,0
02-Aug-2024 19:10:41.062,-40.425003,-2.85,-5.1,1988,1241,0
02-Aug-2024 19:10:41.162,-40.462502,-2.8125,-5.175,1988,1241,0
02-Aug-2024 19:10:41.262,-40.518753,-2.98125,-5.175,1988,1241,0
02-Aug-2024 19:10:41.362,-40.5,-3.0375,-5.2125,1988,1241,0
02-Aug-2024 19:10:41.462,-40.5,-2.98125,-5.2875,1988,1241,0
02-Aug-2024 19:10:41.562,-40.537502,-2.925,-5.19375,1988,1241,0
02-Aug-2024 19:10:41.662,-40.5,-3.01875,-5.23125,1988,1241,0
02-Aug-2024 19:10:41.762,-40.537502,-3.09375,-5.3625,1988,1241,0
02-Aug-2024 19:10:41.862,-40.481251,-3,-5.41875,1988,1241,0
02-Aug-2024 19:10:41.962,-40.518753,-3.0375,-5.34375,1988,1241,0
02-Aug-2024 19:10:42.062,-40.443752,-2.925,-5.30625,1988,1241,0
02-Aug-2024 19:10:42.162,-40.331253,-2.86875,-5.325,1988,1241,0
02-Aug-2024 19:10:42.262,-40.40625,-2.7375,-5.19375,1988,1241,0
02-Aug-2024 19:10:42.362,-40.350002,-2.925,-5.19375,1988,1241,0
02-Aug-2024 19:10:42.462,-40.387501,-2.8875,-5.1375,1988,1241,0
02-Aug-2024 19:10:42.562,-40.481251,-2.85,-5.025,1988,1241,0
02-Aug-2024 19:10:42.662,-40.556252,-2.925,-4.875,1988,1241,0
02-Aug-2024 19:10:42.762,-40.556252,-2.83125,-4.96875,1988,1241,0
02-Aug-2024 19:10:42.862,-40.537502,-2.8875,-5.00625,1988,1241,0
02-Aug-2024 19:10:42.962,-40.668751,-2.94375,-4.9875,1988,1241,0
02-Aug-2024 19:10:43.062,-40.5,-3.09375,-4.96875,1988,1241,0
02-Aug-2024 19:10:43.162,-40.537502,-2.98125,-4.875,1988,1241,0
02-Aug-2024 19:10:43.262,-40.518753,-2.94375,-4.8,1988,1241,0
02-Aug-2024 19:10:43.362,-40.443752,-2.86875,-4.8,1988,1241,0
02-Aug-2024 19:10:43.462,-40.40625,-2.86875,-4.85625,1988,1241,0
02-Aug-2024 19:10:43.562,-40.443752,-3.0375,-4.7625,1988,1241,0
02-Aug-2024 19:10:43.662,-40.462502,-2.94375,-4.6875,1988,1241,0
02-Aug-2024 19:10:43.762,-40.368752,-3.0375,-4.725,1988,1241,0
02-Aug-2024 19:10:43.862,-40.481251,-2.94375,-4.66875,1988,1241,0
02-Aug-2024 19:10:43.962,-40.481251,-2.94375,-4.725,1988,1241,0
02-Aug-2024 19:10:44.062,-40.518753,-2.8875,-4.70625,1988,1241,0
02-Aug-2024 19:10:44.162,-40.556252,-2.79375,-4.725,1988,1241,0
02-Aug-2024 19:10:44.262,-40.612503,-2.85,-4.78125,1988,1241,0
02-Aug-2024 19:10:44.362,-40.5,-2.6625,-4.7625,1988,1241,0
02-Aug-2024 19:10:44.462,-40.425003,-2.7375,-4.8375,1988,1241,0
02-Aug-2024 19:10:44.562,-40.462502,-2.6625,-4.70625,1988,1241,0
02-Aug-2024 19:10:44.662,-40.462502,-2.5125,-4.78125,1988,1241,0
02-Aug-2024 19:10:44.762,-40.481251,-2.5875,-4.875,1988,1241,0
02-Aug-2024 19:10:44.862,-40.350002,-2.56875,-4.89375,1988,1241,0
02-Aug-2024 19:10:44.961,-40.293751,-2.5875,-4.78125,1988,1241,0
02-Aug-2024 19:10:45.060,-40.181252,-2.475,-4.65,1988,1241,0
02-Aug-2024 19:10:45.160,-40.293751,-2.475,-4.74375,1988,1241,0
02-Aug-2024 19:10:45.260,-40.5,-2.45625,-4.7625,1988,1241,0
02-Aug-2024 19:10:45.360,-40.537502,-2.4,-4.8375,1988,1241,0
02-Aug-2024 19:10:45.460,-40.556252,-2.55,-4.875,1988,1241,0
02-Aug-2024 19:10:45.560,-40.575001,-2.45625,-4.89375,1988,1241,0
02-Aug-2024 19:10:45.660,-40.59375,-2.4375,-4.95,1988,1241,0
02-Aug-2024 19:10:45.760,-40.6875,-2.56875,-5.00625,1988,1241,0
02-Aug-2024 19:10:45.860,-40.668751,-2.475,-5.1375,1988,1241,0
02-Aug-2024 19:10:45.960,-40.575001,-2.41875,-5.00625,1988,1241,0
02-Aug-2024 19:10:46.060,-40.425003,-2.4,-4.96875,1988,1241,0
02-Aug-2024 19:10:46.160,-40.425003,-2.23125,-5.00625,1988,1241,0
02-Aug-2024 19:10:46.260,-40.425003,-2.26875,-4.9875,1988,1241,0
02-Aug-2024 19:10:46.360,-40.425003,-2.25,-4.9125,1988,1241,0
02-Aug-2024 19:10:46.460,-40.575001,-2.30625,-4.875,1988,1241,0
02-Aug-2024 19:10:46.560,-40.425003,-2.1375,-4.85625,1988,1241,0
02-Aug-2024 19:10:46.660,-40.5,-2.175,-4.74375,1988,1241,0
02-Aug-2024 19:10:46.760,-40.650002,-2.23125,-4.725,1988,1241,0
02-Aug-2024 19:10:46.860,-40.725002,-2.19375,-4.6875,1988,1241,0
02-Aug-2024 19:10:46.960,-40.537502,-2.2875,-4.6875,1988,1241,0
02-Aug-2024 19:10:47.060,-40.631252,-2.30625,-4.6125,1988,1241,0
02-Aug-2024 19:10:47.160,-40.59375,-2.23125,-4.55625,1988,1241,0
02-Aug-2024 19:10:47.260,-40.556252,-2.175,-4.6125,1988,1241,0
02-Aug-2024 19:10:47.360,-40.6875,-2.19375,-4.66875,1988,1241,0
02-Aug-2024 19:10:47.460,-40.706253,-2.25,-4.66875,1988,1241,0
02-Aug-2024 19:10:47.560,-40.575001,-2.19375,-4.725,1988,1241,0
02-Aug-2024 19:10:47.660,-40.575001,-2.19375,-4.7625,1988,1241,0
02-Aug-2024 19:10:47.760,-40.650002,-2.2125,-4.7625,1988,1241,0
02-Aug-2024 19:10:47.860,-40.425003,-2.23125,-4.95,1988,1241,0
02-Aug-2024 19:10:47.960,-40.368752,-2.325,-5.11875,1988,1241,0
02-Aug-2024 19:10:48.060,-40.331253,-2.38125,-5.175,1988,1241,0
02-Aug-2024 19:10:48.160,-40.162502,-2.34375,-5.11875,1988,1241,0
02-Aug-2024 19:10:48.260,-40.256252,-2.325,-5.175,1988,1241,0
02-Aug-2024 19:10:48.360,-40.275002,-2.41875,-5.23125,1988,1241,0
02-Aug-2024 19:10:48.460,-40.3125,-2.4375,-5.19375,1988,1241,0
02-Aug-2024 19:10:48.560,-40.350002,-2.45625,-5.19375,1988,1241,0
02-Aug-2024 19:10:48.660,-40.462502,-2.4375,-5.11875,1988,1241,0
