Timestamp,X,Y,Z,Cx,Cy
24-Jun-2024 14:34:19.029,45.1875,-1.8375,-15.187501,1915,778
24-Jun-2024 14:34:19.129,45.206253,-1.96875,-15.1125,1915,778
24-Jun-2024 14:34:19.229,45.075001,-2.0625,-15.056251,1915,778
24-Jun-2024 14:34:19.329,45.018753,-2.1375,-14.94375,1915,778
24-Jun-2024 14:34:19.429,45.037502,-2.25,-14.962501,1915,778
24-Jun-2024 14:34:19.529,45.018753,-2.2125,-14.868751,1915,778
24-Jun-2024 14:34:19.628,45.09375,-2.1375,-14.812501,1915,778
24-Jun-2024 14:34:19.729,45.168751,-2.23125,-14.793751,1915,778
24-Jun-2024 14:34:19.829,45.1875,-2.30625,-14.700001,1915,778
24-Jun-2024 14:34:19.929,45.225002,-2.26875,-14.681251,1915,778
24-Jun-2024 14:34:20.029,45.337502,-2.25,-14.681251,1915,778
24-Jun-2024 14:34:20.129,45.412502,-2.2875,-14.64375,1915,778
24-Jun-2024 14:34:20.229,45.412502,-2.2125,-14.6625,1915,778
24-Jun-2024 14:34:20.329,45.412502,-2.30625,-14.64375,1915,778
24-Jun-2024 14:34:20.429,45.412502,-2.25,-14.7375,1915,778
24-Jun-2024 14:34:20.529,45.412502,-2.2875,-14.6625,1915,778
24-Jun-2024 14:34:20.629,45.431252,-2.26875,-14.64375,1915,778
24-Jun-2024 14:34:20.729,45.487503,-2.2875,-14.625001,1915,778
24-Jun-2024 14:34:20.829,45.525002,-2.4,-14.681251,1915,778
24-Jun-2024 14:34:20.929,45.450001,-2.45625,-14.812501,1915,778
24-Jun-2024 14:34:21.029,45.543751,-2.53125,-14.812501,1915,778
24-Jun-2024 14:34:21.129,45.525002,-2.4375,-14.85,1915,778
24-Jun-2024 14:34:21.229,45.487503,-2.4,-14.7375,1915,778
24-Jun-2024 14:34:21.329,45.525002,-2.34375,-14.85,1915,778
24-Jun-2024 14:34:21.429,45.543751,-2.30625,-15.0375,1915,778
24-Jun-2024 14:34:21.529,45.431252,-2.25,-15.075001,1915,778
24-Jun-2024 14:34:21.629,45.262501,-2.08125,-14.962501,1915,778
24-Jun-2024 14:34:21.729,45.356251,-1.9125,-14.981251,1915,778
24-Jun-2024 14:34:21.829,45.318752,-1.85625,-14.906251,1915,778
24-Jun-2024 14:34:21.929,45.356251,-1.9875,-14.887501,1915,778
24-Jun-2024 14:34:22.029,45.393753,-1.9875,-15.000001,1915,778
24-Jun-2024 14:34:22.129,45.225002,-2.00625,-15.000001,1915,778
24-Jun-2024 14:34:22.229,45.262501,-2.025,-14.962501,1915,778
24-Jun-2024 14:34:22.329,45.318752,-2.00625,-14.962501,1915,778
24-Jun-2024 14:34:22.429,45.506252,-2.11875,-15.150001,1915,778
24-Jun-2024 14:34:22.529,45.412502,-2.30625,-15.150001,1915,778
24-Jun-2024 14:34:22.629,45.393753,-2.4375,-15.187501,1915,778
24-Jun-2024 14:34:22.729,45.450001,-2.38125,-15.093751,1915,778
24-Jun-2024 14:34:22.829,45.487503,-2.4375,-15.0375,1915,778
24-Jun-2024 14:34:22.929,45.600002,-2.4375,-14.925,1915,778
24-Jun-2024 14:34:23.029,45.637501,-2.4,-14.83125,1915,778
24-Jun-2024 14:34:23.129,45.65625,-2.49375,-14.868751,1915,778
24-Jun-2024 14:34:23.229,45.46875,-2.49375,-14.83125,1915,778
24-Jun-2024 14:34:23.328,45.543751,-2.45625,-14.793751,1915,778
24-Jun-2024 14:34:23.429,45.543751,-2.2875,-14.75625,1915,778
24-Jun-2024 14:34:23.529,45.487503,-2.26875,-14.83125,1915,778
24-Jun-2024 14:34:23.629,45.375,-2.23125,-14.812501,1915,778
24-Jun-2024 14:34:23.729,45.375,-2.19375,-14.887501,1915,778
24-Jun-2024 14:34:23.829,45.318752,-2.2125,-14.925,1915,778
24-Jun-2024 14:34:23.929,45.318752,-2.08125,-14.868751,1915,778
24-Jun-2024 14:34:24.029,45.375,-2.0625,-14.887501,1915,778
24-Jun-2024 14:34:24.129,45.375,-2.0625,-14.906251,1915,778
24-Jun-2024 14:34:24.229,45.487503,-2.08125,-14.85,1915,778
24-Jun-2024 14:34:24.329,45.5625,-2.00625,-14.85,1915,778
24-Jun-2024 14:34:24.429,45.65625,-2.0625,-14.962501,1915,778
24-Jun-2024 14:34:24.529,45.693752,-2.025,-14.925,1915,778
24-Jun-2024 14:34:24.629,45.693752,-1.9875,-14.887501,1915,778
24-Jun-2024 14:34:24.729,45.618752,-1.96875,-15.000001,1915,778
24-Jun-2024 14:34:24.829,45.65625,-2.00625,-14.962501,1915,778
24-Jun-2024 14:34:24.929,45.693752,-1.95,-15.000001,1915,778
24-Jun-2024 14:34:25.029,45.600002,-1.875,-15.093751,1915,778
24-Jun-2024 14:34:25.129,45.506252,-1.875,-15.13125,1915,778
24-Jun-2024 14:34:25.229,45.46875,-1.78125,-14.981251,1915,778
24-Jun-2024 14:34:25.329,45.375,-1.7625,-14.868751,1915,778
24-Jun-2024 14:34:25.429,45.375,-1.7625,-14.962501,1915,778
24-Jun-2024 14:34:25.529,45.431252,-1.8375,-14.812501,1915,778
24-Jun-2024 14:34:25.629,45.525002,-1.725,-14.775001,1915,778
24-Jun-2024 14:34:25.729,45.393753,-1.66875,-14.700001,1915,778
24-Jun-2024 14:34:25.829,45.431252,-1.70625,-14.6625,1915,778
24-Jun-2024 14:34:25.929,45.450001,-1.74375,-14.6625,1915,778
24-Jun-2024 14:34:26.029,45.543751,-1.7625,-14.6625,1915,778
24-Jun-2024 14:34:26.129,45.600002,-1.7625,-14.793751,1915,778
24-Jun-2024 14:34:26.229,45.5625,-1.81875,-14.718751,1915,778
24-Jun-2024 14:34:26.329,45.618752,-1.8375,-14.75625,1915,778
24-Jun-2024 14:34:26.429,45.618752,-1.875,-14.75625,1915,778
24-Jun-2024 14:34:26.529,45.731251,-1.96875,-14.775001,1915,778
24-Jun-2024 14:34:26.629,45.806252,-2.025,-14.625001,1915,778
24-Jun-2024 14:34:26.729,45.768753,-2.04375,-14.587501,1915,778
24-Jun-2024 14:34:26.829,45.65625,-2.11875,-14.56875,1915,778
24-Jun-2024 14:34:26.929,45.525002,-2.1,-14.493751,1915,778
24-Jun-2024 14:34:27.028,45.712502,-1.9875,-14.45625,1915,778
24-Jun-2024 14:34:27.129,45.65625,-1.93125,-14.512501,1915,778
24-Jun-2024 14:34:27.229,45.5625,-1.89375,-14.587501,1915,778
24-Jun-2024 14:34:27.329,45.46875,-1.81875,-14.606251,1915,778
24-Jun-2024 14:34:27.429,45.375,-1.725,-14.75625,1915,778
24-Jun-2024 14:34:27.529,45.450001,-1.70625,-14.75625,1915,778
24-Jun-2024 14:34:27.629,45.581253,-1.63125,-14.812501,1915,778
24-Jun-2024 14:34:27.729,45.65625,-1.63125,-14.85,1915,778
24-Jun-2024 14:34:27.829,45.543751,-1.65,-14.868751,1915,778
24-Jun-2024 14:34:27.929,45.5625,-1.65,-14.812501,1915,778
24-Jun-2024 14:34:28.029,45.618752,-1.6875,-14.700001,1915,778
24-Jun-2024 14:34:28.129,45.65625,-1.78125,-14.793751,1915,778
24-Jun-2024 14:34:28.229,45.637501,-1.78125,-14.85,1915,778
24-Jun-2024 14:34:28.329,45.618752,-1.74375,-14.812501,1915,778
24-Jun-2024 14:34:28.429,45.525002,-1.78125,-14.906251,1915,778
24-Jun-2024 14:34:28.529,45.46875,-1.66875,-14.85,1915,778
24-Jun-2024 14:34:28.629,45.46875,-1.6875,-14.793751,1915,778
24-Jun-2024 14:34:28.729,45.412502,-1.66875,-14.75625,1915,778
24-Jun-2024 14:34:28.829,45.337502,-1.6875,-14.775001,1915,778
24-Jun-2024 14:34:28.929,45.337502,-1.575,-14.531251,1915,778
24-Jun-2024 14:34:43.024,55.762501,-4.6875,-31.368752,1920,1045
24-Jun-2024 14:34:43.124,55.687504,-4.74375,-31.462502,1920,1045
24-Jun-2024 14:34:43.224,55.781254,-4.7625,-31.575001,1920,1045
24-Jun-2024 14:34:43.324,55.856251,-4.8375,-31.556252,1920,1045
24-Jun-2024 14:34:43.424,55.856251,-4.7625,-31.5375,1920,1045
24-Jun-2024 14:34:43.524,55.875004,-4.70625,-31.481251,1920,1045
24-Jun-2024 14:34:43.624,55.818752,-4.725,-31.406252,1920,1045
24-Jun-2024 14:34:43.724,55.856251,-4.59375,-31.5375,1920,1045
24-Jun-2024 14:34:43.824,55.950001,-4.59375,-31.406252,1920,1045
24-Jun-2024 14:34:43.924,56.081253,-4.44375,-31.331251,1920,1045
24-Jun-2024 14:34:44.024,56.043751,-4.51875,-31.25625,1920,1045
24-Jun-2024 14:34:44.124,56.118752,-4.5,-31.181252,1920,1045
24-Jun-2024 14:34:44.224,56.100002,-4.575,-31.143751,1920,1045
24-Jun-2024 14:34:44.324,56.212502,-4.59375,-31.050001,1920,1045
24-Jun-2024 14:34:44.424,56.250004,-4.575,-31.06875,1920,1045
24-Jun-2024 14:34:44.524,56.306252,-4.575,-30.900002,1920,1045
24-Jun-2024 14:34:44.624,56.268753,-4.63125,-30.937502,1920,1045
24-Jun-2024 14:34:44.724,56.268753,-4.6875,-30.937502,1920,1045
24-Jun-2024 14:34:44.824,56.212502,-4.63125,-30.900002,1920,1045
24-Jun-2024 14:34:44.924,56.137501,-4.59375,-30.900002,1920,1045
24-Jun-2024 14:34:45.024,56.100002,-4.5375,-30.88125,1920,1045
24-Jun-2024 14:34:45.124,56.006252,-4.4625,-30.937502,1920,1045
24-Jun-2024 14:34:45.224,55.950001,-4.425,-30.956251,1920,1045
24-Jun-2024 14:34:45.324,55.781254,-4.5375,-30.975,1920,1045
24-Jun-2024 14:34:45.424,55.818752,-4.48125,-30.862501,1920,1045
24-Jun-2024 14:34:45.524,55.743752,-4.5,-30.843752,1920,1045
24-Jun-2024 14:34:45.624,55.781254,-4.44375,-30.825001,1920,1045
24-Jun-2024 14:34:45.724,55.818752,-4.4625,-30.88125,1920,1045
24-Jun-2024 14:34:45.824,55.987503,-4.48125,-30.862501,1920,1045
24-Jun-2024 14:34:45.924,56.025002,-4.51875,-30.7875,1920,1045
24-Jun-2024 14:34:46.024,56.175003,-4.575,-30.731251,1920,1045
24-Jun-2024 14:34:46.124,56.325001,-4.48125,-30.69375,1920,1045
24-Jun-2024 14:34:46.224,56.381252,-4.5,-30.825001,1920,1045
24-Jun-2024 14:34:46.324,56.437504,-4.3875,-30.862501,1920,1045
24-Jun-2024 14:34:46.424,56.512501,-4.29375,-30.900002,1920,1045
24-Jun-2024 14:34:46.524,56.400002,-4.3875,-30.937502,1920,1045
24-Jun-2024 14:34:46.624,56.362503,-4.35,-30.918751,1920,1045
24-Jun-2024 14:34:46.724,56.362503,-4.2375,-31.050001,1920,1045
24-Jun-2024 14:34:46.824,56.306252,-4.18125,-30.993752,1920,1045
24-Jun-2024 14:34:46.924,56.268753,-3.975,-30.993752,1920,1045
24-Jun-2024 14:34:47.024,56.175003,-3.975,-30.88125,1920,1045
24-Jun-2024 14:34:47.124,56.156254,-3.95625,-30.768751,1920,1045
24-Jun-2024 14:34:47.224,56.100002,-4.05,-30.825001,1920,1045
24-Jun-2024 14:34:47.324,56.156254,-3.9,-30.6,1920,1045
24-Jun-2024 14:34:47.424,56.156254,-3.84375,-30.6,1920,1045
24-Jun-2024 14:34:47.524,56.231251,-3.975,-30.543751,1920,1045
24-Jun-2024 14:34:47.624,56.193752,-3.975,-30.50625,1920,1045
24-Jun-2024 14:34:47.724,56.193752,-4.1625,-30.6,1920,1045
24-Jun-2024 14:34:47.824,56.212502,-4.06875,-30.581251,1920,1045
24-Jun-2024 14:34:47.924,56.212502,-4.125,-30.69375,1920,1045
24-Jun-2024 14:34:48.024,56.231251,-4.0875,-30.712502,1920,1045
24-Jun-2024 14:34:48.124,56.268753,-4.2,-30.862501,1920,1045
24-Jun-2024 14:34:48.224,56.287502,-4.18125,-30.88125,1920,1045
24-Jun-2024 14:34:48.324,56.287502,-4.2,-30.88125,1920,1045
24-Jun-2024 14:34:48.424,56.268753,-4.21875,-30.956251,1920,1045
24-Jun-2024 14:34:48.524,56.250004,-4.2,-30.900002,1920,1045
24-Jun-2024 14:34:48.624,56.268753,-4.3125,-30.900002,1920,1045
24-Jun-2024 14:34:48.724,56.362503,-4.25625,-30.7875,1920,1045
24-Jun-2024 14:34:48.824,56.343754,-4.33125,-30.750002,1920,1045
24-Jun-2024 14:34:48.924,56.362503,-4.25625,-30.675001,1920,1045
24-Jun-2024 14:34:49.024,56.287502,-4.33125,-30.618752,1920,1045
24-Jun-2024 14:34:49.124,56.287502,-4.275,-30.618752,1920,1045
24-Jun-2024 14:34:49.224,56.325001,-4.25625,-30.637501,1920,1045
24-Jun-2024 14:34:49.324,56.418751,-4.35,-30.618752,1920,1045
24-Jun-2024 14:34:49.424,56.325001,-4.25625,-30.618752,1920,1045
24-Jun-2024 14:34:49.524,56.250004,-4.3125,-30.581251,1920,1045
24-Jun-2024 14:34:49.624,56.287502,-4.29375,-30.525002,1920,1045
24-Jun-2024 14:34:49.724,56.287502,-4.33125,-30.562502,1920,1045
24-Jun-2024 14:34:49.824,56.268753,-4.3125,-30.6,1920,1045
24-Jun-2024 14:34:49.924,56.343754,-4.25625,-30.637501,1920,1045
24-Jun-2024 14:34:50.024,56.362503,-4.25625,-30.562502,1920,1045
24-Jun-2024 14:34:50.124,56.400002,-4.14375,-30.656252,1920,1045
24-Jun-2024 14:34:50.224,56.550003,-4.18125,-30.562502,1920,1045
24-Jun-2024 14:34:50.324,56.625004,-4.25625,-30.675001,1920,1045
24-Jun-2024 14:34:50.424,56.550003,-4.2375,-30.712502,1920,1045
24-Jun-2024 14:34:50.524,56.512501,-4.21875,-30.656252,1920,1045
24-Jun-2024 14:34:50.624,56.550003,-4.18125,-30.69375,1920,1045
24-Jun-2024 14:34:50.724,56.400002,-4.21875,-30.50625,1920,1045
24-Jun-2024 14:34:50.824,56.418751,-4.29375,-30.618752,1920,1045
24-Jun-2024 14:34:50.924,56.325001,-4.36875,-30.525002,1920,1045
24-Jun-2024 14:34:51.024,56.250004,-4.4625,-30.637501,1920,1045
24-Jun-2024 14:34:51.124,56.175003,-4.35,-30.618752,1920,1045
24-Jun-2024 14:34:51.224,56.193752,-4.3125,-30.543751,1920,1045
24-Jun-2024 14:34:51.323,56.212502,-4.35,-30.581251,1920,1045
24-Jun-2024 14:34:51.424,56.250004,-4.3875,-30.50625,1920,1045
24-Jun-2024 14:34:51.524,56.268753,-4.3875,-30.637501,1920,1045
24-Jun-2024 14:34:51.624,56.212502,-4.2375,-30.525002,1920,1045
24-Jun-2024 14:34:51.724,56.175003,-4.18125,-30.525002,1920,1045
24-Jun-2024 14:34:51.824,56.175003,-4.125,-30.487501,1920,1045
24-Jun-2024 14:34:51.924,56.193752,-4.1625,-30.487501,1920,1045
24-Jun-2024 14:34:52.024,56.156254,-4.06875,-30.618752,1920,1045
24-Jun-2024 14:34:52.124,56.156254,-4.06875,-30.6,1920,1045
24-Jun-2024 14:34:52.224,56.118752,-4.0125,-30.6,1920,1045
24-Jun-2024 14:34:52.324,56.212502,-3.975,-30.637501,1920,1045
24-Jun-2024 14:34:52.424,56.156254,-4.03125,-30.69375,1920,1045
24-Jun-2024 14:34:52.524,56.137501,-3.95625,-30.656252,1920,1045
24-Jun-2024 14:34:52.624,56.193752,-3.9375,-30.712502,1920,1045
24-Jun-2024 14:34:52.724,56.212502,-3.9,-30.806252,1920,1045
24-Jun-2024 14:34:52.824,56.231251,-3.975,-30.731251,1920,1045
24-Jun-2024 14:34:52.924,56.156254,-3.91875,-30.712502,1920,1045
24-Jun-2024 14:35:13.519,-0.76875,29.85,-32.53125,1920,1330
24-Jun-2024 14:35:13.619,-0.80625,29.85,-32.456253,1920,1330
24-Jun-2024 14:35:13.719,-0.8625,29.775002,-32.475002,1920,1330
24-Jun-2024 14:35:13.819,-0.95625,29.868752,-32.512501,1920,1330
24-Jun-2024 14:35:13.919,-0.8625,29.812502,-32.400002,1920,1330
24-Jun-2024 14:35:14.019,-0.95625,29.831251,-32.512501,1920,1330
24-Jun-2024 14:35:14.119,-0.9,29.812502,-32.4375,1920,1330
24-Jun-2024 14:35:14.219,-0.91875,29.906252,-32.418751,1920,1330
24-Jun-2024 14:35:14.319,-0.825,30.018751,-32.400002,1920,1330
24-Jun-2024 14:35:14.419,-0.69375,30.0375,-32.381252,1920,1330
24-Jun-2024 14:35:14.519,-0.7125,29.906252,-32.34375,1920,1330
24-Jun-2024 14:35:14.619,-0.65625,29.85,-32.212502,1920,1330
24-Jun-2024 14:35:14.719,-0.76875,29.868752,-32.268753,1920,1330
24-Jun-2024 14:35:14.819,-0.76875,29.812502,-32.137501,1920,1330
24-Jun-2024 14:35:14.919,-0.7125,29.775002,-32.212502,1920,1330
24-Jun-2024 14:35:15.019,-0.675,29.6625,-32.231251,1920,1330
24-Jun-2024 14:35:15.119,-0.80625,29.6625,-32.100002,1920,1330
24-Jun-2024 14:35:15.219,-1.03125,29.681252,-32.137501,1920,1330
24-Jun-2024 14:35:15.319,-1.0125,29.700001,-32.212502,1920,1330
24-Jun-2024 14:35:15.419,-1.0875,29.718752,-32.306252,1920,1330
24-Jun-2024 14:35:15.519,-0.99375,29.793751,-32.325001,1920,1330
24-Jun-2024 14:35:15.618,-1.0125,29.812502,-32.456253,1920,1330
24-Jun-2024 14:35:15.719,-1.0875,29.831251,-32.475002,1920,1330
24-Jun-2024 14:35:15.819,-1.03125,29.925001,-32.568752,1920,1330
24-Jun-2024 14:35:15.919,-0.95625,29.887501,-32.681252,1920,1330
24-Jun-2024 14:35:16.019,-0.675,30.000002,-32.71875,1920,1330
24-Jun-2024 14:35:16.119,-0.6375,29.981251,-32.643753,1920,1330
24-Jun-2024 14:35:16.219,-0.61875,29.962502,-32.587502,1920,1330
24-Jun-2024 14:35:16.319,-0.61875,29.962502,-32.643753,1920,1330
24-Jun-2024 14:35:16.419,-0.45,29.94375,-32.662502,1920,1330
24-Jun-2024 14:35:16.519,-0.43125,30.000002,-32.606251,1920,1330
24-Jun-2024 14:35:16.619,-0.46875,30.000002,-32.493752,1920,1330
24-Jun-2024 14:35:16.719,-0.525,30.075001,-32.287502,1920,1330
24-Jun-2024 14:35:16.819,-0.675,29.94375,-32.287502,1920,1330
24-Jun-2024 14:35:16.919,-0.825,30.000002,-32.287502,1920,1330
24-Jun-2024 14:35:17.019,-0.9,30.093752,-32.25,1920,1330
24-Jun-2024 14:35:17.119,-0.8625,29.981251,-32.231251,1920,1330
24-Jun-2024 14:35:17.219,-0.99375,30.075001,-32.193752,1920,1330
24-Jun-2024 14:35:17.319,-0.95625,30.13125,-32.175003,1920,1330
24-Jun-2024 14:35:17.419,-0.975,30.206251,-32.25,1920,1330
24-Jun-2024 14:35:17.519,-0.99375,30.262501,-32.4375,1920,1330
24-Jun-2024 14:35:17.619,-0.99375,30.375002,-32.4375,1920,1330
24-Jun-2024 14:35:17.719,-0.80625,30.431252,-32.456253,1920,1330
24-Jun-2024 14:35:17.819,-0.76875,30.393751,-32.400002,1920,1330
24-Jun-2024 14:35:17.919,-0.8625,30.487501,-32.400002,1920,1330
24-Jun-2024 14:35:18.019,-0.84375,30.375002,-32.306252,1920,1330
24-Jun-2024 14:35:18.119,-0.7875,30.31875,-32.306252,1920,1330
24-Jun-2024 14:35:18.219,-0.75,30.150002,-32.268753,1920,1330
24-Jun-2024 14:35:18.319,-0.69375,29.962502,-32.268753,1920,1330
24-Jun-2024 14:35:18.419,-0.6375,29.906252,-32.118752,1920,1330
24-Jun-2024 14:35:18.519,-0.7875,29.906252,-32.006252,1920,1330
24-Jun-2024 14:35:18.619,-0.76875,29.962502,-32.006252,1920,1330
24-Jun-2024 14:35:18.719,-0.75,29.868752,-31.893751,1920,1330
24-Jun-2024 14:35:18.819,-0.7125,29.906252,-31.950001,1920,1330
24-Jun-2024 14:35:18.919,-0.7875,29.906252,-31.893751,1920,1330
24-Jun-2024 14:35:19.019,-0.88125,30.000002,-31.893751,1920,1330
24-Jun-2024 14:35:19.119,-0.91875,30.112501,-31.875002,1920,1330
24-Jun-2024 14:35:19.219,-0.9375,30.150002,-31.950001,1920,1330
24-Jun-2024 14:35:19.318,-0.91875,30.150002,-32.043751,1920,1330
24-Jun-2024 14:35:19.419,-0.9375,30.150002,-32.118752,1920,1330
24-Jun-2024 14:35:19.519,-0.88125,30.225,-32.15625,1920,1330
24-Jun-2024 14:35:19.619,-0.9375,30.187502,-32.025002,1920,1330
24-Jun-2024 14:35:19.719,-1.0125,30.168751,-32.081253,1920,1330
24-Jun-2024 14:35:19.819,-1.0125,30.150002,-32.100002,1920,1330
24-Jun-2024 14:35:19.919,-0.9,30.13125,-32.0625,1920,1330
24-Jun-2024 14:35:20.019,-0.975,30.075001,-32.025002,1920,1330
24-Jun-2024 14:35:20.119,-0.9,30.187502,-32.043751,1920,1330
24-Jun-2024 14:35:20.219,-0.75,30.150002,-32.006252,1920,1330
24-Jun-2024 14:35:20.319,-0.7875,30.075001,-31.950001,1920,1330
24-Jun-2024 14:35:20.419,-0.825,30.187502,-32.0625,1920,1330
24-Jun-2024 14:35:20.519,-0.80625,30.262501,-32.100002,1920,1330
24-Jun-2024 14:35:20.619,-0.7125,30.243752,-32.0625,1920,1330
24-Jun-2024 14:35:20.719,-0.73125,30.206251,-32.043751,1920,1330
24-Jun-2024 14:35:20.819,-0.65625,30.243752,-32.100002,1920,1330
24-Jun-2024 14:35:20.919,-0.65625,30.187502,-32.081253,1920,1330
24-Jun-2024 14:35:21.019,-0.825,30.187502,-32.0625,1920,1330
24-Jun-2024 14:35:21.119,-0.7125,30.281252,-32.006252,1920,1330
24-Jun-2024 14:35:21.219,-0.6375,30.262501,-31.950001,1920,1330
24-Jun-2024 14:35:21.319,-0.6,30.300001,-31.893751,1920,1330
24-Jun-2024 14:35:21.419,-0.65625,30.281252,-31.856251,1920,1330
24-Jun-2024 14:35:21.519,-0.73125,30.375002,-31.800001,1920,1330
24-Jun-2024 14:35:21.619,-0.6375,30.262501,-31.63125,1920,1330
24-Jun-2024 14:35:21.719,-0.69375,30.168751,-31.556252,1920,1330
24-Jun-2024 14:35:21.819,-0.69375,30.112501,-31.556252,1920,1330
24-Jun-2024 14:35:21.919,-0.7125,30.206251,-31.5375,1920,1330
24-Jun-2024 14:35:22.019,-0.76875,30.056252,-31.500002,1920,1330
24-Jun-2024 14:35:22.119,-0.88125,29.962502,-31.44375,1920,1330
24-Jun-2024 14:35:22.219,-0.9,29.962502,-31.462502,1920,1330
24-Jun-2024 14:35:22.319,-0.9375,30.000002,-31.556252,1920,1330
24-Jun-2024 14:35:22.419,-1.03125,30.168751,-31.612501,1920,1330
24-Jun-2024 14:35:22.519,-1.125,30.112501,-31.593752,1920,1330
24-Jun-2024 14:35:22.619,-1.0125,30.187502,-31.593752,1920,1330
24-Jun-2024 14:35:22.719,-1.0125,30.168751,-31.650002,1920,1330
24-Jun-2024 14:35:22.819,-0.99375,30.31875,-31.706251,1920,1330
24-Jun-2024 14:35:22.919,-0.8625,30.337502,-31.687502,1920,1330
24-Jun-2024 14:35:23.018,-0.9,30.468752,-31.650002,1920,1330
24-Jun-2024 14:35:23.119,-0.9,30.50625,-31.63125,1920,1330
24-Jun-2024 14:35:23.219,-0.975,30.50625,-31.650002,1920,1330
24-Jun-2024 14:35:23.319,-0.8625,30.618752,-31.668751,1920,1330
24-Jun-2024 14:35:23.419,-1.0125,30.6,-31.650002,1920,1330
24-Jun-2024 14:35:37.219,-11.7375,50.268753,-32.4375,1710,1324
24-Jun-2024 14:35:37.319,-11.962501,50.175003,-32.418751,1710,1324
24-Jun-2024 14:35:37.419,-12,50.137501,-32.400002,1710,1324
24-Jun-2024 14:35:37.519,-12.093751,50.043751,-32.456253,1710,1324
24-Jun-2024 14:35:37.619,-12.075001,50.062504,-32.53125,1710,1324
24-Jun-2024 14:35:37.719,-12.168751,50.118752,-32.512501,1710,1324
24-Jun-2024 14:35:37.819,-12.225,50.081253,-32.53125,1710,1324
24-Jun-2024 14:35:37.919,-12.243751,50.025002,-32.400002,1710,1324
24-Jun-2024 14:35:38.019,-12.39375,49.931252,-32.231251,1710,1324
24-Jun-2024 14:35:38.119,-12.3,50.006252,-32.175003,1710,1324
24-Jun-2024 14:35:38.219,-12.356251,50.081253,-32.212502,1710,1324
24-Jun-2024 14:35:38.319,-12.450001,50.156254,-32.268753,1710,1324
24-Jun-2024 14:35:38.419,-12.525001,50.250004,-32.34375,1710,1324
24-Jun-2024 14:35:38.519,-12.50625,50.193752,-32.25,1710,1324
24-Jun-2024 14:35:38.619,-12.618751,50.287502,-32.193752,1710,1324
24-Jun-2024 14:35:38.719,-12.712501,50.268753,-32.268753,1710,1324
24-Jun-2024 14:35:38.819,-12.675,50.212502,-32.34375,1710,1324
24-Jun-2024 14:35:38.919,-12.675,50.156254,-32.362503,1710,1324
24-Jun-2024 14:35:39.019,-12.618751,50.062504,-32.231251,1710,1324
24-Jun-2024 14:35:39.119,-12.562501,50.025002,-32.137501,1710,1324
24-Jun-2024 14:35:39.219,-12.58125,49.950001,-32.100002,1710,1324
24-Jun-2024 14:35:39.319,-12.562501,49.893753,-32.15625,1710,1324
24-Jun-2024 14:35:39.419,-12.58125,49.743752,-32.15625,1710,1324
24-Jun-2024 14:35:39.519,-12.50625,49.725002,-32.0625,1710,1324
24-Jun-2024 14:35:39.619,-12.4875,49.762501,-32.100002,1710,1324
24-Jun-2024 14:35:39.719,-12.543751,49.800003,-32.100002,1710,1324
24-Jun-2024 14:35:39.819,-12.637501,49.856251,-32.25,1710,1324
24-Jun-2024 14:35:39.919,-12.675,49.912502,-32.25,1710,1324
24-Jun-2024 14:35:40.019,-12.618751,50.006252,-32.25,1710,1324
24-Jun-2024 14:35:40.119,-12.675,50.025002,-32.25,1710,1324
24-Jun-2024 14:35:40.219,-12.731251,50.081253,-32.193752,1710,1324
24-Jun-2024 14:35:40.319,-12.76875,50.118752,-32.287502,1710,1324
24-Jun-2024 14:35:40.419,-12.806251,50.156254,-32.25,1710,1324
24-Jun-2024 14:35:40.519,-12.76875,50.137501,-32.175003,1710,1324
24-Jun-2024 14:35:40.619,-12.918751,50.156254,-32.118752,1710,1324
24-Jun-2024 14:35:40.719,-12.95625,50.062504,-32.0625,1710,1324
24-Jun-2024 14:35:40.819,-13.012501,49.950001,-32.043751,1710,1324
24-Jun-2024 14:35:40.919,-12.993751,49.987503,-31.987501,1710,1324
24-Jun-2024 14:35:41.019,-12.900001,49.931252,-32.025002,1710,1324
24-Jun-2024 14:35:41.119,-12.8625,49.968754,-31.950001,1710,1324
24-Jun-2024 14:35:41.219,-12.750001,49.968754,-31.968752,1710,1324
24-Jun-2024 14:35:41.319,-12.825001,50.006252,-31.9125,1710,1324
24-Jun-2024 14:35:41.419,-12.656251,50.062504,-31.781252,1710,1324
24-Jun-2024 14:35:41.519,-12.58125,50.137501,-31.81875,1710,1324
24-Jun-2024 14:35:41.619,-12.562501,50.212502,-31.81875,1710,1324
24-Jun-2024 14:35:41.719,-12.431251,50.212502,-31.800001,1710,1324
24-Jun-2024 14:35:41.819,-12.450001,50.287502,-31.781252,1710,1324
24-Jun-2024 14:35:41.919,-12.543751,50.250004,-31.800001,1710,1324
24-Jun-2024 14:35:42.019,-12.712501,50.250004,-31.81875,1710,1324
24-Jun-2024 14:35:42.119,-12.750001,50.193752,-31.931252,1710,1324
24-Jun-2024 14:35:42.219,-12.76875,50.212502,-31.968752,1710,1324
24-Jun-2024 14:35:42.319,-12.825001,50.231251,-31.950001,1710,1324
24-Jun-2024 14:35:42.419,-12.806251,50.137501,-32.043751,1710,1324
24-Jun-2024 14:35:42.519,-12.918751,50.118752,-32.118752,1710,1324
24-Jun-2024 14:35:42.619,-12.937501,50.062504,-32.137501,1710,1324
24-Jun-2024 14:35:42.719,-12.900001,50.137501,-32.175003,1710,1324
24-Jun-2024 14:35:42.819,-12.7875,50.100002,-32.212502,1710,1324
24-Jun-2024 14:35:42.919,-12.750001,50.043751,-32.175003,1710,1324
24-Jun-2024 14:35:43.019,-12.76875,50.006252,-32.212502,1710,1324
24-Jun-2024 14:35:43.119,-12.76875,50.006252,-32.175003,1710,1324
24-Jun-2024 14:35:43.219,-12.825001,50.118752,-32.100002,1710,1324
24-Jun-2024 14:35:43.319,-12.7875,50.175003,-32.025002,1710,1324
24-Jun-2024 14:35:43.419,-12.806251,50.268753,-32.006252,1710,1324
24-Jun-2024 14:35:43.519,-12.7875,50.212502,-31.987501,1710,1324
24-Jun-2024 14:35:43.619,-12.88125,50.156254,-31.950001,1710,1324
24-Jun-2024 14:35:43.719,-12.806251,50.212502,-31.950001,1710,1324
24-Jun-2024 14:35:43.819,-12.7875,50.175003,-32.0625,1710,1324
24-Jun-2024 14:35:43.919,-12.7875,50.268753,-32.15625,1710,1324
24-Jun-2024 14:35:44.019,-12.76875,50.193752,-32.193752,1710,1324
24-Jun-2024 14:35:44.119,-12.843751,50.156254,-32.231251,1710,1324
24-Jun-2024 14:35:44.219,-12.806251,50.137501,-32.287502,1710,1324
24-Jun-2024 14:35:44.319,-12.750001,50.137501,-32.362503,1710,1324
24-Jun-2024 14:35:44.419,-7.9875,54.506252,-43.631252,1710,1324
24-Jun-2024 14:35:44.519,-8.00625,54.468754,-43.78125,1710,1324
24-Jun-2024 14:35:44.619,-7.95,54.393753,-43.78125,1710,1324
24-Jun-2024 14:35:44.719,-7.9875,54.318752,-43.818752,1710,1324
24-Jun-2024 14:35:44.819,-8.025001,54.393753,-43.818752,1710,1324
24-Jun-2024 14:35:44.919,-8.043751,54.318752,-43.875,1710,1324
24-Jun-2024 14:35:45.019,-8.118751,54.337502,-43.818752,1710,1324
24-Jun-2024 14:35:45.119,-8.1,54.318752,-43.706253,1710,1324
24-Jun-2024 14:35:45.219,-8.043751,54.262501,-43.612503,1710,1324
24-Jun-2024 14:35:45.319,-8.025001,54.393753,-43.443752,1710,1324
24-Jun-2024 14:35:45.419,-8.043751,54.506252,-43.462502,1710,1324
24-Jun-2024 14:35:45.519,-7.93125,54.487503,-43.443752,1710,1324
24-Jun-2024 14:35:45.619,-7.89375,54.393753,-43.40625,1710,1324
24-Jun-2024 14:35:45.719,-7.74375,54.506252,-43.350002,1710,1324
24-Jun-2024 14:35:45.819,-7.575,54.543751,-43.331253,1710,1324
24-Jun-2024 14:35:45.919,-7.63125,54.562504,-43.275002,1710,1324
24-Jun-2024 14:35:46.019,-7.63125,54.656254,-43.293751,1710,1324
24-Jun-2024 14:35:46.119,-7.7625,54.581253,-43.3125,1710,1324
24-Jun-2024 14:35:46.219,-7.81875,54.450001,-43.237503,1710,1324
24-Jun-2024 14:35:46.319,-7.725,54.468754,-43.21875,1710,1324
24-Jun-2024 14:35:46.419,-7.725,54.450001,-43.125,1710,1324
24-Jun-2024 14:35:46.519,-7.85625,54.356251,-43.143753,1710,1324
24-Jun-2024 14:35:46.619,-7.81875,54.243752,-43.237503,1710,1324
24-Jun-2024 14:35:46.719,-7.81875,54.262501,-43.293751,1710,1324
24-Jun-2024 14:35:46.819,-7.81875,54.281254,-43.256252,1710,1324
24-Jun-2024 14:35:46.919,-7.66875,54.300003,-43.200001,1710,1324
24-Jun-2024 14:35:47.019,-7.63125,54.450001,-43.143753,1710,1324
24-Jun-2024 14:35:47.119,-7.7625,54.450001,-43.125,1710,1324
24-Jun-2024 14:36:00.118,2.00625,41.681252,-42.787502,1513,1324
24-Jun-2024 14:36:00.219,2.1375,41.793751,-42.806252,1513,1324
24-Jun-2024 14:36:00.319,2.1,41.737503,-42.75,1513,1324
24-Jun-2024 14:36:00.419,2.0625,41.662502,-42.731251,1513,1324
24-Jun-2024 14:36:00.519,2.0625,41.512501,-42.768753,1513,1324
24-Jun-2024 14:36:00.619,2.0625,41.456253,-42.787502,1513,1324
24-Jun-2024 14:36:00.719,2.0625,41.493752,-42.806252,1513,1324
24-Jun-2024 14:36:00.819,1.875,41.550003,-42.918751,1513,1324
24-Jun-2024 14:36:00.919,1.65,41.550003,-42.768753,1513,1324
24-Jun-2024 14:36:01.019,1.5,41.418751,-42.768753,1513,1324
24-Jun-2024 14:36:01.119,1.425,41.4375,-42.84375,1513,1324
24-Jun-2024 14:36:01.219,1.33125,41.418751,-42.75,1513,1324
24-Jun-2024 14:36:01.319,1.1625,41.34375,-42.787502,1513,1324
24-Jun-2024 14:36:01.419,1.06875,41.325001,-42.881252,1513,1324
24-Jun-2024 14:36:01.519,0.975,41.193752,-42.825001,1513,1324
24-Jun-2024 14:36:01.619,0.95625,41.15625,-42.806252,1513,1324
24-Jun-2024 14:36:01.719,1.0125,41.231251,-42.956253,1513,1324
24-Jun-2024 14:36:01.819,0.88125,41.25,-43.050003,1513,1324
24-Jun-2024 14:36:01.919,0.825,41.325001,-43.068752,1513,1324
24-Jun-2024 14:36:02.019,0.76875,41.418751,-43.181252,1513,1324
24-Jun-2024 14:36:02.119,0.76875,41.512501,-43.181252,1513,1324
24-Jun-2024 14:36:02.219,0.7125,41.550003,-43.106251,1513,1324
24-Jun-2024 14:36:02.319,0.65625,41.568752,-43.068752,1513,1324
24-Jun-2024 14:36:02.419,0.75,41.587502,-42.993752,1513,1324
24-Jun-2024 14:36:02.519,0.7125,41.568752,-42.900002,1513,1324
24-Jun-2024 14:36:02.619,0.65625,41.587502,-42.712502,1513,1324
24-Jun-2024 14:36:02.719,0.73125,41.606251,-42.581253,1513,1324
24-Jun-2024 14:36:02.819,0.76875,41.587502,-42.525002,1513,1324
24-Jun-2024 14:36:02.919,0.8625,41.606251,-42.46875,1513,1324
24-Jun-2024 14:36:03.019,0.95625,41.53125,-42.431252,1513,1324
24-Jun-2024 14:36:03.119,1.0875,41.568752,-42.618752,1513,1324
24-Jun-2024 14:36:03.219,1.0125,41.512501,-42.618752,1513,1324
24-Jun-2024 14:36:03.319,1.05,41.456253,-42.525002,1513,1324
24-Jun-2024 14:36:03.419,1.05,41.475002,-42.412502,1513,1324
24-Jun-2024 14:36:03.519,0.975,41.4375,-42.46875,1513,1324
24-Jun-2024 14:36:03.619,0.91875,41.381252,-42.375,1513,1324
24-Jun-2024 14:36:03.719,0.825,41.475002,-42.356251,1513,1324
24-Jun-2024 14:36:03.818,0.675,41.456253,-42.393753,1513,1324
24-Jun-2024 14:36:03.919,0.6375,41.475002,-42.337502,1513,1324
24-Jun-2024 14:36:04.019,0.6,41.568752,-42.300003,1513,1324
24-Jun-2024 14:36:04.119,0.5625,41.53125,-42.375,1513,1324
24-Jun-2024 14:36:04.219,0.58125,41.53125,-42.543751,1513,1324
24-Jun-2024 14:36:04.319,0.4875,41.587502,-42.600002,1513,1324
24-Jun-2024 14:36:04.419,0.46875,41.643753,-42.637501,1513,1324
24-Jun-2024 14:36:04.519,0.4875,41.587502,-42.637501,1513,1324
24-Jun-2024 14:36:04.619,0.4875,41.700001,-42.65625,1513,1324
24-Jun-2024 14:36:04.719,0.375,41.662502,-42.712502,1513,1324
24-Jun-2024 14:36:04.819,0.3,41.606251,-42.825001,1513,1324
24-Jun-2024 14:36:04.919,0.31875,41.681252,-42.900002,1513,1324
24-Jun-2024 14:36:05.019,0.39375,41.625,-42.900002,1513,1324
24-Jun-2024 14:36:05.119,0.45,41.512501,-42.993752,1513,1324
24-Jun-2024 14:36:05.219,0.50625,41.475002,-43.106251,1513,1324
24-Jun-2024 14:36:05.319,0.4875,41.418751,-43.293751,1513,1324
24-Jun-2024 14:36:05.419,0.525,41.362503,-43.293751,1513,1324
24-Jun-2024 14:36:05.519,0.58125,41.400002,-43.3125,1513,1324
24-Jun-2024 14:36:05.619,0.6375,41.400002,-43.3125,1513,1324
24-Jun-2024 14:36:05.719,0.65625,41.381252,-43.40625,1513,1324
24-Jun-2024 14:36:05.819,0.58125,41.381252,-43.443752,1513,1324
24-Jun-2024 14:36:05.919,0.65625,41.325001,-43.368752,1513,1324
24-Jun-2024 14:36:06.019,0.675,41.4375,-43.331253,1513,1324
24-Jun-2024 14:36:06.119,0.58125,41.4375,-43.21875,1513,1324
24-Jun-2024 14:36:06.219,0.5625,41.4375,-43.200001,1513,1324
24-Jun-2024 14:36:06.319,0.4875,41.34375,-43.143753,1513,1324
24-Jun-2024 14:36:06.419,0.50625,41.418751,-43.237503,1513,1324
24-Jun-2024 14:36:06.519,0.3375,41.34375,-43.106251,1513,1324
24-Jun-2024 14:36:06.619,0.31875,41.418751,-43.050003,1513,1324
24-Jun-2024 14:36:06.719,0.1125,41.53125,-43.106251,1513,1324
24-Jun-2024 14:36:06.819,-0,41.400002,-43.068752,1513,1324
24-Jun-2024 14:36:06.919,-0.0375,41.362503,-43.106251,1513,1324
24-Jun-2024 14:36:07.019,-0.09375,41.34375,-43.162502,1513,1324
24-Jun-2024 14:36:07.119,-0.13125,41.400002,-43.21875,1513,1324
24-Jun-2024 14:36:07.219,-0.20625,41.268753,-43.162502,1513,1324
24-Jun-2024 14:36:07.319,-0.1125,41.287502,-43.143753,1513,1324
24-Jun-2024 14:36:07.419,-0.13125,41.212502,-43.237503,1513,1324
24-Jun-2024 14:36:07.518,0.01875,41.15625,-43.200001,1513,1324
24-Jun-2024 14:36:07.619,0.0375,41.25,-43.21875,1513,1324
24-Jun-2024 14:36:07.719,0.15,41.306252,-43.200001,1513,1324
24-Jun-2024 14:36:07.819,0.2625,41.287502,-43.181252,1513,1324
24-Jun-2024 14:36:07.919,0.43125,41.306252,-43.237503,1513,1324
24-Jun-2024 14:36:08.019,0.65625,41.34375,-43.181252,1513,1324
24-Jun-2024 14:36:08.119,0.88125,41.362503,-43.275002,1513,1324
24-Jun-2024 14:36:08.219,1.05,41.381252,-43.181252,1513,1324
24-Jun-2024 14:36:08.319,1.14375,41.381252,-43.106251,1513,1324
24-Jun-2024 14:36:08.419,1.40625,41.268753,-43.125,1513,1324
24-Jun-2024 14:36:08.519,1.425,41.193752,-43.200001,1513,1324
24-Jun-2024 14:36:08.619,1.4625,41.212502,-43.275002,1513,1324
24-Jun-2024 14:36:08.719,1.4625,41.100002,-43.256252,1513,1324
24-Jun-2024 14:36:08.819,1.44375,41.231251,-43.256252,1513,1324
24-Jun-2024 14:36:08.919,1.275,41.231251,-43.293751,1513,1324
24-Jun-2024 14:36:09.019,1.21875,41.231251,-43.368752,1513,1324
24-Jun-2024 14:36:09.119,1.29375,41.306252,-43.331253,1513,1324
24-Jun-2024 14:36:09.219,1.21875,41.475002,-43.350002,1513,1324
24-Jun-2024 14:36:09.319,1.2375,41.53125,-43.237503,1513,1324
24-Jun-2024 14:36:09.419,1.29375,41.512501,-43.200001,1513,1324
24-Jun-2024 14:36:09.519,1.36875,41.587502,-43.125,1513,1324
24-Jun-2024 14:36:09.619,1.3125,41.53125,-43.162502,1513,1324
24-Jun-2024 14:36:09.719,1.3125,41.493752,-43.143753,1513,1324
24-Jun-2024 14:36:09.819,1.36875,41.493752,-43.068752,1513,1324
24-Jun-2024 14:36:09.919,1.33125,41.53125,-43.125,1513,1324
24-Jun-2024 14:36:10.019,1.2,41.400002,-43.068752,1513,1324
24-Jun-2024 14:36:23.818,-12.375001,45.28125,-46.987503,1246,1324
24-Jun-2024 14:36:23.918,-12.468751,45.112503,-46.912502,1246,1324
24-Jun-2024 14:36:24.018,-12.4875,45.018753,-46.950001,1246,1324
24-Jun-2024 14:36:24.118,-12.4875,44.943752,-46.875,1246,1324
24-Jun-2024 14:36:24.218,-12.431251,44.962502,-46.800003,1246,1324
24-Jun-2024 14:36:24.318,-12.450001,44.90625,-46.743752,1246,1324
24-Jun-2024 14:36:24.418,-12.525001,44.925003,-46.650002,1246,1324
24-Jun-2024 14:36:24.518,-12.58125,44.793751,-46.59375,1246,1324
24-Jun-2024 14:36:24.618,-12.618751,44.8125,-46.59375,1246,1324
24-Jun-2024 14:36:24.718,-12.675,44.962502,-46.612503,1246,1324
24-Jun-2024 14:36:24.818,-12.731251,45.037502,-46.59375,1246,1324
24-Jun-2024 14:36:24.918,-12.806251,44.981251,-46.556252,1246,1324
24-Jun-2024 14:36:25.017,-12.843751,44.962502,-46.575001,1246,1324
24-Jun-2024 14:36:25.118,-12.825001,45.075001,-46.59375,1246,1324
24-Jun-2024 14:36:25.218,-12.76875,45.150002,-46.668751,1246,1324
24-Jun-2024 14:36:25.318,-12.825001,45.243752,-46.575001,1246,1324
24-Jun-2024 14:36:25.418,-12.7875,45.243752,-46.575001,1246,1324
24-Jun-2024 14:36:25.518,-12.750001,45.225002,-46.59375,1246,1324
24-Jun-2024 14:36:25.618,-12.712501,45.112503,-46.725002,1246,1324
24-Jun-2024 14:36:25.718,-12.731251,45.168751,-46.912502,1246,1324
24-Jun-2024 14:36:25.818,-12.88125,45.168751,-46.950001,1246,1324
24-Jun-2024 14:36:25.918,-12.88125,45.1875,-46.96875,1246,1324
24-Jun-2024 14:36:26.018,-12.918751,45.112503,-46.912502,1246,1324
24-Jun-2024 14:36:26.118,-12.88125,45.131252,-46.987503,1246,1324
24-Jun-2024 14:36:26.218,-12.900001,45.018753,-46.96875,1246,1324
24-Jun-2024 14:36:26.318,-12.900001,45.018753,-46.931252,1246,1324
24-Jun-2024 14:36:26.418,-12.993751,44.943752,-46.725002,1246,1324
24-Jun-2024 14:36:26.518,-12.95625,44.90625,-46.59375,1246,1324
24-Jun-2024 14:36:26.618,-12.918751,44.925003,-46.556252,1246,1324
24-Jun-2024 14:36:26.718,-12.937501,44.831253,-46.537502,1246,1324
24-Jun-2024 14:36:26.818,-12.95625,44.868752,-46.556252,1246,1324
24-Jun-2024 14:36:26.918,-12.825001,44.831253,-46.575001,1246,1324
24-Jun-2024 14:36:27.018,-12.750001,44.925003,-46.631252,1246,1324
24-Jun-2024 14:36:27.118,-12.712501,44.943752,-46.631252,1246,1324
24-Jun-2024 14:36:27.218,-12.69375,45.018753,-46.762501,1246,1324
24-Jun-2024 14:36:27.318,-12.637501,44.981251,-46.800003,1246,1324
24-Jun-2024 14:36:27.418,-12.675,44.981251,-46.743752,1246,1324
24-Jun-2024 14:36:27.518,-12.618751,45.131252,-46.668751,1246,1324
24-Jun-2024 14:36:27.618,-12.562501,45.150002,-46.6875,1246,1324
24-Jun-2024 14:36:27.718,-12.6,45.243752,-46.631252,1246,1324
24-Jun-2024 14:36:27.818,-12.637501,45.131252,-46.612503,1246,1324
24-Jun-2024 14:36:27.918,-12.656251,45.112503,-46.537502,1246,1324
24-Jun-2024 14:36:28.018,-12.58125,45.112503,-46.481251,1246,1324
24-Jun-2024 14:36:28.118,-12.637501,45.1875,-46.5,1246,1324
24-Jun-2024 14:36:28.218,-12.543751,45.112503,-46.5,1246,1324
24-Jun-2024 14:36:28.318,-12.50625,45.056252,-46.518753,1246,1324
24-Jun-2024 14:36:28.418,-12.50625,45.056252,-46.518753,1246,1324
24-Jun-2024 14:36:28.518,-12.562501,45,-46.537502,1246,1324
24-Jun-2024 14:36:28.618,-12.618751,45.150002,-46.481251,1246,1324
24-Jun-2024 14:36:28.717,-12.637501,45.131252,-46.556252,1246,1324
24-Jun-2024 14:36:28.818,-12.712501,45.168751,-46.537502,1246,1324
24-Jun-2024 14:36:28.918,-12.618751,45.262501,-46.612503,1246,1324
24-Jun-2024 14:36:29.018,-12.618751,45.412502,-46.725002,1246,1324
24-Jun-2024 14:36:29.118,-12.656251,45.412502,-46.650002,1246,1324
24-Jun-2024 14:36:29.218,-12.656251,45.450001,-46.6875,1246,1324
24-Jun-2024 14:36:29.318,-12.69375,45.543751,-46.631252,1246,1324
24-Jun-2024 14:36:29.418,-12.58125,45.487503,-46.668751,1246,1324
24-Jun-2024 14:36:29.518,-12.431251,45.506252,-46.631252,1246,1324
24-Jun-2024 14:36:29.618,-12.4875,45.543751,-46.59375,1246,1324
24-Jun-2024 14:36:29.718,-12.618751,45.431252,-46.443752,1246,1324
24-Jun-2024 14:36:29.818,-12.618751,45.431252,-46.256252,1246,1324
24-Jun-2024 14:36:29.918,-12.76875,45.393753,-46.331253,1246,1324
24-Jun-2024 14:36:30.018,-12.731251,45.318752,-46.293751,1246,1324
24-Jun-2024 14:36:30.118,-12.712501,45.112503,-46.275002,1246,1324
24-Jun-2024 14:36:30.218,-12.7875,45.150002,-46.350002,1246,1324
24-Jun-2024 14:36:30.318,-12.95625,45.168751,-46.293751,1246,1324
24-Jun-2024 14:36:30.418,-12.918751,45.150002,-46.368752,1246,1324
24-Jun-2024 14:36:30.518,-12.88125,45.1875,-46.350002,1246,1324
24-Jun-2024 14:36:30.618,-12.8625,45.168751,-46.40625,1246,1324
24-Jun-2024 14:36:30.718,-12.825001,45.168751,-46.331253,1246,1324
24-Jun-2024 14:36:30.818,-12.918751,45.1875,-46.350002,1246,1324
24-Jun-2024 14:36:30.918,-12.95625,45.28125,-46.275002,1246,1324
24-Jun-2024 14:36:31.018,-12.975,45.28125,-46.21875,1246,1324
24-Jun-2024 14:36:31.118,-12.993751,45.300003,-46.237503,1246,1324
24-Jun-2024 14:36:31.218,-12.937501,45.318752,-46.293751,1246,1324
24-Jun-2024 14:36:31.318,-13.05,45.337502,-46.3125,1246,1324
24-Jun-2024 14:36:31.418,-13.14375,45.300003,-46.256252,1246,1324
24-Jun-2024 14:36:31.518,-13.14375,45.206253,-46.368752,1246,1324
24-Jun-2024 14:36:31.618,-13.125001,45.225002,-46.462502,1246,1324
24-Jun-2024 14:36:31.718,-13.14375,45.225002,-46.612503,1246,1324
24-Jun-2024 14:36:31.818,-13.125001,45.150002,-46.668751,1246,1324
24-Jun-2024 14:36:31.918,-13.14375,44.943752,-46.706253,1246,1324
24-Jun-2024 14:36:32.018,-13.218751,44.8125,-46.59375,1246,1324
24-Jun-2024 14:36:32.118,-13.125001,44.756252,-46.575001,1246,1324
24-Jun-2024 14:36:32.218,-13.200001,44.775002,-46.706253,1246,1324
24-Jun-2024 14:36:32.318,-13.218751,44.850002,-46.612503,1246,1324
24-Jun-2024 14:36:32.417,-13.200001,44.850002,-46.443752,1246,1324
24-Jun-2024 14:36:32.518,-13.25625,44.8125,-46.40625,1246,1324
24-Jun-2024 14:36:32.618,-13.33125,44.850002,-46.387501,1246,1324
24-Jun-2024 14:36:32.718,-13.218751,45.037502,-46.387501,1246,1324
24-Jun-2024 14:36:32.818,-13.200001,45.1875,-46.387501,1246,1324
24-Jun-2024 14:36:32.918,-13.25625,45.243752,-46.350002,1246,1324
24-Jun-2024 14:36:33.018,-13.106251,45.262501,-46.387501,1246,1324
24-Jun-2024 14:36:33.118,-13.087501,45.393753,-46.481251,1246,1324
24-Jun-2024 14:36:33.218,-13.125001,45.412502,-46.612503,1246,1324
24-Jun-2024 14:36:33.318,-13.06875,45.393753,-46.6875,1246,1324
24-Jun-2024 14:36:33.418,-13.06875,45.412502,-46.6875,1246,1324
24-Jun-2024 14:36:33.518,-13.1625,45.356251,-46.706253,1246,1324
24-Jun-2024 14:36:33.618,-13.1625,45.337502,-46.78125,1246,1324
24-Jun-2024 14:36:33.718,-13.1625,45.262501,-46.856251,1246,1324
24-Jun-2024 14:36:48.018,-3.09375,31.518751,15.88125,982,1324
24-Jun-2024 14:36:48.118,-3.13125,31.5375,15.900001,982,1324
24-Jun-2024 14:36:48.218,-3.3375,31.500002,15.7875,982,1324
24-Jun-2024 14:36:48.318,-3.50625,31.481251,15.712501,982,1324
24-Jun-2024 14:36:48.418,-3.45,31.575001,15.656251,982,1324
24-Jun-2024 14:36:48.518,-3.525,31.612501,15.562501,982,1324
24-Jun-2024 14:36:48.618,-3.525,31.668751,15.58125,982,1324
24-Jun-2024 14:36:48.718,-3.54375,31.63125,15.4875,982,1324
24-Jun-2024 14:36:48.818,-3.6375,31.668751,15.4875,982,1324
24-Jun-2024 14:36:48.918,-3.61875,31.650002,15.468751,982,1324
24-Jun-2024 14:36:49.018,-3.6375,31.63125,15.543751,982,1324
24-Jun-2024 14:36:49.118,-3.6,31.500002,15.6,982,1324
24-Jun-2024 14:36:49.218,-3.7125,31.481251,15.58125,982,1324
24-Jun-2024 14:36:49.318,-3.80625,31.500002,15.6,982,1324
24-Jun-2024 14:36:49.418,-3.9375,31.368752,15.543751,982,1324
24-Jun-2024 14:36:49.518,-4.06875,31.237501,15.675,982,1324
24-Jun-2024 14:36:49.618,-4.03125,31.200001,15.69375,982,1324
24-Jun-2024 14:36:49.718,-4.18125,31.1625,15.750001,982,1324
24-Jun-2024 14:36:49.818,-4.18125,31.200001,15.731251,982,1324
24-Jun-2024 14:36:49.918,-4.1625,31.25625,15.731251,982,1324
24-Jun-2024 14:36:50.018,-4.3125,31.181252,15.675,982,1324
24-Jun-2024 14:36:50.118,-4.3125,31.125002,15.750001,982,1324
24-Jun-2024 14:36:50.218,-4.29375,31.237501,15.7875,982,1324
24-Jun-2024 14:36:50.318,-4.3125,31.237501,15.731251,982,1324
24-Jun-2024 14:36:50.418,-4.36875,31.200001,15.69375,982,1324
24-Jun-2024 14:36:50.518,-4.29375,31.200001,15.6,982,1324
24-Jun-2024 14:36:50.618,-4.25625,31.106251,15.6,982,1324
24-Jun-2024 14:36:50.718,-4.29375,31.06875,15.656251,982,1324
24-Jun-2024 14:36:50.818,-4.2,31.125002,15.712501,982,1324
24-Jun-2024 14:36:50.918,-4.3125,31.200001,15.618751,982,1324
24-Jun-2024 14:36:51.018,-4.3125,31.237501,15.656251,982,1324
24-Jun-2024 14:36:51.118,-4.36875,31.218752,15.618751,982,1324
24-Jun-2024 14:36:51.218,-4.33125,31.1625,15.562501,982,1324
24-Jun-2024 14:36:51.318,-4.3125,31.125002,15.525001,982,1324
24-Jun-2024 14:36:51.418,-4.25625,31.125002,15.543751,982,1324
24-Jun-2024 14:36:51.518,-4.275,31.200001,15.50625,982,1324
24-Jun-2024 14:36:51.618,-4.14375,31.087502,15.50625,982,1324
24-Jun-2024 14:36:51.718,-4.05,31.050001,15.543751,982,1324
24-Jun-2024 14:36:51.818,-3.99375,30.975,15.450001,982,1324
24-Jun-2024 14:36:51.918,-3.95625,31.012501,15.450001,982,1324
24-Jun-2024 14:36:52.018,-3.91875,31.031252,15.543751,982,1324
24-Jun-2024 14:36:52.118,-3.95625,31.087502,15.618751,982,1324
24-Jun-2024 14:36:52.218,-4.03125,31.106251,15.675,982,1324
24-Jun-2024 14:36:52.318,-3.975,31.106251,15.656251,982,1324
24-Jun-2024 14:36:52.418,-4.06875,31.1625,15.6,982,1324
24-Jun-2024 14:36:52.518,-4.03125,31.143751,15.58125,982,1324
24-Jun-2024 14:36:52.618,-4.05,31.125002,15.618751,982,1324
24-Jun-2024 14:36:52.718,-3.975,31.125002,15.618751,982,1324
24-Jun-2024 14:36:52.818,-4.06875,31.181252,15.468751,982,1324
24-Jun-2024 14:36:52.918,-4.06875,31.200001,15.375001,982,1324
24-Jun-2024 14:36:53.018,-4.10625,31.331251,15.31875,982,1324
24-Jun-2024 14:36:53.118,-4.21875,31.312502,15.281251,982,1324
24-Jun-2024 14:36:53.218,-4.125,31.237501,15.281251,982,1324
24-Jun-2024 14:36:53.318,-4.14375,31.275002,15.375001,982,1324
24-Jun-2024 14:36:53.418,-4.2,31.293751,15.4875,982,1324
24-Jun-2024 14:36:53.518,-4.29375,31.293751,15.468751,982,1324
24-Jun-2024 14:36:53.618,-4.1625,31.331251,15.6,982,1324
24-Jun-2024 14:36:53.718,-4.10625,31.387501,15.637501,982,1324
24-Jun-2024 14:36:53.818,-4.0125,31.25625,15.712501,982,1324
24-Jun-2024 14:36:53.918,-3.975,31.293751,15.731251,982,1324
24-Jun-2024 14:36:54.018,-4.0125,31.312502,15.7875,982,1324
24-Jun-2024 14:36:54.118,-4.0875,31.406252,15.731251,982,1324
24-Jun-2024 14:36:54.218,-3.95625,31.425001,15.69375,982,1324
24-Jun-2024 14:36:54.318,-3.88125,31.500002,15.712501,982,1324
24-Jun-2024 14:36:54.418,-4.0125,31.500002,15.618751,982,1324
24-Jun-2024 14:36:54.518,-4.06875,31.425001,15.656251,982,1324
24-Jun-2024 14:36:54.618,-4.05,31.406252,15.543751,982,1324
24-Jun-2024 14:36:54.718,-3.99375,31.331251,15.656251,982,1324
24-Jun-2024 14:36:54.818,-3.975,31.462502,15.656251,982,1324
24-Jun-2024 14:36:54.918,-3.9375,31.387501,15.731251,982,1324
24-Jun-2024 14:36:55.018,-3.91875,31.312502,15.69375,982,1324
24-Jun-2024 14:36:55.118,-3.9,31.293751,15.712501,982,1324
24-Jun-2024 14:36:55.218,-3.825,31.293751,15.712501,982,1324
24-Jun-2024 14:36:55.318,-3.80625,31.275002,15.750001,982,1324
24-Jun-2024 14:36:55.418,-3.8625,31.312502,15.843751,982,1324
24-Jun-2024 14:36:55.518,-3.88125,31.406252,15.7875,982,1324
24-Jun-2024 14:36:55.618,-3.91875,31.331251,15.825001,982,1324
24-Jun-2024 14:36:55.718,-3.76875,31.331251,15.7875,982,1324
24-Jun-2024 14:36:55.818,-3.69375,31.275002,15.88125,982,1324
24-Jun-2024 14:36:55.918,-3.7125,31.200001,15.937501,982,1324
24-Jun-2024 14:36:56.018,-3.65625,31.218752,15.95625,982,1324
24-Jun-2024 14:36:56.118,-3.73125,31.35,15.937501,982,1324
24-Jun-2024 14:36:56.218,-3.65625,31.387501,15.918751,982,1324
24-Jun-2024 14:36:56.318,-3.6,31.368752,15.843751,982,1324
24-Jun-2024 14:36:56.418,-3.61875,31.368752,15.993751,982,1324
24-Jun-2024 14:36:56.518,-3.80625,31.406252,15.975,982,1324
24-Jun-2024 14:36:56.618,-3.91875,31.462502,16.012501,982,1324
24-Jun-2024 14:36:56.718,-4.05,31.63125,15.975,982,1324
24-Jun-2024 14:36:56.818,-4.14375,31.63125,16.06875,982,1324
24-Jun-2024 14:36:56.918,-4.10625,31.593752,16.1625,982,1324
24-Jun-2024 14:36:57.018,-4.21875,31.593752,16.21875,982,1324
24-Jun-2024 14:36:57.118,-4.29375,31.668751,16.200001,982,1324
24-Jun-2024 14:36:57.218,-4.21875,31.612501,16.06875,982,1324
24-Jun-2024 14:36:57.318,-4.1625,31.500002,16.06875,982,1324
24-Jun-2024 14:36:57.418,-4.2,31.650002,15.937501,982,1324
24-Jun-2024 14:36:57.518,-4.1625,31.5375,15.843751,982,1324
24-Jun-2024 14:36:57.618,-4.05,31.462502,15.8625,982,1324
24-Jun-2024 14:36:57.718,-4.0875,31.425001,15.7875,982,1324
24-Jun-2024 14:36:57.818,-4.14375,31.406252,15.731251,982,1324
24-Jun-2024 14:36:57.918,-4.125,31.312502,15.750001,982,1324
24-Jun-2024 14:37:09.418,-51.337502,-6.7125,23.831251,846,1324
24-Jun-2024 14:37:09.517,-51.262501,-6.7125,23.793751,846,1324
24-Jun-2024 14:37:09.618,-51.281254,-6.80625,23.868752,846,1324
24-Jun-2024 14:37:09.718,-51.243752,-6.8625,23.868752,846,1324
24-Jun-2024 14:37:09.818,-51.300003,-6.91875,23.793751,846,1324
24-Jun-2024 14:37:09.918,-51.281254,-7.0125,23.681252,846,1324
24-Jun-2024 14:37:10.018,-51.281254,-7.10625,23.606251,846,1324
24-Jun-2024 14:37:10.118,-51.168751,-7.25625,23.53125,846,1324
24-Jun-2024 14:37:10.218,-51.206253,-7.3125,23.362501,846,1324
24-Jun-2024 14:37:10.318,-51.112503,-7.425,23.2875,846,1324
24-Jun-2024 14:37:10.418,-51.037502,-7.59375,23.1,846,1324
24-Jun-2024 14:37:10.518,-51.056252,-7.74375,23.025002,846,1324
24-Jun-2024 14:37:10.618,-50.962502,-7.875,22.96875,846,1324
24-Jun-2024 14:37:10.718,-50.775002,-7.95,22.931252,846,1324
24-Jun-2024 14:37:10.818,-50.681252,-7.96875,22.875,846,1324
24-Jun-2024 14:37:10.918,-50.643753,-7.8375,22.725,846,1324
24-Jun-2024 14:37:11.018,-50.662502,-7.9125,22.575001,846,1324
24-Jun-2024 14:37:11.118,-50.625004,-7.95,22.481251,846,1324
24-Jun-2024 14:37:11.218,-50.606251,-7.93125,22.425001,846,1324
24-Jun-2024 14:37:11.318,-50.531254,-7.96875,22.275002,846,1324
24-Jun-2024 14:37:11.418,-50.531254,-8.025001,22.106251,846,1324
24-Jun-2024 14:37:11.518,-50.587502,-8.1,21.862501,846,1324
24-Jun-2024 14:37:11.618,-50.606251,-8.26875,21.731251,846,1324
24-Jun-2024 14:37:11.718,-50.662502,-8.56875,21.731251,846,1324
24-Jun-2024 14:37:11.818,-50.625004,-8.681251,21.675001,846,1324
24-Jun-2024 14:37:11.918,-50.737503,-8.775001,21.637501,846,1324
24-Jun-2024 14:37:12.018,-50.850002,-8.925,21.675001,846,1324
24-Jun-2024 14:37:12.118,-50.943752,-9.13125,21.75,846,1324
24-Jun-2024 14:37:12.218,-51.056252,-9.1875,21.806252,846,1324
24-Jun-2024 14:37:12.318,-51.168751,-9.243751,21.88125,846,1324
24-Jun-2024 14:37:12.418,-51.206253,-9.262501,22.012501,846,1324
24-Jun-2024 14:37:12.518,-51.300003,-9.150001,22.012501,846,1324
24-Jun-2024 14:37:12.618,-51.281254,-9.168751,22.012501,846,1324
24-Jun-2024 14:37:12.718,-51.206253,-9.09375,22.106251,846,1324
24-Jun-2024 14:37:12.818,-51.281254,-9.13125,22.1625,846,1324
24-Jun-2024 14:37:12.918,-51.206253,-9.01875,22.143751,846,1324
24-Jun-2024 14:37:13.018,-51.093754,-8.981251,22.237501,846,1324
24-Jun-2024 14:37:13.118,-51.037502,-8.962501,22.293751,846,1324
24-Jun-2024 14:37:13.217,-50.981251,-8.925,22.106251,846,1324
24-Jun-2024 14:37:13.318,-50.887501,-8.981251,22.125,846,1324
24-Jun-2024 14:37:13.418,-50.925003,-9,22.200001,846,1324
24-Jun-2024 14:37:13.518,-50.868752,-9.075001,22.21875,846,1324
24-Jun-2024 14:37:13.618,-50.718754,-9.056251,22.200001,846,1324
24-Jun-2024 14:37:13.718,-50.625004,-9.09375,22.293751,846,1324
24-Jun-2024 14:37:13.818,-50.606251,-9.075001,22.21875,846,1324
24-Jun-2024 14:37:13.918,-50.625004,-9.01875,22.275002,846,1324
24-Jun-2024 14:37:14.018,-50.737503,-9.01875,22.425001,846,1324
24-Jun-2024 14:37:14.118,-50.756252,-8.925,22.481251,846,1324
24-Jun-2024 14:37:14.218,-50.737503,-8.83125,22.63125,846,1324
24-Jun-2024 14:37:14.318,-50.812504,-8.85,22.81875,846,1324
24-Jun-2024 14:37:14.418,-50.962502,-8.681251,22.725,846,1324
24-Jun-2024 14:37:14.518,-51.225002,-8.55,22.837502,846,1324
24-Jun-2024 14:37:14.618,-51.506252,-8.418751,23.0625,846,1324
24-Jun-2024 14:37:14.718,-51.581253,-8.325001,23.25,846,1324
24-Jun-2024 14:37:14.818,-51.618752,-8.34375,23.268751,846,1324
24-Jun-2024 14:37:14.918,-51.712502,-8.38125,23.456251,846,1324
24-Jun-2024 14:37:15.018,-51.806252,-8.400001,23.493752,846,1324
24-Jun-2024 14:37:15.118,-51.900002,-8.2875,23.418751,846,1324
24-Jun-2024 14:37:15.218,-52.012501,-8.38125,23.625,846,1324
24-Jun-2024 14:37:15.318,-51.975002,-8.3625,23.643751,846,1324
24-Jun-2024 14:37:15.418,-51.900002,-8.53125,23.625,846,1324
24-Jun-2024 14:37:15.518,-51.900002,-8.55,23.550001,846,1324
24-Jun-2024 14:37:15.618,-51.900002,-8.64375,23.6625,846,1324
24-Jun-2024 14:37:15.718,-51.900002,-8.587501,23.643751,846,1324
24-Jun-2024 14:37:15.818,-51.918751,-8.512501,23.625,846,1324
24-Jun-2024 14:37:15.918,-51.900002,-8.38125,23.6625,846,1324
24-Jun-2024 14:37:16.018,-51.750004,-8.325001,23.6625,846,1324
24-Jun-2024 14:37:16.118,-51.768753,-8.45625,23.6625,846,1324
24-Jun-2024 14:37:16.218,-51.731251,-8.418751,23.700001,846,1324
24-Jun-2024 14:37:16.318,-51.787502,-8.34375,23.868752,846,1324
24-Jun-2024 14:37:16.418,-51.881252,-8.231251,23.94375,846,1324
24-Jun-2024 14:37:16.518,-51.881252,-8.25,23.90625,846,1324
24-Jun-2024 14:37:16.618,-51.862503,-8.26875,23.962502,846,1324
24-Jun-2024 14:37:16.718,-51.918751,-8.400001,23.962502,846,1324
24-Jun-2024 14:37:16.818,-51.956253,-8.400001,24.075001,846,1324
24-Jun-2024 14:37:16.917,-51.937504,-8.306251,24.056252,846,1324
24-Jun-2024 14:37:17.018,-52.031254,-8.212501,24.056252,846,1324
24-Jun-2024 14:37:17.118,-51.993752,-8.306251,23.962502,846,1324
24-Jun-2024 14:37:17.218,-51.975002,-8.212501,23.925001,846,1324
24-Jun-2024 14:37:17.318,-51.975002,-8.175,23.887501,846,1324
24-Jun-2024 14:37:17.418,-51.881252,-8.137501,23.831251,846,1324
24-Jun-2024 14:37:17.518,-51.937504,-8.00625,23.8125,846,1324
24-Jun-2024 14:37:17.618,-52.031254,-7.9125,23.737501,846,1324
24-Jun-2024 14:37:17.718,-51.956253,-7.89375,23.71875,846,1324
24-Jun-2024 14:37:17.818,-51.825001,-7.96875,23.681252,846,1324
24-Jun-2024 14:37:17.918,-51.787502,-7.96875,23.71875,846,1324
24-Jun-2024 14:37:18.018,-51.675003,-7.96875,23.6625,846,1324
24-Jun-2024 14:37:18.118,-51.525002,-8.00625,23.606251,846,1324
24-Jun-2024 14:37:18.218,-51.581253,-8.025001,23.53125,846,1324
24-Jun-2024 14:37:18.318,-51.525002,-8.0625,23.475,846,1324
24-Jun-2024 14:37:18.418,-51.487503,-8.175,23.512501,846,1324
24-Jun-2024 14:37:18.518,-51.450001,-8.26875,23.38125,846,1324
24-Jun-2024 14:37:18.618,-51.562504,-8.2875,23.34375,846,1324
24-Jun-2024 14:37:18.718,-51.487503,-8.175,23.175001,846,1324
24-Jun-2024 14:37:18.818,-51.543751,-8.175,23.137501,846,1324
24-Jun-2024 14:37:18.918,-51.712502,-8.175,23.325001,846,1324
24-Jun-2024 14:37:19.018,-51.712502,-8.19375,23.34375,846,1324
24-Jun-2024 14:37:19.118,-51.656254,-8.137501,23.34375,846,1324
24-Jun-2024 14:37:19.218,-51.656254,-8.15625,23.231251,846,1324
24-Jun-2024 14:37:19.318,-51.693752,-8.08125,23.400002,846,1324
24-Jun-2024 14:37:32.118,-43.912502,0.375,10.06875,782,1125
24-Jun-2024 14:37:32.218,-43.931252,0.31875,10.14375,782,1125
24-Jun-2024 14:37:32.318,-43.950001,0.225,10.106251,782,1125
24-Jun-2024 14:37:32.418,-44.025002,0.13125,10.05,782,1125
24-Jun-2024 14:37:32.518,-44.006252,0.13125,10.06875,782,1125
24-Jun-2024 14:37:32.618,-44.043751,0.13125,10.106251,782,1125
24-Jun-2024 14:37:32.718,-44.006252,0.1125,10.181251,782,1125
24-Jun-2024 14:37:32.818,-43.96875,0.15,10.21875,782,1125
24-Jun-2024 14:37:32.918,-43.912502,0.13125,10.2375,782,1125
24-Jun-2024 14:37:33.018,-43.931252,0.05625,10.14375,782,1125
24-Jun-2024 14:37:33.118,-43.96875,0.0375,10.275001,782,1125
24-Jun-2024 14:37:33.218,-44.006252,0.09375,10.425,782,1125
24-Jun-2024 14:37:33.318,-44.0625,0.05625,10.40625,782,1125
24-Jun-2024 14:37:33.418,-44.043751,0.075,10.275001,782,1125
24-Jun-2024 14:37:33.518,-43.987503,0.1125,10.33125,782,1125
24-Jun-2024 14:37:33.618,-44.0625,0.13125,10.35,782,1125
24-Jun-2024 14:37:33.718,-44.193752,0.05625,10.35,782,1125
24-Jun-2024 14:37:33.818,-44.231251,0.09375,10.3125,782,1125
24-Jun-2024 14:37:33.918,-44.15625,0.075,10.3125,782,1125
24-Jun-2024 14:37:34.018,-44.193752,-0.01875,10.2375,782,1125
24-Jun-2024 14:37:34.118,-44.212502,-0.075,10.200001,782,1125
24-Jun-2024 14:37:34.218,-44.15625,-0.13125,10.3125,782,1125
24-Jun-2024 14:37:34.318,-44.15625,-0.16875,10.25625,782,1125
24-Jun-2024 14:37:34.418,-44.0625,-0.20625,10.1625,782,1125
24-Jun-2024 14:37:34.518,-44.025002,-0.09375,10.106251,782,1125
24-Jun-2024 14:37:34.618,-43.987503,-0.09375,10.181251,782,1125
24-Jun-2024 14:37:34.718,-44.043751,-0,10.14375,782,1125
24-Jun-2024 14:37:34.818,-44.043751,0.075,10.1625,782,1125
24-Jun-2024 14:37:34.918,-44.025002,0.1125,10.14375,782,1125
24-Jun-2024 14:37:35.018,-44.100002,-0,10.087501,782,1125
24-Jun-2024 14:37:35.118,-44.0625,-0.0375,10.012501,782,1125
24-Jun-2024 14:37:35.218,-44.006252,-0.09375,10.03125,782,1125
24-Jun-2024 14:37:35.318,-43.950001,-0.225,10.087501,782,1125
24-Jun-2024 14:37:35.418,-43.893753,-0.24375,10.087501,782,1125
24-Jun-2024 14:37:35.518,-43.875,-0.3,10.03125,782,1125
24-Jun-2024 14:37:35.618,-43.818752,-0.3,10.06875,782,1125
24-Jun-2024 14:37:35.718,-43.875,-0.3,10.106251,782,1125
24-Jun-2024 14:37:35.818,-43.837502,-0.3,10.21875,782,1125
24-Jun-2024 14:37:35.918,-43.875,-0.35625,10.2375,782,1125
24-Jun-2024 14:37:36.018,-43.931252,-0.35625,10.200001,782,1125
24-Jun-2024 14:37:36.118,-43.931252,-0.375,10.181251,782,1125
24-Jun-2024 14:37:36.218,-43.931252,-0.39375,10.25625,782,1125
24-Jun-2024 14:37:36.318,-43.96875,-0.43125,10.2375,782,1125
24-Jun-2024 14:37:36.418,-44.006252,-0.46875,10.200001,782,1125
24-Jun-2024 14:37:36.518,-43.931252,-0.54375,10.275001,782,1125
24-Jun-2024 14:37:36.618,-43.987503,-0.4875,10.1625,782,1125
24-Jun-2024 14:37:36.718,-44.006252,-0.43125,10.1625,782,1125
24-Jun-2024 14:37:36.818,-44.006252,-0.43125,10.200001,782,1125
24-Jun-2024 14:37:36.918,-44.025002,-0.43125,10.087501,782,1125
24-Jun-2024 14:37:37.018,-44.081253,-0.4875,10.05,782,1125
24-Jun-2024 14:37:37.118,-44.137501,-0.525,10.1625,782,1125
24-Jun-2024 14:37:37.218,-44.081253,-0.5625,10.181251,782,1125
24-Jun-2024 14:37:37.318,-44.137501,-0.58125,10.2375,782,1125
24-Jun-2024 14:37:37.418,-44.025002,-0.525,10.275001,782,1125
24-Jun-2024 14:37:37.518,-44.081253,-0.54375,10.3125,782,1125
24-Jun-2024 14:37:37.618,-44.006252,-0.69375,10.368751,782,1125
24-Jun-2024 14:37:37.718,-43.950001,-0.61875,10.40625,782,1125
24-Jun-2024 14:37:37.818,-43.96875,-0.58125,10.44375,782,1125
24-Jun-2024 14:37:37.918,-43.96875,-0.6,10.40625,782,1125
24-Jun-2024 14:37:38.018,-44.006252,-0.54375,10.40625,782,1125
24-Jun-2024 14:37:38.118,-43.987503,-0.50625,10.3125,782,1125
24-Jun-2024 14:37:38.218,-44.006252,-0.4875,10.368751,782,1125
24-Jun-2024 14:37:38.318,-43.96875,-0.54375,10.35,782,1125
24-Jun-2024 14:37:38.418,-44.137501,-0.525,10.25625,782,1125
24-Jun-2024 14:37:38.518,-44.100002,-0.58125,10.25625,782,1125
24-Jun-2024 14:37:38.618,-44.100002,-0.54375,10.275001,782,1125
24-Jun-2024 14:37:38.718,-43.96875,-0.50625,10.2375,782,1125
24-Jun-2024 14:37:38.818,-43.96875,-0.54375,10.21875,782,1125
24-Jun-2024 14:37:38.918,-44.025002,-0.4875,10.14375,782,1125
24-Jun-2024 14:37:39.018,-44.118752,-0.4875,10.14375,782,1125
24-Jun-2024 14:37:39.118,-44.175003,-0.4875,10.06875,782,1125
24-Jun-2024 14:37:39.218,-44.100002,-0.375,10.087501,782,1125
24-Jun-2024 14:37:39.318,-44.100002,-0.375,10.125,782,1125
24-Jun-2024 14:37:39.418,-44.081253,-0.35625,10.106251,782,1125
24-Jun-2024 14:37:39.518,-44.081253,-0.4125,10.06875,782,1125
24-Jun-2024 14:37:39.618,-44.043751,-0.43125,10.106251,782,1125
24-Jun-2024 14:37:39.718,-43.96875,-0.45,10.106251,782,1125
24-Jun-2024 14:37:39.818,-43.818752,-0.4125,10.200001,782,1125
24-Jun-2024 14:37:39.918,-43.818752,-0.3375,10.2375,782,1125
24-Jun-2024 14:37:40.018,-43.837502,-0.31875,10.293751,782,1125
24-Jun-2024 14:37:40.118,-43.912502,-0.28125,10.275001,782,1125
24-Jun-2024 14:37:40.218,-43.893753,-0.3,10.21875,782,1125
24-Jun-2024 14:37:40.318,-43.912502,-0.24375,10.275001,782,1125
24-Jun-2024 14:37:40.418,-43.950001,-0.075,10.2375,782,1125
24-Jun-2024 14:37:40.518,-43.931252,-0.075,10.1625,782,1125
24-Jun-2024 14:37:40.618,-44.0625,-0.1125,9.975,782,1125
24-Jun-2024 14:37:40.718,-44.0625,-0.09375,9.975,782,1125
24-Jun-2024 14:37:40.818,-44.043751,-0.05625,10.012501,782,1125
24-Jun-2024 14:37:40.918,-44.043751,-0.0375,10.106251,782,1125
24-Jun-2024 14:37:41.018,-44.006252,0.05625,10.06875,782,1125
24-Jun-2024 14:37:41.118,-44.006252,0.16875,9.975,782,1125
24-Jun-2024 14:37:41.218,-44.006252,0.0375,10.05,782,1125
24-Jun-2024 14:37:41.318,-44.081253,0.05625,10.14375,782,1125
24-Jun-2024 14:37:41.418,-44.081253,0.09375,10.06875,782,1125
24-Jun-2024 14:37:41.518,-44.100002,0.0375,10.1625,782,1125
24-Jun-2024 14:37:41.618,-44.025002,0,10.14375,782,1125
24-Jun-2024 14:37:41.718,-43.987503,0.05625,10.087501,782,1125
24-Jun-2024 14:37:41.818,-44.137501,0.0375,10.181251,782,1125
24-Jun-2024 14:37:41.918,-44.100002,-0.01875,10.1625,782,1125
24-Jun-2024 14:37:42.018,-44.081253,0.075,10.06875,782,1125
24-Jun-2024 14:37:52.818,46.893753,3.3375,1.4625,722,1277
24-Jun-2024 14:37:52.918,46.950001,3.31875,1.35,722,1277
24-Jun-2024 14:37:53.018,46.987503,3.3375,1.36875,722,1277
24-Jun-2024 14:37:53.118,47.006252,3.4125,1.33125,722,1277
24-Jun-2024 14:37:53.218,46.893753,3.375,1.3125,722,1277
24-Jun-2024 14:37:53.318,46.818752,3.2625,1.36875,722,1277
24-Jun-2024 14:37:53.418,46.875,3.2625,1.3125,722,1277
24-Jun-2024 14:37:53.518,46.987503,3.3,1.36875,722,1277
24-Jun-2024 14:37:53.618,46.893753,3.4125,1.44375,722,1277
24-Jun-2024 14:37:53.718,46.818752,3.50625,1.5,722,1277
24-Jun-2024 14:37:53.818,46.818752,3.6,1.48125,722,1277
24-Jun-2024 14:37:53.918,46.856251,3.54375,1.48125,722,1277
24-Jun-2024 14:37:54.017,46.893753,3.525,1.51875,722,1277
24-Jun-2024 14:37:54.118,46.893753,3.65625,1.425,722,1277
24-Jun-2024 14:37:54.218,46.856251,3.6375,1.48125,722,1277
24-Jun-2024 14:37:54.318,46.837502,3.69375,1.44375,722,1277
24-Jun-2024 14:37:54.418,46.856251,3.73125,1.55625,722,1277
24-Jun-2024 14:37:54.518,46.912502,3.7875,1.51875,722,1277
24-Jun-2024 14:37:54.618,46.837502,3.76875,1.5,722,1277
24-Jun-2024 14:37:54.718,46.725002,3.84375,1.48125,722,1277
24-Jun-2024 14:37:54.818,46.6875,3.9,1.44375,722,1277
24-Jun-2024 14:37:54.918,46.650002,3.91875,1.4625,722,1277
24-Jun-2024 14:37:55.018,46.650002,4.03125,1.44375,722,1277
24-Jun-2024 14:37:55.118,46.575001,3.99375,1.35,722,1277
24-Jun-2024 14:37:55.218,46.537502,3.975,1.33125,722,1277
24-Jun-2024 14:37:55.318,46.462502,3.95625,1.3125,722,1277
24-Jun-2024 14:37:55.418,46.537502,4.03125,1.3125,722,1277
24-Jun-2024 14:37:55.518,46.612503,4.0875,1.25625,722,1277
24-Jun-2024 14:37:55.618,46.725002,4.2375,1.2375,722,1277
24-Jun-2024 14:37:55.718,46.725002,4.2375,1.1625,722,1277
24-Jun-2024 14:37:55.818,46.668751,4.21875,1.10625,722,1277
24-Jun-2024 14:37:55.918,46.78125,4.29375,1.2,722,1277
24-Jun-2024 14:37:56.018,46.743752,4.40625,1.14375,722,1277
24-Jun-2024 14:37:56.118,46.743752,4.55625,1.3125,722,1277
24-Jun-2024 14:37:56.218,46.762501,4.51875,1.3125,722,1277
24-Jun-2024 14:37:56.318,46.837502,4.575,1.425,722,1277
24-Jun-2024 14:37:56.418,46.762501,4.44375,1.51875,722,1277
24-Jun-2024 14:37:56.518,46.800003,4.51875,1.6125,722,1277
24-Jun-2024 14:37:56.618,46.875,4.5,1.70625,722,1277
24-Jun-2024 14:37:56.718,46.818752,4.3875,1.63125,722,1277
24-Jun-2024 14:37:56.818,46.893753,4.36875,1.63125,722,1277
24-Jun-2024 14:37:56.918,46.875,4.29375,1.51875,722,1277
24-Jun-2024 14:37:57.018,46.800003,4.3875,1.425,722,1277
24-Jun-2024 14:37:57.118,46.6875,4.25625,1.3875,722,1277
24-Jun-2024 14:37:57.218,46.743752,4.275,1.40625,722,1277
24-Jun-2024 14:37:57.318,46.743752,4.14375,1.3875,722,1277
24-Jun-2024 14:37:57.418,46.762501,4.125,1.29375,722,1277
24-Jun-2024 14:37:57.518,46.668751,4.14375,1.275,722,1277
24-Jun-2024 14:37:57.618,46.6875,4.05,1.275,722,1277
24-Jun-2024 14:37:57.717,46.762501,4.0125,1.25625,722,1277
24-Jun-2024 14:37:57.818,46.725002,3.99375,1.35,722,1277
24-Jun-2024 14:37:57.918,46.762501,4.03125,1.3875,722,1277
24-Jun-2024 14:37:58.018,46.706253,4.06875,1.275,722,1277
24-Jun-2024 14:37:58.118,46.650002,4.0875,1.29375,722,1277
24-Jun-2024 14:37:58.218,46.631252,4.03125,1.29375,722,1277
24-Jun-2024 14:37:58.318,46.6875,4.06875,1.25625,722,1277
24-Jun-2024 14:37:58.418,46.650002,4.14375,1.2375,722,1277
24-Jun-2024 14:37:58.518,46.650002,4.125,1.40625,722,1277
24-Jun-2024 14:37:58.618,46.575001,4.06875,1.35,722,1277
24-Jun-2024 14:37:58.718,46.481251,4.03125,1.2375,722,1277
24-Jun-2024 14:37:58.818,46.518753,4.10625,1.36875,722,1277
24-Jun-2024 14:37:58.918,46.462502,4.21875,1.35,722,1277
24-Jun-2024 14:37:59.018,46.387501,4.2375,1.3875,722,1277
24-Jun-2024 14:37:59.118,46.425003,4.3125,1.425,722,1277
24-Jun-2024 14:37:59.218,46.387501,4.1625,1.4625,722,1277
24-Jun-2024 14:37:59.318,46.350002,4.2375,1.33125,722,1277
24-Jun-2024 14:37:59.418,46.443752,4.29375,1.36875,722,1277
24-Jun-2024 14:37:59.518,46.462502,4.36875,1.425,722,1277
24-Jun-2024 14:37:59.618,46.368752,4.275,1.35,722,1277
24-Jun-2024 14:37:59.718,46.481251,4.2,1.33125,722,1277
24-Jun-2024 14:37:59.818,46.518753,4.2375,1.3875,722,1277
24-Jun-2024 14:37:59.918,46.425003,4.21875,1.40625,722,1277
24-Jun-2024 14:38:00.018,46.481251,4.275,1.35,722,1277
24-Jun-2024 14:38:00.118,46.537502,4.2,1.3875,722,1277
24-Jun-2024 14:38:00.218,46.556252,4.2375,1.36875,722,1277
24-Jun-2024 14:38:00.318,46.59375,4.3125,1.36875,722,1277
24-Jun-2024 14:38:00.418,46.59375,4.3125,1.36875,722,1277
24-Jun-2024 14:38:00.518,46.668751,4.29375,1.4625,722,1277
24-Jun-2024 14:38:00.618,46.668751,4.3125,1.40625,722,1277
24-Jun-2024 14:38:00.718,46.818752,4.3125,1.48125,722,1277
24-Jun-2024 14:38:00.818,46.931252,4.36875,1.6125,722,1277
24-Jun-2024 14:38:00.918,46.893753,4.3875,1.66875,722,1277
24-Jun-2024 14:38:01.018,46.931252,4.33125,1.6875,722,1277
24-Jun-2024 14:38:01.118,46.96875,4.275,1.725,722,1277
24-Jun-2024 14:38:01.218,47.025002,4.25625,1.74375,722,1277
24-Jun-2024 14:38:01.318,46.931252,4.33125,1.70625,722,1277
24-Jun-2024 14:38:01.417,46.950001,4.29375,1.74375,722,1277
24-Jun-2024 14:38:01.518,46.800003,4.33125,1.6875,722,1277
24-Jun-2024 14:38:01.618,46.650002,4.33125,1.55625,722,1277
24-Jun-2024 14:38:01.718,46.6875,4.4625,1.44375,722,1277
24-Jun-2024 14:38:01.818,46.706253,4.4625,1.425,722,1277
24-Jun-2024 14:38:01.918,46.725002,4.48125,1.40625,722,1277
24-Jun-2024 14:38:02.018,46.743752,4.51875,1.425,722,1277
24-Jun-2024 14:38:02.118,46.650002,4.5375,1.44375,722,1277
24-Jun-2024 14:38:02.218,46.612503,4.575,1.4625,722,1277
24-Jun-2024 14:38:02.318,46.631252,4.51875,1.4625,722,1277
24-Jun-2024 14:38:02.418,46.743752,4.5375,1.5375,722,1277
24-Jun-2024 14:38:02.518,46.631252,4.4625,1.575,722,1277
24-Jun-2024 14:38:02.618,46.631252,4.425,1.5375,722,1277
24-Jun-2024 14:38:02.718,46.556252,4.44375,1.5,722,1277
24-Jun-2024 14:38:13.418,10.181251,-50.456253,-1.0125,729,1376
24-Jun-2024 14:38:13.518,10.181251,-50.400002,-1.10625,729,1376
24-Jun-2024 14:38:13.618,10.181251,-50.362503,-1.1625,729,1376
24-Jun-2024 14:38:13.718,10.3125,-50.306252,-1.35,729,1376
24-Jun-2024 14:38:13.818,10.368751,-50.418751,-1.3875,729,1376
24-Jun-2024 14:38:13.918,10.575001,-50.306252,-1.6125,729,1376
24-Jun-2024 14:38:14.018,10.6125,-50.231251,-1.74375,729,1376
24-Jun-2024 14:38:14.118,10.78125,-50.268753,-1.81875,729,1376
24-Jun-2024 14:38:14.218,10.89375,-50.250004,-1.93125,729,1376
24-Jun-2024 14:38:14.318,11.118751,-50.118752,-1.875,729,1376
24-Jun-2024 14:38:14.418,11.26875,-50.100002,-1.875,729,1376
24-Jun-2024 14:38:14.518,11.325001,-50.250004,-1.85625,729,1376
24-Jun-2024 14:38:14.618,11.306251,-50.268753,-1.9125,729,1376
24-Jun-2024 14:38:14.718,11.212501,-50.325001,-1.81875,729,1376
24-Jun-2024 14:38:14.818,11.306251,-50.250004,-1.74375,729,1376
24-Jun-2024 14:38:14.918,11.45625,-50.156254,-1.78125,729,1376
24-Jun-2024 14:38:15.018,11.493751,-50.100002,-1.725,729,1376
24-Jun-2024 14:38:15.118,11.493751,-50.137501,-1.74375,729,1376
24-Jun-2024 14:38:15.218,11.56875,-50.100002,-1.70625,729,1376
24-Jun-2024 14:38:15.318,11.681251,-50.006252,-1.59375,729,1376
24-Jun-2024 14:38:15.418,11.90625,-49.856251,-1.48125,729,1376
24-Jun-2024 14:38:15.518,11.90625,-49.856251,-1.4625,729,1376
24-Jun-2024 14:38:15.618,11.90625,-49.931252,-1.5375,729,1376
24-Jun-2024 14:38:15.718,11.775001,-49.912502,-1.44375,729,1376
24-Jun-2024 14:38:15.818,11.75625,-49.837502,-1.44375,729,1376
24-Jun-2024 14:38:15.918,11.71875,-49.875004,-1.3875,729,1376
24-Jun-2024 14:38:16.018,11.606251,-49.875004,-1.5,729,1376
24-Jun-2024 14:38:16.118,11.55,-49.800003,-1.575,729,1376
24-Jun-2024 14:38:16.218,11.45625,-49.818752,-1.7625,729,1376
24-Jun-2024 14:38:16.318,11.493751,-49.818752,-1.81875,729,1376
24-Jun-2024 14:38:16.418,11.587501,-49.800003,-1.78125,729,1376
24-Jun-2024 14:38:16.518,11.6625,-49.800003,-1.7625,729,1376
24-Jun-2024 14:38:16.618,11.606251,-49.781254,-1.78125,729,1376
24-Jun-2024 14:38:16.718,11.71875,-49.593754,-1.93125,729,1376
24-Jun-2024 14:38:16.818,11.793751,-49.556252,-1.9125,729,1376
24-Jun-2024 14:38:16.918,11.775001,-49.556252,-1.96875,729,1376
24-Jun-2024 14:38:17.018,11.83125,-49.612503,-1.85625,729,1376
24-Jun-2024 14:38:17.118,11.925,-49.556252,-1.875,729,1376
24-Jun-2024 14:38:17.218,11.94375,-49.481251,-1.93125,729,1376
24-Jun-2024 14:38:17.318,12,-49.481251,-2.00625,729,1376
24-Jun-2024 14:38:17.418,12.150001,-49.556252,-2.025,729,1376
24-Jun-2024 14:38:17.518,12.168751,-49.612503,-1.9875,729,1376
24-Jun-2024 14:38:17.618,12.150001,-49.631252,-2.1,729,1376
24-Jun-2024 14:38:17.718,12.13125,-49.668751,-2.15625,729,1376
24-Jun-2024 14:38:17.818,12.13125,-49.631252,-2.25,729,1376
24-Jun-2024 14:38:17.918,12.168751,-49.650002,-2.2125,729,1376
24-Jun-2024 14:38:18.018,12.1125,-49.612503,-2.23125,729,1376
24-Jun-2024 14:38:18.118,12.056251,-49.631252,-2.325,729,1376
24-Jun-2024 14:38:18.218,12.075001,-49.650002,-2.325,729,1376
24-Jun-2024 14:38:18.318,12.093751,-49.762501,-2.38125,729,1376
24-Jun-2024 14:38:18.418,12.225,-49.875004,-2.3625,729,1376
24-Jun-2024 14:38:18.518,12.375001,-49.856251,-2.25,729,1376
24-Jun-2024 14:38:18.618,12.375001,-49.800003,-2.2125,729,1376
24-Jun-2024 14:38:18.718,12.31875,-49.762501,-2.325,729,1376
24-Jun-2024 14:38:18.818,12.356251,-49.893753,-2.41875,729,1376
24-Jun-2024 14:38:18.918,12.375001,-49.875004,-2.4375,729,1376
24-Jun-2024 14:38:19.018,12.281251,-49.706253,-2.41875,729,1376
24-Jun-2024 14:38:19.118,12.262501,-49.706253,-2.5125,729,1376
24-Jun-2024 14:38:19.218,12.262501,-49.631252,-2.5125,729,1376
24-Jun-2024 14:38:19.318,12.187501,-49.706253,-2.56875,729,1376
24-Jun-2024 14:38:19.418,12.337501,-49.668751,-2.60625,729,1376
24-Jun-2024 14:38:19.518,12.31875,-49.668751,-2.56875,729,1376
24-Jun-2024 14:38:19.618,12.225,-49.668751,-2.5125,729,1376
24-Jun-2024 14:38:19.718,12.168751,-49.631252,-2.49375,729,1376
24-Jun-2024 14:38:19.818,12.262501,-49.762501,-2.53125,729,1376
24-Jun-2024 14:38:19.918,12.356251,-49.725002,-2.41875,729,1376
24-Jun-2024 14:38:20.017,12.356251,-49.687504,-2.30625,729,1376
24-Jun-2024 14:38:20.117,12.4125,-49.650002,-2.25,729,1376
24-Jun-2024 14:38:20.217,12.337501,-49.762501,-2.26875,729,1376
24-Jun-2024 14:38:20.317,12.356251,-49.837502,-2.2125,729,1376
24-Jun-2024 14:38:20.417,12.525001,-49.743752,-2.23125,729,1376
24-Jun-2024 14:38:20.517,12.58125,-49.687504,-2.19375,729,1376
24-Jun-2024 14:38:20.617,12.58125,-49.612503,-2.1375,729,1376
24-Jun-2024 14:38:20.717,12.618751,-49.556252,-2.175,729,1376
24-Jun-2024 14:38:20.817,12.468751,-49.556252,-2.15625,729,1376
24-Jun-2024 14:38:20.917,12.431251,-49.537502,-2.15625,729,1376
24-Jun-2024 14:38:21.017,12.468751,-49.387501,-2.1,729,1376
24-Jun-2024 14:38:21.117,12.525001,-49.331253,-2.1375,729,1376
24-Jun-2024 14:38:21.217,12.450001,-49.406254,-2.1,729,1376
24-Jun-2024 14:38:21.317,12.543751,-49.387501,-2.11875,729,1376
24-Jun-2024 14:38:21.417,12.562501,-49.462502,-2.11875,729,1376
24-Jun-2024 14:38:21.517,12.4875,-49.481251,-2.175,729,1376
24-Jun-2024 14:38:21.617,12.618751,-49.331253,-2.34375,729,1376
24-Jun-2024 14:38:21.717,12.731251,-49.368752,-2.34375,729,1376
24-Jun-2024 14:38:21.817,12.656251,-49.425003,-2.4375,729,1376
24-Jun-2024 14:38:21.917,12.637501,-49.406254,-2.53125,729,1376
24-Jun-2024 14:38:22.017,12.675,-49.312504,-2.49375,729,1376
24-Jun-2024 14:38:22.117,12.525001,-49.331253,-2.5125,729,1376
24-Jun-2024 14:38:22.217,12.4875,-49.275002,-2.55,729,1376
24-Jun-2024 14:38:22.317,12.543751,-49.237503,-2.49375,729,1376
24-Jun-2024 14:38:22.417,12.58125,-49.350002,-2.41875,729,1376
24-Jun-2024 14:38:22.517,12.525001,-49.350002,-2.4375,729,1376
24-Jun-2024 14:38:22.617,12.562501,-49.293751,-2.45625,729,1376
24-Jun-2024 14:38:22.717,12.4875,-49.275002,-2.475,729,1376
24-Jun-2024 14:38:22.817,12.4875,-49.368752,-2.49375,729,1376
24-Jun-2024 14:38:22.917,12.525001,-49.443752,-2.56875,729,1376
24-Jun-2024 14:38:23.017,12.50625,-49.425003,-2.625,729,1376
24-Jun-2024 14:38:23.117,12.4125,-49.462502,-2.625,729,1376
24-Jun-2024 14:38:23.217,12.4125,-49.537502,-2.7375,729,1376
24-Jun-2024 14:38:23.317,12.375001,-49.500004,-2.775,729,1376
24-Jun-2024 14:38:49.217,52.593754,6.01875,-12.712501,1322,376
24-Jun-2024 14:38:49.317,52.462502,6.05625,-12.7875,1322,376
24-Jun-2024 14:38:49.417,52.425003,6.09375,-12.843751,1322,376
24-Jun-2024 14:38:49.517,52.312504,6.15,-12.806251,1322,376
24-Jun-2024 14:38:49.617,52.200001,6.075,-12.825001,1322,376
24-Jun-2024 14:38:49.717,52.068752,6.15,-12.825001,1322,376
24-Jun-2024 14:38:49.817,52.012501,6.1875,-12.76875,1322,376
24-Jun-2024 14:38:49.917,51.918751,6.15,-12.806251,1322,376
24-Jun-2024 14:38:50.017,51.881252,6.13125,-12.825001,1322,376
24-Jun-2024 14:38:50.117,51.956253,6.2625,-12.825001,1322,376
24-Jun-2024 14:38:50.217,51.975002,6.3,-12.843751,1322,376
24-Jun-2024 14:38:50.317,51.993752,6.35625,-12.750001,1322,376
24-Jun-2024 14:38:50.417,52.106251,6.43125,-12.712501,1322,376
24-Jun-2024 14:38:50.517,52.162502,6.375,-12.712501,1322,376
24-Jun-2024 14:38:50.617,52.200001,6.4125,-12.637501,1322,376
24-Jun-2024 14:38:50.717,52.106251,6.43125,-12.525001,1322,376
24-Jun-2024 14:38:50.817,52.143753,6.5625,-12.58125,1322,376
24-Jun-2024 14:38:50.917,52.106251,6.54375,-12.618751,1322,376
24-Jun-2024 14:38:51.017,51.975002,6.6375,-12.637501,1322,376
24-Jun-2024 14:38:51.117,51.843754,6.6,-12.750001,1322,376
24-Jun-2024 14:38:51.217,51.768753,6.58125,-12.76875,1322,376
24-Jun-2024 14:38:51.317,51.787502,6.6,-12.750001,1322,376
24-Jun-2024 14:38:51.417,51.806252,6.6,-12.76875,1322,376
24-Jun-2024 14:38:51.517,51.993752,6.675,-12.806251,1322,376
24-Jun-2024 14:38:51.617,51.956253,6.65625,-12.675,1322,376
24-Jun-2024 14:38:51.717,51.956253,6.65625,-12.656251,1322,376
24-Jun-2024 14:38:51.817,52.012501,6.675,-12.675,1322,376
24-Jun-2024 14:38:51.917,52.143753,6.7125,-12.69375,1322,376
24-Jun-2024 14:38:52.017,52.218754,6.76875,-12.712501,1322,376
24-Jun-2024 14:38:52.117,52.237503,6.9,-12.76875,1322,376
24-Jun-2024 14:38:52.217,52.200001,6.9375,-12.806251,1322,376
24-Jun-2024 14:38:52.317,52.050003,6.91875,-12.731251,1322,376
24-Jun-2024 14:38:52.417,52.068752,6.9,-12.7875,1322,376
24-Jun-2024 14:38:52.517,52.031254,7.0125,-12.806251,1322,376
24-Jun-2024 14:38:52.617,52.031254,6.9,-12.806251,1322,376
24-Jun-2024 14:38:52.717,51.956253,6.95625,-12.750001,1322,376
24-Jun-2024 14:38:52.817,51.881252,6.9375,-12.656251,1322,376
24-Jun-2024 14:38:52.917,51.900002,6.8625,-12.58125,1322,376
24-Jun-2024 14:38:53.017,51.918751,6.84375,-12.58125,1322,376
24-Jun-2024 14:38:53.117,52.050003,6.91875,-12.675,1322,376
24-Jun-2024 14:38:53.217,51.937504,7.05,-12.675,1322,376
24-Jun-2024 14:38:53.317,51.993752,6.95625,-12.69375,1322,376
24-Jun-2024 14:38:53.417,52.050003,7.125,-12.58125,1322,376
24-Jun-2024 14:38:53.517,52.068752,7.05,-12.618751,1322,376
24-Jun-2024 14:38:53.617,52.125004,7.125,-12.618751,1322,376
24-Jun-2024 14:38:53.717,52.068752,7.10625,-12.69375,1322,376
24-Jun-2024 14:38:53.817,52.143753,7.14375,-12.750001,1322,376
24-Jun-2024 14:38:53.917,52.125004,7.06875,-12.712501,1322,376
24-Jun-2024 14:38:54.017,52.218754,6.9,-12.76875,1322,376
24-Jun-2024 14:38:54.117,52.200001,6.8625,-12.675,1322,376
24-Jun-2024 14:38:54.217,52.200001,6.7875,-12.7875,1322,376
24-Jun-2024 14:38:54.317,52.256252,6.80625,-12.7875,1322,376
24-Jun-2024 14:38:54.417,52.218754,6.84375,-12.843751,1322,376
24-Jun-2024 14:38:54.517,52.256252,6.825,-12.731251,1322,376
24-Jun-2024 14:38:54.617,52.162502,6.84375,-12.69375,1322,376
24-Jun-2024 14:38:54.717,52.125004,6.88125,-12.69375,1322,376
24-Jun-2024 14:38:54.817,52.218754,6.91875,-12.675,1322,376
24-Jun-2024 14:38:54.917,52.218754,6.8625,-12.7875,1322,376
24-Jun-2024 14:38:55.017,52.218754,6.84375,-12.7875,1322,376
24-Jun-2024 14:38:55.117,52.143753,6.84375,-12.76875,1322,376
24-Jun-2024 14:38:55.217,52.143753,6.88125,-12.750001,1322,376
24-Jun-2024 14:38:55.317,52.050003,7.0125,-12.825001,1322,376
24-Jun-2024 14:38:55.417,51.993752,6.95625,-12.731251,1322,376
24-Jun-2024 14:38:55.517,51.881252,7.0125,-12.76875,1322,376
24-Jun-2024 14:38:55.617,51.825001,6.99375,-12.806251,1322,376
24-Jun-2024 14:38:55.717,51.787502,7.03125,-12.76875,1322,376
24-Jun-2024 14:38:55.817,51.881252,7.05,-12.806251,1322,376
24-Jun-2024 14:38:55.917,51.881252,7.06875,-12.843751,1322,376
24-Jun-2024 14:38:56.017,51.843754,6.975,-12.843751,1322,376
24-Jun-2024 14:38:56.117,51.881252,6.84375,-12.8625,1322,376
24-Jun-2024 14:38:56.217,51.937504,6.88125,-12.88125,1322,376
24-Jun-2024 14:38:56.317,52.106251,6.9,-12.843751,1322,376
24-Jun-2024 14:38:56.417,52.256252,6.8625,-12.7875,1322,376
24-Jun-2024 14:38:56.517,52.293751,6.975,-12.69375,1322,376
24-Jun-2024 14:38:56.617,52.143753,6.95625,-12.675,1322,376
24-Jun-2024 14:38:56.717,52.162502,6.99375,-12.58125,1322,376
24-Jun-2024 14:38:56.817,52.200001,7.0125,-12.50625,1322,376
24-Jun-2024 14:38:56.917,52.200001,7.10625,-12.4875,1322,376
24-Jun-2024 14:38:57.017,52.200001,7.05,-12.58125,1322,376
24-Jun-2024 14:38:57.117,52.050003,7.0125,-12.543751,1322,376
24-Jun-2024 14:38:57.217,52.012501,7.14375,-12.525001,1322,376
24-Jun-2024 14:38:57.317,51.918751,7.14375,-12.58125,1322,376
24-Jun-2024 14:38:57.417,51.975002,7.1625,-12.431251,1322,376
24-Jun-2024 14:38:57.517,52.012501,7.10625,-12.39375,1322,376
24-Jun-2024 14:38:57.617,51.993752,7.0875,-12.450001,1322,376
24-Jun-2024 14:38:57.717,52.087502,7.06875,-12.375001,1322,376
24-Jun-2024 14:38:57.817,52.087502,7.06875,-12.281251,1322,376
24-Jun-2024 14:38:57.917,52.143753,7.10625,-12.356251,1322,376
24-Jun-2024 14:38:58.017,51.956253,7.06875,-12.375001,1322,376
24-Jun-2024 14:38:58.117,52.068752,7.0125,-12.31875,1322,376
24-Jun-2024 14:38:58.217,51.937504,6.99375,-12.356251,1322,376
24-Jun-2024 14:38:58.317,51.900002,6.95625,-12.4875,1322,376
24-Jun-2024 14:38:58.417,51.918751,7.05,-12.543751,1322,376
24-Jun-2024 14:38:58.517,51.825001,7.05,-12.58125,1322,376
24-Jun-2024 14:38:58.617,51.900002,7.125,-12.656251,1322,376
24-Jun-2024 14:38:58.717,51.900002,7.0125,-12.675,1322,376
24-Jun-2024 14:38:58.817,52.050003,7.05,-12.675,1322,376
24-Jun-2024 14:38:58.917,52.050003,7.125,-12.7875,1322,376
24-Jun-2024 14:38:59.017,52.106251,7.2375,-12.8625,1322,376
24-Jun-2024 14:38:59.117,52.087502,7.29375,-12.825001,1322,376
24-Jun-2024 14:39:13.517,11.90625,47.100002,1.7625,1322,1595
24-Jun-2024 14:39:13.617,11.925,47.193752,1.85625,1322,1595
24-Jun-2024 14:39:13.717,11.887501,47.231251,1.875,1322,1595
24-Jun-2024 14:39:13.817,11.7375,47.34375,1.8375,1322,1595
24-Jun-2024 14:39:13.917,11.8125,47.325001,1.875,1322,1595
24-Jun-2024 14:39:14.017,11.75625,47.381252,1.85625,1322,1595
24-Jun-2024 14:39:14.117,11.775001,47.475002,1.875,1322,1595
24-Jun-2024 14:39:14.217,11.8125,47.587502,1.95,1322,1595
24-Jun-2024 14:39:14.317,11.775001,47.662502,2.04375,1322,1595
24-Jun-2024 14:39:14.417,11.700001,47.681252,1.95,1322,1595
24-Jun-2024 14:39:14.516,11.625,47.775002,1.9125,1322,1595
24-Jun-2024 14:39:14.617,11.64375,47.775002,1.89375,1322,1595
24-Jun-2024 14:39:14.717,11.56875,47.8125,1.81875,1322,1595
24-Jun-2024 14:39:14.817,11.55,47.868752,1.78125,1322,1595
24-Jun-2024 14:39:14.917,11.56875,47.700001,1.85625,1322,1595
24-Jun-2024 14:39:15.017,11.53125,47.700001,1.89375,1322,1595
24-Jun-2024 14:39:15.117,11.493751,47.587502,1.81875,1322,1595
24-Jun-2024 14:39:15.217,11.38125,47.71875,1.93125,1322,1595
24-Jun-2024 14:39:15.317,11.418751,47.643753,1.89375,1322,1595
24-Jun-2024 14:39:15.417,11.306251,47.587502,1.9125,1322,1595
24-Jun-2024 14:39:15.517,11.137501,47.587502,1.93125,1322,1595
24-Jun-2024 14:39:15.617,11.0625,47.643753,1.93125,1322,1595
24-Jun-2024 14:39:15.717,10.950001,47.662502,1.95,1322,1595
24-Jun-2024 14:39:15.817,10.89375,47.643753,1.74375,1322,1595
24-Jun-2024 14:39:15.917,10.875,47.681252,1.575,1322,1595
24-Jun-2024 14:39:16.017,11.00625,47.587502,1.36875,1322,1595
24-Jun-2024 14:39:16.117,10.950001,47.568752,1.36875,1322,1595
24-Jun-2024 14:39:16.217,11.00625,47.568752,1.425,1322,1595
24-Jun-2024 14:39:16.317,10.96875,47.512501,1.425,1322,1595
24-Jun-2024 14:39:16.417,10.950001,47.362503,1.4625,1322,1595
24-Jun-2024 14:39:16.517,11.00625,47.381252,1.40625,1322,1595
24-Jun-2024 14:39:16.617,10.9875,47.325001,1.575,1322,1595
24-Jun-2024 14:39:16.717,10.9125,47.400002,1.6125,1322,1595
24-Jun-2024 14:39:16.817,10.856251,47.400002,1.74375,1322,1595
24-Jun-2024 14:39:16.917,10.856251,47.34375,1.70625,1322,1595
24-Jun-2024 14:39:17.017,10.725,47.306252,1.6125,1322,1595
24-Jun-2024 14:39:17.117,10.743751,47.268753,1.51875,1322,1595
24-Jun-2024 14:39:17.217,10.725,47.268753,1.44375,1322,1595
24-Jun-2024 14:39:17.317,10.8,47.362503,1.3125,1322,1595
24-Jun-2024 14:39:17.417,10.762501,47.418751,1.1625,1322,1595
24-Jun-2024 14:39:17.517,10.8,47.287502,1.2375,1322,1595
24-Jun-2024 14:39:17.617,10.8,47.193752,1.1625,1322,1595
24-Jun-2024 14:39:17.717,10.725,47.15625,1.10625,1322,1595
24-Jun-2024 14:39:17.817,10.856251,47.287502,1.10625,1322,1595
24-Jun-2024 14:39:17.917,10.875,47.4375,1.10625,1322,1595
24-Jun-2024 14:39:18.017,10.89375,47.362503,1.10625,1322,1595
24-Jun-2024 14:39:18.117,10.8,47.231251,1.1625,1322,1595
24-Jun-2024 14:39:18.217,10.81875,47.15625,1.21875,1322,1595
24-Jun-2024 14:39:18.317,10.70625,47.231251,1.2,1322,1595
24-Jun-2024 14:39:18.417,10.6125,47.362503,1.2,1322,1595
24-Jun-2024 14:39:18.517,10.59375,47.381252,1.3125,1322,1595
24-Jun-2024 14:39:18.617,10.59375,47.381252,1.29375,1322,1595
24-Jun-2024 14:39:18.717,10.6875,47.287502,1.44375,1322,1595
24-Jun-2024 14:39:18.817,10.725,47.381252,1.425,1322,1595
24-Jun-2024 14:39:18.917,10.762501,47.475002,1.36875,1322,1595
24-Jun-2024 14:39:19.017,10.762501,47.475002,1.29375,1322,1595
24-Jun-2024 14:39:19.117,10.856251,47.475002,1.18125,1322,1595
24-Jun-2024 14:39:19.217,10.81875,47.306252,1.21875,1322,1595
24-Jun-2024 14:39:19.317,10.950001,47.381252,1.18125,1322,1595
24-Jun-2024 14:39:19.417,10.96875,47.268753,1.33125,1322,1595
24-Jun-2024 14:39:19.517,10.9875,47.381252,1.2,1322,1595
24-Jun-2024 14:39:19.617,11.025001,47.268753,1.1625,1322,1595
24-Jun-2024 14:39:19.717,11.043751,47.175003,1.2,1322,1595
24-Jun-2024 14:39:19.817,11.15625,47.193752,1.18125,1322,1595
24-Jun-2024 14:39:19.917,11.137501,47.118752,1.275,1322,1595
24-Jun-2024 14:39:20.017,11.212501,47.212502,1.18125,1322,1595
24-Jun-2024 14:39:20.117,11.175,47.175003,1.0875,1322,1595
24-Jun-2024 14:39:20.217,11.175,47.231251,0.95625,1322,1595
24-Jun-2024 14:39:20.317,11.08125,47.081253,0.91875,1322,1595
24-Jun-2024 14:39:20.417,11.00625,47.15625,0.99375,1322,1595
24-Jun-2024 14:39:20.517,10.96875,47.231251,0.9375,1322,1595
24-Jun-2024 14:39:20.617,10.89375,47.231251,1.0125,1322,1595
24-Jun-2024 14:39:20.717,10.9125,47.268753,1.03125,1322,1595
24-Jun-2024 14:39:20.817,10.96875,47.25,1.06875,1322,1595
24-Jun-2024 14:39:20.917,10.950001,47.325001,1.18125,1322,1595
24-Jun-2024 14:39:21.017,10.931251,47.381252,1.25625,1322,1595
24-Jun-2024 14:39:21.117,10.9875,47.362503,1.275,1322,1595
24-Jun-2024 14:39:21.217,10.9875,47.456253,1.29375,1322,1595
24-Jun-2024 14:39:21.317,11.00625,47.493752,1.35,1322,1595
24-Jun-2024 14:39:21.417,10.9875,47.4375,1.40625,1322,1595
24-Jun-2024 14:39:21.517,10.950001,47.381252,1.40625,1322,1595
24-Jun-2024 14:39:21.617,10.89375,47.512501,1.425,1322,1595
24-Jun-2024 14:39:21.717,10.9875,47.493752,1.48125,1322,1595
24-Jun-2024 14:39:21.817,10.96875,47.418751,1.36875,1322,1595
24-Jun-2024 14:39:21.917,11.00625,47.381252,1.425,1322,1595
24-Jun-2024 14:39:22.017,11.0625,47.325001,1.3875,1322,1595
24-Jun-2024 14:39:22.117,10.96875,47.34375,1.425,1322,1595
24-Jun-2024 14:39:22.217,10.9875,47.418751,1.48125,1322,1595
24-Jun-2024 14:39:22.317,10.96875,47.568752,1.55625,1322,1595
24-Jun-2024 14:39:22.417,10.856251,47.475002,1.66875,1322,1595
24-Jun-2024 14:39:22.517,10.856251,47.512501,1.6125,1322,1595
24-Jun-2024 14:39:22.617,10.837501,47.493752,1.725,1322,1595
24-Jun-2024 14:39:22.717,10.931251,47.625,1.78125,1322,1595
24-Jun-2024 14:39:22.817,10.89375,47.625,1.81875,1322,1595
24-Jun-2024 14:39:22.917,10.96875,47.625,1.9125,1322,1595
24-Jun-2024 14:39:23.017,10.9125,47.681252,1.875,1322,1595
24-Jun-2024 14:39:23.117,10.875,47.625,1.8,1322,1595
24-Jun-2024 14:39:23.217,11.0625,47.681252,1.8,1322,1595
24-Jun-2024 14:39:23.317,10.950001,47.643753,1.9125,1322,1595
24-Jun-2024 14:39:23.417,10.9125,47.8125,1.89375,1322,1595
24-Jun-2024 14:39:50.917,-7.36875,-43.443752,27.112501,1516,2004
24-Jun-2024 14:39:51.017,-7.44375,-43.40625,27.112501,1516,2004
24-Jun-2024 14:39:51.117,-7.5375,-43.387501,27.225,1516,2004
24-Jun-2024 14:39:51.217,-7.59375,-43.387501,27.31875,1516,2004
24-Jun-2024 14:39:51.317,-7.66875,-43.481251,27.356251,1516,2004
24-Jun-2024 14:39:51.417,-7.7625,-43.5,27.4125,1516,2004
24-Jun-2024 14:39:51.517,-7.74375,-43.537502,27.50625,1516,2004
24-Jun-2024 14:39:51.617,-7.78125,-43.6875,27.337502,1516,2004
24-Jun-2024 14:39:51.717,-7.78125,-43.556252,27.337502,1516,2004
24-Jun-2024 14:39:51.817,-7.8,-43.612503,27.375002,1516,2004
24-Jun-2024 14:39:51.917,-7.78125,-43.556252,27.337502,1516,2004
24-Jun-2024 14:39:52.017,-7.6875,-43.556252,27.393751,1516,2004
24-Jun-2024 14:39:52.117,-7.6125,-43.443752,27.337502,1516,2004
24-Jun-2024 14:39:52.217,-7.6125,-43.425003,27.243752,1516,2004
24-Jun-2024 14:39:52.317,-7.5375,-43.368752,27.243752,1516,2004
24-Jun-2024 14:39:52.417,-7.59375,-43.40625,27.243752,1516,2004
24-Jun-2024 14:39:52.517,-7.575,-43.5,27.375002,1516,2004
24-Jun-2024 14:39:52.617,-7.44375,-43.425003,27.431252,1516,2004
24-Jun-2024 14:39:52.717,-7.3125,-43.425003,27.431252,1516,2004
24-Jun-2024 14:39:52.817,-7.5,-43.293751,27.243752,1516,2004
24-Jun-2024 14:39:52.917,-7.59375,-43.350002,27.206251,1516,2004
24-Jun-2024 14:39:53.017,-7.55625,-43.3125,27.281252,1516,2004
24-Jun-2024 14:39:53.117,-7.55625,-43.331253,27.150002,1516,2004
24-Jun-2024 14:39:53.217,-7.3875,-43.162502,27.225,1516,2004
24-Jun-2024 14:39:53.317,-7.25625,-43.050003,27.300001,1516,2004
24-Jun-2024 14:39:53.417,-7.3125,-43.200001,27.206251,1516,2004
24-Jun-2024 14:39:53.517,-7.36875,-43.21875,27.187502,1516,2004
24-Jun-2024 14:39:53.617,-7.2375,-43.3125,27.243752,1516,2004
24-Jun-2024 14:39:53.717,-7.25625,-43.462502,27.300001,1516,2004
24-Jun-2024 14:39:53.817,-7.3125,-43.481251,27.262501,1516,2004
24-Jun-2024 14:39:53.917,-7.33125,-43.462502,27.31875,1516,2004
24-Jun-2024 14:39:54.017,-7.4625,-43.537502,27.262501,1516,2004
24-Jun-2024 14:39:54.117,-7.63125,-43.631252,27.13125,1516,2004
24-Jun-2024 14:39:54.217,-7.6875,-43.59375,27.018751,1516,2004
24-Jun-2024 14:39:54.317,-7.78125,-43.556252,27.018751,1516,2004
24-Jun-2024 14:39:54.417,-7.81875,-43.537502,27.000002,1516,2004
24-Jun-2024 14:39:54.517,-7.70625,-43.425003,26.925001,1516,2004
24-Jun-2024 14:39:54.617,-7.575,-43.425003,27.056252,1516,2004
24-Jun-2024 14:39:54.717,-7.44375,-43.387501,27.000002,1516,2004
24-Jun-2024 14:39:54.817,-7.3125,-43.387501,26.925001,1516,2004
24-Jun-2024 14:39:54.917,-7.125,-43.368752,26.925001,1516,2004
24-Jun-2024 14:39:55.017,-7.0875,-43.293751,27.093752,1516,2004
24-Jun-2024 14:39:55.117,-6.975,-43.331253,27.0375,1516,2004
24-Jun-2024 14:39:55.217,-6.9,-43.3125,27.000002,1516,2004
24-Jun-2024 14:39:55.316,-6.91875,-43.350002,27.018751,1516,2004
24-Jun-2024 14:39:55.417,-6.95625,-43.3125,26.868752,1516,2004
24-Jun-2024 14:39:55.517,-6.9,-43.331253,26.85,1516,2004
24-Jun-2024 14:39:55.617,-6.88125,-43.293751,26.94375,1516,2004
24-Jun-2024 14:39:55.717,-6.95625,-43.275002,26.925001,1516,2004
24-Jun-2024 14:39:55.817,-7.0125,-43.237503,26.868752,1516,2004
24-Jun-2024 14:39:55.917,-6.8625,-43.200001,26.85,1516,2004
24-Jun-2024 14:39:56.017,-6.9,-43.200001,26.906252,1516,2004
24-Jun-2024 14:39:56.117,-6.9,-43.125,26.868752,1516,2004
24-Jun-2024 14:39:56.217,-6.8625,-43.087502,26.85,1516,2004
24-Jun-2024 14:39:56.317,-6.91875,-43.106251,26.75625,1516,2004
24-Jun-2024 14:39:56.417,-6.91875,-43.106251,26.700001,1516,2004
24-Jun-2024 14:39:56.517,-6.80625,-43.087502,26.681252,1516,2004
24-Jun-2024 14:39:56.617,-6.6375,-43.21875,26.587502,1516,2004
24-Jun-2024 14:39:56.717,-6.7875,-43.275002,26.512501,1516,2004
24-Jun-2024 14:39:56.817,-6.76875,-43.350002,26.56875,1516,2004
24-Jun-2024 14:39:56.917,-6.73125,-43.368752,26.512501,1516,2004
24-Jun-2024 14:39:57.017,-6.84375,-43.387501,26.643751,1516,2004
24-Jun-2024 14:39:57.117,-6.9375,-43.462502,26.793751,1516,2004
24-Jun-2024 14:39:57.217,-6.975,-43.481251,26.775002,1516,2004
24-Jun-2024 14:39:57.317,-7.0875,-43.575001,26.737501,1516,2004
24-Jun-2024 14:39:57.417,-7.18125,-43.518753,26.793751,1516,2004
24-Jun-2024 14:39:57.517,-7.125,-43.462502,26.775002,1516,2004
24-Jun-2024 14:39:57.617,-7.0125,-43.387501,26.718752,1516,2004
24-Jun-2024 14:39:57.717,-7.05,-43.40625,26.718752,1516,2004
24-Jun-2024 14:39:57.817,-6.9,-43.556252,26.643751,1516,2004
24-Jun-2024 14:39:57.917,-6.8625,-43.537502,26.493752,1516,2004
24-Jun-2024 14:39:58.017,-6.84375,-43.59375,26.493752,1516,2004
24-Jun-2024 14:39:58.117,-6.675,-43.518753,26.456251,1516,2004
24-Jun-2024 14:39:58.217,-6.5625,-43.556252,26.437502,1516,2004
24-Jun-2024 14:39:58.317,-6.6,-43.575001,26.400002,1516,2004
24-Jun-2024 14:39:58.417,-6.6375,-43.59375,26.306252,1516,2004
24-Jun-2024 14:39:58.517,-6.6375,-43.575001,26.2875,1516,2004
24-Jun-2024 14:39:58.617,-6.675,-43.518753,26.268751,1516,2004
24-Jun-2024 14:39:58.717,-6.61875,-43.481251,26.400002,1516,2004
24-Jun-2024 14:39:58.817,-6.65625,-43.387501,26.2875,1516,2004
24-Jun-2024 14:39:58.917,-6.80625,-43.368752,26.212502,1516,2004
24-Jun-2024 14:39:59.017,-6.95625,-43.293751,26.250002,1516,2004
24-Jun-2024 14:39:59.117,-6.975,-43.237503,26.231251,1516,2004
24-Jun-2024 14:39:59.217,-6.88125,-43.293751,26.306252,1516,2004
24-Jun-2024 14:39:59.317,-6.84375,-43.350002,26.343752,1516,2004
24-Jun-2024 14:39:59.417,-6.75,-43.275002,26.231251,1516,2004
24-Jun-2024 14:39:59.517,-6.7125,-43.181252,26.1,1516,2004
24-Jun-2024 14:39:59.617,-6.6375,-43.181252,26.156252,1516,2004
24-Jun-2024 14:39:59.717,-6.50625,-43.200001,26.156252,1516,2004
24-Jun-2024 14:39:59.817,-6.375,-43.331253,26.118752,1516,2004
24-Jun-2024 14:39:59.917,-6.20625,-43.40625,26.137501,1516,2004
24-Jun-2024 14:40:00.017,-6.24375,-43.425003,26.025002,1516,2004
24-Jun-2024 14:40:00.117,-6.16875,-43.425003,25.931252,1516,2004
24-Jun-2024 14:40:00.217,-6.225,-43.425003,26.025002,1516,2004
24-Jun-2024 14:40:00.317,-6.225,-43.537502,26.156252,1516,2004
24-Jun-2024 14:40:00.417,-6.3,-43.556252,26.156252,1516,2004
24-Jun-2024 14:40:00.517,-6.46875,-43.556252,26.268751,1516,2004
24-Jun-2024 14:40:00.617,-6.6375,-43.481251,26.231251,1516,2004
24-Jun-2024 14:40:00.717,-6.7125,-43.40625,26.306252,1516,2004
24-Jun-2024 14:40:00.817,-6.73125,-43.350002,26.343752,1516,2004
24-Jun-2024 14:40:10.917,-1.8,-50.831253,25.425001,1649,2004
24-Jun-2024 14:40:11.017,-1.6875,-50.775002,25.275002,1649,2004
24-Jun-2024 14:40:11.117,-1.5,-50.775002,25.143751,1649,2004
24-Jun-2024 14:40:11.217,-1.40625,-50.850002,25.087502,1649,2004
24-Jun-2024 14:40:11.317,-1.33125,-50.812504,25.031252,1649,2004
24-Jun-2024 14:40:11.417,-1.0875,-50.850002,25.06875,1649,2004
24-Jun-2024 14:40:11.517,-0.8625,-50.925003,25.031252,1649,2004
24-Jun-2024 14:40:11.617,-0.69375,-50.962502,25.031252,1649,2004
24-Jun-2024 14:40:11.717,-0.69375,-50.925003,25.050001,1649,2004
24-Jun-2024 14:40:11.817,-0.65625,-51.000004,24.956251,1649,2004
24-Jun-2024 14:40:11.917,-0.6375,-51.000004,24.993752,1649,2004
24-Jun-2024 14:40:12.017,-0.65625,-50.906254,25.031252,1649,2004
24-Jun-2024 14:40:12.117,-0.525,-51.000004,25.012501,1649,2004
24-Jun-2024 14:40:12.217,-0.50625,-50.925003,25.012501,1649,2004
24-Jun-2024 14:40:12.317,-0.54375,-51.000004,25.012501,1649,2004
24-Jun-2024 14:40:12.417,-0.58125,-51.037502,25.031252,1649,2004
24-Jun-2024 14:40:12.517,-0.46875,-51.056252,25.031252,1649,2004
24-Jun-2024 14:40:12.617,-0.4125,-51.112503,25.106251,1649,2004
24-Jun-2024 14:40:12.717,-0.46875,-50.962502,25.031252,1649,2004
24-Jun-2024 14:40:12.817,-0.39375,-50.962502,25.031252,1649,2004
24-Jun-2024 14:40:12.917,-0.4125,-50.831253,25.031252,1649,2004
24-Jun-2024 14:40:13.017,-0.45,-50.868752,25.031252,1649,2004
24-Jun-2024 14:40:13.117,-0.35625,-50.850002,25.106251,1649,2004
24-Jun-2024 14:40:13.217,-0.31875,-50.756252,25.087502,1649,2004
24-Jun-2024 14:40:13.317,-0.375,-50.756252,25.125002,1649,2004
24-Jun-2024 14:40:13.417,-0.54375,-50.756252,25.181252,1649,2004
24-Jun-2024 14:40:13.517,-0.43125,-50.831253,25.368752,1649,2004
24-Jun-2024 14:40:13.617,-0.43125,-50.812504,25.44375,1649,2004
24-Jun-2024 14:40:13.717,-0.375,-50.793751,25.5375,1649,2004
24-Jun-2024 14:40:13.817,-0.35625,-50.850002,25.612501,1649,2004
24-Jun-2024 14:40:13.917,-0.3375,-50.850002,25.575001,1649,2004
24-Jun-2024 14:40:14.017,-0.4125,-50.887501,25.462502,1649,2004
24-Jun-2024 14:40:14.117,-0.3,-50.981251,25.518751,1649,2004
24-Jun-2024 14:40:14.217,-0.16875,-50.887501,25.481251,1649,2004
24-Jun-2024 14:40:14.317,-0.20625,-50.887501,25.368752,1649,2004
24-Jun-2024 14:40:14.417,-0.20625,-51.037502,25.387501,1649,2004
24-Jun-2024 14:40:14.517,-0.31875,-51.187504,25.312502,1649,2004
24-Jun-2024 14:40:14.617,-0.2625,-51.168751,25.25625,1649,2004
24-Jun-2024 14:40:14.717,-0.225,-51.131252,25.218752,1649,2004
24-Jun-2024 14:40:14.817,-0.15,-51.018753,25.312502,1649,2004
24-Jun-2024 14:40:14.917,-0.20625,-50.906254,25.25625,1649,2004
24-Jun-2024 14:40:15.017,-0.20625,-50.925003,25.218752,1649,2004
24-Jun-2024 14:40:15.117,-0.1875,-51.093754,25.237501,1649,2004
24-Jun-2024 14:40:15.217,-0.16875,-50.962502,25.200001,1649,2004
24-Jun-2024 14:40:15.317,-0.05625,-50.868752,25.125002,1649,2004
24-Jun-2024 14:40:15.417,-0.05625,-50.906254,24.975,1649,2004
24-Jun-2024 14:40:15.517,-0.20625,-50.943752,24.993752,1649,2004
24-Jun-2024 14:40:15.617,-0.3,-50.962502,24.956251,1649,2004
24-Jun-2024 14:40:15.717,-0.3375,-50.962502,24.937502,1649,2004
24-Jun-2024 14:40:15.817,-0.375,-51.000004,24.975,1649,2004
24-Jun-2024 14:40:15.917,-0.46875,-50.812504,24.937502,1649,2004
24-Jun-2024 14:40:16.017,-0.58125,-50.850002,24.843752,1649,2004
24-Jun-2024 14:40:16.117,-0.675,-50.887501,24.825001,1649,2004
24-Jun-2024 14:40:16.217,-0.61875,-50.775002,24.900002,1649,2004
24-Jun-2024 14:40:16.317,-0.50625,-50.756252,24.7875,1649,2004
24-Jun-2024 14:40:16.417,-0.43125,-50.756252,24.768751,1649,2004
24-Jun-2024 14:40:16.517,-0.35625,-50.606251,24.7875,1649,2004
24-Jun-2024 14:40:16.617,-0.3375,-50.625004,24.750002,1649,2004
24-Jun-2024 14:40:16.717,-0.31875,-50.662502,24.712502,1649,2004
24-Jun-2024 14:40:16.817,-0.225,-50.718754,24.768751,1649,2004
24-Jun-2024 14:40:16.917,-0.13125,-50.681252,24.843752,1649,2004
24-Jun-2024 14:40:17.017,-0.1125,-50.775002,24.843752,1649,2004
24-Jun-2024 14:40:17.117,-0.225,-50.756252,24.918751,1649,2004
24-Jun-2024 14:40:17.217,-0.1875,-50.718754,24.937502,1649,2004
24-Jun-2024 14:40:17.317,-0.1125,-50.812504,24.862501,1649,2004
24-Jun-2024 14:40:17.417,-0.1125,-50.756252,24.825001,1649,2004
24-Jun-2024 14:40:17.517,-0.075,-50.868752,24.825001,1649,2004
24-Jun-2024 14:40:17.617,-0.09375,-50.793751,24.806252,1649,2004
24-Jun-2024 14:40:17.717,-0.1875,-50.775002,24.806252,1649,2004
24-Jun-2024 14:40:17.817,-0.225,-50.831253,24.806252,1649,2004
24-Jun-2024 14:40:17.917,-0.15,-50.906254,24.88125,1649,2004
24-Jun-2024 14:40:18.017,-0.1125,-51.037502,24.900002,1649,2004
24-Jun-2024 14:40:18.117,-0.28125,-51.056252,24.937502,1649,2004
24-Jun-2024 14:40:18.217,-0.15,-51.037502,25.050001,1649,2004
24-Jun-2024 14:40:18.317,-0.075,-51.075001,25.012501,1649,2004
24-Jun-2024 14:40:18.417,-0.0375,-51.037502,24.918751,1649,2004
24-Jun-2024 14:40:18.517,0.05625,-51.131252,24.956251,1649,2004
24-Jun-2024 14:40:18.617,-0,-51.075001,25.012501,1649,2004
24-Jun-2024 14:40:18.717,-0.075,-51.018753,25.012501,1649,2004
24-Jun-2024 14:40:18.817,-0.05625,-50.868752,25.050001,1649,2004
24-Jun-2024 14:40:18.917,0.05625,-50.812504,25.031252,1649,2004
24-Jun-2024 14:40:19.017,-0.1125,-50.831253,25.050001,1649,2004
24-Jun-2024 14:40:19.117,-0.09375,-50.643753,25.218752,1649,2004
24-Jun-2024 14:40:19.217,-0.13125,-50.700001,25.44375,1649,2004
24-Jun-2024 14:40:19.317,-0.24375,-50.718754,25.387501,1649,2004
24-Jun-2024 14:40:19.417,-0.1875,-50.812504,25.387501,1649,2004
24-Jun-2024 14:40:19.517,-0.24375,-50.793751,25.293751,1649,2004
24-Jun-2024 14:40:19.617,-0.28125,-50.831253,25.387501,1649,2004
24-Jun-2024 14:40:19.717,-0.28125,-50.925003,25.44375,1649,2004
24-Jun-2024 14:40:19.817,-0.225,-50.962502,25.368752,1649,2004
24-Jun-2024 14:40:19.916,-0.225,-51.000004,25.387501,1649,2004
24-Jun-2024 14:40:20.015,-0.1125,-51.000004,25.218752,1649,2004
24-Jun-2024 14:40:20.115,-0,-50.887501,25.218752,1649,2004
24-Jun-2024 14:40:20.215,-0,-50.812504,25.237501,1649,2004
24-Jun-2024 14:40:20.315,0.1125,-50.793751,25.293751,1649,2004
24-Jun-2024 14:40:20.415,0.13125,-50.850002,25.25625,1649,2004
24-Jun-2024 14:40:20.515,0.20625,-50.887501,25.181252,1649,2004
24-Jun-2024 14:40:20.615,0.20625,-50.887501,25.087502,1649,2004
24-Jun-2024 14:40:20.715,0.225,-50.962502,24.993752,1649,2004
24-Jun-2024 14:40:20.815,0.24375,-51.000004,25.031252,1649,2004
24-Jun-2024 14:40:31.715,31.125002,-29.812502,37.931252,1782,2004
24-Jun-2024 14:40:31.815,31.125002,-29.775002,38.006252,1782,2004
24-Jun-2024 14:40:31.915,31.237501,-29.906252,37.931252,1782,2004
24-Jun-2024 14:40:32.015,31.312502,-29.85,37.800003,1782,2004
24-Jun-2024 14:40:32.115,31.331251,-29.718752,37.818752,1782,2004
24-Jun-2024 14:40:32.215,31.35,-29.625002,37.837502,1782,2004
24-Jun-2024 14:40:32.315,31.425001,-29.531252,37.818752,1782,2004
24-Jun-2024 14:40:32.415,31.35,-29.456251,37.837502,1782,2004
24-Jun-2024 14:40:32.515,31.312502,-29.400002,37.950001,1782,2004
24-Jun-2024 14:40:32.615,31.387501,-29.437502,37.893753,1782,2004
24-Jun-2024 14:40:32.715,31.387501,-29.231251,37.987503,1782,2004
24-Jun-2024 14:40:32.815,31.44375,-29.212502,38.043751,1782,2004
24-Jun-2024 14:40:32.915,31.481251,-29.19375,38.025002,1782,2004
24-Jun-2024 14:40:33.015,31.5375,-29.175001,37.987503,1782,2004
24-Jun-2024 14:40:33.115,31.518751,-29.156252,38.043751,1782,2004
24-Jun-2024 14:40:33.215,31.650002,-29.118752,38.025002,1782,2004
24-Jun-2024 14:40:33.315,31.612501,-29.175001,38.081253,1782,2004
24-Jun-2024 14:40:33.415,31.556252,-29.156252,38.081253,1782,2004
24-Jun-2024 14:40:33.515,31.575001,-29.156252,38.081253,1782,2004
24-Jun-2024 14:40:33.615,31.518751,-29.025002,38.25,1782,2004
24-Jun-2024 14:40:33.715,31.387501,-29.156252,38.193752,1782,2004
24-Jun-2024 14:40:33.815,31.44375,-29.137501,38.193752,1782,2004
24-Jun-2024 14:40:33.915,31.368752,-29.062502,38.231251,1782,2004
24-Jun-2024 14:40:34.015,31.406252,-29.1,38.100002,1782,2004
24-Jun-2024 14:40:34.115,31.462502,-29.156252,38.0625,1782,2004
24-Jun-2024 14:40:34.215,31.518751,-29.212502,38.118752,1782,2004
24-Jun-2024 14:40:34.315,31.556252,-29.362501,38.100002,1782,2004
24-Jun-2024 14:40:34.415,31.518751,-29.456251,38.043751,1782,2004
24-Jun-2024 14:40:34.515,31.575001,-29.493752,38.0625,1782,2004
24-Jun-2024 14:40:34.615,31.462502,-29.606251,38.100002,1782,2004
24-Jun-2024 14:40:34.715,31.63125,-29.700001,38.006252,1782,2004
24-Jun-2024 14:40:34.815,31.593752,-29.681252,38.081253,1782,2004
24-Jun-2024 14:40:34.915,31.593752,-29.681252,38.100002,1782,2004
24-Jun-2024 14:40:35.015,31.575001,-29.625002,38.0625,1782,2004
24-Jun-2024 14:40:35.115,31.481251,-29.643751,38.15625,1782,2004
24-Jun-2024 14:40:35.215,31.518751,-29.906252,38.268753,1782,2004
24-Jun-2024 14:40:35.315,31.518751,-29.85,38.306252,1782,2004
24-Jun-2024 14:40:35.415,31.5375,-29.906252,38.287502,1782,2004
24-Jun-2024 14:40:35.515,31.481251,-29.906252,38.400002,1782,2004
24-Jun-2024 14:40:35.615,31.387501,-29.887501,38.568752,1782,2004
24-Jun-2024 14:40:35.715,31.35,-29.737501,38.493752,1782,2004
24-Jun-2024 14:40:35.815,31.293751,-29.75625,38.456253,1782,2004
24-Jun-2024 14:40:35.915,31.312502,-29.6625,38.475002,1782,2004
24-Jun-2024 14:40:36.015,31.25625,-29.437502,38.306252,1782,2004
24-Jun-2024 14:40:36.115,31.200001,-29.437502,38.306252,1782,2004
24-Jun-2024 14:40:36.215,31.237501,-29.437502,38.306252,1782,2004
24-Jun-2024 14:40:36.315,31.218752,-29.437502,38.231251,1782,2004
24-Jun-2024 14:40:36.415,31.275002,-29.362501,38.137501,1782,2004
24-Jun-2024 14:40:36.515,31.331251,-29.550001,38.175003,1782,2004
24-Jun-2024 14:40:36.615,31.406252,-29.531252,38.268753,1782,2004
24-Jun-2024 14:40:36.715,31.462502,-29.56875,38.137501,1782,2004
24-Jun-2024 14:40:36.815,31.556252,-29.737501,38.25,1782,2004
24-Jun-2024 14:40:36.915,31.687502,-29.6625,38.231251,1782,2004
24-Jun-2024 14:40:37.015,31.650002,-29.456251,38.287502,1782,2004
24-Jun-2024 14:40:37.115,31.612501,-29.400002,38.362503,1782,2004
24-Jun-2024 14:40:37.215,31.63125,-29.493752,38.34375,1782,2004
24-Jun-2024 14:40:37.315,31.650002,-29.400002,38.4375,1782,2004
24-Jun-2024 14:40:37.415,31.687502,-29.437502,38.4375,1782,2004
24-Jun-2024 14:40:37.515,31.668751,-29.475,38.493752,1782,2004
24-Jun-2024 14:40:37.615,31.63125,-29.400002,38.456253,1782,2004
24-Jun-2024 14:40:37.715,31.556252,-29.475,38.418751,1782,2004
24-Jun-2024 14:40:37.815,31.63125,-29.531252,38.34375,1782,2004
24-Jun-2024 14:40:37.915,31.612501,-29.512501,38.268753,1782,2004
24-Jun-2024 14:40:38.015,31.650002,-29.550001,38.231251,1782,2004
24-Jun-2024 14:40:38.115,31.687502,-29.56875,38.25,1782,2004
24-Jun-2024 14:40:38.215,31.63125,-29.493752,38.212502,1782,2004
24-Jun-2024 14:40:38.315,31.518751,-29.531252,38.268753,1782,2004
24-Jun-2024 14:40:38.415,31.44375,-29.512501,38.306252,1782,2004
24-Jun-2024 14:40:38.515,31.5375,-29.400002,38.418751,1782,2004
24-Jun-2024 14:40:38.615,31.518751,-29.475,38.4375,1782,2004
24-Jun-2024 14:40:38.715,31.575001,-29.550001,38.568752,1782,2004
24-Jun-2024 14:40:38.815,31.44375,-29.531252,38.550003,1782,2004
24-Jun-2024 14:40:38.915,31.406252,-29.6625,38.493752,1782,2004
24-Jun-2024 14:40:39.015,31.481251,-29.550001,38.587502,1782,2004
24-Jun-2024 14:40:39.115,31.650002,-29.475,38.606251,1782,2004
24-Jun-2024 14:40:39.215,31.575001,-29.512501,38.475002,1782,2004
24-Jun-2024 14:40:39.315,31.500002,-29.606251,38.550003,1782,2004
24-Jun-2024 14:40:39.415,31.481251,-29.56875,38.512501,1782,2004
24-Jun-2024 14:40:39.515,31.425001,-29.531252,38.53125,1782,2004
24-Jun-2024 14:40:39.615,31.44375,-29.625002,38.737503,1782,2004
24-Jun-2024 14:40:39.715,31.387501,-29.550001,38.737503,1782,2004
24-Jun-2024 14:40:39.815,31.331251,-29.625002,38.662502,1782,2004
24-Jun-2024 14:40:39.915,31.181252,-29.643751,38.550003,1782,2004
24-Jun-2024 14:40:40.015,31.312502,-29.6625,38.643753,1782,2004
24-Jun-2024 14:40:40.115,31.312502,-29.625002,38.587502,1782,2004
24-Jun-2024 14:40:40.215,31.237501,-29.625002,38.625,1782,2004
24-Jun-2024 14:40:40.315,31.200001,-29.625002,38.53125,1782,2004
24-Jun-2024 14:40:40.415,31.218752,-29.587502,38.512501,1782,2004
24-Jun-2024 14:40:40.515,31.275002,-29.56875,38.475002,1782,2004
24-Jun-2024 14:40:40.615,31.275002,-29.681252,38.493752,1782,2004
24-Jun-2024 14:40:40.715,31.368752,-29.606251,38.587502,1782,2004
24-Jun-2024 14:40:40.815,31.368752,-29.56875,38.606251,1782,2004
24-Jun-2024 14:40:40.915,31.425001,-29.456251,38.550003,1782,2004
24-Jun-2024 14:40:41.015,31.44375,-29.475,38.700001,1782,2004
24-Jun-2024 14:40:41.115,31.575001,-29.56875,38.71875,1782,2004
24-Jun-2024 14:40:41.215,31.575001,-29.437502,38.606251,1782,2004
24-Jun-2024 14:40:41.315,31.481251,-29.531252,38.681252,1782,2004
24-Jun-2024 14:40:41.415,31.44375,-29.512501,38.643753,1782,2004
24-Jun-2024 14:40:41.515,31.44375,-29.56875,38.625,1782,2004
24-Jun-2024 14:40:41.615,31.518751,-29.550001,38.568752,1782,2004
24-Jun-2024 14:40:54.215,20.925001,-35.4375,14.64375,1915,2004
24-Jun-2024 14:40:54.315,20.90625,-35.53125,14.625001,1915,2004
24-Jun-2024 14:40:54.415,20.94375,-35.418751,14.625001,1915,2004
24-Jun-2024 14:40:54.515,20.94375,-35.34375,14.55,1915,2004
24-Jun-2024 14:40:54.615,21.0375,-35.34375,14.512501,1915,2004
24-Jun-2024 14:40:54.715,20.94375,-35.362503,14.475,1915,2004
24-Jun-2024 14:40:54.815,20.981251,-35.268753,14.493751,1915,2004
24-Jun-2024 14:40:54.915,21.112501,-35.137501,14.3625,1915,2004
24-Jun-2024 14:40:55.015,21.243752,-35.175003,14.475,1915,2004
24-Jun-2024 14:40:55.115,21.28125,-35.006252,14.55,1915,2004
24-Jun-2024 14:40:55.215,21.300001,-35.081253,14.587501,1915,2004
24-Jun-2024 14:40:55.315,21.206251,-35.100002,14.718751,1915,2004
24-Jun-2024 14:40:55.415,21.31875,-35.100002,14.775001,1915,2004
24-Jun-2024 14:40:55.515,21.46875,-35.0625,14.906251,1915,2004
24-Jun-2024 14:40:55.615,21.50625,-35.25,14.962501,1915,2004
24-Jun-2024 14:40:55.715,21.450001,-35.268753,15.0375,1915,2004
24-Jun-2024 14:40:55.815,21.50625,-35.137501,14.981251,1915,2004
24-Jun-2024 14:40:55.915,21.6,-35.25,14.962501,1915,2004
24-Jun-2024 14:40:56.015,21.46875,-35.231251,14.887501,1915,2004
24-Jun-2024 14:40:56.115,21.50625,-35.212502,15.01875,1915,2004
24-Jun-2024 14:40:56.214,21.46875,-35.231251,15.01875,1915,2004
24-Jun-2024 14:40:56.315,21.450001,-35.231251,14.925,1915,2004
24-Jun-2024 14:40:56.415,21.487501,-35.193752,14.981251,1915,2004
24-Jun-2024 14:40:56.515,21.50625,-35.15625,14.981251,1915,2004
24-Jun-2024 14:40:56.615,21.375,-35.100002,15.168751,1915,2004
24-Jun-2024 14:40:56.715,21.431252,-35.025002,15.262501,1915,2004
24-Jun-2024 14:40:56.815,21.675001,-34.950001,15.262501,1915,2004
24-Jun-2024 14:40:56.915,21.69375,-34.875,15.225,1915,2004
24-Jun-2024 14:40:57.015,21.731251,-34.78125,15.337501,1915,2004
24-Jun-2024 14:40:57.115,21.65625,-34.78125,15.3,1915,2004
24-Jun-2024 14:40:57.215,21.65625,-34.762501,15.225,1915,2004
24-Jun-2024 14:40:57.315,21.65625,-34.762501,15.243751,1915,2004
24-Jun-2024 14:40:57.415,21.75,-34.893753,15.1125,1915,2004
24-Jun-2024 14:40:57.515,21.618752,-34.931252,15.168751,1915,2004
24-Jun-2024 14:40:57.615,21.543751,-34.950001,15.20625,1915,2004
24-Jun-2024 14:40:57.715,21.5625,-34.987503,15.168751,1915,2004
24-Jun-2024 14:40:57.815,21.50625,-35.006252,15.075001,1915,2004
24-Jun-2024 14:40:57.915,21.581251,-35.137501,15.093751,1915,2004
24-Jun-2024 14:40:58.015,21.618752,-35.081253,14.981251,1915,2004
24-Jun-2024 14:40:58.115,21.637501,-35.175003,15.0375,1915,2004
24-Jun-2024 14:40:58.215,21.6,-35.100002,14.981251,1915,2004
24-Jun-2024 14:40:58.315,21.637501,-35.006252,14.812501,1915,2004
24-Jun-2024 14:40:58.415,21.637501,-34.96875,14.906251,1915,2004
24-Jun-2024 14:40:58.515,21.75,-35.118752,14.981251,1915,2004
24-Jun-2024 14:40:58.615,21.862501,-35.025002,15.056251,1915,2004
24-Jun-2024 14:40:58.715,21.862501,-34.96875,15.056251,1915,2004
24-Jun-2024 14:40:58.815,21.806252,-35.006252,15.1125,1915,2004
24-Jun-2024 14:40:58.915,21.825001,-34.950001,15.0375,1915,2004
24-Jun-2024 14:40:59.015,21.862501,-34.96875,15.000001,1915,2004
24-Jun-2024 14:40:59.115,21.956251,-34.987503,15.0375,1915,2004
24-Jun-2024 14:40:59.215,22.03125,-35.025002,15.01875,1915,2004
24-Jun-2024 14:40:59.315,21.993752,-34.950001,14.925,1915,2004
24-Jun-2024 14:40:59.415,21.88125,-34.96875,14.83125,1915,2004
24-Jun-2024 14:40:59.515,21.88125,-34.912502,14.83125,1915,2004
24-Jun-2024 14:40:59.615,21.975,-34.837502,14.83125,1915,2004
24-Jun-2024 14:40:59.715,22.012501,-34.800003,14.868751,1915,2004
24-Jun-2024 14:40:59.815,21.975,-34.837502,14.812501,1915,2004
24-Jun-2024 14:40:59.915,21.88125,-34.912502,14.75625,1915,2004
24-Jun-2024 14:41:00.015,21.825001,-34.875,14.625001,1915,2004
24-Jun-2024 14:41:00.115,21.825001,-34.800003,14.718751,1915,2004
24-Jun-2024 14:41:00.215,21.806252,-34.818752,14.625001,1915,2004
24-Jun-2024 14:41:00.315,21.806252,-34.875,14.606251,1915,2004
24-Jun-2024 14:41:00.415,21.75,-34.893753,14.56875,1915,2004
24-Jun-2024 14:41:00.515,21.675001,-34.856251,14.587501,1915,2004
24-Jun-2024 14:41:00.615,21.712502,-34.912502,14.64375,1915,2004
24-Jun-2024 14:41:00.715,21.7875,-34.893753,14.718751,1915,2004
24-Jun-2024 14:41:00.815,21.84375,-34.800003,14.83125,1915,2004
24-Jun-2024 14:41:00.915,21.75,-34.837502,14.793751,1915,2004
24-Jun-2024 14:41:01.015,21.7875,-34.912502,14.83125,1915,2004
24-Jun-2024 14:41:01.115,21.862501,-34.818752,14.75625,1915,2004
24-Jun-2024 14:41:01.215,21.825001,-34.818752,14.85,1915,2004
24-Jun-2024 14:41:01.315,21.84375,-34.875,14.812501,1915,2004
24-Jun-2024 14:41:01.415,21.7875,-34.837502,14.887501,1915,2004
24-Jun-2024 14:41:01.515,21.825001,-34.725002,14.775001,1915,2004
24-Jun-2024 14:41:01.615,21.7875,-34.950001,14.718751,1915,2004
24-Jun-2024 14:41:01.715,21.825001,-35.025002,14.55,1915,2004
24-Jun-2024 14:41:01.815,21.862501,-34.950001,14.55,1915,2004
24-Jun-2024 14:41:01.915,21.825001,-35.0625,14.55,1915,2004
24-Jun-2024 14:41:02.015,21.75,-35.006252,14.38125,1915,2004
24-Jun-2024 14:41:02.115,21.768751,-34.987503,14.306251,1915,2004
24-Jun-2024 14:41:02.215,21.7875,-35.006252,14.2875,1915,2004
24-Jun-2024 14:41:02.315,21.768751,-35.193752,14.250001,1915,2004
24-Jun-2024 14:41:02.415,21.69375,-35.100002,14.306251,1915,2004
24-Jun-2024 14:41:02.515,21.675001,-35.043751,14.45625,1915,2004
24-Jun-2024 14:41:02.615,21.6,-35.025002,14.55,1915,2004
24-Jun-2024 14:41:02.715,21.543751,-34.950001,14.587501,1915,2004
24-Jun-2024 14:41:02.815,21.581251,-35.100002,14.700001,1915,2004
24-Jun-2024 14:41:02.915,21.5625,-35.0625,14.793751,1915,2004
24-Jun-2024 14:41:03.015,21.618752,-34.931252,14.75625,1915,2004
24-Jun-2024 14:41:03.115,21.4125,-34.875,14.812501,1915,2004
24-Jun-2024 14:41:03.215,21.487501,-34.893753,14.700001,1915,2004
24-Jun-2024 14:41:03.315,21.5625,-34.875,14.681251,1915,2004
24-Jun-2024 14:41:03.415,21.5625,-34.912502,14.606251,1915,2004
24-Jun-2024 14:41:03.515,21.5625,-34.837502,14.56875,1915,2004
24-Jun-2024 14:41:03.615,21.5625,-34.762501,14.493751,1915,2004
24-Jun-2024 14:41:03.715,21.6,-34.800003,14.418751,1915,2004
24-Jun-2024 14:41:03.815,21.50625,-34.818752,14.437501,1915,2004
24-Jun-2024 14:41:03.915,21.618752,-34.78125,14.55,1915,2004
24-Jun-2024 14:41:04.015,21.581251,-34.762501,14.587501,1915,2004
24-Jun-2024 14:41:04.115,21.5625,-34.837502,14.587501,1915,2004
24-Jun-2024 14:41:42.114,-2.625,-50.850002,13.856251,2413,1900
24-Jun-2024 14:41:42.214,-2.79375,-50.718754,13.931251,2413,1900
24-Jun-2024 14:41:42.314,-2.68125,-50.793751,13.856251,2413,1900
24-Jun-2024 14:41:42.414,-2.90625,-50.887501,13.781251,2413,1900
24-Jun-2024 14:41:42.514,-2.86875,-50.925003,13.8,2413,1900
24-Jun-2024 14:41:42.614,-2.8125,-50.868752,13.8,2413,1900
24-Jun-2024 14:41:42.714,-2.86875,-50.906254,13.9875,2413,1900
24-Jun-2024 14:41:42.814,-2.86875,-50.812504,14.043751,2413,1900
24-Jun-2024 14:41:42.914,-2.75625,-50.850002,14.043751,2413,1900
24-Jun-2024 14:41:43.014,-2.5875,-50.943752,14.137501,2413,1900
24-Jun-2024 14:41:43.114,-2.49375,-50.943752,14.231251,2413,1900
24-Jun-2024 14:41:43.214,-2.2125,-50.831253,14.175,2413,1900
24-Jun-2024 14:41:43.314,-2.23125,-50.906254,14.26875,2413,1900
24-Jun-2024 14:41:43.414,-2.11875,-50.981251,14.306251,2413,1900
24-Jun-2024 14:41:43.514,-2.08125,-51.000004,14.2875,2413,1900
24-Jun-2024 14:41:43.614,-2.1375,-50.943752,14.343751,2413,1900
24-Jun-2024 14:41:43.714,-2.11875,-50.981251,14.437501,2413,1900
24-Jun-2024 14:41:43.814,-2.1,-51.093754,14.400001,2413,1900
24-Jun-2024 14:41:43.914,-2.15625,-51.075001,14.512501,2413,1900
24-Jun-2024 14:41:44.014,-2.2875,-51.112503,14.681251,2413,1900
24-Jun-2024 14:41:44.114,-2.08125,-51.000004,14.64375,2413,1900
24-Jun-2024 14:41:44.214,-2.1375,-50.981251,14.6625,2413,1900
24-Jun-2024 14:41:44.314,-1.9875,-51.037502,14.700001,2413,1900
24-Jun-2024 14:41:44.414,-1.875,-51.000004,14.718751,2413,1900
24-Jun-2024 14:41:44.514,-1.85625,-50.962502,14.64375,2413,1900
24-Jun-2024 14:41:44.614,-1.89375,-50.906254,14.700001,2413,1900
24-Jun-2024 14:41:44.714,-1.7625,-50.943752,14.418751,2413,1900
24-Jun-2024 14:41:44.814,-1.725,-50.925003,14.38125,2413,1900
24-Jun-2024 14:41:44.914,-1.78125,-51.150002,14.400001,2413,1900
24-Jun-2024 14:41:45.014,-1.7625,-51.037502,14.3625,2413,1900
24-Jun-2024 14:41:45.114,-1.78125,-51.018753,14.212501,2413,1900
24-Jun-2024 14:41:45.214,-1.93125,-51.000004,14.175,2413,1900
24-Jun-2024 14:41:45.314,-1.89375,-51.037502,14.137501,2413,1900
24-Jun-2024 14:41:45.414,-1.8375,-50.906254,14.118751,2413,1900
24-Jun-2024 14:41:45.514,-1.875,-50.887501,14.2875,2413,1900
24-Jun-2024 14:41:45.614,-1.8,-50.812504,14.38125,2413,1900
24-Jun-2024 14:41:45.714,-1.78125,-50.756252,14.3625,2413,1900
24-Jun-2024 14:41:45.814,-1.6875,-50.831253,14.418751,2413,1900
24-Jun-2024 14:41:45.914,-1.66875,-50.775002,14.587501,2413,1900
24-Jun-2024 14:41:46.014,-1.5375,-50.906254,14.6625,2413,1900
24-Jun-2024 14:41:46.114,-1.5375,-50.756252,14.700001,2413,1900
24-Jun-2024 14:41:46.214,-1.59375,-50.831253,14.681251,2413,1900
24-Jun-2024 14:41:46.314,-1.51875,-50.812504,14.64375,2413,1900
24-Jun-2024 14:41:46.414,-1.6125,-50.812504,14.64375,2413,1900
24-Jun-2024 14:41:46.514,-1.6125,-50.737503,14.700001,2413,1900
24-Jun-2024 14:41:46.614,-1.78125,-50.756252,14.775001,2413,1900
24-Jun-2024 14:41:46.714,-1.8,-50.718754,14.7375,2413,1900
24-Jun-2024 14:41:46.814,-1.8,-50.793751,14.700001,2413,1900
24-Jun-2024 14:41:46.914,-1.8375,-50.981251,14.64375,2413,1900
24-Jun-2024 14:41:47.014,-1.66875,-50.962502,14.625001,2413,1900
24-Jun-2024 14:41:47.114,-1.70625,-50.943752,14.56875,2413,1900
24-Jun-2024 14:41:47.214,-1.65,-50.962502,14.531251,2413,1900
24-Jun-2024 14:41:47.314,-1.66875,-50.906254,14.45625,2413,1900
24-Jun-2024 14:41:47.414,-1.63125,-50.925003,14.400001,2413,1900
24-Jun-2024 14:41:47.514,-1.6125,-51.000004,14.343751,2413,1900
24-Jun-2024 14:41:47.614,-1.575,-50.962502,14.231251,2413,1900
24-Jun-2024 14:41:47.714,-1.55625,-50.981251,14.325001,2413,1900
24-Jun-2024 14:41:47.814,-1.725,-50.981251,14.2875,2413,1900
24-Jun-2024 14:41:47.914,-1.74375,-50.906254,14.325001,2413,1900
24-Jun-2024 14:41:48.014,-1.725,-50.812504,14.306251,2413,1900
24-Jun-2024 14:41:48.114,-1.725,-50.831253,14.418751,2413,1900
24-Jun-2024 14:41:48.214,-1.6125,-50.700001,14.38125,2413,1900
24-Jun-2024 14:41:48.314,-1.74375,-50.662502,14.38125,2413,1900
24-Jun-2024 14:41:48.414,-1.65,-50.568752,14.493751,2413,1900
24-Jun-2024 14:41:48.514,-1.63125,-50.456253,14.400001,2413,1900
24-Jun-2024 14:41:48.614,-1.6125,-50.493752,14.400001,2413,1900
24-Jun-2024 14:41:48.714,-1.59375,-50.568752,14.437501,2413,1900
24-Jun-2024 14:41:48.814,-1.63125,-50.681252,14.437501,2413,1900
24-Jun-2024 14:41:48.914,-1.575,-50.700001,14.400001,2413,1900
24-Jun-2024 14:41:49.014,-1.6125,-50.737503,14.400001,2413,1900
24-Jun-2024 14:41:49.114,-1.6125,-50.812504,14.45625,2413,1900
24-Jun-2024 14:41:49.214,-1.59375,-50.775002,14.38125,2413,1900
24-Jun-2024 14:41:49.314,-1.5,-50.756252,14.475,2413,1900
24-Jun-2024 14:41:49.414,-1.425,-50.662502,14.56875,2413,1900
24-Jun-2024 14:41:49.514,-1.48125,-50.625004,14.531251,2413,1900
24-Jun-2024 14:41:49.614,-1.575,-50.587502,14.55,2413,1900
24-Jun-2024 14:41:49.714,-1.51875,-50.493752,14.56875,2413,1900
24-Jun-2024 14:41:49.814,-1.70625,-50.568752,14.75625,2413,1900
24-Jun-2024 14:41:49.914,-1.575,-50.662502,14.775001,2413,1900
24-Jun-2024 14:41:50.014,-1.78125,-50.737503,14.85,2413,1900
24-Jun-2024 14:41:50.114,-1.8375,-50.831253,14.85,2413,1900
24-Jun-2024 14:41:50.214,-1.8375,-50.868752,14.718751,2413,1900
24-Jun-2024 14:41:50.314,-1.7625,-50.925003,14.700001,2413,1900
24-Jun-2024 14:41:50.414,-1.59375,-50.981251,14.64375,2413,1900
24-Jun-2024 14:41:50.514,-1.63125,-51.150002,14.587501,2413,1900
24-Jun-2024 14:41:50.614,-1.4625,-51.018753,14.38125,2413,1900
24-Jun-2024 14:41:50.714,-1.51875,-50.868752,14.250001,2413,1900
24-Jun-2024 14:41:50.813,-1.44375,-50.831253,14.118751,2413,1900
24-Jun-2024 14:41:50.914,-1.51875,-50.831253,14.025001,2413,1900
24-Jun-2024 14:41:51.014,-1.51875,-50.887501,14.025001,2413,1900
24-Jun-2024 14:41:51.114,-1.5375,-50.831253,13.950001,2413,1900
24-Jun-2024 14:41:51.214,-1.51875,-50.681252,13.856251,2413,1900
24-Jun-2024 14:41:51.314,-1.55625,-50.625004,13.856251,2413,1900
24-Jun-2024 14:41:51.414,-1.5375,-50.662502,13.81875,2413,1900
24-Jun-2024 14:41:51.514,-1.55625,-50.756252,13.89375,2413,1900
24-Jun-2024 14:41:51.614,-1.55625,-50.812504,13.837501,2413,1900
24-Jun-2024 14:41:51.714,-1.4625,-50.756252,13.743751,2413,1900
24-Jun-2024 14:41:51.814,-1.48125,-50.681252,13.762501,2413,1900
24-Jun-2024 14:41:51.914,-1.40625,-50.700001,13.8,2413,1900
24-Jun-2024 14:41:52.014,-1.5375,-50.700001,13.781251,2413,1900
24-Jun-2024 14:42:58.114,-2.925,37.40625,-18.918751,2836,1797
24-Jun-2024 14:42:58.214,-3,37.275002,-18.9375,2836,1797
24-Jun-2024 14:42:58.314,-3.09375,37.3125,-18.88125,2836,1797
24-Jun-2024 14:42:58.414,-3.13125,37.387501,-18.9375,2836,1797
24-Jun-2024 14:42:58.514,-3.31875,37.40625,-18.900002,2836,1797
24-Jun-2024 14:42:58.614,-3.2625,37.387501,-18.918751,2836,1797
24-Jun-2024 14:42:58.714,-3.3375,37.575001,-18.84375,2836,1797
24-Jun-2024 14:42:58.814,-3.35625,37.537502,-18.768751,2836,1797
24-Jun-2024 14:42:58.914,-3.4125,37.612503,-18.768751,2836,1797
24-Jun-2024 14:42:59.014,-3.39375,37.743752,-18.65625,2836,1797
24-Jun-2024 14:42:59.114,-3.28125,37.650002,-18.65625,2836,1797
24-Jun-2024 14:42:59.214,-3.16875,37.612503,-18.543751,2836,1797
24-Jun-2024 14:42:59.314,-2.90625,37.650002,-19.106251,2836,1797
24-Jun-2024 14:42:59.414,-2.98125,37.575001,-19.06875,2836,1797
24-Jun-2024 14:42:59.514,-2.8875,37.387501,-19.143751,2836,1797
24-Jun-2024 14:42:59.614,-2.8875,37.443752,-19.03125,2836,1797
24-Jun-2024 14:42:59.714,-2.7375,37.21875,-18.9375,2836,1797
24-Jun-2024 14:42:59.814,-2.86875,37.181252,-18.88125,2836,1797
24-Jun-2024 14:42:59.914,-2.83125,37.256252,-18.825001,2836,1797
24-Jun-2024 14:43:00.014,-2.9625,37.125,-18.84375,2836,1797
24-Jun-2024 14:43:00.114,-2.90625,37.143753,-18.956251,2836,1797
24-Jun-2024 14:43:00.214,-2.83125,37.181252,-18.975,2836,1797
24-Jun-2024 14:43:00.314,-2.83125,37.293751,-18.918751,2836,1797
24-Jun-2024 14:43:00.414,-2.75625,37.3125,-18.993752,2836,1797
24-Jun-2024 14:43:00.514,-2.83125,37.368752,-19.087502,2836,1797
24-Jun-2024 14:43:00.614,-2.7375,37.40625,-19.21875,2836,1797
24-Jun-2024 14:43:00.714,-2.7375,37.425003,-19.25625,2836,1797
24-Jun-2024 14:43:00.814,-2.7,37.556252,-19.368752,2836,1797
24-Jun-2024 14:43:00.914,-2.79375,37.556252,-19.368752,2836,1797
24-Jun-2024 14:43:01.014,-2.90625,37.537502,-19.331251,2836,1797
24-Jun-2024 14:43:01.114,-2.9625,37.425003,-19.425001,2836,1797
24-Jun-2024 14:43:01.214,-3.05625,37.40625,-19.5,2836,1797
24-Jun-2024 14:43:01.314,-3.09375,37.481251,-19.5,2836,1797
24-Jun-2024 14:43:01.414,-3.05625,37.5,-19.5,2836,1797
24-Jun-2024 14:43:01.514,-3.15,37.556252,-19.462502,2836,1797
24-Jun-2024 14:43:01.614,-3.1875,37.518753,-19.44375,2836,1797
24-Jun-2024 14:43:01.714,-3.15,37.5,-19.462502,2836,1797
24-Jun-2024 14:43:01.814,-3.13125,37.518753,-19.556252,2836,1797
24-Jun-2024 14:43:01.914,-3.16875,37.575001,-19.668751,2836,1797
24-Jun-2024 14:43:02.014,-3.20625,37.518753,-19.63125,2836,1797
24-Jun-2024 14:43:02.114,-3.16875,37.443752,-19.5375,2836,1797
24-Jun-2024 14:43:02.214,-3.1875,37.481251,-19.518751,2836,1797
24-Jun-2024 14:43:02.314,-3.1125,37.293751,-19.63125,2836,1797
24-Jun-2024 14:43:02.414,-3.075,37.275002,-19.612501,2836,1797
24-Jun-2024 14:43:02.514,-3.0375,37.200001,-19.63125,2836,1797
24-Jun-2024 14:43:02.614,-2.9625,37.162502,-19.59375,2836,1797
24-Jun-2024 14:43:02.714,-2.94375,37.068752,-19.5,2836,1797
24-Jun-2024 14:43:02.814,-2.8875,37.143753,-19.518751,2836,1797
24-Jun-2024 14:43:02.914,-2.83125,37.237503,-19.706251,2836,1797
24-Jun-2024 14:43:03.014,-2.83125,37.087502,-19.743752,2836,1797
24-Jun-2024 14:43:03.114,-2.86875,37.068752,-19.6875,2836,1797
24-Jun-2024 14:43:03.214,-2.7375,37.050003,-19.706251,2836,1797
24-Jun-2024 14:43:03.314,-2.64375,37.200001,-19.762501,2836,1797
24-Jun-2024 14:43:03.414,-2.625,37.125,-19.856251,2836,1797
24-Jun-2024 14:43:03.514,-2.55,37.21875,-19.96875,2836,1797
24-Jun-2024 14:43:03.614,-2.45625,37.200001,-20.025002,2836,1797
24-Jun-2024 14:43:03.714,-2.475,37.181252,-19.875,2836,1797
24-Jun-2024 14:43:03.814,-2.38125,37.143753,-19.856251,2836,1797
24-Jun-2024 14:43:03.914,-2.4,37.3125,-20.00625,2836,1797
24-Jun-2024 14:43:04.014,-2.60625,37.293751,-20.0625,2836,1797
24-Jun-2024 14:43:04.114,-2.7375,37.200001,-20.081251,2836,1797
24-Jun-2024 14:43:04.214,-2.79375,37.256252,-20.00625,2836,1797
24-Jun-2024 14:43:04.314,-2.8875,37.350002,-19.893751,2836,1797
24-Jun-2024 14:43:04.414,-3.0375,37.275002,-19.893751,2836,1797
24-Jun-2024 14:43:04.514,-3.05625,37.237503,-19.931252,2836,1797
24-Jun-2024 14:43:04.614,-3.1875,37.275002,-19.9125,2836,1797
24-Jun-2024 14:43:04.714,-3.05625,37.21875,-19.78125,2836,1797
24-Jun-2024 14:43:04.814,-2.94375,37.3125,-19.725,2836,1797
24-Jun-2024 14:43:04.914,-2.925,37.331253,-19.706251,2836,1797
24-Jun-2024 14:43:05.014,-2.94375,37.331253,-19.762501,2836,1797
24-Jun-2024 14:43:05.114,-2.8875,37.275002,-19.706251,2836,1797
24-Jun-2024 14:43:05.214,-2.8875,37.21875,-19.6875,2836,1797
24-Jun-2024 14:43:05.314,-2.775,37.21875,-19.706251,2836,1797
24-Jun-2024 14:43:05.414,-2.71875,37.21875,-19.612501,2836,1797
24-Jun-2024 14:43:05.514,-2.79375,37.275002,-19.575001,2836,1797
24-Jun-2024 14:43:05.614,-2.79375,37.237503,-19.5375,2836,1797
24-Jun-2024 14:43:05.714,-2.7,37.293751,-19.556252,2836,1797
24-Jun-2024 14:43:05.814,-2.625,37.293751,-19.5,2836,1797
24-Jun-2024 14:43:05.914,-2.7375,37.293751,-19.556252,2836,1797
24-Jun-2024 14:43:06.014,-2.64375,37.3125,-19.44375,2836,1797
24-Jun-2024 14:43:06.114,-2.7,37.368752,-19.40625,2836,1797
24-Jun-2024 14:43:06.214,-2.775,37.40625,-19.518751,2836,1797
24-Jun-2024 14:43:06.314,-2.86875,37.350002,-19.481251,2836,1797
24-Jun-2024 14:43:06.414,-2.9625,37.350002,-19.425001,2836,1797
24-Jun-2024 14:43:06.514,-3.05625,37.275002,-19.25625,2836,1797
24-Jun-2024 14:43:06.614,-3.13125,37.143753,-19.237501,2836,1797
24-Jun-2024 14:43:06.714,-3.075,37.106251,-19.275002,2836,1797
24-Jun-2024 14:43:06.814,-3.1125,37.125,-19.387501,2836,1797
24-Jun-2024 14:43:06.914,-3.075,37.03125,-19.481251,2836,1797
24-Jun-2024 14:43:07.014,-3.09375,37.106251,-19.40625,2836,1797
24-Jun-2024 14:43:07.114,-2.94375,37.181252,-19.462502,2836,1797
24-Jun-2024 14:43:07.214,-2.8875,37.200001,-19.481251,2836,1797
24-Jun-2024 14:43:07.314,-3.0375,37.181252,-19.59375,2836,1797
24-Jun-2024 14:43:07.414,-3.05625,37.331253,-19.6875,2836,1797
24-Jun-2024 14:43:07.514,-3,37.350002,-19.63125,2836,1797
24-Jun-2024 14:43:07.614,-2.94375,37.481251,-19.59375,2836,1797
24-Jun-2024 14:43:07.714,-3.075,37.518753,-19.481251,2836,1797
24-Jun-2024 14:43:07.814,-3,37.537502,-19.668751,2836,1797
24-Jun-2024 14:43:07.914,-3.075,37.518753,-19.743752,2836,1797
24-Jun-2024 14:43:08.014,-3.09375,37.462502,-19.706251,2836,1797
24-Jun-2024 14:43:22.213,-36.618752,9.13125,-14.38125,2700,1797
24-Jun-2024 14:43:22.313,-36.675003,9.075001,-14.3625,2700,1797
24-Jun-2024 14:43:22.412,-36.581253,9.075001,-14.493751,2700,1797
24-Jun-2024 14:43:22.513,-36.65625,9,-14.64375,2700,1797
24-Jun-2024 14:43:22.613,-36.618752,9.075001,-14.812501,2700,1797
24-Jun-2024 14:43:22.713,-36.543751,9.1125,-14.85,2700,1797
24-Jun-2024 14:43:22.813,-36.487503,9.056251,-14.94375,2700,1797
24-Jun-2024 14:43:22.913,-36.581253,8.962501,-15.093751,2700,1797
24-Jun-2024 14:43:23.013,-36.5625,8.868751,-15.20625,2700,1797
24-Jun-2024 14:43:23.113,-36.487503,8.775001,-15.281251,2700,1797
24-Jun-2024 14:43:23.213,-36.46875,8.681251,-15.262501,2700,1797
24-Jun-2024 14:43:23.313,-36.46875,8.587501,-15.225,2700,1797
24-Jun-2024 14:43:23.413,-36.487503,8.4375,-15.187501,2700,1797
24-Jun-2024 14:43:23.513,-36.412502,8.306251,-15.243751,2700,1797
24-Jun-2024 14:43:23.613,-36.375,8.34375,-15.356251,2700,1797
24-Jun-2024 14:43:23.713,-36.150002,8.306251,-15.168751,2700,1797
24-Jun-2024 14:43:23.813,-36.112503,8.325001,-15.225,2700,1797
24-Jun-2024 14:43:23.913,-36.150002,8.3625,-15.31875,2700,1797
24-Jun-2024 14:43:24.013,-36.131252,8.45625,-15.225,2700,1797
24-Jun-2024 14:43:24.113,-36.131252,8.493751,-15.187501,2700,1797
24-Jun-2024 14:43:24.213,-35.981251,8.55,-15.281251,2700,1797
24-Jun-2024 14:43:24.313,-35.90625,8.64375,-15.281251,2700,1797
24-Jun-2024 14:43:24.413,-35.887501,8.587501,-15.150001,2700,1797
24-Jun-2024 14:43:24.513,-36.037502,8.64375,-15.187501,2700,1797
24-Jun-2024 14:43:24.613,-36.018753,8.6625,-15.13125,2700,1797
24-Jun-2024 14:43:24.713,-36.018753,8.700001,-15.093751,2700,1797
24-Jun-2024 14:43:24.813,-36.131252,8.606251,-15.20625,2700,1797
24-Jun-2024 14:43:24.913,-36.206253,8.587501,-15.281251,2700,1797
24-Jun-2024 14:43:25.013,-36.337502,8.587501,-15.187501,2700,1797
24-Jun-2024 14:43:25.113,-36.65625,8.53125,-15.168751,2700,1797
24-Jun-2024 14:43:25.213,-36.75,8.55,-15.31875,2700,1797
24-Jun-2024 14:43:25.313,-36.768753,8.475,-15.3,2700,1797
24-Jun-2024 14:43:25.413,-36.731251,8.493751,-15.31875,2700,1797
24-Jun-2024 14:43:25.513,-36.75,8.475,-15.337501,2700,1797
24-Jun-2024 14:43:25.613,-36.600002,8.587501,-15.375001,2700,1797
24-Jun-2024 14:43:25.713,-36.637501,8.64375,-15.356251,2700,1797
24-Jun-2024 14:43:25.813,-36.506252,8.6625,-15.450001,2700,1797
24-Jun-2024 14:43:25.913,-36.300003,8.56875,-15.50625,2700,1797
24-Jun-2024 14:43:26.013,-36.28125,8.625,-15.4125,2700,1797
24-Jun-2024 14:43:26.113,-36.262501,8.8125,-15.450001,2700,1797
24-Jun-2024 14:43:26.213,-36.375,8.85,-15.375001,2700,1797
24-Jun-2024 14:43:26.313,-36.393753,9,-15.3,2700,1797
24-Jun-2024 14:43:26.413,-36.450001,9.1125,-15.3,2700,1797
24-Jun-2024 14:43:26.513,-36.318752,9.1875,-15.31875,2700,1797
24-Jun-2024 14:43:26.613,-36.356251,9.1875,-15.243751,2700,1797
24-Jun-2024 14:43:26.713,-36.375,9.356251,-15.1125,2700,1797
24-Jun-2024 14:43:26.813,-36.412502,9.4875,-15.0375,2700,1797
24-Jun-2024 14:43:26.913,-36.356251,9.543751,-15.000001,2700,1797
24-Jun-2024 14:43:27.013,-36.356251,9.58125,-15.093751,2700,1797
24-Jun-2024 14:43:27.113,-36.262501,9.637501,-15.01875,2700,1797
24-Jun-2024 14:43:27.213,-36.337502,9.69375,-14.925,2700,1797
24-Jun-2024 14:43:27.313,-36.28125,9.76875,-14.775001,2700,1797
24-Jun-2024 14:43:27.413,-36.300003,9.95625,-14.75625,2700,1797
24-Jun-2024 14:43:27.513,-36.262501,10.06875,-14.75625,2700,1797
24-Jun-2024 14:43:27.613,-36.1875,10.181251,-14.812501,2700,1797
24-Jun-2024 14:43:27.713,-36.300003,10.3125,-14.7375,2700,1797
24-Jun-2024 14:43:27.813,-36.412502,10.462501,-14.83125,2700,1797
24-Jun-2024 14:43:27.913,-36.412502,10.5375,-14.887501,2700,1797
24-Jun-2024 14:43:28.013,-36.356251,10.44375,-14.906251,2700,1797
24-Jun-2024 14:43:28.113,-36.431252,10.44375,-15.000001,2700,1797
24-Jun-2024 14:43:28.213,-36.393753,10.44375,-15.01875,2700,1797
24-Jun-2024 14:43:28.313,-36.412502,10.481251,-15.01875,2700,1797
24-Jun-2024 14:43:28.413,-36.393753,10.481251,-14.962501,2700,1797
24-Jun-2024 14:43:28.513,-36.262501,10.35,-15.000001,2700,1797
24-Jun-2024 14:43:28.613,-36.075001,10.33125,-14.887501,2700,1797
24-Jun-2024 14:43:28.713,-36.056252,10.33125,-14.925,2700,1797
24-Jun-2024 14:43:28.813,-36.075001,10.425,-14.925,2700,1797
24-Jun-2024 14:43:28.913,-36.037502,10.44375,-14.868751,2700,1797
24-Jun-2024 14:43:29.013,-36.056252,10.51875,-14.775001,2700,1797
24-Jun-2024 14:43:29.113,-36.018753,10.556251,-14.906251,2700,1797
24-Jun-2024 14:43:29.213,-35.962502,10.556251,-14.962501,2700,1797
24-Jun-2024 14:43:29.313,-35.943752,10.668751,-15.000001,2700,1797
24-Jun-2024 14:43:29.413,-35.962502,10.650001,-15.150001,2700,1797
24-Jun-2024 14:43:29.513,-35.90625,10.650001,-15.150001,2700,1797
24-Jun-2024 14:43:29.613,-35.850002,10.63125,-15.168751,2700,1797
24-Jun-2024 14:43:29.713,-35.8125,10.63125,-15.3,2700,1797
24-Jun-2024 14:43:29.813,-35.925003,10.556251,-15.375001,2700,1797
24-Jun-2024 14:43:29.913,-35.962502,10.5,-15.31875,2700,1797
24-Jun-2024 14:43:30.013,-36.018753,10.425,-15.225,2700,1797
24-Jun-2024 14:43:30.113,-36.09375,10.35,-15.20625,2700,1797
24-Jun-2024 14:43:30.213,-36.037502,10.293751,-15.093751,2700,1797
24-Jun-2024 14:43:30.313,-36.075001,10.200001,-15.0375,2700,1797
24-Jun-2024 14:43:30.413,-36.150002,10.3125,-14.962501,2700,1797
24-Jun-2024 14:43:30.513,-36.206253,10.40625,-14.925,2700,1797
24-Jun-2024 14:43:30.613,-36.206253,10.5,-14.925,2700,1797
24-Jun-2024 14:43:30.713,-36.225002,10.5375,-14.906251,2700,1797
24-Jun-2024 14:43:30.813,-36.168751,10.51875,-15.000001,2700,1797
24-Jun-2024 14:43:30.913,-36.150002,10.6125,-14.962501,2700,1797
24-Jun-2024 14:43:31.013,-36.225002,10.6875,-14.887501,2700,1797
24-Jun-2024 14:43:31.113,-36.262501,10.668751,-14.83125,2700,1797
24-Jun-2024 14:43:31.213,-36.1875,10.6125,-14.793751,2700,1797
24-Jun-2024 14:43:31.313,-36.262501,10.5,-14.681251,2700,1797
24-Jun-2024 14:43:31.413,-36.262501,10.44375,-14.587501,2700,1797
24-Jun-2024 14:43:31.513,-36.243752,10.40625,-14.606251,2700,1797
24-Jun-2024 14:43:31.613,-36.337502,10.35,-14.45625,2700,1797
24-Jun-2024 14:43:31.713,-36.28125,10.3125,-14.437501,2700,1797
24-Jun-2024 14:43:31.813,-36.225002,10.2375,-14.493751,2700,1797
24-Jun-2024 14:43:31.913,-36.431252,10.3125,-14.55,2700,1797
24-Jun-2024 14:43:32.013,-36.506252,10.200001,-14.64375,2700,1797
24-Jun-2024 14:43:32.113,-36.450001,10.25625,-14.606251,2700,1797
24-Jun-2024 14:43:44.113,7.6875,47.756252,-18.09375,2700,1626
24-Jun-2024 14:43:44.213,7.65,47.793751,-18,2700,1626
24-Jun-2024 14:43:44.313,7.40625,47.8125,-17.90625,2700,1626
24-Jun-2024 14:43:44.413,7.35,47.831253,-17.75625,2700,1626
24-Jun-2024 14:43:44.513,7.29375,47.90625,-17.700001,2700,1626
24-Jun-2024 14:43:44.613,7.10625,48.150002,-17.681252,2700,1626
24-Jun-2024 14:43:44.713,7.10625,48.112503,-17.53125,2700,1626
24-Jun-2024 14:43:44.813,7.03125,48.225002,-17.400002,2700,1626
24-Jun-2024 14:43:44.913,6.84375,48.262501,-17.38125,2700,1626
24-Jun-2024 14:43:45.013,6.6,48.356251,-17.325001,2700,1626
24-Jun-2024 14:43:45.113,6.58125,48.412502,-17.268751,2700,1626
24-Jun-2024 14:43:45.213,6.46875,48.431252,-17.38125,2700,1626
24-Jun-2024 14:43:45.313,6.31875,48.468754,-17.268751,2700,1626
24-Jun-2024 14:43:45.413,6.225,48.431252,-17.15625,2700,1626
24-Jun-2024 14:43:45.513,6.09375,48.412502,-17.212502,2700,1626
24-Jun-2024 14:43:45.613,6.0375,48.356251,-17.2875,2700,1626
24-Jun-2024 14:43:45.713,5.94375,48.375004,-17.34375,2700,1626
24-Jun-2024 14:43:45.813,5.85,48.337502,-17.418751,2700,1626
24-Jun-2024 14:43:45.913,5.79375,48.262501,-17.4375,2700,1626
24-Jun-2024 14:43:46.013,5.775,48.300003,-17.268751,2700,1626
24-Jun-2024 14:43:46.113,5.7375,48.318752,-17.231251,2700,1626
24-Jun-2024 14:43:46.213,5.71875,48.318752,-17.231251,2700,1626
24-Jun-2024 14:43:46.313,5.625,48.318752,-17.19375,2700,1626
24-Jun-2024 14:43:46.413,5.5875,48.393753,-17.15625,2700,1626
24-Jun-2024 14:43:46.513,5.64375,48.262501,-17.15625,2700,1626
24-Jun-2024 14:43:46.613,5.64375,48.318752,-17.118752,2700,1626
24-Jun-2024 14:43:46.713,5.625,48.337502,-17.19375,2700,1626
24-Jun-2024 14:43:46.813,5.475,48.281254,-17.2875,2700,1626
24-Jun-2024 14:43:46.913,5.3625,48.318752,-17.418751,2700,1626
24-Jun-2024 14:43:47.013,5.25,48.262501,-17.475,2700,1626
24-Jun-2024 14:43:47.113,5.23125,48.206253,-17.4375,2700,1626
24-Jun-2024 14:43:47.213,5.11875,48.243752,-17.53125,2700,1626
24-Jun-2024 14:43:47.313,5.1,48.375004,-17.493752,2700,1626
24-Jun-2024 14:43:47.413,5.23125,48.412502,-17.475,2700,1626
24-Jun-2024 14:43:47.513,5.175,48.431252,-17.493752,2700,1626
24-Jun-2024 14:43:47.613,5.2125,48.412502,-17.512501,2700,1626
24-Jun-2024 14:43:47.713,5.23125,48.375004,-17.418751,2700,1626
24-Jun-2024 14:43:47.813,5.30625,48.431252,-17.587502,2700,1626
24-Jun-2024 14:43:47.913,5.4375,48.431252,-17.625,2700,1626
24-Jun-2024 14:43:48.013,5.56875,48.412502,-17.53125,2700,1626
24-Jun-2024 14:43:48.113,5.5875,48.375004,-17.587502,2700,1626
24-Jun-2024 14:43:48.213,5.4375,48.243752,-17.643751,2700,1626
24-Jun-2024 14:43:48.313,5.53125,48.318752,-17.587502,2700,1626
24-Jun-2024 14:43:48.413,5.5875,48.375004,-17.71875,2700,1626
24-Jun-2024 14:43:48.513,5.56875,48.412502,-17.71875,2700,1626
24-Jun-2024 14:43:48.613,5.49375,48.450001,-17.587502,2700,1626
24-Jun-2024 14:43:48.713,5.30625,48.562504,-17.6625,2700,1626
24-Jun-2024 14:43:48.813,5.325,48.600002,-17.831251,2700,1626
24-Jun-2024 14:43:48.913,5.34375,48.618752,-17.8125,2700,1626
24-Jun-2024 14:43:49.013,5.325,48.675003,-17.831251,2700,1626
24-Jun-2024 14:43:49.113,5.30625,48.506252,-17.85,2700,1626
24-Jun-2024 14:43:49.213,5.25,48.431252,-17.587502,2700,1626
24-Jun-2024 14:43:49.313,5.25,48.262501,-17.53125,2700,1626
24-Jun-2024 14:43:49.413,5.38125,48.225002,-17.38125,2700,1626
24-Jun-2024 14:43:49.513,5.475,48.206253,-17.175001,2700,1626
24-Jun-2024 14:43:49.613,5.45625,48.093754,-17.043751,2700,1626
24-Jun-2024 14:43:49.713,5.49375,48.056252,-16.893751,2700,1626
24-Jun-2024 14:43:49.813,5.49375,48.075001,-16.63125,2700,1626
24-Jun-2024 14:43:49.913,5.4,48.168751,-16.575001,2700,1626
24-Jun-2024 14:43:50.013,5.4375,48.318752,-16.612501,2700,1626
24-Jun-2024 14:43:50.113,5.56875,48.525002,-16.650002,2700,1626
24-Jun-2024 14:43:50.213,5.56875,48.618752,-16.725,2700,1626
24-Jun-2024 14:43:50.313,5.53125,48.600002,-16.96875,2700,1626
24-Jun-2024 14:43:50.413,5.45625,48.731251,-17.0625,2700,1626
24-Jun-2024 14:43:50.513,5.34375,48.731251,-17.175001,2700,1626
24-Jun-2024 14:43:50.613,5.325,48.731251,-17.268751,2700,1626
24-Jun-2024 14:43:50.713,5.34375,48.675003,-17.362501,2700,1626
24-Jun-2024 14:43:50.813,5.325,48.675003,-17.400002,2700,1626
24-Jun-2024 14:43:50.913,5.30625,48.618752,-17.400002,2700,1626
24-Jun-2024 14:43:51.013,5.30625,48.600002,-17.418751,2700,1626
24-Jun-2024 14:43:51.113,5.2125,48.562504,-17.2875,2700,1626
24-Jun-2024 14:43:51.213,5.2125,48.506252,-17.118752,2700,1626
24-Jun-2024 14:43:51.313,5.34375,48.412502,-17.118752,2700,1626
24-Jun-2024 14:43:51.413,5.4375,48.412502,-17.1,2700,1626
24-Jun-2024 14:43:51.513,5.5125,48.525002,-17.025002,2700,1626
24-Jun-2024 14:43:51.613,5.5125,48.487503,-17.137501,2700,1626
24-Jun-2024 14:43:51.713,5.38125,48.412502,-17.175001,2700,1626
24-Jun-2024 14:43:51.813,5.38125,48.412502,-17.118752,2700,1626
24-Jun-2024 14:43:51.913,5.4375,48.600002,-17.1,2700,1626
24-Jun-2024 14:43:52.013,5.49375,48.543751,-17.15625,2700,1626
24-Jun-2024 14:43:52.112,5.41875,48.656254,-17.118752,2700,1626
24-Jun-2024 14:43:52.213,5.25,48.693752,-17.118752,2700,1626
24-Jun-2024 14:43:52.313,5.2875,48.675003,-17.137501,2700,1626
24-Jun-2024 14:43:52.413,5.3625,48.693752,-17.043751,2700,1626
24-Jun-2024 14:43:52.513,5.41875,48.712502,-17.043751,2700,1626
24-Jun-2024 14:43:52.613,5.325,48.637501,-16.987501,2700,1626
24-Jun-2024 14:43:52.713,5.41875,48.543751,-17.043751,2700,1626
24-Jun-2024 14:43:52.813,5.3625,48.581253,-16.987501,2700,1626
24-Jun-2024 14:43:52.913,5.325,48.600002,-16.96875,2700,1626
24-Jun-2024 14:43:53.013,5.34375,48.543751,-16.987501,2700,1626
24-Jun-2024 14:43:53.113,5.19375,48.506252,-16.875,2700,1626
24-Jun-2024 14:43:53.213,5.11875,48.468754,-16.837502,2700,1626
24-Jun-2024 14:43:53.313,5.0625,48.600002,-16.81875,2700,1626
24-Jun-2024 14:43:53.413,5.0625,48.618752,-16.81875,2700,1626
24-Jun-2024 14:43:53.513,4.9875,48.637501,-16.725,2700,1626
24-Jun-2024 14:43:53.613,5.04375,48.693752,-16.706251,2700,1626
24-Jun-2024 14:43:53.713,5.00625,48.675003,-16.78125,2700,1626
24-Jun-2024 14:43:53.813,5.1,48.712502,-16.725,2700,1626
24-Jun-2024 14:43:53.913,5.2125,48.768753,-16.743752,2700,1626
24-Jun-2024 14:43:54.013,5.1375,48.787502,-16.762501,2700,1626
24-Jun-2024 14:44:07.313,-40.743752,-7.03125,-41.193752,2483,1626
24-Jun-2024 14:44:07.413,-40.59375,-7.0875,-41.4375,2483,1626
24-Jun-2024 14:44:07.513,-40.556252,-7.03125,-41.4375,2483,1626
24-Jun-2024 14:44:07.613,-40.518753,-7.1625,-41.512501,2483,1626
24-Jun-2024 14:44:07.713,-40.5,-7.25625,-41.662502,2483,1626
24-Jun-2024 14:44:07.813,-40.556252,-7.14375,-41.8125,2483,1626
24-Jun-2024 14:44:07.913,-40.443752,-7.18125,-41.793751,2483,1626
24-Jun-2024 14:44:08.013,-40.612503,-7.18125,-41.8125,2483,1626
24-Jun-2024 14:44:08.113,-40.462502,-7.1625,-41.887501,2483,1626
24-Jun-2024 14:44:08.213,-40.425003,-7.1625,-41.71875,2483,1626
24-Jun-2024 14:44:08.313,-40.462502,-7.10625,-41.737503,2483,1626
24-Jun-2024 14:44:08.413,-40.5,-7.03125,-41.662502,2483,1626
24-Jun-2024 14:44:08.513,-40.5,-6.91875,-41.512501,2483,1626
24-Jun-2024 14:44:08.613,-40.481251,-6.8625,-41.34375,2483,1626
24-Jun-2024 14:44:08.713,-40.5,-6.7875,-41.362503,2483,1626
24-Jun-2024 14:44:08.813,-40.575001,-6.76875,-41.362503,2483,1626
24-Jun-2024 14:44:08.913,-40.800003,-6.73125,-41.268753,2483,1626
24-Jun-2024 14:44:09.013,-40.96875,-6.6375,-41.325001,2483,1626
24-Jun-2024 14:44:09.113,-40.96875,-6.73125,-41.400002,2483,1626
24-Jun-2024 14:44:09.213,-40.818752,-6.675,-41.512501,2483,1626
24-Jun-2024 14:44:09.313,-40.875,-6.675,-41.512501,2483,1626
24-Jun-2024 14:44:09.413,-40.931252,-6.69375,-41.606251,2483,1626
24-Jun-2024 14:44:09.513,-40.950001,-6.675,-41.681252,2483,1626
24-Jun-2024 14:44:09.613,-40.950001,-6.61875,-41.700001,2483,1626
24-Jun-2024 14:44:09.713,-40.743752,-6.61875,-41.850002,2483,1626
24-Jun-2024 14:44:09.813,-40.78125,-6.75,-41.868752,2483,1626
24-Jun-2024 14:44:09.913,-40.78125,-6.65625,-41.8125,2483,1626
24-Jun-2024 14:44:10.013,-40.875,-6.69375,-41.831253,2483,1626
24-Jun-2024 14:44:10.113,-40.875,-6.76875,-41.831253,2483,1626
24-Jun-2024 14:44:10.213,-40.856251,-6.7125,-41.831253,2483,1626
24-Jun-2024 14:44:10.313,-40.837502,-6.61875,-41.850002,2483,1626
24-Jun-2024 14:44:10.413,-40.818752,-6.54375,-41.981251,2483,1626
24-Jun-2024 14:44:10.513,-40.931252,-6.525,-41.850002,2483,1626
24-Jun-2024 14:44:10.613,-40.818752,-6.4125,-41.71875,2483,1626
24-Jun-2024 14:44:10.713,-40.856251,-6.3375,-41.700001,2483,1626
24-Jun-2024 14:44:10.813,-40.931252,-6.31875,-41.625,2483,1626
24-Jun-2024 14:44:10.913,-41.0625,-6.225,-41.662502,2483,1626
24-Jun-2024 14:44:11.013,-41.025002,-6.24375,-41.737503,2483,1626
24-Jun-2024 14:44:11.113,-40.987503,-6.24375,-41.625,2483,1626
24-Jun-2024 14:44:11.213,-40.950001,-6.39375,-41.550003,2483,1626
24-Jun-2024 14:44:11.313,-40.837502,-6.375,-41.550003,2483,1626
24-Jun-2024 14:44:11.413,-40.856251,-6.45,-41.625,2483,1626
24-Jun-2024 14:44:11.513,-40.818752,-6.61875,-41.662502,2483,1626
24-Jun-2024 14:44:11.613,-40.875,-6.4875,-41.8125,2483,1626
24-Jun-2024 14:44:11.713,-40.743752,-6.4875,-41.71875,2483,1626
24-Jun-2024 14:44:11.813,-40.6875,-6.45,-41.662502,2483,1626
24-Jun-2024 14:44:11.913,-40.725002,-6.4875,-41.71875,2483,1626
24-Jun-2024 14:44:12.013,-40.743752,-6.4125,-41.775002,2483,1626
24-Jun-2024 14:44:12.113,-40.706253,-6.43125,-41.756252,2483,1626
24-Jun-2024 14:44:12.213,-40.575001,-6.28125,-41.756252,2483,1626
24-Jun-2024 14:44:12.313,-40.650002,-6.1875,-41.737503,2483,1626
24-Jun-2024 14:44:12.413,-40.481251,-6.24375,-41.643753,2483,1626
24-Jun-2024 14:44:12.513,-40.5,-6.225,-41.756252,2483,1626
24-Jun-2024 14:44:12.613,-40.462502,-6.3,-41.793751,2483,1626
24-Jun-2024 14:44:12.713,-40.40625,-6.39375,-41.700001,2483,1626
24-Jun-2024 14:44:12.813,-40.40625,-6.525,-41.681252,2483,1626
24-Jun-2024 14:44:12.913,-40.575001,-6.4875,-41.831253,2483,1626
24-Jun-2024 14:44:13.013,-40.668751,-6.675,-41.831253,2483,1626
24-Jun-2024 14:44:13.113,-40.612503,-6.7125,-41.887501,2483,1626
24-Jun-2024 14:44:13.213,-40.78125,-6.76875,-41.962502,2483,1626
24-Jun-2024 14:44:13.313,-40.762501,-6.825,-41.981251,2483,1626
24-Jun-2024 14:44:13.413,-40.818752,-6.7875,-41.943752,2483,1626
24-Jun-2024 14:44:13.513,-40.856251,-6.73125,-42.018753,2483,1626
24-Jun-2024 14:44:13.613,-40.912502,-6.61875,-42.037502,2483,1626
24-Jun-2024 14:44:13.713,-40.818752,-6.69375,-41.981251,2483,1626
24-Jun-2024 14:44:13.813,-40.856251,-6.6,-42.018753,2483,1626
24-Jun-2024 14:44:13.913,-40.837502,-6.525,-41.943752,2483,1626
24-Jun-2024 14:44:14.013,-40.762501,-6.61875,-41.8125,2483,1626
24-Jun-2024 14:44:14.113,-40.706253,-6.54375,-41.756252,2483,1626
24-Jun-2024 14:44:14.213,-40.668751,-6.5625,-41.793751,2483,1626
24-Jun-2024 14:44:14.313,-40.668751,-6.6,-41.831253,2483,1626
24-Jun-2024 14:44:14.413,-40.6875,-6.69375,-41.681252,2483,1626
24-Jun-2024 14:44:14.513,-40.6875,-6.75,-41.662502,2483,1626
24-Jun-2024 14:44:14.613,-40.725002,-6.69375,-41.643753,2483,1626
24-Jun-2024 14:44:14.713,-40.612503,-6.73125,-41.71875,2483,1626
24-Jun-2024 14:44:14.813,-40.631252,-6.6375,-41.681252,2483,1626
24-Jun-2024 14:44:14.913,-40.818752,-6.69375,-41.756252,2483,1626
24-Jun-2024 14:44:15.013,-40.800003,-6.76875,-41.625,2483,1626
24-Jun-2024 14:44:15.113,-40.856251,-6.7125,-41.643753,2483,1626
24-Jun-2024 14:44:15.213,-40.762501,-6.6375,-41.775002,2483,1626
24-Jun-2024 14:44:15.313,-40.762501,-6.69375,-41.756252,2483,1626
24-Jun-2024 14:44:15.413,-40.706253,-6.675,-41.681252,2483,1626
24-Jun-2024 14:44:15.513,-40.893753,-6.75,-41.737503,2483,1626
24-Jun-2024 14:44:15.613,-40.893753,-6.80625,-41.8125,2483,1626
24-Jun-2024 14:44:15.713,-40.837502,-6.8625,-41.775002,2483,1626
24-Jun-2024 14:44:15.813,-40.931252,-6.7875,-41.925003,2483,1626
24-Jun-2024 14:44:15.913,-40.987503,-6.7875,-41.831253,2483,1626
24-Jun-2024 14:44:16.013,-41.0625,-6.76875,-41.756252,2483,1626
24-Jun-2024 14:44:16.113,-41.118752,-6.6,-41.681252,2483,1626
24-Jun-2024 14:44:16.213,-41.137501,-6.65625,-41.793751,2483,1626
24-Jun-2024 14:44:16.313,-41.025002,-6.6,-41.71875,2483,1626
24-Jun-2024 14:44:16.413,-40.893753,-6.65625,-41.700001,2483,1626
24-Jun-2024 14:44:16.513,-40.856251,-6.5625,-41.625,2483,1626
24-Jun-2024 14:44:16.613,-40.78125,-6.6,-41.53125,2483,1626
24-Jun-2024 14:44:16.713,-40.6875,-6.6,-41.606251,2483,1626
24-Jun-2024 14:44:16.813,-40.6875,-6.46875,-41.606251,2483,1626
24-Jun-2024 14:44:16.913,-40.612503,-6.525,-41.662502,2483,1626
24-Jun-2024 14:44:17.013,-40.725002,-6.4125,-41.550003,2483,1626
24-Jun-2024 14:44:17.113,-40.856251,-6.4125,-41.643753,2483,1626
24-Jun-2024 14:44:17.213,-40.912502,-6.3,-41.662502,2483,1626
24-Jun-2024 14:44:29.013,-34.537502,5.71875,-12.543751,2483,1438
24-Jun-2024 14:44:29.113,-34.575001,5.75625,-12.618751,2483,1438
24-Jun-2024 14:44:29.213,-34.481251,5.7375,-12.618751,2483,1438
24-Jun-2024 14:44:29.313,-34.387501,5.64375,-12.637501,2483,1438
24-Jun-2024 14:44:29.413,-34.368752,5.475,-12.69375,2483,1438
24-Jun-2024 14:44:29.513,-34.40625,5.4,-12.750001,2483,1438
24-Jun-2024 14:44:29.613,-34.387501,5.23125,-12.8625,2483,1438
24-Jun-2024 14:44:29.713,-34.518753,5.04375,-12.95625,2483,1438
24-Jun-2024 14:44:29.813,-34.537502,5.025,-12.975,2483,1438
24-Jun-2024 14:44:29.913,-34.537502,4.96875,-13.106251,2483,1438
24-Jun-2024 14:44:30.013,-34.631252,5.04375,-13.2375,2483,1438
24-Jun-2024 14:44:30.113,-34.612503,4.96875,-13.275001,2483,1438
24-Jun-2024 14:44:30.213,-34.5,4.9875,-13.275001,2483,1438
24-Jun-2024 14:44:30.313,-34.575001,4.93125,-13.200001,2483,1438
24-Jun-2024 14:44:30.413,-34.575001,4.89375,-13.2375,2483,1438
24-Jun-2024 14:44:30.513,-34.481251,4.9875,-13.218751,2483,1438
24-Jun-2024 14:44:30.613,-34.481251,4.9875,-13.25625,2483,1438
24-Jun-2024 14:44:30.713,-34.481251,4.95,-13.181251,2483,1438
24-Jun-2024 14:44:30.813,-34.443752,4.875,-13.181251,2483,1438
24-Jun-2024 14:44:30.913,-34.425003,4.78125,-13.1625,2483,1438
24-Jun-2024 14:44:31.013,-34.481251,4.74375,-13.181251,2483,1438
24-Jun-2024 14:44:31.113,-34.443752,4.7625,-13.200001,2483,1438
24-Jun-2024 14:44:31.213,-34.368752,4.9125,-13.218751,2483,1438
24-Jun-2024 14:44:31.313,-34.40625,5.025,-13.1625,2483,1438
24-Jun-2024 14:44:31.413,-34.3125,5.00625,-13.087501,2483,1438
24-Jun-2024 14:44:31.513,-34.275002,5.08125,-13.200001,2483,1438
24-Jun-2024 14:44:31.613,-34.293751,5.08125,-13.275001,2483,1438
24-Jun-2024 14:44:31.713,-34.350002,5.23125,-13.25625,2483,1438
24-Jun-2024 14:44:31.813,-34.350002,5.3625,-13.218751,2483,1438
24-Jun-2024 14:44:31.913,-34.350002,5.4375,-13.2375,2483,1438
24-Jun-2024 14:44:32.013,-34.40625,5.325,-13.14375,2483,1438
24-Jun-2024 14:44:32.113,-34.387501,5.23125,-13.200001,2483,1438
24-Jun-2024 14:44:32.213,-34.443752,5.34375,-13.25625,2483,1438
24-Jun-2024 14:44:32.313,-34.481251,5.41875,-13.125001,2483,1438
24-Jun-2024 14:44:32.413,-34.462502,5.325,-13.05,2483,1438
24-Jun-2024 14:44:32.513,-34.443752,5.25,-12.975,2483,1438
24-Jun-2024 14:44:32.613,-34.3125,5.175,-13.05,2483,1438
24-Jun-2024 14:44:32.713,-34.143753,5.0625,-12.993751,2483,1438
24-Jun-2024 14:44:32.813,-34.125,5.08125,-12.993751,2483,1438
24-Jun-2024 14:44:32.913,-34.162502,5.0625,-12.937501,2483,1438
24-Jun-2024 14:44:33.013,-34.256252,4.95,-12.825001,2483,1438
24-Jun-2024 14:44:33.113,-34.200001,4.89375,-12.95625,2483,1438
24-Jun-2024 14:44:33.213,-34.162502,4.9125,-12.918751,2483,1438
24-Jun-2024 14:44:33.313,-34.106251,4.96875,-13.05,2483,1438
24-Jun-2024 14:44:33.413,-34.275002,5.025,-12.993751,2483,1438
24-Jun-2024 14:44:33.513,-34.5,5.0625,-13.031251,2483,1438
24-Jun-2024 14:44:33.613,-34.425003,5.11875,-13.087501,2483,1438
24-Jun-2024 14:44:33.713,-34.443752,5.08125,-13.087501,2483,1438
24-Jun-2024 14:44:33.813,-34.425003,5.0625,-13.14375,2483,1438
24-Jun-2024 14:44:33.913,-34.462502,5.04375,-13.06875,2483,1438
24-Jun-2024 14:44:34.013,-34.368752,5.11875,-13.087501,2483,1438
24-Jun-2024 14:44:34.113,-34.5,5.1,-13.012501,2483,1438
24-Jun-2024 14:44:34.213,-34.425003,5.1,-12.975,2483,1438
24-Jun-2024 14:44:34.313,-34.350002,5.1,-12.975,2483,1438
24-Jun-2024 14:44:34.413,-34.368752,5.08125,-12.900001,2483,1438
24-Jun-2024 14:44:34.513,-34.293751,5.1375,-12.8625,2483,1438
24-Jun-2024 14:44:34.613,-34.275002,5.11875,-12.843751,2483,1438
24-Jun-2024 14:44:34.713,-34.181252,5.04375,-12.8625,2483,1438
24-Jun-2024 14:44:34.813,-34.256252,4.96875,-12.843751,2483,1438
24-Jun-2024 14:44:34.913,-34.106251,4.95,-12.88125,2483,1438
24-Jun-2024 14:44:35.013,-34.162502,4.93125,-12.900001,2483,1438
24-Jun-2024 14:44:35.113,-34.181252,4.89375,-12.825001,2483,1438
24-Jun-2024 14:44:35.213,-34.3125,4.9125,-12.806251,2483,1438
24-Jun-2024 14:44:35.313,-34.331253,4.875,-12.76875,2483,1438
24-Jun-2024 14:44:35.413,-34.21875,4.875,-12.76875,2483,1438
24-Jun-2024 14:44:35.513,-34.40625,4.85625,-12.562501,2483,1438
24-Jun-2024 14:44:35.613,-34.387501,4.89375,-12.656251,2483,1438
24-Jun-2024 14:44:35.713,-34.481251,4.95,-12.6,2483,1438
24-Jun-2024 14:44:35.813,-34.556252,4.9875,-12.6,2483,1438
24-Jun-2024 14:44:35.913,-34.59375,5.04375,-12.637501,2483,1438
24-Jun-2024 14:44:36.013,-34.556252,5.00625,-12.637501,2483,1438
24-Jun-2024 14:44:36.113,-34.556252,5.04375,-12.750001,2483,1438
24-Jun-2024 14:44:36.213,-34.631252,5.00625,-12.806251,2483,1438
24-Jun-2024 14:44:36.313,-34.575001,4.9875,-12.8625,2483,1438
24-Jun-2024 14:44:36.413,-34.556252,5.00625,-12.806251,2483,1438
24-Jun-2024 14:44:36.513,-34.556252,4.9875,-12.825001,2483,1438
24-Jun-2024 14:44:36.612,-34.5,5.00625,-12.900001,2483,1438
24-Jun-2024 14:44:36.713,-34.443752,5.08125,-12.8625,2483,1438
24-Jun-2024 14:44:36.813,-34.350002,5.0625,-12.95625,2483,1438
24-Jun-2024 14:44:36.913,-34.350002,5.00625,-12.975,2483,1438
24-Jun-2024 14:44:37.013,-34.3125,5.0625,-12.900001,2483,1438
24-Jun-2024 14:44:37.113,-34.425003,5.1375,-12.88125,2483,1438
24-Jun-2024 14:44:37.213,-34.443752,5.0625,-12.843751,2483,1438
24-Jun-2024 14:44:37.313,-34.40625,5.1,-12.843751,2483,1438
24-Jun-2024 14:44:37.413,-34.443752,5.00625,-12.843751,2483,1438
24-Jun-2024 14:44:37.513,-34.425003,4.95,-12.95625,2483,1438
24-Jun-2024 14:44:37.613,-34.556252,5.04375,-12.937501,2483,1438
24-Jun-2024 14:44:37.713,-34.612503,4.9875,-12.900001,2483,1438
24-Jun-2024 14:44:37.813,-34.668751,4.9875,-12.88125,2483,1438
24-Jun-2024 14:44:37.913,-34.537502,5.0625,-13.06875,2483,1438
24-Jun-2024 14:44:38.013,-34.5,5.175,-13.05,2483,1438
24-Jun-2024 14:44:38.113,-34.481251,5.15625,-13.012501,2483,1438
24-Jun-2024 14:44:38.213,-34.5,5.23125,-13.106251,2483,1438
24-Jun-2024 14:44:38.313,-34.481251,5.23125,-13.012501,2483,1438
24-Jun-2024 14:44:38.413,-34.462502,5.2125,-12.937501,2483,1438
24-Jun-2024 14:44:38.513,-34.443752,5.2125,-12.88125,2483,1438
24-Jun-2024 14:44:38.613,-34.443752,5.2875,-12.975,2483,1438
24-Jun-2024 14:44:38.713,-34.575001,5.23125,-12.937501,2483,1438
24-Jun-2024 14:44:38.813,-34.631252,5.325,-12.95625,2483,1438
24-Jun-2024 14:44:38.913,-34.631252,5.23125,-13.05,2483,1438
24-Jun-2024 14:45:12.213,-21.206251,-4.05,-33.543751,2169,1377
24-Jun-2024 14:45:12.313,-21.168751,-4.0875,-33.731251,2169,1377
24-Jun-2024 14:45:12.413,-21.28125,-4.2,-33.712502,2169,1377
24-Jun-2024 14:45:12.513,-21.50625,-4.275,-33.84375,2169,1377
24-Jun-2024 14:45:12.613,-21.487501,-4.3125,-33.918751,2169,1377
24-Jun-2024 14:45:12.713,-21.618752,-4.21875,-34.050003,2169,1377
24-Jun-2024 14:45:12.813,-21.69375,-4.275,-34.106251,2169,1377
24-Jun-2024 14:45:12.913,-21.806252,-4.35,-34.237503,2169,1377
24-Jun-2024 14:45:13.013,-21.768751,-4.2375,-34.293751,2169,1377
24-Jun-2024 14:45:13.113,-21.84375,-4.2,-34.275002,2169,1377
24-Jun-2024 14:45:13.213,-21.75,-4.10625,-34.256252,2169,1377
24-Jun-2024 14:45:13.313,-21.65625,-4.10625,-34.125,2169,1377
24-Jun-2024 14:45:13.413,-21.675001,-3.95625,-34.03125,2169,1377
24-Jun-2024 14:45:13.513,-21.618752,-3.975,-33.993752,2169,1377
24-Jun-2024 14:45:13.613,-21.581251,-3.91875,-33.975002,2169,1377
24-Jun-2024 14:45:13.713,-21.6,-3.80625,-33.768753,2169,1377
24-Jun-2024 14:45:13.813,-21.84375,-3.7875,-33.731251,2169,1377
24-Jun-2024 14:45:13.913,-21.975,-3.9,-33.618752,2169,1377
24-Jun-2024 14:45:14.013,-22.143751,-3.95625,-33.675003,2169,1377
24-Jun-2024 14:45:14.113,-22.293751,-4.06875,-33.65625,2169,1377
24-Jun-2024 14:45:14.213,-22.387501,-4.25625,-33.618752,2169,1377
24-Jun-2024 14:45:14.312,-22.63125,-4.44375,-33.600002,2169,1377
24-Jun-2024 14:45:14.412,-22.9125,-4.6875,-33.65625,2169,1377
24-Jun-2024 14:45:14.511,-23.19375,-4.9125,-33.637501,2169,1377
24-Jun-2024 14:45:14.611,-23.362501,-5.2125,-33.506252,2169,1377
24-Jun-2024 14:45:14.711,-23.550001,-5.4,-33.450001,2169,1377
24-Jun-2024 14:45:14.811,-23.643751,-5.775,-33.431252,2169,1377
24-Jun-2024 14:45:14.911,-23.8125,-5.925,-33.506252,2169,1377
24-Jun-2024 14:45:15.011,-23.925001,-6.01875,-33.637501,2169,1377
24-Jun-2024 14:45:15.111,-23.981251,-6.075,-33.637501,2169,1377
24-Jun-2024 14:45:15.211,-23.925001,-6.09375,-33.5625,2169,1377
24-Jun-2024 14:45:15.311,-23.981251,-6.1125,-33.581253,2169,1377
24-Jun-2024 14:45:15.411,-23.831251,-5.86875,-33.693752,2169,1377
24-Jun-2024 14:45:15.511,-23.71875,-5.83125,-33.675003,2169,1377
24-Jun-2024 14:45:15.611,-23.643751,-5.56875,-33.693752,2169,1377
24-Jun-2024 14:45:15.711,-23.606251,-5.41875,-33.693752,2169,1377
24-Jun-2024 14:45:15.811,-23.56875,-5.25,-33.506252,2169,1377
24-Jun-2024 14:45:15.911,-23.34375,-5.1,-33.487503,2169,1377
24-Jun-2024 14:45:16.011,-23.34375,-4.93125,-33.46875,2169,1377
24-Jun-2024 14:45:16.111,-23.137501,-4.78125,-33.581253,2169,1377
24-Jun-2024 14:45:16.211,-23.19375,-4.81875,-33.693752,2169,1377
24-Jun-2024 14:45:16.311,-23.043751,-4.66875,-33.84375,2169,1377
24-Jun-2024 14:45:16.411,-23.043751,-4.51875,-33.787502,2169,1377
24-Jun-2024 14:45:16.511,-22.96875,-4.5,-33.712502,2169,1377
24-Jun-2024 14:45:16.611,-23.00625,-4.59375,-33.75,2169,1377
24-Jun-2024 14:45:16.711,-23.15625,-4.5375,-33.693752,2169,1377
24-Jun-2024 14:45:16.811,-23.25,-4.55625,-33.693752,2169,1377
24-Jun-2024 14:45:16.911,-23.38125,-4.6875,-33.600002,2169,1377
24-Jun-2024 14:45:17.011,-23.493752,-4.66875,-33.525002,2169,1377
24-Jun-2024 14:45:17.111,-23.643751,-4.6875,-33.46875,2169,1377
24-Jun-2024 14:45:17.211,-23.606251,-4.74375,-33.600002,2169,1377
24-Jun-2024 14:45:17.311,-23.681252,-4.74375,-33.65625,2169,1377
24-Jun-2024 14:45:17.411,-23.71875,-4.66875,-33.675003,2169,1377
24-Jun-2024 14:45:17.511,-23.775002,-4.78125,-33.693752,2169,1377
24-Jun-2024 14:45:17.611,-23.75625,-4.85625,-33.693752,2169,1377
24-Jun-2024 14:45:17.711,-23.94375,-4.7625,-33.637501,2169,1377
24-Jun-2024 14:45:17.811,-24,-4.74375,-33.525002,2169,1377
24-Jun-2024 14:45:17.911,-24.056252,-4.6125,-33.356251,2169,1377
24-Jun-2024 14:45:18.011,-24.168751,-4.6125,-33.243752,2169,1377
24-Jun-2024 14:45:18.111,-24.168751,-4.59375,-33.337502,2169,1377
24-Jun-2024 14:45:18.211,-24.018751,-4.59375,-33.318752,2169,1377
24-Jun-2024 14:45:18.311,-23.981251,-4.3875,-33.300003,2169,1377
24-Jun-2024 14:45:18.411,-23.90625,-4.2,-33.393753,2169,1377
24-Jun-2024 14:45:18.511,-23.606251,-4.18125,-33.618752,2169,1377
24-Jun-2024 14:45:18.611,-23.53125,-4.06875,-33.675003,2169,1377
24-Jun-2024 14:45:18.711,-23.400002,-4.06875,-33.84375,2169,1377
24-Jun-2024 14:45:18.811,-23.231251,-3.9375,-34.03125,2169,1377
24-Jun-2024 14:45:18.911,-23.00625,-3.73125,-34.03125,2169,1377
24-Jun-2024 14:45:19.011,-22.856251,-3.6375,-34.237503,2169,1377
24-Jun-2024 14:45:19.111,-22.59375,-3.58125,-34.387501,2169,1377
24-Jun-2024 14:45:19.211,-22.44375,-3.4875,-34.331253,2169,1377
24-Jun-2024 14:45:19.311,-22.3125,-3.31875,-34.275002,2169,1377
24-Jun-2024 14:45:19.411,-21.975,-3.13125,-34.387501,2169,1377
24-Jun-2024 14:45:19.511,-21.825001,-3.05625,-34.368752,2169,1377
24-Jun-2024 14:45:19.611,-21.825001,-3.1875,-34.275002,2169,1377
24-Jun-2024 14:45:19.711,-21.731251,-3.20625,-34.256252,2169,1377
24-Jun-2024 14:45:19.811,-21.806252,-3.15,-34.256252,2169,1377
24-Jun-2024 14:45:19.911,-21.75,-3.1875,-34.331253,2169,1377
24-Jun-2024 14:45:20.011,-21.69375,-3.3375,-34.443752,2169,1377
24-Jun-2024 14:45:20.111,-21.637501,-3.39375,-34.425003,2169,1377
24-Jun-2024 14:45:20.211,-21.675001,-3.525,-34.350002,2169,1377
24-Jun-2024 14:45:20.311,-21.75,-3.58125,-34.387501,2169,1377
24-Jun-2024 14:45:20.411,-21.75,-3.5625,-34.368752,2169,1377
24-Jun-2024 14:45:20.511,-21.75,-3.6,-34.368752,2169,1377
24-Jun-2024 14:45:20.611,-21.5625,-3.54375,-34.3125,2169,1377
24-Jun-2024 14:45:20.711,-21.50625,-3.43125,-34.21875,2169,1377
24-Jun-2024 14:45:20.811,-21.375,-3.20625,-34.143753,2169,1377
24-Jun-2024 14:45:20.911,-21.356251,-3.09375,-34.181252,2169,1377
24-Jun-2024 14:45:21.011,-21.09375,-2.98125,-34.21875,2169,1377
24-Jun-2024 14:45:21.111,-20.925001,-2.86875,-34.3125,2169,1377
24-Jun-2024 14:45:21.211,-20.793751,-2.60625,-34.443752,2169,1377
24-Jun-2024 14:45:21.311,-20.700001,-2.4,-34.425003,2169,1377
24-Jun-2024 14:45:21.411,-20.75625,-2.325,-34.40625,2169,1377
24-Jun-2024 14:45:21.511,-20.775002,-2.2875,-34.5,2169,1377
24-Jun-2024 14:45:21.611,-20.75625,-2.19375,-34.481251,2169,1377
24-Jun-2024 14:45:21.711,-20.75625,-2.23125,-34.481251,2169,1377
24-Jun-2024 14:45:21.811,-20.962502,-2.26875,-34.462502,2169,1377
24-Jun-2024 14:45:21.911,-21.13125,-2.23125,-34.518753,2169,1377
24-Jun-2024 14:45:22.011,-21.150002,-2.26875,-34.40625,2169,1377
24-Jun-2024 14:45:22.111,-21.262501,-2.325,-34.443752,2169,1377
24-Jun-2024 14:45:35.001,-29.718752,2.26875,-22.481251,2049,1373
24-Jun-2024 14:45:35.101,-29.737501,2.23125,-22.5375,2049,1373
24-Jun-2024 14:45:35.201,-29.737501,2.1375,-22.481251,2049,1373
24-Jun-2024 14:45:35.301,-29.700001,2.11875,-22.481251,2049,1373
24-Jun-2024 14:45:35.401,-29.6625,2.15625,-22.5,2049,1373
24-Jun-2024 14:45:35.501,-29.643751,2.11875,-22.575001,2049,1373
24-Jun-2024 14:45:35.601,-29.643751,2.025,-22.575001,2049,1373
24-Jun-2024 14:45:35.701,-29.681252,2.00625,-22.63125,2049,1373
24-Jun-2024 14:45:35.801,-29.737501,2.1,-22.837502,2049,1373
24-Jun-2024 14:45:35.901,-29.606251,2.15625,-22.800001,2049,1373
24-Jun-2024 14:45:36.001,-29.587502,2.1375,-22.837502,2049,1373
24-Jun-2024 14:45:36.101,-29.643751,2.08125,-22.837502,2049,1373
24-Jun-2024 14:45:36.201,-29.512501,2.19375,-22.706251,2049,1373
24-Jun-2024 14:45:36.301,-29.512501,2.2875,-22.78125,2049,1373
24-Jun-2024 14:45:36.401,-29.56875,2.325,-22.856251,2049,1373
24-Jun-2024 14:45:36.501,-29.56875,2.325,-22.837502,2049,1373
24-Jun-2024 14:45:36.601,-29.606251,2.34375,-22.800001,2049,1373
24-Jun-2024 14:45:36.701,-29.587502,2.325,-22.706251,2049,1373
24-Jun-2024 14:45:36.801,-29.475,2.475,-22.78125,2049,1373
24-Jun-2024 14:45:36.901,-29.550001,2.55,-22.81875,2049,1373
24-Jun-2024 14:45:37.001,-29.718752,2.38125,-22.875,2049,1373
24-Jun-2024 14:45:37.101,-29.793751,2.34375,-22.931252,2049,1373
24-Jun-2024 14:45:37.201,-29.606251,2.45625,-22.9125,2049,1373
24-Jun-2024 14:45:37.301,-29.681252,2.55,-22.9125,2049,1373
24-Jun-2024 14:45:37.401,-29.606251,2.41875,-22.875,2049,1373
24-Jun-2024 14:45:37.501,-29.643751,2.41875,-23.00625,2049,1373
24-Jun-2024 14:45:37.601,-29.718752,2.2875,-22.950001,2049,1373
24-Jun-2024 14:45:37.701,-29.775002,2.34375,-23.00625,2049,1373
24-Jun-2024 14:45:37.801,-29.737501,2.4375,-23.025002,2049,1373
24-Jun-2024 14:45:37.901,-29.681252,2.49375,-22.96875,2049,1373
24-Jun-2024 14:45:38.001,-29.75625,2.49375,-23.00625,2049,1373
24-Jun-2024 14:45:38.101,-29.737501,2.49375,-22.987501,2049,1373
24-Jun-2024 14:45:38.201,-29.775002,2.475,-22.987501,2049,1373
24-Jun-2024 14:45:38.301,-29.700001,2.45625,-22.875,2049,1373
24-Jun-2024 14:45:38.401,-29.793751,2.625,-22.875,2049,1373
24-Jun-2024 14:45:38.501,-29.718752,2.64375,-22.78125,2049,1373
24-Jun-2024 14:45:38.601,-29.737501,2.60625,-22.800001,2049,1373
24-Jun-2024 14:45:38.701,-29.643751,2.53125,-22.743752,2049,1373
24-Jun-2024 14:45:38.801,-29.625002,2.475,-22.78125,2049,1373
24-Jun-2024 14:45:38.901,-29.56875,2.41875,-22.743752,2049,1373
24-Jun-2024 14:45:39.001,-29.681252,2.45625,-22.743752,2049,1373
24-Jun-2024 14:45:39.101,-29.75625,2.41875,-22.78125,2049,1373
24-Jun-2024 14:45:39.201,-29.6625,2.25,-22.762501,2049,1373
24-Jun-2024 14:45:39.301,-29.625002,2.23125,-22.875,2049,1373
24-Jun-2024 14:45:39.401,-29.625002,2.1,-22.856251,2049,1373
24-Jun-2024 14:45:39.501,-29.643751,2.11875,-22.81875,2049,1373
24-Jun-2024 14:45:39.601,-29.718752,2.19375,-22.725,2049,1373
24-Jun-2024 14:45:39.701,-29.681252,2.175,-22.706251,2049,1373
24-Jun-2024 14:45:39.801,-29.700001,2.15625,-22.63125,2049,1373
24-Jun-2024 14:45:39.901,-29.681252,2.2125,-22.63125,2049,1373
24-Jun-2024 14:45:40.001,-29.793751,2.26875,-22.63125,2049,1373
24-Jun-2024 14:45:40.101,-29.718752,2.2125,-22.59375,2049,1373
24-Jun-2024 14:45:40.201,-29.700001,2.30625,-22.5375,2049,1373
24-Jun-2024 14:45:40.301,-29.75625,2.2125,-22.59375,2049,1373
24-Jun-2024 14:45:40.401,-29.6625,2.175,-22.706251,2049,1373
24-Jun-2024 14:45:40.501,-29.137501,2.49375,-23.362501,2049,1373
24-Jun-2024 14:45:40.601,-29.118752,2.55,-23.512501,2049,1373
24-Jun-2024 14:45:40.701,-29.043751,2.53125,-23.475,2049,1373
24-Jun-2024 14:45:40.801,-29.025002,2.4375,-23.512501,2049,1373
24-Jun-2024 14:45:40.901,-29.081251,2.49375,-23.456251,2049,1373
24-Jun-2024 14:45:41.001,-29.025002,2.55,-23.4375,2049,1373
24-Jun-2024 14:45:41.101,-29.062502,2.60625,-23.493752,2049,1373
24-Jun-2024 14:45:41.201,-29.062502,2.64375,-23.418751,2049,1373
24-Jun-2024 14:45:41.301,-29.175001,2.6625,-23.475,2049,1373
24-Jun-2024 14:45:41.401,-29.025002,2.64375,-23.456251,2049,1373
24-Jun-2024 14:45:41.501,-29.062502,2.6625,-23.475,2049,1373
24-Jun-2024 14:45:41.601,-29.025002,2.7,-23.475,2049,1373
24-Jun-2024 14:45:41.701,-29.062502,2.60625,-23.4375,2049,1373
24-Jun-2024 14:45:41.801,-29.081251,2.53125,-23.475,2049,1373
24-Jun-2024 14:45:41.901,-29.025002,2.55,-23.362501,2049,1373
24-Jun-2024 14:45:42.001,-29.081251,2.6625,-23.400002,2049,1373
24-Jun-2024 14:45:42.101,-29.025002,2.60625,-23.362501,2049,1373
24-Jun-2024 14:45:42.201,-29.043751,2.7375,-23.362501,2049,1373
24-Jun-2024 14:45:42.301,-29.1,2.5875,-23.38125,2049,1373
24-Jun-2024 14:45:42.401,-29.212502,2.6625,-23.306252,2049,1373
24-Jun-2024 14:45:42.501,-29.118752,2.7375,-23.456251,2049,1373
24-Jun-2024 14:45:42.601,-29.081251,2.775,-23.475,2049,1373
24-Jun-2024 14:45:42.701,-29.118752,2.8125,-23.4375,2049,1373
24-Jun-2024 14:45:42.801,-29.231251,2.64375,-23.4375,2049,1373
24-Jun-2024 14:45:42.901,-29.19375,2.7375,-23.493752,2049,1373
24-Jun-2024 14:45:43.001,-29.250002,2.64375,-23.38125,2049,1373
24-Jun-2024 14:45:43.101,-29.2875,2.71875,-23.325001,2049,1373
24-Jun-2024 14:45:43.201,-29.268751,2.7,-23.25,2049,1373
24-Jun-2024 14:45:43.301,-29.268751,2.68125,-23.137501,2049,1373
24-Jun-2024 14:45:43.401,-29.362501,2.7,-23.0625,2049,1373
24-Jun-2024 14:45:43.501,-29.362501,2.7375,-23.231251,2049,1373
24-Jun-2024 14:45:43.601,-29.306252,2.71875,-23.19375,2049,1373
24-Jun-2024 14:45:43.701,-29.38125,2.68125,-23.137501,2049,1373
24-Jun-2024 14:45:43.801,-29.2875,2.7375,-23.175001,2049,1373
24-Jun-2024 14:45:43.901,-29.306252,2.7375,-23.325001,2049,1373
24-Jun-2024 14:45:44.001,-29.156252,2.7375,-23.512501,2049,1373
24-Jun-2024 14:45:44.101,-29.118752,2.79375,-23.56875,2049,1373
24-Jun-2024 14:45:44.201,-29.118752,2.75625,-23.587502,2049,1373
24-Jun-2024 14:45:44.301,-29.137501,2.64375,-23.550001,2049,1373
24-Jun-2024 14:45:44.401,-29.137501,2.775,-23.56875,2049,1373
24-Jun-2024 14:45:44.501,-29.156252,2.75625,-23.606251,2049,1373
24-Jun-2024 14:45:44.601,-29.19375,2.64375,-23.71875,2049,1373
24-Jun-2024 14:45:44.701,-29.156252,2.775,-23.625,2049,1373
24-Jun-2024 14:45:44.801,-29.250002,2.86875,-23.625,2049,1373
24-Jun-2024 14:45:44.901,-29.19375,2.925,-23.587502,2049,1373
24-Jun-2024 14:46:01.501,-36.900002,-2.4375,-26.887501,2177,1053
24-Jun-2024 14:46:01.601,-36.956253,-2.325,-27.075001,2177,1053
24-Jun-2024 14:46:01.701,-36.918751,-2.19375,-27.056252,2177,1053
24-Jun-2024 14:46:01.801,-36.956253,-2.11875,-27.075001,2177,1053
24-Jun-2024 14:46:01.901,-36.84375,-1.9875,-26.981251,2177,1053
24-Jun-2024 14:46:02.001,-36.956253,-1.89375,-27.168751,2177,1053
24-Jun-2024 14:46:02.101,-37.087502,-1.93125,-27.225,2177,1053
24-Jun-2024 14:46:02.201,-37.050003,-1.9125,-27.356251,2177,1053
24-Jun-2024 14:46:02.301,-37.106251,-2.08125,-27.393751,2177,1053
24-Jun-2024 14:46:02.401,-37.106251,-2.04375,-27.393751,2177,1053
24-Jun-2024 14:46:02.501,-37.21875,-2.08125,-27.450001,2177,1053
24-Jun-2024 14:46:02.601,-37.21875,-2.11875,-27.487501,2177,1053
24-Jun-2024 14:46:02.701,-37.237503,-2.15625,-27.618752,2177,1053
24-Jun-2024 14:46:02.801,-37.237503,-2.2125,-27.562502,2177,1053
24-Jun-2024 14:46:02.901,-37.087502,-2.1375,-27.431252,2177,1053
24-Jun-2024 14:46:03.001,-37.087502,-2.15625,-27.300001,2177,1053
24-Jun-2024 14:46:03.101,-37.012501,-2.15625,-27.300001,2177,1053
24-Jun-2024 14:46:03.201,-36.825001,-2.25,-27.206251,2177,1053
24-Jun-2024 14:46:03.301,-36.84375,-2.2875,-27.243752,2177,1053
24-Jun-2024 14:46:03.401,-36.862503,-2.325,-27.168751,2177,1053
24-Jun-2024 14:46:03.501,-36.825001,-2.325,-27.13125,2177,1053
24-Jun-2024 14:46:03.601,-36.787502,-2.325,-27.056252,2177,1053
24-Jun-2024 14:46:03.701,-36.731251,-2.45625,-27.112501,2177,1053
24-Jun-2024 14:46:03.801,-36.768753,-2.5875,-27.150002,2177,1053
24-Jun-2024 14:46:03.901,-36.825001,-2.55,-27.206251,2177,1053
24-Jun-2024 14:46:04.001,-36.975002,-2.64375,-27.243752,2177,1053
24-Jun-2024 14:46:04.101,-36.881252,-2.625,-27.150002,2177,1053
24-Jun-2024 14:46:04.201,-36.956253,-2.60625,-27.13125,2177,1053
24-Jun-2024 14:46:04.301,-37.012501,-2.5125,-27.093752,2177,1053
24-Jun-2024 14:46:04.401,-37.068752,-2.49375,-27.187502,2177,1053
24-Jun-2024 14:46:04.501,-37.125,-2.53125,-27.150002,2177,1053
24-Jun-2024 14:46:04.601,-37.068752,-2.5875,-27.168751,2177,1053
24-Jun-2024 14:46:04.701,-36.993752,-2.6625,-27.13125,2177,1053
24-Jun-2024 14:46:04.801,-36.900002,-2.56875,-27.112501,2177,1053
24-Jun-2024 14:46:04.901,-36.862503,-2.53125,-27.13125,2177,1053
24-Jun-2024 14:46:05.001,-36.731251,-2.5875,-27.206251,2177,1053
24-Jun-2024 14:46:05.101,-36.693752,-2.60625,-27.187502,2177,1053
24-Jun-2024 14:46:05.201,-36.600002,-2.6625,-27.206251,2177,1053
24-Jun-2024 14:46:05.301,-36.65625,-2.68125,-27.187502,2177,1053
24-Jun-2024 14:46:05.401,-36.712502,-2.64375,-27.150002,2177,1053
24-Jun-2024 14:46:05.501,-36.787502,-2.5875,-27.150002,2177,1053
24-Jun-2024 14:46:05.601,-36.84375,-2.5875,-27.150002,2177,1053
24-Jun-2024 14:46:05.701,-36.900002,-2.625,-27.225,2177,1053
24-Jun-2024 14:46:05.801,-37.068752,-2.68125,-27.225,2177,1053
24-Jun-2024 14:46:05.901,-37.012501,-2.775,-27.206251,2177,1053
24-Jun-2024 14:46:06.001,-37.087502,-2.71875,-27.187502,2177,1053
24-Jun-2024 14:46:06.101,-36.993752,-2.64375,-27.150002,2177,1053
24-Jun-2024 14:46:06.201,-36.881252,-2.56875,-27.13125,2177,1053
24-Jun-2024 14:46:06.301,-36.918751,-2.7,-27.150002,2177,1053
24-Jun-2024 14:46:06.401,-36.9375,-2.7375,-27.075001,2177,1053
24-Jun-2024 14:46:06.501,-36.881252,-2.64375,-26.962502,2177,1053
24-Jun-2024 14:46:06.601,-36.806252,-2.625,-26.94375,2177,1053
24-Jun-2024 14:46:06.701,-36.975002,-2.6625,-27.0375,2177,1053
24-Jun-2024 14:46:06.801,-36.918751,-2.7,-26.962502,2177,1053
24-Jun-2024 14:46:06.901,-36.993752,-2.625,-27.056252,2177,1053
24-Jun-2024 14:46:07.001,-36.9375,-2.625,-27.0375,2177,1053
24-Jun-2024 14:46:07.101,-36.84375,-2.49375,-26.981251,2177,1053
24-Jun-2024 14:46:07.201,-36.731251,-2.3625,-27.000002,2177,1053
24-Jun-2024 14:46:07.301,-36.768753,-2.45625,-26.925001,2177,1053
24-Jun-2024 14:46:07.401,-36.787502,-2.41875,-26.887501,2177,1053
24-Jun-2024 14:46:07.501,-36.712502,-2.4,-26.887501,2177,1053
24-Jun-2024 14:46:07.601,-36.768753,-2.475,-26.962502,2177,1053
24-Jun-2024 14:46:07.701,-36.693752,-2.60625,-27.018751,2177,1053
24-Jun-2024 14:46:07.801,-36.806252,-2.60625,-26.906252,2177,1053
24-Jun-2024 14:46:07.901,-36.993752,-2.68125,-26.962502,2177,1053
24-Jun-2024 14:46:08.001,-37.068752,-2.7,-27.018751,2177,1053
24-Jun-2024 14:46:08.101,-37.143753,-2.71875,-27.206251,2177,1053
24-Jun-2024 14:46:08.201,-37.125,-2.775,-27.187502,2177,1053
24-Jun-2024 14:46:08.301,-37.068752,-2.775,-27.168751,2177,1053
24-Jun-2024 14:46:08.401,-37.050003,-2.7,-27.168751,2177,1053
24-Jun-2024 14:46:08.501,-37.068752,-2.64375,-27.112501,2177,1053
24-Jun-2024 14:46:08.601,-37.087502,-2.75625,-27.225,2177,1053
24-Jun-2024 14:46:08.701,-36.956253,-2.7375,-27.31875,2177,1053
24-Jun-2024 14:46:08.801,-36.993752,-2.79375,-27.262501,2177,1053
24-Jun-2024 14:46:08.901,-36.881252,-2.75625,-27.262501,2177,1053
24-Jun-2024 14:46:09.001,-36.806252,-2.7375,-27.337502,2177,1053
24-Jun-2024 14:46:09.101,-36.900002,-2.7,-27.300001,2177,1053
24-Jun-2024 14:46:09.201,-36.825001,-2.625,-27.337502,2177,1053
24-Jun-2024 14:46:09.301,-36.956253,-2.56875,-27.375002,2177,1053
24-Jun-2024 14:46:09.401,-36.975002,-2.4,-27.50625,2177,1053
24-Jun-2024 14:46:09.501,-37.012501,-2.325,-27.356251,2177,1053
24-Jun-2024 14:46:09.601,-36.9375,-2.25,-27.431252,2177,1053
24-Jun-2024 14:46:09.701,-36.9375,-2.25,-27.4125,2177,1053
24-Jun-2024 14:46:09.801,-36.993752,-2.2125,-27.300001,2177,1053
24-Jun-2024 14:46:09.901,-36.993752,-2.2875,-27.300001,2177,1053
24-Jun-2024 14:46:10.001,-37.050003,-2.3625,-27.281252,2177,1053
24-Jun-2024 14:46:10.101,-36.956253,-2.41875,-27.243752,2177,1053
24-Jun-2024 14:46:10.201,-36.9375,-2.5125,-27.112501,2177,1053
24-Jun-2024 14:46:10.301,-36.881252,-2.5875,-27.150002,2177,1053
24-Jun-2024 14:46:10.401,-36.9375,-2.7,-27.168751,2177,1053
24-Jun-2024 14:46:10.501,-37.050003,-2.7375,-27.243752,2177,1053
24-Jun-2024 14:46:10.601,-37.050003,-2.71875,-27.31875,2177,1053
24-Jun-2024 14:46:10.701,-37.050003,-2.7,-27.356251,2177,1053
24-Jun-2024 14:46:10.801,-37.068752,-2.7,-27.356251,2177,1053
24-Jun-2024 14:46:10.901,-37.087502,-2.8125,-27.300001,2177,1053
24-Jun-2024 14:46:11.001,-37.012501,-2.7375,-27.300001,2177,1053
24-Jun-2024 14:46:11.101,-37.03125,-2.55,-27.281252,2177,1053
24-Jun-2024 14:46:11.201,-36.975002,-2.5875,-27.225,2177,1053
24-Jun-2024 14:46:11.301,-36.993752,-2.56875,-27.150002,2177,1053
24-Jun-2024 14:46:11.401,-37.050003,-2.56875,-27.206251,2177,1053
24-Jun-2024 14:46:24.899,-57.581253,6.675,2.625,2177,778
24-Jun-2024 14:46:24.999,-57.525002,6.69375,2.53125,2177,778
24-Jun-2024 14:46:25.099,-57.468754,6.73125,2.55,2177,778
24-Jun-2024 14:46:25.199,-57.450001,6.7125,2.4375,2177,778
24-Jun-2024 14:46:25.299,-57.487503,6.6375,2.4,2177,778
24-Jun-2024 14:46:25.399,-57.337502,6.6,2.2875,2177,778
24-Jun-2024 14:46:25.499,-57.356251,6.54375,2.26875,2177,778
24-Jun-2024 14:46:25.599,-57.468754,6.54375,2.2875,2177,778
24-Jun-2024 14:46:25.699,-57.431252,6.525,2.5125,2177,778
24-Jun-2024 14:46:25.799,-57.431252,6.58125,2.625,2177,778
24-Jun-2024 14:46:25.899,-57.525002,6.54375,2.68125,2177,778
24-Jun-2024 14:46:25.999,-57.525002,6.50625,2.85,2177,778
24-Jun-2024 14:46:26.099,-57.487503,6.54375,3.0375,2177,778
24-Jun-2024 14:46:26.199,-57.525002,6.525,3.16875,2177,778
24-Jun-2024 14:46:26.299,-57.468754,6.4875,3.375,2177,778
24-Jun-2024 14:46:26.399,-57.393753,6.375,3.39375,2177,778
24-Jun-2024 14:46:26.499,-57.487503,6.45,3.375,2177,778
24-Jun-2024 14:46:26.599,-57.581253,6.24375,3.35625,2177,778
24-Jun-2024 14:46:26.699,-57.543751,6.0375,3.45,2177,778
24-Jun-2024 14:46:26.799,-57.543751,6.01875,3.31875,2177,778
24-Jun-2024 14:46:26.899,-57.656254,5.90625,3.225,2177,778
24-Jun-2024 14:46:26.999,-57.656254,5.775,3.1875,2177,778
24-Jun-2024 14:46:27.099,-57.768753,5.79375,3.13125,2177,778
24-Jun-2024 14:46:27.199,-57.712502,5.71875,3.225,2177,778
24-Jun-2024 14:46:27.299,-57.768753,5.5875,2.94375,2177,778
24-Jun-2024 14:46:27.399,-57.675003,5.625,2.925,2177,778
24-Jun-2024 14:46:27.499,-57.731251,5.775,2.79375,2177,778
24-Jun-2024 14:46:27.599,-57.787502,5.79375,2.925,2177,778
24-Jun-2024 14:46:27.699,-57.675003,5.8125,3.0375,2177,778
24-Jun-2024 14:46:27.799,-57.712502,5.90625,3.0375,2177,778
24-Jun-2024 14:46:27.899,-57.712502,5.8125,3.01875,2177,778
24-Jun-2024 14:46:27.999,-57.787502,5.85,2.94375,2177,778
24-Jun-2024 14:46:28.099,-57.675003,5.8875,3.13125,2177,778
24-Jun-2024 14:46:28.199,-57.675003,5.79375,3.225,2177,778
24-Jun-2024 14:46:28.299,-57.675003,5.71875,3.35625,2177,778
24-Jun-2024 14:46:28.399,-57.656254,5.7375,3.39375,2177,778
24-Jun-2024 14:46:28.499,-57.675003,5.79375,3.46875,2177,778
24-Jun-2024 14:46:28.599,-57.675003,5.75625,3.58125,2177,778
24-Jun-2024 14:46:28.699,-57.637501,5.7375,3.6,2177,778
24-Jun-2024 14:46:28.799,-57.637501,5.79375,3.58125,2177,778
24-Jun-2024 14:46:28.899,-57.637501,5.8125,3.58125,2177,778
24-Jun-2024 14:46:28.999,-57.618752,5.75625,3.54375,2177,778
24-Jun-2024 14:46:29.099,-57.637501,5.75625,3.43125,2177,778
24-Jun-2024 14:46:29.199,-57.600002,5.64375,3.43125,2177,778
24-Jun-2024 14:46:29.299,-57.562504,5.625,3.375,2177,778
24-Jun-2024 14:46:29.399,-57.600002,5.55,3.39375,2177,778
24-Jun-2024 14:46:29.499,-57.637501,5.56875,3.39375,2177,778
24-Jun-2024 14:46:29.599,-57.637501,5.475,3.45,2177,778
24-Jun-2024 14:46:29.699,-57.656254,5.45625,3.4875,2177,778
24-Jun-2024 14:46:29.799,-57.712502,5.55,3.45,2177,778
24-Jun-2024 14:46:29.899,-57.525002,5.56875,3.5625,2177,778
24-Jun-2024 14:46:29.999,-57.600002,5.56875,3.54375,2177,778
24-Jun-2024 14:46:30.099,-57.656254,5.5125,3.61875,2177,778
24-Jun-2024 14:46:30.199,-57.637501,5.53125,3.58125,2177,778
24-Jun-2024 14:46:30.299,-57.618752,5.49375,3.76875,2177,778
24-Jun-2024 14:46:30.399,-57.450001,5.5875,3.7875,2177,778
24-Jun-2024 14:46:30.499,-57.506252,5.5875,3.9,2177,778
24-Jun-2024 14:46:30.599,-57.375004,5.5125,3.99375,2177,778
24-Jun-2024 14:46:30.699,-57.450001,5.475,3.99375,2177,778
24-Jun-2024 14:46:30.799,-57.356251,5.325,3.99375,2177,778
24-Jun-2024 14:46:30.899,-57.375004,5.4,4.03125,2177,778
24-Jun-2024 14:46:30.999,-57.431252,5.4,4.03125,2177,778
24-Jun-2024 14:46:31.099,-57.450001,5.4375,3.91875,2177,778
24-Jun-2024 14:46:31.199,-57.637501,5.30625,3.95625,2177,778
24-Jun-2024 14:46:31.299,-57.618752,5.3625,3.9,2177,778
24-Jun-2024 14:46:31.399,-57.675003,5.475,3.84375,2177,778
24-Jun-2024 14:46:31.499,-57.787502,5.475,3.825,2177,778
24-Jun-2024 14:46:31.599,-57.843754,5.7,3.9,2177,778
24-Jun-2024 14:46:31.699,-57.806252,5.68125,3.80625,2177,778
24-Jun-2024 14:46:31.799,-57.881252,5.71875,3.9,2177,778
24-Jun-2024 14:46:31.899,-57.956253,5.68125,3.9375,2177,778
24-Jun-2024 14:46:31.999,-57.918751,5.68125,3.8625,2177,778
24-Jun-2024 14:46:32.099,-57.918751,5.53125,3.88125,2177,778
24-Jun-2024 14:46:32.199,-57.918751,5.49375,3.975,2177,778
24-Jun-2024 14:46:32.299,-57.862503,5.49375,3.95625,2177,778
24-Jun-2024 14:46:32.399,-57.825001,5.475,3.825,2177,778
24-Jun-2024 14:46:32.499,-57.881252,5.45625,3.80625,2177,778
24-Jun-2024 14:46:32.599,-57.750004,5.41875,3.7125,2177,778
24-Jun-2024 14:46:32.699,-57.731251,5.4,3.6375,2177,778
24-Jun-2024 14:46:32.799,-57.731251,5.3625,3.75,2177,778
24-Jun-2024 14:46:32.899,-57.675003,5.4,3.7125,2177,778
24-Jun-2024 14:46:32.999,-57.656254,5.45625,3.69375,2177,778
24-Jun-2024 14:46:33.099,-57.618752,5.4375,3.675,2177,778
24-Jun-2024 14:46:33.199,-57.618752,5.41875,3.75,2177,778
24-Jun-2024 14:46:33.299,-57.675003,5.41875,3.80625,2177,778
24-Jun-2024 14:46:33.399,-57.656254,5.45625,3.80625,2177,778
24-Jun-2024 14:46:33.499,-57.618752,5.53125,3.80625,2177,778
24-Jun-2024 14:46:33.599,-57.656254,5.64375,3.76875,2177,778
24-Jun-2024 14:46:33.699,-57.712502,5.71875,3.76875,2177,778
24-Jun-2024 14:46:33.799,-57.656254,5.625,3.76875,2177,778
24-Jun-2024 14:46:33.899,-57.637501,5.60625,3.80625,2177,778
24-Jun-2024 14:46:33.999,-57.618752,5.68125,3.7875,2177,778
24-Jun-2024 14:46:34.099,-57.468754,5.7,3.7125,2177,778
24-Jun-2024 14:46:34.199,-57.506252,5.7375,3.61875,2177,778
24-Jun-2024 14:46:34.299,-57.600002,5.7375,3.61875,2177,778
24-Jun-2024 14:46:34.399,-57.693752,5.79375,3.4875,2177,778
24-Jun-2024 14:46:34.499,-57.768753,5.83125,3.54375,2177,778
24-Jun-2024 14:46:34.599,-57.862503,5.8875,3.61875,2177,778
24-Jun-2024 14:46:34.699,-57.862503,5.9625,3.61875,2177,778
24-Jun-2024 14:46:34.799,-57.843754,5.79375,3.6,2177,778
24-Jun-2024 14:46:58.790,32.887501,-3.75,-33.225002,2312,827
24-Jun-2024 14:46:58.890,32.887501,-3.80625,-33.112503,2312,827
24-Jun-2024 14:46:58.990,32.943752,-3.69375,-33.09375,2312,827
24-Jun-2024 14:46:59.090,33.037502,-3.825,-32.868752,2312,827
24-Jun-2024 14:46:59.190,33.075001,-3.73125,-32.831253,2312,827
24-Jun-2024 14:46:59.290,33.037502,-3.6375,-32.737503,2312,827
24-Jun-2024 14:46:59.390,33.056252,-3.675,-32.71875,2312,827
24-Jun-2024 14:46:59.490,33.09375,-3.50625,-32.681252,2312,827
24-Jun-2024 14:46:59.590,33.056252,-3.54375,-32.568752,2312,827
24-Jun-2024 14:46:59.690,33,-3.46875,-32.625,2312,827
24-Jun-2024 14:46:59.790,32.981251,-3.50625,-32.643753,2312,827
24-Jun-2024 14:46:59.890,33.056252,-3.3375,-32.700001,2312,827
24-Jun-2024 14:46:59.990,33.075001,-3.31875,-32.606251,2312,827
24-Jun-2024 14:47:00.090,33.056252,-3.46875,-32.681252,2312,827
24-Jun-2024 14:47:00.190,33.037502,-3.43125,-32.662502,2312,827
24-Jun-2024 14:47:00.290,32.887501,-3.54375,-32.700001,2312,827
24-Jun-2024 14:47:00.390,32.737503,-3.58125,-32.587502,2312,827
24-Jun-2024 14:47:00.490,32.793751,-3.6375,-32.568752,2312,827
24-Jun-2024 14:47:00.590,32.793751,-3.675,-32.550003,2312,827
24-Jun-2024 14:47:00.690,32.756252,-3.7875,-32.662502,2312,827
24-Jun-2024 14:47:00.790,32.775002,-3.825,-32.775002,2312,827
24-Jun-2024 14:47:00.890,32.850002,-3.675,-32.643753,2312,827
24-Jun-2024 14:47:00.990,32.868752,-3.7125,-32.681252,2312,827
24-Jun-2024 14:47:01.090,32.925003,-3.69375,-32.625,2312,827
24-Jun-2024 14:47:01.190,33.112503,-3.61875,-32.587502,2312,827
24-Jun-2024 14:47:01.290,33.112503,-3.61875,-32.493752,2312,827
24-Jun-2024 14:47:01.390,33.168751,-3.6375,-32.475002,2312,827
24-Jun-2024 14:47:01.490,33.09375,-3.6,-32.456253,2312,827
24-Jun-2024 14:47:01.590,32.981251,-3.6375,-32.456253,2312,827
24-Jun-2024 14:47:01.690,33,-3.825,-32.381252,2312,827
24-Jun-2024 14:47:01.790,33.075001,-3.88125,-32.268753,2312,827
24-Jun-2024 14:47:01.890,33.150002,-3.9,-32.25,2312,827
24-Jun-2024 14:47:01.990,33.037502,-3.84375,-32.4375,2312,827
24-Jun-2024 14:47:02.090,32.981251,-3.84375,-32.550003,2312,827
24-Jun-2024 14:47:02.190,32.943752,-3.75,-32.606251,2312,827
24-Jun-2024 14:47:02.290,32.943752,-3.69375,-32.512501,2312,827
24-Jun-2024 14:47:02.390,32.962502,-3.58125,-32.475002,2312,827
24-Jun-2024 14:47:02.490,32.868752,-3.45,-32.662502,2312,827
24-Jun-2024 14:47:02.590,32.793751,-3.45,-32.681252,2312,827
24-Jun-2024 14:47:02.690,32.681252,-3.525,-32.793751,2312,827
24-Jun-2024 14:47:02.790,32.850002,-3.5625,-32.756252,2312,827
24-Jun-2024 14:47:02.890,32.850002,-3.525,-32.700001,2312,827
24-Jun-2024 14:47:02.990,32.756252,-3.525,-32.681252,2312,827
24-Jun-2024 14:47:03.090,32.868752,-3.6375,-32.625,2312,827
24-Jun-2024 14:47:03.190,32.925003,-3.6375,-32.681252,2312,827
24-Jun-2024 14:47:03.290,33.037502,-3.75,-32.53125,2312,827
24-Jun-2024 14:47:03.390,33.112503,-3.6375,-32.606251,2312,827
24-Jun-2024 14:47:03.490,33.225002,-3.5625,-32.512501,2312,827
24-Jun-2024 14:47:03.590,33.131252,-3.525,-32.475002,2312,827
24-Jun-2024 14:47:03.690,33.150002,-3.4125,-32.512501,2312,827
24-Jun-2024 14:47:03.790,33.300003,-3.31875,-32.512501,2312,827
24-Jun-2024 14:47:03.890,33.112503,-3.3,-32.53125,2312,827
24-Jun-2024 14:47:03.990,33.075001,-3.375,-32.456253,2312,827
24-Jun-2024 14:47:04.090,32.943752,-3.3,-32.456253,2312,827
24-Jun-2024 14:47:04.190,32.868752,-3.31875,-32.400002,2312,827
24-Jun-2024 14:47:04.290,32.962502,-3.20625,-32.362503,2312,827
24-Jun-2024 14:47:04.390,32.887501,-3.225,-32.34375,2312,827
24-Jun-2024 14:47:04.490,32.868752,-3.35625,-32.306252,2312,827
24-Jun-2024 14:47:04.590,32.756252,-3.43125,-32.231251,2312,827
24-Jun-2024 14:47:04.690,32.868752,-3.39375,-32.212502,2312,827
24-Jun-2024 14:47:04.790,32.868752,-3.375,-32.34375,2312,827
24-Jun-2024 14:47:04.890,32.943752,-3.3375,-32.362503,2312,827
24-Jun-2024 14:47:04.990,33.018753,-3.28125,-32.362503,2312,827
24-Jun-2024 14:47:05.090,32.981251,-3.3,-32.381252,2312,827
24-Jun-2024 14:47:05.190,33.09375,-3.3375,-32.362503,2312,827
24-Jun-2024 14:47:05.290,33.09375,-3.28125,-32.418751,2312,827
24-Jun-2024 14:47:05.390,33.1875,-3.3,-32.4375,2312,827
24-Jun-2024 14:47:05.490,33.225002,-3.3,-32.456253,2312,827
24-Jun-2024 14:47:05.590,33.225002,-3.28125,-32.325001,2312,827
24-Jun-2024 14:47:05.690,33.225002,-3.24375,-32.456253,2312,827
24-Jun-2024 14:47:05.790,33.112503,-3.3,-32.381252,2312,827
24-Jun-2024 14:47:05.890,33.056252,-3.43125,-32.400002,2312,827
24-Jun-2024 14:47:05.990,33.018753,-3.35625,-32.4375,2312,827
24-Jun-2024 14:47:06.090,33.037502,-3.375,-32.4375,2312,827
24-Jun-2024 14:47:06.190,33,-3.43125,-32.418751,2312,827
24-Jun-2024 14:47:06.290,33.018753,-3.375,-32.456253,2312,827
24-Jun-2024 14:47:06.390,33.056252,-3.39375,-32.418751,2312,827
24-Jun-2024 14:47:06.490,33.075001,-3.46875,-32.306252,2312,827
24-Jun-2024 14:47:06.590,33.09375,-3.54375,-32.381252,2312,827
24-Jun-2024 14:47:06.690,33.037502,-3.43125,-32.381252,2312,827
24-Jun-2024 14:47:06.790,33.09375,-3.50625,-32.362503,2312,827
24-Jun-2024 14:47:06.890,33.168751,-3.50625,-32.325001,2312,827
24-Jun-2024 14:47:06.990,33.1875,-3.45,-32.4375,2312,827
24-Jun-2024 14:47:07.090,33.112503,-3.50625,-32.4375,2312,827
24-Jun-2024 14:47:07.190,33.131252,-3.4875,-32.400002,2312,827
24-Jun-2024 14:47:07.290,33.131252,-3.525,-32.34375,2312,827
24-Jun-2024 14:47:07.390,33,-3.525,-32.306252,2312,827
24-Jun-2024 14:47:07.490,33.112503,-3.54375,-32.306252,2312,827
24-Jun-2024 14:47:07.590,33.018753,-3.6375,-32.306252,2312,827
24-Jun-2024 14:47:07.690,32.943752,-3.50625,-32.268753,2312,827
24-Jun-2024 14:47:07.790,32.8125,-3.6,-32.193752,2312,827
24-Jun-2024 14:47:07.890,32.850002,-3.58125,-32.137501,2312,827
24-Jun-2024 14:47:07.990,32.8125,-3.6,-32.175003,2312,827
24-Jun-2024 14:47:08.090,32.793751,-3.61875,-32.231251,2312,827
24-Jun-2024 14:47:08.190,32.887501,-3.675,-32.25,2312,827
24-Jun-2024 14:47:08.290,32.887501,-3.6375,-32.175003,2312,827
24-Jun-2024 14:47:08.390,32.981251,-3.58125,-32.175003,2312,827
24-Jun-2024 14:47:08.490,32.925003,-3.75,-32.212502,2312,827
24-Jun-2024 14:47:08.590,33.018753,-3.65625,-32.212502,2312,827
24-Jun-2024 14:47:08.690,33.037502,-3.69375,-32.193752,2312,827
24-Jun-2024 14:47:19.090,38.550003,-0.6375,-11.94375,2186,827
24-Jun-2024 14:47:19.190,38.587502,-0.75,-11.85,2186,827
24-Jun-2024 14:47:19.290,38.606251,-0.675,-11.75625,2186,827
24-Jun-2024 14:47:19.390,38.53125,-0.675,-11.71875,2186,827
24-Jun-2024 14:47:19.490,38.493752,-0.65625,-11.793751,2186,827
24-Jun-2024 14:47:19.590,38.512501,-0.46875,-11.793751,2186,827
24-Jun-2024 14:47:19.690,38.53125,-0.35625,-11.887501,2186,827
24-Jun-2024 14:47:19.790,38.493752,-0.28125,-12.150001,2186,827
24-Jun-2024 14:47:19.890,38.587502,-0.2625,-12.1125,2186,827
24-Jun-2024 14:47:19.990,38.53125,-0.225,-12.187501,2186,827
24-Jun-2024 14:47:20.090,38.568752,-0.3,-12.3,2186,827
24-Jun-2024 14:47:20.190,38.625,-0.24375,-12.4125,2186,827
24-Jun-2024 14:47:20.290,38.737503,-0.2625,-12.3,2186,827
24-Jun-2024 14:47:20.390,38.8125,-0.35625,-12.39375,2186,827
24-Jun-2024 14:47:20.490,38.8125,-0.43125,-12.356251,2186,827
24-Jun-2024 14:47:20.590,38.90625,-0.375,-12.262501,2186,827
24-Jun-2024 14:47:20.690,38.868752,-0.3375,-12.281251,2186,827
24-Jun-2024 14:47:20.790,38.943752,-0.31875,-12.20625,2186,827
24-Jun-2024 14:47:20.890,38.868752,-0.24375,-12.150001,2186,827
24-Jun-2024 14:47:20.990,38.831253,-0.24375,-12.0375,2186,827
24-Jun-2024 14:47:21.090,38.793751,-0.31875,-12.1125,2186,827
24-Jun-2024 14:47:21.190,38.775002,-0.3375,-12.093751,2186,827
24-Jun-2024 14:47:21.290,38.775002,-0.28125,-12.1125,2186,827
24-Jun-2024 14:47:21.390,38.8125,-0.375,-12.075001,2186,827
24-Jun-2024 14:47:21.490,38.8125,-0.3375,-11.981251,2186,827
24-Jun-2024 14:47:21.590,38.887501,-0.28125,-11.925,2186,827
24-Jun-2024 14:47:21.690,38.775002,-0.3,-11.90625,2186,827
24-Jun-2024 14:47:21.790,38.775002,-0.35625,-11.887501,2186,827
24-Jun-2024 14:47:21.890,38.775002,-0.24375,-11.90625,2186,827
24-Jun-2024 14:47:21.990,38.775002,-0.225,-11.868751,2186,827
24-Jun-2024 14:47:22.090,38.831253,-0.225,-11.887501,2186,827
24-Jun-2024 14:47:22.190,38.775002,-0.24375,-12.0375,2186,827
24-Jun-2024 14:47:22.290,38.737503,-0.28125,-12.056251,2186,827
24-Jun-2024 14:47:22.390,38.587502,-0.35625,-12.093751,2186,827
24-Jun-2024 14:47:22.490,38.700001,-0.31875,-12.1125,2186,827
24-Jun-2024 14:47:22.590,38.737503,-0.375,-12.075001,2186,827
24-Jun-2024 14:47:22.690,38.756252,-0.35625,-12.075001,2186,827
24-Jun-2024 14:47:22.790,38.756252,-0.28125,-12.075001,2186,827
24-Jun-2024 14:47:22.890,38.662502,-0.4125,-11.981251,2186,827
24-Jun-2024 14:47:22.990,38.756252,-0.16875,-11.83125,2186,827
24-Jun-2024 14:47:23.090,38.737503,-0.13125,-11.887501,2186,827
24-Jun-2024 14:47:23.190,38.925003,-0.075,-11.925,2186,827
24-Jun-2024 14:47:23.290,38.90625,-0.05625,-11.981251,2186,827
24-Jun-2024 14:47:23.390,38.850002,0.0375,-12.13125,2186,827
24-Jun-2024 14:47:23.490,38.71875,0.0375,-12.168751,2186,827
24-Jun-2024 14:47:23.590,38.643753,-0.0375,-12.168751,2186,827
24-Jun-2024 14:47:23.690,38.700001,0.01875,-12.262501,2186,827
24-Jun-2024 14:47:23.790,38.606251,-0.09375,-12.243751,2186,827
24-Jun-2024 14:47:23.890,38.71875,-0.05625,-12.225,2186,827
24-Jun-2024 14:47:23.990,38.606251,-0.075,-12.337501,2186,827
24-Jun-2024 14:47:24.090,38.606251,-0.075,-12.3,2186,827
24-Jun-2024 14:47:24.190,38.550003,-0.1125,-12.093751,2186,827
24-Jun-2024 14:47:24.290,38.587502,-0.13125,-12.0375,2186,827
24-Jun-2024 14:47:24.390,38.737503,0.13125,-12.0375,2186,827
24-Jun-2024 14:47:24.490,38.737503,0.13125,-11.962501,2186,827
24-Jun-2024 14:47:24.590,38.662502,0.05625,-12.13125,2186,827
24-Jun-2024 14:47:24.690,38.550003,-0.1125,-12.150001,2186,827
24-Jun-2024 14:47:24.790,38.568752,-0.1125,-12.01875,2186,827
24-Jun-2024 14:47:24.890,38.493752,-0.15,-11.981251,2186,827
24-Jun-2024 14:47:24.990,38.550003,-0.225,-12,2186,827
24-Jun-2024 14:47:25.090,38.662502,-0.1875,-11.94375,2186,827
24-Jun-2024 14:47:25.190,38.643753,-0.3375,-11.925,2186,827
24-Jun-2024 14:47:25.290,38.737503,-0.28125,-11.94375,2186,827
24-Jun-2024 14:47:25.390,38.943752,-0.28125,-11.85,2186,827
24-Jun-2024 14:47:25.490,38.90625,-0.13125,-11.83125,2186,827
24-Jun-2024 14:47:25.590,38.868752,-0.075,-11.868751,2186,827
24-Jun-2024 14:47:25.690,38.868752,-0.1125,-11.925,2186,827
24-Jun-2024 14:47:25.790,38.887501,-0.0375,-11.981251,2186,827
24-Jun-2024 14:47:25.890,38.887501,-0.0375,-12.056251,2186,827
24-Jun-2024 14:47:25.990,38.8125,-0.1875,-12.056251,2186,827
24-Jun-2024 14:47:26.090,38.756252,-0.225,-12.056251,2186,827
24-Jun-2024 14:47:26.190,38.587502,-0.15,-11.981251,2186,827
24-Jun-2024 14:47:26.290,38.681252,-0.15,-11.962501,2186,827
24-Jun-2024 14:47:26.390,38.71875,-0.13125,-12.01875,2186,827
24-Jun-2024 14:47:26.490,38.775002,-0.0375,-12.056251,2186,827
24-Jun-2024 14:47:26.590,38.8125,0.075,-12.056251,2186,827
24-Jun-2024 14:47:26.690,38.71875,0.0375,-12.187501,2186,827
24-Jun-2024 14:47:26.790,38.71875,0.09375,-12.13125,2186,827
24-Jun-2024 14:47:26.890,38.587502,0.1125,-12.187501,2186,827
24-Jun-2024 14:47:26.990,38.643753,0.05625,-12.3,2186,827
24-Jun-2024 14:47:27.090,38.625,0,-12.39375,2186,827
24-Jun-2024 14:47:27.190,38.53125,-0.1125,-12.39375,2186,827
24-Jun-2024 14:47:27.290,38.53125,-0.1125,-12.4125,2186,827
24-Jun-2024 14:47:27.390,38.418751,-0.20625,-12.4875,2186,827
24-Jun-2024 14:47:27.490,38.418751,-0.28125,-12.431251,2186,827
24-Jun-2024 14:47:27.590,38.362503,-0.225,-12.431251,2186,827
24-Jun-2024 14:47:27.690,38.400002,-0.375,-12.375001,2186,827
24-Jun-2024 14:47:27.790,38.400002,-0.28125,-12.225,2186,827
24-Jun-2024 14:47:27.890,38.456253,-0.24375,-12.150001,2186,827
24-Jun-2024 14:47:27.990,38.456253,-0.2625,-12.150001,2186,827
24-Jun-2024 14:47:28.090,38.362503,-0.375,-12.0375,2186,827
24-Jun-2024 14:47:28.190,38.4375,-0.4125,-12.0375,2186,827
24-Jun-2024 14:47:28.290,38.456253,-0.35625,-12,2186,827
24-Jun-2024 14:47:28.390,38.475002,-0.39375,-12.075001,2186,827
24-Jun-2024 14:47:28.490,38.512501,-0.31875,-12.1125,2186,827
24-Jun-2024 14:47:28.590,38.550003,-0.31875,-12.262501,2186,827
24-Jun-2024 14:47:28.690,38.456253,-0.45,-12.225,2186,827
24-Jun-2024 14:47:28.790,38.456253,-0.375,-12.20625,2186,827
24-Jun-2024 14:47:28.890,38.643753,-0.35625,-12.243751,2186,827
24-Jun-2024 14:47:28.990,38.587502,-0.24375,-12.187501,2186,827
24-Jun-2024 14:47:49.290,-39.037502,-13.293751,-2.41875,2312,1243
24-Jun-2024 14:47:49.390,-38.962502,-13.312501,-2.4,2312,1243
24-Jun-2024 14:47:49.490,-39.037502,-13.425,-2.56875,2312,1243
24-Jun-2024 14:47:49.590,-39.037502,-13.556251,-2.68125,2312,1243
24-Jun-2024 14:47:49.690,-38.962502,-13.668751,-2.68125,2312,1243
24-Jun-2024 14:47:49.790,-38.943752,-13.650001,-2.75625,2312,1243
24-Jun-2024 14:47:49.890,-38.925003,-13.856251,-2.75625,2312,1243
24-Jun-2024 14:47:49.990,-38.887501,-13.931251,-2.85,2312,1243
24-Jun-2024 14:47:50.090,-39,-13.856251,-2.90625,2312,1243
24-Jun-2024 14:47:50.190,-39.056252,-13.81875,-2.90625,2312,1243
24-Jun-2024 14:47:50.290,-39.075001,-13.837501,-2.83125,2312,1243
24-Jun-2024 14:47:50.390,-39.018753,-13.856251,-2.85,2312,1243
24-Jun-2024 14:47:50.490,-39.09375,-13.743751,-2.8875,2312,1243
24-Jun-2024 14:47:50.590,-39.225002,-13.8,-2.98125,2312,1243
24-Jun-2024 14:47:50.690,-39.168751,-13.70625,-3.0375,2312,1243
24-Jun-2024 14:47:50.790,-39.09375,-13.8,-2.8875,2312,1243
24-Jun-2024 14:47:50.890,-38.981251,-13.931251,-2.83125,2312,1243
24-Jun-2024 14:47:50.990,-38.981251,-13.89375,-2.83125,2312,1243
24-Jun-2024 14:47:51.090,-38.90625,-13.89375,-2.68125,2312,1243
24-Jun-2024 14:47:51.190,-38.831253,-13.950001,-2.6625,2312,1243
24-Jun-2024 14:47:51.290,-38.887501,-13.9875,-2.6625,2312,1243
24-Jun-2024 14:47:51.390,-38.887501,-14.08125,-2.53125,2312,1243
24-Jun-2024 14:47:51.490,-38.850002,-14.156251,-2.41875,2312,1243
24-Jun-2024 14:47:51.590,-38.831253,-13.9875,-2.41875,2312,1243
24-Jun-2024 14:47:51.690,-38.71875,-13.856251,-2.49375,2312,1243
24-Jun-2024 14:47:51.790,-38.662502,-13.89375,-2.45625,2312,1243
24-Jun-2024 14:47:51.890,-38.625,-13.950001,-2.475,2312,1243
24-Jun-2024 14:47:51.990,-38.681252,-13.856251,-2.45625,2312,1243
24-Jun-2024 14:47:52.090,-38.550003,-13.8,-2.4,2312,1243
24-Jun-2024 14:47:52.190,-38.381252,-13.687501,-2.4,2312,1243
24-Jun-2024 14:47:52.290,-38.362503,-13.668751,-2.5125,2312,1243
24-Jun-2024 14:47:52.390,-38.4375,-13.6125,-2.5125,2312,1243
24-Jun-2024 14:47:52.490,-38.568752,-13.6125,-2.3625,2312,1243
24-Jun-2024 14:47:52.590,-38.568752,-13.575001,-2.45625,2312,1243
24-Jun-2024 14:47:52.690,-38.606251,-13.425,-2.45625,2312,1243
24-Jun-2024 14:47:52.790,-38.643753,-13.44375,-2.38125,2312,1243
24-Jun-2024 14:47:52.890,-38.662502,-13.425,-2.4,2312,1243
24-Jun-2024 14:47:52.990,-38.737503,-13.368751,-2.4,2312,1243
24-Jun-2024 14:47:53.090,-38.737503,-13.2375,-2.41875,2312,1243
24-Jun-2024 14:47:53.190,-38.71875,-13.275001,-2.475,2312,1243
24-Jun-2024 14:47:53.290,-38.756252,-13.25625,-2.4375,2312,1243
24-Jun-2024 14:47:53.390,-38.737503,-13.2375,-2.3625,2312,1243
24-Jun-2024 14:47:53.490,-38.756252,-13.293751,-2.30625,2312,1243
24-Jun-2024 14:47:53.590,-38.850002,-13.14375,-2.38125,2312,1243
24-Jun-2024 14:47:53.690,-38.925003,-13.2375,-2.34375,2312,1243
24-Jun-2024 14:47:53.790,-38.943752,-13.33125,-2.3625,2312,1243
24-Jun-2024 14:47:53.890,-38.962502,-13.312501,-2.325,2312,1243
24-Jun-2024 14:47:53.990,-39.075001,-13.200001,-2.26875,2312,1243
24-Jun-2024 14:47:54.090,-39.09375,-13.2375,-2.3625,2312,1243
24-Jun-2024 14:47:54.190,-39.09375,-13.218751,-2.30625,2312,1243
24-Jun-2024 14:47:54.290,-39.131252,-13.181251,-2.4,2312,1243
24-Jun-2024 14:47:54.390,-39.075001,-13.218751,-2.25,2312,1243
24-Jun-2024 14:47:54.490,-39.112503,-13.25625,-2.23125,2312,1243
24-Jun-2024 14:47:54.590,-39.150002,-13.200001,-2.1375,2312,1243
24-Jun-2024 14:47:54.690,-39.225002,-13.200001,-2.1375,2312,1243
24-Jun-2024 14:47:54.790,-39.112503,-13.275001,-2.1,2312,1243
24-Jun-2024 14:47:54.890,-39.112503,-13.293751,-2.08125,2312,1243
24-Jun-2024 14:47:54.990,-39.206253,-13.368751,-2.15625,2312,1243
24-Jun-2024 14:47:55.090,-39.168751,-13.35,-2.1375,2312,1243
24-Jun-2024 14:47:55.190,-39.150002,-13.462501,-2.2125,2312,1243
24-Jun-2024 14:47:55.290,-39.168751,-13.462501,-2.25,2312,1243
24-Jun-2024 14:47:55.390,-39.150002,-13.575001,-2.30625,2312,1243
24-Jun-2024 14:47:55.490,-39.075001,-13.650001,-2.325,2312,1243
24-Jun-2024 14:47:55.590,-39.150002,-13.70625,-2.3625,2312,1243
24-Jun-2024 14:47:55.690,-39.131252,-13.650001,-2.4,2312,1243
24-Jun-2024 14:47:55.790,-39.018753,-13.593751,-2.34375,2312,1243
24-Jun-2024 14:47:55.890,-38.943752,-13.593751,-2.4,2312,1243
24-Jun-2024 14:47:55.990,-39.018753,-13.462501,-2.38125,2312,1243
24-Jun-2024 14:47:56.090,-38.962502,-13.406251,-2.34375,2312,1243
24-Jun-2024 14:47:56.190,-38.962502,-13.275001,-2.2875,2312,1243
24-Jun-2024 14:47:56.290,-38.90625,-13.25625,-2.26875,2312,1243
24-Jun-2024 14:47:56.390,-38.831253,-13.312501,-2.26875,2312,1243
24-Jun-2024 14:47:56.490,-38.775002,-13.387501,-2.2125,2312,1243
24-Jun-2024 14:47:56.590,-38.831253,-13.462501,-2.19375,2312,1243
24-Jun-2024 14:47:56.690,-38.925003,-13.462501,-2.15625,2312,1243
24-Jun-2024 14:47:56.790,-38.925003,-13.51875,-2.1,2312,1243
24-Jun-2024 14:47:56.890,-38.868752,-13.481251,-2.175,2312,1243
24-Jun-2024 14:47:56.990,-38.887501,-13.406251,-2.19375,2312,1243
24-Jun-2024 14:47:57.090,-38.981251,-13.44375,-2.175,2312,1243
24-Jun-2024 14:47:57.190,-39.150002,-13.387501,-2.30625,2312,1243
24-Jun-2024 14:47:57.290,-39.1875,-13.462501,-2.4,2312,1243
24-Jun-2024 14:47:57.390,-39.225002,-13.387501,-2.49375,2312,1243
24-Jun-2024 14:47:57.490,-39.150002,-13.387501,-2.53125,2312,1243
24-Jun-2024 14:47:57.590,-39.075001,-13.35,-2.5875,2312,1243
24-Jun-2024 14:47:57.690,-39.150002,-13.35,-2.64375,2312,1243
24-Jun-2024 14:47:57.790,-39.206253,-13.387501,-2.60625,2312,1243
24-Jun-2024 14:47:57.890,-39.206253,-13.35,-2.5125,2312,1243
24-Jun-2024 14:47:57.990,-39.112503,-13.2375,-2.3625,2312,1243
24-Jun-2024 14:47:58.089,-39.09375,-13.181251,-2.2875,2312,1243
24-Jun-2024 14:47:58.190,-39.018753,-13.200001,-2.2125,2312,1243
24-Jun-2024 14:47:58.290,-39.112503,-13.218751,-2.08125,2312,1243
24-Jun-2024 14:47:58.390,-39.037502,-13.200001,-2.0625,2312,1243
24-Jun-2024 14:47:58.490,-39.037502,-13.1625,-1.9875,2312,1243
24-Jun-2024 14:47:58.590,-38.887501,-13.05,-2.1375,2312,1243
24-Jun-2024 14:47:58.690,-38.850002,-13.031251,-2.2125,2312,1243
24-Jun-2024 14:47:58.790,-38.868752,-13.06875,-2.2875,2312,1243
24-Jun-2024 14:47:58.890,-38.8125,-13.05,-2.30625,2312,1243
24-Jun-2024 14:47:58.990,-38.831253,-13.087501,-2.34375,2312,1243
24-Jun-2024 14:47:59.090,-38.71875,-13.106251,-2.4,2312,1243
24-Jun-2024 14:47:59.190,-38.756252,-13.181251,-2.34375,2312,1243
24-Jun-2024 14:48:12.290,-40.03125,-9.150001,-14.212501,2186,1243
24-Jun-2024 14:48:12.390,-39.993752,-9.225,-14.231251,2186,1243
24-Jun-2024 14:48:12.490,-39.993752,-9.150001,-14.325001,2186,1243
24-Jun-2024 14:48:12.590,-39.975002,-9.1125,-14.45625,2186,1243
24-Jun-2024 14:48:12.690,-39.975002,-9.150001,-14.681251,2186,1243
24-Jun-2024 14:48:12.790,-39.956253,-9.056251,-14.775001,2186,1243
24-Jun-2024 14:48:12.890,-39.9375,-9.056251,-14.700001,2186,1243
24-Jun-2024 14:48:12.990,-39.956253,-9.1125,-14.887501,2186,1243
24-Jun-2024 14:48:13.090,-39.825001,-9.1125,-14.83125,2186,1243
24-Jun-2024 14:48:13.190,-39.918751,-9.168751,-14.962501,2186,1243
24-Jun-2024 14:48:13.290,-39.84375,-9.09375,-14.925,2186,1243
24-Jun-2024 14:48:13.390,-39.825001,-9.13125,-14.812501,2186,1243
24-Jun-2024 14:48:13.490,-39.806252,-9.0375,-14.587501,2186,1243
24-Jun-2024 14:48:13.590,-39.825001,-8.90625,-14.55,2186,1243
24-Jun-2024 14:48:13.690,-39.881252,-8.887501,-14.681251,2186,1243
24-Jun-2024 14:48:13.790,-39.918751,-8.7375,-14.64375,2186,1243
24-Jun-2024 14:48:13.890,-40.012501,-8.606251,-14.775001,2186,1243
24-Jun-2024 14:48:13.990,-39.862503,-8.493751,-14.700001,2186,1243
24-Jun-2024 14:48:14.090,-39.900002,-8.512501,-14.625001,2186,1243
24-Jun-2024 14:48:14.190,-39.975002,-8.493751,-14.718751,2186,1243
24-Jun-2024 14:48:14.290,-39.975002,-8.493751,-14.887501,2186,1243
24-Jun-2024 14:48:14.390,-39.9375,-8.56875,-14.981251,2186,1243
24-Jun-2024 14:48:14.490,-39.768753,-8.400001,-15.093751,2186,1243
24-Jun-2024 14:48:14.590,-39.825001,-8.4375,-14.962501,2186,1243
24-Jun-2024 14:48:14.690,-39.712502,-8.493751,-14.906251,2186,1243
24-Jun-2024 14:48:14.790,-39.787502,-8.55,-14.906251,2186,1243
24-Jun-2024 14:48:14.890,-39.731251,-8.625,-14.925,2186,1243
24-Jun-2024 14:48:14.990,-39.84375,-8.606251,-14.94375,2186,1243
24-Jun-2024 14:48:15.090,-39.918751,-8.587501,-14.925,2186,1243
24-Jun-2024 14:48:15.190,-39.956253,-8.55,-14.85,2186,1243
24-Jun-2024 14:48:15.290,-40.106251,-8.587501,-14.681251,2186,1243
24-Jun-2024 14:48:15.390,-40.068752,-8.606251,-14.700001,2186,1243
24-Jun-2024 14:48:15.490,-40.21875,-8.587501,-14.868751,2186,1243
24-Jun-2024 14:48:15.590,-40.162502,-8.55,-14.887501,2186,1243
24-Jun-2024 14:48:15.690,-40.162502,-8.53125,-14.887501,2186,1243
24-Jun-2024 14:48:15.790,-39.9375,-8.512501,-14.94375,2186,1243
24-Jun-2024 14:48:15.890,-39.900002,-8.55,-14.94375,2186,1243
24-Jun-2024 14:48:15.990,-39.9375,-8.55,-14.868751,2186,1243
24-Jun-2024 14:48:16.090,-39.881252,-8.56875,-14.962501,2186,1243
24-Jun-2024 14:48:16.190,-39.84375,-8.4375,-15.225,2186,1243
24-Jun-2024 14:48:16.290,-39.881252,-8.325001,-15.168751,2186,1243
24-Jun-2024 14:48:16.390,-39.862503,-8.38125,-15.168751,2186,1243
24-Jun-2024 14:48:16.490,-39.825001,-8.3625,-15.168751,2186,1243
24-Jun-2024 14:48:16.590,-39.975002,-8.45625,-15.243751,2186,1243
24-Jun-2024 14:48:16.690,-39.993752,-8.45625,-15.243751,2186,1243
24-Jun-2024 14:48:16.790,-39.881252,-8.418751,-15.243751,2186,1243
24-Jun-2024 14:48:16.890,-39.9375,-8.45625,-15.225,2186,1243
24-Jun-2024 14:48:16.990,-39.918751,-8.606251,-15.093751,2186,1243
24-Jun-2024 14:48:17.090,-39.787502,-8.71875,-15.01875,2186,1243
24-Jun-2024 14:48:17.190,-39.787502,-8.64375,-15.093751,2186,1243
24-Jun-2024 14:48:17.290,-39.768753,-8.75625,-15.1125,2186,1243
24-Jun-2024 14:48:17.390,-39.618752,-8.71875,-15.01875,2186,1243
24-Jun-2024 14:48:17.490,-39.46875,-8.793751,-15.000001,2186,1243
24-Jun-2024 14:48:17.590,-39.431252,-8.85,-15.075001,2186,1243
24-Jun-2024 14:48:17.690,-39.356251,-8.887501,-14.981251,2186,1243
24-Jun-2024 14:48:17.790,-39.393753,-8.85,-14.962501,2186,1243
24-Jun-2024 14:48:17.890,-39.412502,-8.83125,-14.83125,2186,1243
24-Jun-2024 14:48:17.990,-39.46875,-8.85,-14.718751,2186,1243
24-Jun-2024 14:48:18.090,-39.506252,-8.8125,-14.812501,2186,1243
24-Jun-2024 14:48:18.190,-39.525002,-8.775001,-14.85,2186,1243
24-Jun-2024 14:48:18.290,-39.65625,-8.700001,-14.887501,2186,1243
24-Jun-2024 14:48:18.390,-39.637501,-8.793751,-14.94375,2186,1243
24-Jun-2024 14:48:18.490,-39.65625,-8.8125,-14.962501,2186,1243
24-Jun-2024 14:48:18.590,-39.618752,-8.8125,-15.0375,2186,1243
24-Jun-2024 14:48:18.690,-39.712502,-8.775001,-15.093751,2186,1243
24-Jun-2024 14:48:18.790,-39.731251,-8.793751,-15.150001,2186,1243
24-Jun-2024 14:48:18.890,-39.75,-8.793751,-15.093751,2186,1243
24-Jun-2024 14:48:18.990,-39.9375,-8.775001,-15.168751,2186,1243
24-Jun-2024 14:48:19.090,-39.918751,-8.887501,-15.243751,2186,1243
24-Jun-2024 14:48:19.190,-40.012501,-8.868751,-15.13125,2186,1243
24-Jun-2024 14:48:19.290,-40.050003,-8.925,-15.168751,2186,1243
24-Jun-2024 14:48:19.390,-40.087502,-9,-15.150001,2186,1243
24-Jun-2024 14:48:19.490,-40.106251,-9.0375,-15.187501,2186,1243
24-Jun-2024 14:48:19.590,-40.068752,-9.01875,-15.356251,2186,1243
24-Jun-2024 14:48:19.690,-40.087502,-9.075001,-15.3,2186,1243
24-Jun-2024 14:48:19.790,-40.068752,-9.09375,-15.20625,2186,1243
24-Jun-2024 14:48:19.890,-40.03125,-8.981251,-15.13125,2186,1243
24-Jun-2024 14:48:19.990,-39.993752,-9.075001,-15.056251,2186,1243
24-Jun-2024 14:48:20.090,-39.993752,-9.0375,-15.13125,2186,1243
24-Jun-2024 14:48:20.190,-39.918751,-8.962501,-15.075001,2186,1243
24-Jun-2024 14:48:20.290,-39.881252,-8.962501,-15.056251,2186,1243
24-Jun-2024 14:48:20.390,-39.918751,-8.981251,-14.962501,2186,1243
24-Jun-2024 14:48:20.490,-39.993752,-8.90625,-15.000001,2186,1243
24-Jun-2024 14:48:20.590,-39.9375,-8.90625,-15.01875,2186,1243
24-Jun-2024 14:48:20.690,-39.956253,-8.775001,-15.000001,2186,1243
24-Jun-2024 14:48:20.790,-39.993752,-8.625,-15.13125,2186,1243
24-Jun-2024 14:48:20.890,-39.975002,-8.71875,-15.20625,2186,1243
24-Jun-2024 14:48:20.990,-39.956253,-8.793751,-15.225,2186,1243
24-Jun-2024 14:48:21.090,-39.956253,-8.83125,-15.31875,2186,1243
24-Jun-2024 14:48:21.190,-39.84375,-8.925,-15.31875,2186,1243
24-Jun-2024 14:48:21.290,-39.75,-8.90625,-15.337501,2186,1243
24-Jun-2024 14:48:21.390,-39.731251,-8.83125,-15.337501,2186,1243
24-Jun-2024 14:48:21.490,-39.65625,-8.85,-15.4125,2186,1243
24-Jun-2024 14:48:21.590,-39.768753,-8.925,-15.375001,2186,1243
24-Jun-2024 14:48:21.690,-39.84375,-8.75625,-15.356251,2186,1243
24-Jun-2024 14:48:21.790,-39.900002,-8.775001,-15.39375,2186,1243
24-Jun-2024 14:48:21.890,-39.9375,-8.8125,-15.20625,2186,1243
24-Jun-2024 14:48:21.990,-40.03125,-8.83125,-15.187501,2186,1243
24-Jun-2024 14:48:22.090,-40.012501,-8.793751,-15.20625,2186,1243
24-Jun-2024 14:48:22.190,-40.050003,-8.90625,-15.31875,2186,1243
